source_scheme,source_code,target_scheme,target_code,relation,source_id
NACE_2.0,01,ISIC_4,01,closeMatch,eurostat-nace2-isic4
NACE_2.0,011,ISIC_4,011,closeMatch,eurostat-nace2-isic4
NACE_2.0,0111,ISIC_4,0111,closeMatch,eurostat-nace2-isic4
NACE_2.0,0112,ISIC_4,0112,closeMatch,eurostat-nace2-isic4
NACE_2.0,0113,ISIC_4,0113,closeMatch,eurostat-nace2-isic4
NACE_2.0,0114,ISIC_4,0114,closeMatch,eurostat-nace2-isic4
NACE_2.0,0115,ISIC_4,0115,closeMatch,eurostat-nace2-isic4
NACE_2.0,0116,ISIC_4,0116,closeMatch,eurostat-nace2-isic4
NACE_2.0,0119,ISIC_4,0119,closeMatch,eurostat-nace2-isic4
NACE_2.0,012,ISIC_4,012,closeMatch,eurostat-nace2-isic4
NACE_2.0,0121,ISIC_4,0121,closeMatch,eurostat-nace2-isic4
NACE_2.0,0122,ISIC_4,0122,closeMatch,eurostat-nace2-isic4
NACE_2.0,0123,ISIC_4,0123,closeMatch,eurostat-nace2-isic4
NACE_2.0,0124,ISIC_4,0124,closeMatch,eurostat-nace2-isic4
NACE_2.0,0125,ISIC_4,0125,closeMatch,eurostat-nace2-isic4
NACE_2.0,0126,ISIC_4,0126,closeMatch,eurostat-nace2-isic4
NACE_2.0,0127,ISIC_4,0127,closeMatch,eurostat-nace2-isic4
NACE_2.0,0128,ISIC_4,0128,closeMatch,eurostat-nace2-isic4
NACE_2.0,0129,ISIC_4,0129,closeMatch,eurostat-nace2-isic4
NACE_2.0,013,ISIC_4,013,closeMatch,eurostat-nace2-isic4
NACE_2.0,0130,ISIC_4,0130,closeMatch,eurostat-nace2-isic4
NACE_2.0,014,ISIC_4,014,closeMatch,eurostat-nace2-isic4
NACE_2.0,0141,ISIC_4,0141,closeMatch,eurostat-nace2-isic4
NACE_2.0,0142,ISIC_4,0141,closeMatch,eurostat-nace2-isic4
NACE_2.0,0143,ISIC_4,0142,closeMatch,eurostat-nace2-isic4
NACE_2.0,0144,ISIC_4,0143,closeMatch,eurostat-nace2-isic4
NACE_2.0,0145,ISIC_4,0144,closeMatch,eurostat-nace2-isic4
NACE_2.0,0146,ISIC_4,0145,closeMatch,eurostat-nace2-isic4
NACE_2.0,0147,ISIC_4,0146,closeMatch,eurostat-nace2-isic4
NACE_2.0,0149,ISIC_4,0149,closeMatch,eurostat-nace2-isic4
NACE_2.0,015,ISIC_4,015,closeMatch,eurostat-nace2-isic4
NACE_2.0,0150,ISIC_4,0150,closeMatch,eurostat-nace2-isic4
NACE_2.0,016,ISIC_4,016,closeMatch,eurostat-nace2-isic4
NACE_2.0,0161,ISIC_4,0161,closeMatch,eurostat-nace2-isic4
NACE_2.0,0162,ISIC_4,0162,closeMatch,eurostat-nace2-isic4
NACE_2.0,0163,ISIC_4,0163,closeMatch,eurostat-nace2-isic4
NACE_2.0,0164,ISIC_4,0164,closeMatch,eurostat-nace2-isic4
NACE_2.0,017,ISIC_4,017,closeMatch,eurostat-nace2-isic4
NACE_2.0,0170,ISIC_4,0170,closeMatch,eurostat-nace2-isic4
NACE_2.0,02,ISIC_4,02,closeMatch,eurostat-nace2-isic4
NACE_2.0,021,ISIC_4,021,closeMatch,eurostat-nace2-isic4
NACE_2.0,0210,ISIC_4,0210,closeMatch,eurostat-nace2-isic4
NACE_2.0,022,ISIC_4,022,closeMatch,eurostat-nace2-isic4
NACE_2.0,0220,ISIC_4,0220,closeMatch,eurostat-nace2-isic4
NACE_2.0,023,ISIC_4,023,closeMatch,eurostat-nace2-isic4
NACE_2.0,0230,ISIC_4,0230,closeMatch,eurostat-nace2-isic4
NACE_2.0,024,ISIC_4,024,closeMatch,eurostat-nace2-isic4
NACE_2.0,0240,ISIC_4,0240,closeMatch,eurostat-nace2-isic4
NACE_2.0,03,ISIC_4,03,closeMatch,eurostat-nace2-isic4
NACE_2.0,031,ISIC_4,031,closeMatch,eurostat-nace2-isic4
NACE_2.0,0311,ISIC_4,0311,closeMatch,eurostat-nace2-isic4
NACE_2.0,0312,ISIC_4,0312,closeMatch,eurostat-nace2-isic4
NACE_2.0,032,ISIC_4,032,closeMatch,eurostat-nace2-isic4
NACE_2.0,0321,ISIC_4,0321,closeMatch,eurostat-nace2-isic4
NACE_2.0,0322,ISIC_4,0322,closeMatch,eurostat-nace2-isic4
NACE_2.0,05,ISIC_4,05,closeMatch,eurostat-nace2-isic4
NACE_2.0,051,ISIC_4,051,closeMatch,eurostat-nace2-isic4
NACE_2.0,0510,ISIC_4,0510,closeMatch,eurostat-nace2-isic4
NACE_2.0,052,ISIC_4,052,closeMatch,eurostat-nace2-isic4
NACE_2.0,0520,ISIC_4,0520,closeMatch,eurostat-nace2-isic4
NACE_2.0,06,ISIC_4,06,closeMatch,eurostat-nace2-isic4
NACE_2.0,061,ISIC_4,061,closeMatch,eurostat-nace2-isic4
NACE_2.0,0610,ISIC_4,0610,closeMatch,eurostat-nace2-isic4
NACE_2.0,062,ISIC_4,062,closeMatch,eurostat-nace2-isic4
NACE_2.0,0620,ISIC_4,0620,closeMatch,eurostat-nace2-isic4
NACE_2.0,07,ISIC_4,07,closeMatch,eurostat-nace2-isic4
NACE_2.0,071,ISIC_4,071,closeMatch,eurostat-nace2-isic4
NACE_2.0,0710,ISIC_4,0710,closeMatch,eurostat-nace2-isic4
NACE_2.0,072,ISIC_4,072,closeMatch,eurostat-nace2-isic4
NACE_2.0,0721,ISIC_4,0721,closeMatch,eurostat-nace2-isic4
NACE_2.0,0729,ISIC_4,0729,closeMatch,eurostat-nace2-isic4
NACE_2.0,08,ISIC_4,08,closeMatch,eurostat-nace2-isic4
NACE_2.0,081,ISIC_4,081,closeMatch,eurostat-nace2-isic4
NACE_2.0,0811,ISIC_4,0810,closeMatch,eurostat-nace2-isic4
NACE_2.0,0812,ISIC_4,0810,closeMatch,eurostat-nace2-isic4
NACE_2.0,089,ISIC_4,089,closeMatch,eurostat-nace2-isic4
NACE_2.0,0891,ISIC_4,0891,closeMatch,eurostat-nace2-isic4
NACE_2.0,0892,ISIC_4,0892,closeMatch,eurostat-nace2-isic4
NACE_2.0,0893,ISIC_4,0893,closeMatch,eurostat-nace2-isic4
NACE_2.0,0899,ISIC_4,0899,closeMatch,eurostat-nace2-isic4
NACE_2.0,09,ISIC_4,09,closeMatch,eurostat-nace2-isic4
NACE_2.0,091,ISIC_4,091,closeMatch,eurostat-nace2-isic4
NACE_2.0,0910,ISIC_4,0910,closeMatch,eurostat-nace2-isic4
NACE_2.0,099,ISIC_4,099,closeMatch,eurostat-nace2-isic4
NACE_2.0,0990,ISIC_4,0990,closeMatch,eurostat-nace2-isic4
NACE_2.0,10,ISIC_4,10,closeMatch,eurostat-nace2-isic4
NACE_2.0,101,ISIC_4,101,closeMatch,eurostat-nace2-isic4
NACE_2.0,1011,ISIC_4,1010,closeMatch,eurostat-nace2-isic4
NACE_2.0,1012,ISIC_4,1010,closeMatch,eurostat-nace2-isic4
NACE_2.0,1013,ISIC_4,1010,closeMatch,eurostat-nace2-isic4
NACE_2.0,102,ISIC_4,102,closeMatch,eurostat-nace2-isic4
NACE_2.0,1020,ISIC_4,1020,closeMatch,eurostat-nace2-isic4
NACE_2.0,103,ISIC_4,103,closeMatch,eurostat-nace2-isic4
NACE_2.0,1031,ISIC_4,1030,closeMatch,eurostat-nace2-isic4
NACE_2.0,1032,ISIC_4,1030,closeMatch,eurostat-nace2-isic4
NACE_2.0,1039,ISIC_4,1030,closeMatch,eurostat-nace2-isic4
NACE_2.0,104,ISIC_4,104,closeMatch,eurostat-nace2-isic4
NACE_2.0,1041,ISIC_4,1040,closeMatch,eurostat-nace2-isic4
NACE_2.0,1042,ISIC_4,1040,closeMatch,eurostat-nace2-isic4
NACE_2.0,105,ISIC_4,105,closeMatch,eurostat-nace2-isic4
NACE_2.0,1051,ISIC_4,1050,closeMatch,eurostat-nace2-isic4
NACE_2.0,1052,ISIC_4,1050,closeMatch,eurostat-nace2-isic4
NACE_2.0,106,ISIC_4,106,closeMatch,eurostat-nace2-isic4
NACE_2.0,1061,ISIC_4,1061,closeMatch,eurostat-nace2-isic4
NACE_2.0,1062,ISIC_4,1062,closeMatch,eurostat-nace2-isic4
NACE_2.0,107,ISIC_4,107,closeMatch,eurostat-nace2-isic4
NACE_2.0,1071,ISIC_4,1071,closeMatch,eurostat-nace2-isic4
NACE_2.0,1072,ISIC_4,1071,closeMatch,eurostat-nace2-isic4
NACE_2.0,1073,ISIC_4,1074,closeMatch,eurostat-nace2-isic4
NACE_2.0,108,ISIC_4,107,closeMatch,eurostat-nace2-isic4
NACE_2.0,1081,ISIC_4,1072,closeMatch,eurostat-nace2-isic4
NACE_2.0,1082,ISIC_4,1073,closeMatch,eurostat-nace2-isic4
NACE_2.0,1083,ISIC_4,1079,closeMatch,eurostat-nace2-isic4
NACE_2.0,1084,ISIC_4,1079,closeMatch,eurostat-nace2-isic4
NACE_2.0,1085,ISIC_4,1075,closeMatch,eurostat-nace2-isic4
NACE_2.0,1086,ISIC_4,1079,closeMatch,eurostat-nace2-isic4
NACE_2.0,1089,ISIC_4,1079,closeMatch,eurostat-nace2-isic4
NACE_2.0,109,ISIC_4,108,closeMatch,eurostat-nace2-isic4
NACE_2.0,1091,ISIC_4,1080,closeMatch,eurostat-nace2-isic4
NACE_2.0,1092,ISIC_4,1080,closeMatch,eurostat-nace2-isic4
NACE_2.0,11,ISIC_4,11,closeMatch,eurostat-nace2-isic4
NACE_2.0,110,ISIC_4,110,closeMatch,eurostat-nace2-isic4
NACE_2.0,1101,ISIC_4,1101,closeMatch,eurostat-nace2-isic4
NACE_2.0,1102,ISIC_4,1102,closeMatch,eurostat-nace2-isic4
NACE_2.0,1103,ISIC_4,1102,closeMatch,eurostat-nace2-isic4
NACE_2.0,1104,ISIC_4,1102,closeMatch,eurostat-nace2-isic4
NACE_2.0,1105,ISIC_4,1103,closeMatch,eurostat-nace2-isic4
NACE_2.0,1106,ISIC_4,1103,closeMatch,eurostat-nace2-isic4
NACE_2.0,1107,ISIC_4,1104,closeMatch,eurostat-nace2-isic4
NACE_2.0,12,ISIC_4,12,closeMatch,eurostat-nace2-isic4
NACE_2.0,120,ISIC_4,120,closeMatch,eurostat-nace2-isic4
NACE_2.0,1200,ISIC_4,1200,closeMatch,eurostat-nace2-isic4
NACE_2.0,13,ISIC_4,13,closeMatch,eurostat-nace2-isic4
NACE_2.0,131,ISIC_4,131,closeMatch,eurostat-nace2-isic4
NACE_2.0,1310,ISIC_4,1311,closeMatch,eurostat-nace2-isic4
NACE_2.0,132,ISIC_4,131,closeMatch,eurostat-nace2-isic4
NACE_2.0,1320,ISIC_4,1312,closeMatch,eurostat-nace2-isic4
NACE_2.0,133,ISIC_4,131,closeMatch,eurostat-nace2-isic4
NACE_2.0,1330,ISIC_4,1313,closeMatch,eurostat-nace2-isic4
NACE_2.0,139,ISIC_4,139,closeMatch,eurostat-nace2-isic4
NACE_2.0,1391,ISIC_4,1391,closeMatch,eurostat-nace2-isic4
NACE_2.0,1392,ISIC_4,1392,closeMatch,eurostat-nace2-isic4
NACE_2.0,1393,ISIC_4,1393,closeMatch,eurostat-nace2-isic4
NACE_2.0,1394,ISIC_4,1394,closeMatch,eurostat-nace2-isic4
NACE_2.0,1395,ISIC_4,1399,closeMatch,eurostat-nace2-isic4
NACE_2.0,1396,ISIC_4,1399,closeMatch,eurostat-nace2-isic4
NACE_2.0,1399,ISIC_4,1399,closeMatch,eurostat-nace2-isic4
NACE_2.0,14,ISIC_4,14,closeMatch,eurostat-nace2-isic4
NACE_2.0,141,ISIC_4,141,closeMatch,eurostat-nace2-isic4
NACE_2.0,1411,ISIC_4,1410,closeMatch,eurostat-nace2-isic4
NACE_2.0,1412,ISIC_4,1410,closeMatch,eurostat-nace2-isic4
NACE_2.0,1413,ISIC_4,1410,closeMatch,eurostat-nace2-isic4
NACE_2.0,1414,ISIC_4,1410,closeMatch,eurostat-nace2-isic4
NACE_2.0,1419,ISIC_4,1410,closeMatch,eurostat-nace2-isic4
NACE_2.0,142,ISIC_4,142,closeMatch,eurostat-nace2-isic4
NACE_2.0,1420,ISIC_4,1420,closeMatch,eurostat-nace2-isic4
NACE_2.0,143,ISIC_4,143,closeMatch,eurostat-nace2-isic4
NACE_2.0,1431,ISIC_4,1430,closeMatch,eurostat-nace2-isic4
NACE_2.0,1439,ISIC_4,1430,closeMatch,eurostat-nace2-isic4
NACE_2.0,15,ISIC_4,15,closeMatch,eurostat-nace2-isic4
NACE_2.0,151,ISIC_4,151,closeMatch,eurostat-nace2-isic4
NACE_2.0,1511,ISIC_4,1511,closeMatch,eurostat-nace2-isic4
NACE_2.0,1512,ISIC_4,1512,closeMatch,eurostat-nace2-isic4
NACE_2.0,152,ISIC_4,152,closeMatch,eurostat-nace2-isic4
NACE_2.0,1520,ISIC_4,1520,closeMatch,eurostat-nace2-isic4
NACE_2.0,16,ISIC_4,16,closeMatch,eurostat-nace2-isic4
NACE_2.0,161,ISIC_4,161,closeMatch,eurostat-nace2-isic4
NACE_2.0,1610,ISIC_4,1610,closeMatch,eurostat-nace2-isic4
NACE_2.0,162,ISIC_4,162,closeMatch,eurostat-nace2-isic4
NACE_2.0,1621,ISIC_4,1621,closeMatch,eurostat-nace2-isic4
NACE_2.0,1622,ISIC_4,1622,closeMatch,eurostat-nace2-isic4
NACE_2.0,1623,ISIC_4,1622,closeMatch,eurostat-nace2-isic4
NACE_2.0,1624,ISIC_4,1623,closeMatch,eurostat-nace2-isic4
NACE_2.0,1629,ISIC_4,1629,closeMatch,eurostat-nace2-isic4
NACE_2.0,17,ISIC_4,17,closeMatch,eurostat-nace2-isic4
NACE_2.0,171,ISIC_4,170,closeMatch,eurostat-nace2-isic4
NACE_2.0,1711,ISIC_4,1701,closeMatch,eurostat-nace2-isic4
NACE_2.0,1712,ISIC_4,1701,closeMatch,eurostat-nace2-isic4
NACE_2.0,172,ISIC_4,170,closeMatch,eurostat-nace2-isic4
NACE_2.0,1721,ISIC_4,1702,closeMatch,eurostat-nace2-isic4
NACE_2.0,1722,ISIC_4,1709,closeMatch,eurostat-nace2-isic4
NACE_2.0,1723,ISIC_4,1709,closeMatch,eurostat-nace2-isic4
NACE_2.0,1724,ISIC_4,1709,closeMatch,eurostat-nace2-isic4
NACE_2.0,1729,ISIC_4,1709,closeMatch,eurostat-nace2-isic4
NACE_2.0,18,ISIC_4,18,closeMatch,eurostat-nace2-isic4
NACE_2.0,181,ISIC_4,181,closeMatch,eurostat-nace2-isic4
NACE_2.0,1811,ISIC_4,1811,closeMatch,eurostat-nace2-isic4
NACE_2.0,1812,ISIC_4,1811,closeMatch,eurostat-nace2-isic4
NACE_2.0,1813,ISIC_4,1812,closeMatch,eurostat-nace2-isic4
NACE_2.0,1814,ISIC_4,1812,closeMatch,eurostat-nace2-isic4
NACE_2.0,182,ISIC_4,182,closeMatch,eurostat-nace2-isic4
NACE_2.0,1820,ISIC_4,1820,closeMatch,eurostat-nace2-isic4
NACE_2.0,19,ISIC_4,19,closeMatch,eurostat-nace2-isic4
NACE_2.0,191,ISIC_4,191,closeMatch,eurostat-nace2-isic4
NACE_2.0,1910,ISIC_4,1910,closeMatch,eurostat-nace2-isic4
NACE_2.0,192,ISIC_4,192,closeMatch,eurostat-nace2-isic4
NACE_2.0,1920,ISIC_4,1920,closeMatch,eurostat-nace2-isic4
NACE_2.0,20,ISIC_4,20,closeMatch,eurostat-nace2-isic4
NACE_2.0,201,ISIC_4,201,closeMatch,eurostat-nace2-isic4
NACE_2.0,2011,ISIC_4,2011,closeMatch,eurostat-nace2-isic4
NACE_2.0,2012,ISIC_4,2011,closeMatch,eurostat-nace2-isic4
NACE_2.0,2013,ISIC_4,2011,closeMatch,eurostat-nace2-isic4
NACE_2.0,2014,ISIC_4,2011,closeMatch,eurostat-nace2-isic4
NACE_2.0,2015,ISIC_4,2012,closeMatch,eurostat-nace2-isic4
NACE_2.0,2016,ISIC_4,2013,closeMatch,eurostat-nace2-isic4
NACE_2.0,2017,ISIC_4,2013,closeMatch,eurostat-nace2-isic4
NACE_2.0,202,ISIC_4,202,closeMatch,eurostat-nace2-isic4
NACE_2.0,2020,ISIC_4,2021,closeMatch,eurostat-nace2-isic4
NACE_2.0,203,ISIC_4,202,closeMatch,eurostat-nace2-isic4
NACE_2.0,2030,ISIC_4,2022,closeMatch,eurostat-nace2-isic4
NACE_2.0,204,ISIC_4,202,closeMatch,eurostat-nace2-isic4
NACE_2.0,2041,ISIC_4,2023,closeMatch,eurostat-nace2-isic4
NACE_2.0,2042,ISIC_4,2023,closeMatch,eurostat-nace2-isic4
NACE_2.0,205,ISIC_4,202,closeMatch,eurostat-nace2-isic4
NACE_2.0,2051,ISIC_4,2029,closeMatch,eurostat-nace2-isic4
NACE_2.0,2052,ISIC_4,2029,closeMatch,eurostat-nace2-isic4
NACE_2.0,2053,ISIC_4,2029,closeMatch,eurostat-nace2-isic4
NACE_2.0,2059,ISIC_4,2029,closeMatch,eurostat-nace2-isic4
NACE_2.0,206,ISIC_4,203,closeMatch,eurostat-nace2-isic4
NACE_2.0,2060,ISIC_4,2030,closeMatch,eurostat-nace2-isic4
NACE_2.0,21,ISIC_4,21,closeMatch,eurostat-nace2-isic4
NACE_2.0,211,ISIC_4,210,closeMatch,eurostat-nace2-isic4
NACE_2.0,2110,ISIC_4,2100,closeMatch,eurostat-nace2-isic4
NACE_2.0,212,ISIC_4,210,closeMatch,eurostat-nace2-isic4
NACE_2.0,2120,ISIC_4,2100,closeMatch,eurostat-nace2-isic4
NACE_2.0,22,ISIC_4,22,closeMatch,eurostat-nace2-isic4
NACE_2.0,221,ISIC_4,221,closeMatch,eurostat-nace2-isic4
NACE_2.0,2211,ISIC_4,2211,closeMatch,eurostat-nace2-isic4
NACE_2.0,2219,ISIC_4,2219,closeMatch,eurostat-nace2-isic4
NACE_2.0,222,ISIC_4,222,closeMatch,eurostat-nace2-isic4
NACE_2.0,2221,ISIC_4,2220,closeMatch,eurostat-nace2-isic4
NACE_2.0,2222,ISIC_4,2220,closeMatch,eurostat-nace2-isic4
NACE_2.0,2223,ISIC_4,2220,closeMatch,eurostat-nace2-isic4
NACE_2.0,2229,ISIC_4,2220,closeMatch,eurostat-nace2-isic4
NACE_2.0,23,ISIC_4,23,closeMatch,eurostat-nace2-isic4
NACE_2.0,231,ISIC_4,231,closeMatch,eurostat-nace2-isic4
NACE_2.0,2311,ISIC_4,2310,closeMatch,eurostat-nace2-isic4
NACE_2.0,2312,ISIC_4,2310,closeMatch,eurostat-nace2-isic4
NACE_2.0,2313,ISIC_4,2310,closeMatch,eurostat-nace2-isic4
NACE_2.0,2314,ISIC_4,2310,closeMatch,eurostat-nace2-isic4
NACE_2.0,2319,ISIC_4,2310,closeMatch,eurostat-nace2-isic4
NACE_2.0,232,ISIC_4,239,closeMatch,eurostat-nace2-isic4
NACE_2.0,2320,ISIC_4,2391,closeMatch,eurostat-nace2-isic4
NACE_2.0,233,ISIC_4,239,closeMatch,eurostat-nace2-isic4
NACE_2.0,2331,ISIC_4,2392,closeMatch,eurostat-nace2-isic4
NACE_2.0,2332,ISIC_4,2392,closeMatch,eurostat-nace2-isic4
NACE_2.0,234,ISIC_4,239,closeMatch,eurostat-nace2-isic4
NACE_2.0,2341,ISIC_4,2393,closeMatch,eurostat-nace2-isic4
NACE_2.0,2342,ISIC_4,2393,closeMatch,eurostat-nace2-isic4
NACE_2.0,2343,ISIC_4,2393,closeMatch,eurostat-nace2-isic4
NACE_2.0,2344,ISIC_4,2393,closeMatch,eurostat-nace2-isic4
NACE_2.0,2349,ISIC_4,2393,closeMatch,eurostat-nace2-isic4
NACE_2.0,235,ISIC_4,239,closeMatch,eurostat-nace2-isic4
NACE_2.0,2351,ISIC_4,2394,closeMatch,eurostat-nace2-isic4
NACE_2.0,2352,ISIC_4,2394,closeMatch,eurostat-nace2-isic4
NACE_2.0,236,ISIC_4,239,closeMatch,eurostat-nace2-isic4
NACE_2.0,2361,ISIC_4,2395,closeMatch,eurostat-nace2-isic4
NACE_2.0,2362,ISIC_4,2395,closeMatch,eurostat-nace2-isic4
NACE_2.0,2363,ISIC_4,2395,closeMatch,eurostat-nace2-isic4
NACE_2.0,2364,ISIC_4,2395,closeMatch,eurostat-nace2-isic4
NACE_2.0,2365,ISIC_4,2395,closeMatch,eurostat-nace2-isic4
NACE_2.0,2369,ISIC_4,2395,closeMatch,eurostat-nace2-isic4
NACE_2.0,237,ISIC_4,239,closeMatch,eurostat-nace2-isic4
NACE_2.0,2370,ISIC_4,2396,closeMatch,eurostat-nace2-isic4
NACE_2.0,239,ISIC_4,239,closeMatch,eurostat-nace2-isic4
NACE_2.0,2391,ISIC_4,2399,closeMatch,eurostat-nace2-isic4
NACE_2.0,2399,ISIC_4,2399,closeMatch,eurostat-nace2-isic4
NACE_2.0,24,ISIC_4,24,closeMatch,eurostat-nace2-isic4
NACE_2.0,241,ISIC_4,241,closeMatch,eurostat-nace2-isic4
NACE_2.0,2410,ISIC_4,2410,closeMatch,eurostat-nace2-isic4
NACE_2.0,242,ISIC_4,241,closeMatch,eurostat-nace2-isic4
NACE_2.0,2420,ISIC_4,2410,closeMatch,eurostat-nace2-isic4
NACE_2.0,243,ISIC_4,241,closeMatch,eurostat-nace2-isic4
NACE_2.0,2431,ISIC_4,2410,closeMatch,eurostat-nace2-isic4
NACE_2.0,2432,ISIC_4,2410,closeMatch,eurostat-nace2-isic4
NACE_2.0,2433,ISIC_4,2410,closeMatch,eurostat-nace2-isic4
NACE_2.0,2434,ISIC_4,2410,closeMatch,eurostat-nace2-isic4
NACE_2.0,244,ISIC_4,242,closeMatch,eurostat-nace2-isic4
NACE_2.0,2441,ISIC_4,2420,closeMatch,eurostat-nace2-isic4
NACE_2.0,2442,ISIC_4,2420,closeMatch,eurostat-nace2-isic4
NACE_2.0,2443,ISIC_4,2420,closeMatch,eurostat-nace2-isic4
NACE_2.0,2444,ISIC_4,2420,closeMatch,eurostat-nace2-isic4
NACE_2.0,2445,ISIC_4,2420,closeMatch,eurostat-nace2-isic4
NACE_2.0,2446,ISIC_4,2420,closeMatch,eurostat-nace2-isic4
NACE_2.0,245,ISIC_4,243,closeMatch,eurostat-nace2-isic4
NACE_2.0,2451,ISIC_4,2431,closeMatch,eurostat-nace2-isic4
NACE_2.0,2452,ISIC_4,2431,closeMatch,eurostat-nace2-isic4
NACE_2.0,2453,ISIC_4,2432,closeMatch,eurostat-nace2-isic4
NACE_2.0,2454,ISIC_4,2432,closeMatch,eurostat-nace2-isic4
NACE_2.0,25,ISIC_4,25,closeMatch,eurostat-nace2-isic4
NACE_2.0,251,ISIC_4,251,closeMatch,eurostat-nace2-isic4
NACE_2.0,2511,ISIC_4,2511,closeMatch,eurostat-nace2-isic4
NACE_2.0,2512,ISIC_4,2511,closeMatch,eurostat-nace2-isic4
NACE_2.0,252,ISIC_4,251,closeMatch,eurostat-nace2-isic4
NACE_2.0,2521,ISIC_4,2512,closeMatch,eurostat-nace2-isic4
NACE_2.0,2529,ISIC_4,2512,closeMatch,eurostat-nace2-isic4
NACE_2.0,253,ISIC_4,251,closeMatch,eurostat-nace2-isic4
NACE_2.0,2530,ISIC_4,2513,closeMatch,eurostat-nace2-isic4
NACE_2.0,254,ISIC_4,252,closeMatch,eurostat-nace2-isic4
NACE_2.0,2540,ISIC_4,2520,closeMatch,eurostat-nace2-isic4
NACE_2.0,255,ISIC_4,259,closeMatch,eurostat-nace2-isic4
NACE_2.0,2550,ISIC_4,2591,closeMatch,eurostat-nace2-isic4
NACE_2.0,256,ISIC_4,259,closeMatch,eurostat-nace2-isic4
NACE_2.0,2561,ISIC_4,2592,closeMatch,eurostat-nace2-isic4
NACE_2.0,2562,ISIC_4,2592,closeMatch,eurostat-nace2-isic4
NACE_2.0,257,ISIC_4,259,closeMatch,eurostat-nace2-isic4
NACE_2.0,2571,ISIC_4,2593,closeMatch,eurostat-nace2-isic4
NACE_2.0,2572,ISIC_4,2593,closeMatch,eurostat-nace2-isic4
NACE_2.0,2573,ISIC_4,2593,closeMatch,eurostat-nace2-isic4
NACE_2.0,259,ISIC_4,259,closeMatch,eurostat-nace2-isic4
NACE_2.0,2591,ISIC_4,2599,closeMatch,eurostat-nace2-isic4
NACE_2.0,2592,ISIC_4,2599,closeMatch,eurostat-nace2-isic4
NACE_2.0,2593,ISIC_4,2599,closeMatch,eurostat-nace2-isic4
NACE_2.0,2594,ISIC_4,2599,closeMatch,eurostat-nace2-isic4
NACE_2.0,2599,ISIC_4,2599,closeMatch,eurostat-nace2-isic4
NACE_2.0,26,ISIC_4,26,closeMatch,eurostat-nace2-isic4
NACE_2.0,261,ISIC_4,261,closeMatch,eurostat-nace2-isic4
NACE_2.0,2611,ISIC_4,2610,closeMatch,eurostat-nace2-isic4
NACE_2.0,2612,ISIC_4,2610,closeMatch,eurostat-nace2-isic4
NACE_2.0,262,ISIC_4,262,closeMatch,eurostat-nace2-isic4
NACE_2.0,2620,ISIC_4,2620,closeMatch,eurostat-nace2-isic4
NACE_2.0,263,ISIC_4,263,closeMatch,eurostat-nace2-isic4
NACE_2.0,2630,ISIC_4,2630,closeMatch,eurostat-nace2-isic4
NACE_2.0,264,ISIC_4,264,closeMatch,eurostat-nace2-isic4
NACE_2.0,2640,ISIC_4,2640,closeMatch,eurostat-nace2-isic4
NACE_2.0,265,ISIC_4,265,closeMatch,eurostat-nace2-isic4
NACE_2.0,2651,ISIC_4,2651,closeMatch,eurostat-nace2-isic4
NACE_2.0,2652,ISIC_4,2652,closeMatch,eurostat-nace2-isic4
NACE_2.0,266,ISIC_4,266,closeMatch,eurostat-nace2-isic4
NACE_2.0,2660,ISIC_4,2660,closeMatch,eurostat-nace2-isic4
NACE_2.0,267,ISIC_4,267,closeMatch,eurostat-nace2-isic4
NACE_2.0,2670,ISIC_4,2670,closeMatch,eurostat-nace2-isic4
NACE_2.0,268,ISIC_4,268,closeMatch,eurostat-nace2-isic4
NACE_2.0,2680,ISIC_4,2680,closeMatch,eurostat-nace2-isic4
NACE_2.0,27,ISIC_4,27,closeMatch,eurostat-nace2-isic4
NACE_2.0,271,ISIC_4,271,closeMatch,eurostat-nace2-isic4
NACE_2.0,2711,ISIC_4,2710,closeMatch,eurostat-nace2-isic4
NACE_2.0,2712,ISIC_4,2710,closeMatch,eurostat-nace2-isic4
NACE_2.0,272,ISIC_4,272,closeMatch,eurostat-nace2-isic4
NACE_2.0,2720,ISIC_4,2720,closeMatch,eurostat-nace2-isic4
NACE_2.0,273,ISIC_4,273,closeMatch,eurostat-nace2-isic4
NACE_2.0,2731,ISIC_4,2731,closeMatch,eurostat-nace2-isic4
NACE_2.0,2732,ISIC_4,2732,closeMatch,eurostat-nace2-isic4
NACE_2.0,2733,ISIC_4,2733,closeMatch,eurostat-nace2-isic4
NACE_2.0,274,ISIC_4,274,closeMatch,eurostat-nace2-isic4
NACE_2.0,2740,ISIC_4,2740,closeMatch,eurostat-nace2-isic4
NACE_2.0,275,ISIC_4,275,closeMatch,eurostat-nace2-isic4
NACE_2.0,2751,ISIC_4,2750,closeMatch,eurostat-nace2-isic4
NACE_2.0,2752,ISIC_4,2750,closeMatch,eurostat-nace2-isic4
NACE_2.0,279,ISIC_4,279,closeMatch,eurostat-nace2-isic4
NACE_2.0,2790,ISIC_4,2790,closeMatch,eurostat-nace2-isic4
NACE_2.0,28,ISIC_4,28,closeMatch,eurostat-nace2-isic4
NACE_2.0,281,ISIC_4,281,closeMatch,eurostat-nace2-isic4
NACE_2.0,2811,ISIC_4,2811,closeMatch,eurostat-nace2-isic4
NACE_2.0,2812,ISIC_4,2812,closeMatch,eurostat-nace2-isic4
NACE_2.0,2813,ISIC_4,2813,closeMatch,eurostat-nace2-isic4
NACE_2.0,2814,ISIC_4,2813,closeMatch,eurostat-nace2-isic4
NACE_2.0,2815,ISIC_4,2814,closeMatch,eurostat-nace2-isic4
NACE_2.0,282,ISIC_4,281,closeMatch,eurostat-nace2-isic4
NACE_2.0,2821,ISIC_4,2815,closeMatch,eurostat-nace2-isic4
NACE_2.0,2822,ISIC_4,2816,closeMatch,eurostat-nace2-isic4
NACE_2.0,2823,ISIC_4,2817,closeMatch,eurostat-nace2-isic4
NACE_2.0,2824,ISIC_4,2818,closeMatch,eurostat-nace2-isic4
NACE_2.0,2825,ISIC_4,2819,closeMatch,eurostat-nace2-isic4
NACE_2.0,2829,ISIC_4,2819,closeMatch,eurostat-nace2-isic4
NACE_2.0,283,ISIC_4,282,closeMatch,eurostat-nace2-isic4
NACE_2.0,2830,ISIC_4,2821,closeMatch,eurostat-nace2-isic4
NACE_2.0,284,ISIC_4,282,closeMatch,eurostat-nace2-isic4
NACE_2.0,2841,ISIC_4,2822,closeMatch,eurostat-nace2-isic4
NACE_2.0,2849,ISIC_4,2822,closeMatch,eurostat-nace2-isic4
NACE_2.0,289,ISIC_4,282,closeMatch,eurostat-nace2-isic4
NACE_2.0,2891,ISIC_4,2823,closeMatch,eurostat-nace2-isic4
NACE_2.0,2892,ISIC_4,2824,closeMatch,eurostat-nace2-isic4
NACE_2.0,2893,ISIC_4,2825,closeMatch,eurostat-nace2-isic4
NACE_2.0,2894,ISIC_4,2826,closeMatch,eurostat-nace2-isic4
NACE_2.0,2895,ISIC_4,2829,closeMatch,eurostat-nace2-isic4
NACE_2.0,2896,ISIC_4,2829,closeMatch,eurostat-nace2-isic4
NACE_2.0,2899,ISIC_4,2829,closeMatch,eurostat-nace2-isic4
NACE_2.0,29,ISIC_4,29,closeMatch,eurostat-nace2-isic4
NACE_2.0,291,ISIC_4,291,closeMatch,eurostat-nace2-isic4
NACE_2.0,2910,ISIC_4,2910,closeMatch,eurostat-nace2-isic4
NACE_2.0,292,ISIC_4,292,closeMatch,eurostat-nace2-isic4
NACE_2.0,2920,ISIC_4,2920,closeMatch,eurostat-nace2-isic4
NACE_2.0,293,ISIC_4,293,closeMatch,eurostat-nace2-isic4
NACE_2.0,2931,ISIC_4,2930,closeMatch,eurostat-nace2-isic4
NACE_2.0,2932,ISIC_4,2930,closeMatch,eurostat-nace2-isic4
NACE_2.0,30,ISIC_4,30,closeMatch,eurostat-nace2-isic4
NACE_2.0,301,ISIC_4,301,closeMatch,eurostat-nace2-isic4
NACE_2.0,3011,ISIC_4,3011,closeMatch,eurostat-nace2-isic4
NACE_2.0,3012,ISIC_4,3012,closeMatch,eurostat-nace2-isic4
NACE_2.0,302,ISIC_4,302,closeMatch,eurostat-nace2-isic4
NACE_2.0,3020,ISIC_4,3020,closeMatch,eurostat-nace2-isic4
NACE_2.0,303,ISIC_4,303,closeMatch,eurostat-nace2-isic4
NACE_2.0,3030,ISIC_4,3030,closeMatch,eurostat-nace2-isic4
NACE_2.0,304,ISIC_4,304,closeMatch,eurostat-nace2-isic4
NACE_2.0,3040,ISIC_4,3040,closeMatch,eurostat-nace2-isic4
NACE_2.0,309,ISIC_4,309,closeMatch,eurostat-nace2-isic4
NACE_2.0,3091,ISIC_4,3091,closeMatch,eurostat-nace2-isic4
NACE_2.0,3092,ISIC_4,3092,closeMatch,eurostat-nace2-isic4
NACE_2.0,3099,ISIC_4,3099,closeMatch,eurostat-nace2-isic4
NACE_2.0,31,ISIC_4,31,closeMatch,eurostat-nace2-isic4
NACE_2.0,310,ISIC_4,310,closeMatch,eurostat-nace2-isic4
NACE_2.0,3101,ISIC_4,3100,closeMatch,eurostat-nace2-isic4
NACE_2.0,3102,ISIC_4,3100,closeMatch,eurostat-nace2-isic4
NACE_2.0,3103,ISIC_4,3100,closeMatch,eurostat-nace2-isic4
NACE_2.0,3109,ISIC_4,3100,closeMatch,eurostat-nace2-isic4
NACE_2.0,32,ISIC_4,32,closeMatch,eurostat-nace2-isic4
NACE_2.0,321,ISIC_4,321,closeMatch,eurostat-nace2-isic4
NACE_2.0,3211,ISIC_4,3211,closeMatch,eurostat-nace2-isic4
NACE_2.0,3212,ISIC_4,3211,closeMatch,eurostat-nace2-isic4
NACE_2.0,3213,ISIC_4,3212,closeMatch,eurostat-nace2-isic4
NACE_2.0,322,ISIC_4,322,closeMatch,eurostat-nace2-isic4
NACE_2.0,3220,ISIC_4,3220,closeMatch,eurostat-nace2-isic4
NACE_2.0,323,ISIC_4,323,closeMatch,eurostat-nace2-isic4
NACE_2.0,3230,ISIC_4,3230,closeMatch,eurostat-nace2-isic4
NACE_2.0,324,ISIC_4,324,closeMatch,eurostat-nace2-isic4
NACE_2.0,3240,ISIC_4,3240,closeMatch,eurostat-nace2-isic4
NACE_2.0,325,ISIC_4,325,closeMatch,eurostat-nace2-isic4
NACE_2.0,3250,ISIC_4,3250,closeMatch,eurostat-nace2-isic4
NACE_2.0,329,ISIC_4,329,closeMatch,eurostat-nace2-isic4
NACE_2.0,3291,ISIC_4,3290,closeMatch,eurostat-nace2-isic4
NACE_2.0,3299,ISIC_4,3290,closeMatch,eurostat-nace2-isic4
NACE_2.0,33,ISIC_4,33,closeMatch,eurostat-nace2-isic4
NACE_2.0,331,ISIC_4,331,closeMatch,eurostat-nace2-isic4
NACE_2.0,3311,ISIC_4,3311,closeMatch,eurostat-nace2-isic4
NACE_2.0,3312,ISIC_4,3312,closeMatch,eurostat-nace2-isic4
NACE_2.0,3313,ISIC_4,3313,closeMatch,eurostat-nace2-isic4
NACE_2.0,3314,ISIC_4,3314,closeMatch,eurostat-nace2-isic4
NACE_2.0,3315,ISIC_4,3315,closeMatch,eurostat-nace2-isic4
NACE_2.0,3316,ISIC_4,3315,closeMatch,eurostat-nace2-isic4
NACE_2.0,3317,ISIC_4,3315,closeMatch,eurostat-nace2-isic4
NACE_2.0,3319,ISIC_4,3319,closeMatch,eurostat-nace2-isic4
NACE_2.0,332,ISIC_4,332,closeMatch,eurostat-nace2-isic4
NACE_2.0,3320,ISIC_4,3320,closeMatch,eurostat-nace2-isic4
NACE_2.0,35,ISIC_4,35,closeMatch,eurostat-nace2-isic4
NACE_2.0,351,ISIC_4,351,closeMatch,eurostat-nace2-isic4
NACE_2.0,3511,ISIC_4,3510,closeMatch,eurostat-nace2-isic4
NACE_2.0,3512,ISIC_4,3510,closeMatch,eurostat-nace2-isic4
NACE_2.0,3513,ISIC_4,3510,closeMatch,eurostat-nace2-isic4
NACE_2.0,3514,ISIC_4,3510,closeMatch,eurostat-nace2-isic4
NACE_2.0,352,ISIC_4,352,closeMatch,eurostat-nace2-isic4
NACE_2.0,3521,ISIC_4,3520,closeMatch,eurostat-nace2-isic4
NACE_2.0,3522,ISIC_4,3520,closeMatch,eurostat-nace2-isic4
NACE_2.0,3523,ISIC_4,3520,closeMatch,eurostat-nace2-isic4
NACE_2.0,353,ISIC_4,353,closeMatch,eurostat-nace2-isic4
NACE_2.0,3530,ISIC_4,3530,closeMatch,eurostat-nace2-isic4
NACE_2.0,36,ISIC_4,36,closeMatch,eurostat-nace2-isic4
NACE_2.0,360,ISIC_4,360,closeMatch,eurostat-nace2-isic4
NACE_2.0,3600,ISIC_4,3600,closeMatch,eurostat-nace2-isic4
NACE_2.0,37,ISIC_4,37,closeMatch,eurostat-nace2-isic4
NACE_2.0,370,ISIC_4,370,closeMatch,eurostat-nace2-isic4
NACE_2.0,3700,ISIC_4,3700,closeMatch,eurostat-nace2-isic4
NACE_2.0,38,ISIC_4,38,closeMatch,eurostat-nace2-isic4
NACE_2.0,381,ISIC_4,381,closeMatch,eurostat-nace2-isic4
NACE_2.0,3811,ISIC_4,3811,closeMatch,eurostat-nace2-isic4
NACE_2.0,3812,ISIC_4,3812,closeMatch,eurostat-nace2-isic4
NACE_2.0,382,ISIC_4,382,closeMatch,eurostat-nace2-isic4
NACE_2.0,3821,ISIC_4,3821,closeMatch,eurostat-nace2-isic4
NACE_2.0,3822,ISIC_4,3822,closeMatch,eurostat-nace2-isic4
NACE_2.0,383,ISIC_4,383,closeMatch,eurostat-nace2-isic4
NACE_2.0,3831,ISIC_4,3830,closeMatch,eurostat-nace2-isic4
NACE_2.0,3832,ISIC_4,3830,closeMatch,eurostat-nace2-isic4
NACE_2.0,39,ISIC_4,39,closeMatch,eurostat-nace2-isic4
NACE_2.0,390,ISIC_4,390,closeMatch,eurostat-nace2-isic4
NACE_2.0,3900,ISIC_4,3900,closeMatch,eurostat-nace2-isic4
NACE_2.0,41,ISIC_4,41,closeMatch,eurostat-nace2-isic4
NACE_2.0,411,ISIC_4,410,closeMatch,eurostat-nace2-isic4
NACE_2.0,4110,ISIC_4,4100,closeMatch,eurostat-nace2-isic4
NACE_2.0,412,ISIC_4,410,closeMatch,eurostat-nace2-isic4
NACE_2.0,4120,ISIC_4,4100,closeMatch,eurostat-nace2-isic4
NACE_2.0,42,ISIC_4,42,closeMatch,eurostat-nace2-isic4
NACE_2.0,421,ISIC_4,421,closeMatch,eurostat-nace2-isic4
NACE_2.0,4211,ISIC_4,4210,closeMatch,eurostat-nace2-isic4
NACE_2.0,4212,ISIC_4,4210,closeMatch,eurostat-nace2-isic4
NACE_2.0,4213,ISIC_4,4210,closeMatch,eurostat-nace2-isic4
NACE_2.0,422,ISIC_4,422,closeMatch,eurostat-nace2-isic4
NACE_2.0,4221,ISIC_4,4220,closeMatch,eurostat-nace2-isic4
NACE_2.0,4222,ISIC_4,4220,closeMatch,eurostat-nace2-isic4
NACE_2.0,429,ISIC_4,429,closeMatch,eurostat-nace2-isic4
NACE_2.0,4291,ISIC_4,4290,closeMatch,eurostat-nace2-isic4
NACE_2.0,4299,ISIC_4,4290,closeMatch,eurostat-nace2-isic4
NACE_2.0,43,ISIC_4,43,closeMatch,eurostat-nace2-isic4
NACE_2.0,431,ISIC_4,431,closeMatch,eurostat-nace2-isic4
NACE_2.0,4311,ISIC_4,4311,closeMatch,eurostat-nace2-isic4
NACE_2.0,4312,ISIC_4,4312,closeMatch,eurostat-nace2-isic4
NACE_2.0,4313,ISIC_4,4312,closeMatch,eurostat-nace2-isic4
NACE_2.0,432,ISIC_4,432,closeMatch,eurostat-nace2-isic4
NACE_2.0,4321,ISIC_4,4321,closeMatch,eurostat-nace2-isic4
NACE_2.0,4322,ISIC_4,4322,closeMatch,eurostat-nace2-isic4
NACE_2.0,4329,ISIC_4,4329,closeMatch,eurostat-nace2-isic4
NACE_2.0,433,ISIC_4,433,closeMatch,eurostat-nace2-isic4
NACE_2.0,4331,ISIC_4,4330,closeMatch,eurostat-nace2-isic4
NACE_2.0,4332,ISIC_4,4330,closeMatch,eurostat-nace2-isic4
NACE_2.0,4333,ISIC_4,4330,closeMatch,eurostat-nace2-isic4
NACE_2.0,4334,ISIC_4,4330,closeMatch,eurostat-nace2-isic4
NACE_2.0,4339,ISIC_4,4330,closeMatch,eurostat-nace2-isic4
NACE_2.0,439,ISIC_4,439,closeMatch,eurostat-nace2-isic4
NACE_2.0,4391,ISIC_4,4390,closeMatch,eurostat-nace2-isic4
NACE_2.0,4399,ISIC_4,4390,closeMatch,eurostat-nace2-isic4
NACE_2.0,45,ISIC_4,45,closeMatch,eurostat-nace2-isic4
NACE_2.0,451,ISIC_4,451,closeMatch,eurostat-nace2-isic4
NACE_2.0,4511,ISIC_4,4510,closeMatch,eurostat-nace2-isic4
NACE_2.0,4519,ISIC_4,4510,closeMatch,eurostat-nace2-isic4
NACE_2.0,452,ISIC_4,452,closeMatch,eurostat-nace2-isic4
NACE_2.0,4520,ISIC_4,4520,closeMatch,eurostat-nace2-isic4
NACE_2.0,453,ISIC_4,453,closeMatch,eurostat-nace2-isic4
NACE_2.0,4531,ISIC_4,4530,closeMatch,eurostat-nace2-isic4
NACE_2.0,4532,ISIC_4,4530,closeMatch,eurostat-nace2-isic4
NACE_2.0,454,ISIC_4,454,closeMatch,eurostat-nace2-isic4
NACE_2.0,4540,ISIC_4,4540,closeMatch,eurostat-nace2-isic4
NACE_2.0,46,ISIC_4,46,closeMatch,eurostat-nace2-isic4
NACE_2.0,461,ISIC_4,461,closeMatch,eurostat-nace2-isic4
NACE_2.0,4611,ISIC_4,4610,closeMatch,eurostat-nace2-isic4
NACE_2.0,4612,ISIC_4,4610,closeMatch,eurostat-nace2-isic4
NACE_2.0,4613,ISIC_4,4610,closeMatch,eurostat-nace2-isic4
NACE_2.0,4614,ISIC_4,4610,closeMatch,eurostat-nace2-isic4
NACE_2.0,4615,ISIC_4,4610,closeMatch,eurostat-nace2-isic4
NACE_2.0,4616,ISIC_4,4610,closeMatch,eurostat-nace2-isic4
NACE_2.0,4617,ISIC_4,4610,closeMatch,eurostat-nace2-isic4
NACE_2.0,4618,ISIC_4,4610,closeMatch,eurostat-nace2-isic4
NACE_2.0,4619,ISIC_4,4610,closeMatch,eurostat-nace2-isic4
NACE_2.0,462,ISIC_4,462,closeMatch,eurostat-nace2-isic4
NACE_2.0,4621,ISIC_4,4620,closeMatch,eurostat-nace2-isic4
NACE_2.0,4622,ISIC_4,4620,closeMatch,eurostat-nace2-isic4
NACE_2.0,4623,ISIC_4,4620,closeMatch,eurostat-nace2-isic4
NACE_2.0,4624,ISIC_4,4620,closeMatch,eurostat-nace2-isic4
NACE_2.0,463,ISIC_4,463,closeMatch,eurostat-nace2-isic4
NACE_2.0,4631,ISIC_4,4630,closeMatch,eurostat-nace2-isic4
NACE_2.0,4632,ISIC_4,4630,closeMatch,eurostat-nace2-isic4
NACE_2.0,4633,ISIC_4,4630,closeMatch,eurostat-nace2-isic4
NACE_2.0,4634,ISIC_4,4630,closeMatch,eurostat-nace2-isic4
NACE_2.0,4635,ISIC_4,4630,closeMatch,eurostat-nace2-isic4
NACE_2.0,4636,ISIC_4,4630,closeMatch,eurostat-nace2-isic4
NACE_2.0,4637,ISIC_4,4630,closeMatch,eurostat-nace2-isic4
NACE_2.0,4638,ISIC_4,4630,closeMatch,eurostat-nace2-isic4
NACE_2.0,4639,ISIC_4,4630,closeMatch,eurostat-nace2-isic4
NACE_2.0,464,ISIC_4,464,closeMatch,eurostat-nace2-isic4
NACE_2.0,4641,ISIC_4,4641,closeMatch,eurostat-nace2-isic4
NACE_2.0,4642,ISIC_4,4641,closeMatch,eurostat-nace2-isic4
NACE_2.0,4643,ISIC_4,4649,closeMatch,eurostat-nace2-isic4
NACE_2.0,4644,ISIC_4,4649,closeMatch,eurostat-nace2-isic4
NACE_2.0,4645,ISIC_4,4649,closeMatch,eurostat-nace2-isic4
NACE_2.0,4646,ISIC_4,4649,closeMatch,eurostat-nace2-isic4
NACE_2.0,4647,ISIC_4,4649,closeMatch,eurostat-nace2-isic4
NACE_2.0,4648,ISIC_4,4649,closeMatch,eurostat-nace2-isic4
NACE_2.0,4649,ISIC_4,4649,closeMatch,eurostat-nace2-isic4
NACE_2.0,465,ISIC_4,465,closeMatch,eurostat-nace2-isic4
NACE_2.0,4651,ISIC_4,4651,closeMatch,eurostat-nace2-isic4
NACE_2.0,4652,ISIC_4,4652,closeMatch,eurostat-nace2-isic4
NACE_2.0,466,ISIC_4,466,closeMatch,eurostat-nace2-isic4
NACE_2.0,4661,ISIC_4,4653,closeMatch,eurostat-nace2-isic4
NACE_2.0,4662,ISIC_4,4659,closeMatch,eurostat-nace2-isic4
NACE_2.0,4663,ISIC_4,4659,closeMatch,eurostat-nace2-isic4
NACE_2.0,4664,ISIC_4,4659,closeMatch,eurostat-nace2-isic4
NACE_2.0,4665,ISIC_4,4659,closeMatch,eurostat-nace2-isic4
NACE_2.0,4666,ISIC_4,4659,closeMatch,eurostat-nace2-isic4
NACE_2.0,4669,ISIC_4,4659,closeMatch,eurostat-nace2-isic4
NACE_2.0,467,ISIC_4,466,closeMatch,eurostat-nace2-isic4
NACE_2.0,4671,ISIC_4,4661,closeMatch,eurostat-nace2-isic4
NACE_2.0,4672,ISIC_4,4662,closeMatch,eurostat-nace2-isic4
NACE_2.0,4673,ISIC_4,4663,closeMatch,eurostat-nace2-isic4
NACE_2.0,4674,ISIC_4,4663,closeMatch,eurostat-nace2-isic4
NACE_2.0,4675,ISIC_4,4669,closeMatch,eurostat-nace2-isic4
NACE_2.0,4676,ISIC_4,4669,closeMatch,eurostat-nace2-isic4
NACE_2.0,4677,ISIC_4,4669,closeMatch,eurostat-nace2-isic4
NACE_2.0,469,ISIC_4,469,closeMatch,eurostat-nace2-isic4
NACE_2.0,4690,ISIC_4,4690,closeMatch,eurostat-nace2-isic4
NACE_2.0,47,ISIC_4,47,closeMatch,eurostat-nace2-isic4
NACE_2.0,471,ISIC_4,471,closeMatch,eurostat-nace2-isic4
NACE_2.0,4711,ISIC_4,4711,closeMatch,eurostat-nace2-isic4
NACE_2.0,4719,ISIC_4,4719,closeMatch,eurostat-nace2-isic4
NACE_2.0,472,ISIC_4,472,closeMatch,eurostat-nace2-isic4
NACE_2.0,4721,ISIC_4,4721,closeMatch,eurostat-nace2-isic4
NACE_2.0,4722,ISIC_4,4721,closeMatch,eurostat-nace2-isic4
NACE_2.0,4723,ISIC_4,4721,closeMatch,eurostat-nace2-isic4
NACE_2.0,4724,ISIC_4,4721,closeMatch,eurostat-nace2-isic4
NACE_2.0,4725,ISIC_4,4722,closeMatch,eurostat-nace2-isic4
NACE_2.0,4726,ISIC_4,4723,closeMatch,eurostat-nace2-isic4
NACE_2.0,4729,ISIC_4,4721,closeMatch,eurostat-nace2-isic4
NACE_2.0,473,ISIC_4,473,closeMatch,eurostat-nace2-isic4
NACE_2.0,4730,ISIC_4,4730,closeMatch,eurostat-nace2-isic4
NACE_2.0,474,ISIC_4,474,closeMatch,eurostat-nace2-isic4
NACE_2.0,4741,ISIC_4,4741,closeMatch,eurostat-nace2-isic4
NACE_2.0,4742,ISIC_4,4741,closeMatch,eurostat-nace2-isic4
NACE_2.0,4743,ISIC_4,4742,closeMatch,eurostat-nace2-isic4
NACE_2.0,475,ISIC_4,475,closeMatch,eurostat-nace2-isic4
NACE_2.0,4751,ISIC_4,4751,closeMatch,eurostat-nace2-isic4
NACE_2.0,4752,ISIC_4,4752,closeMatch,eurostat-nace2-isic4
NACE_2.0,4753,ISIC_4,4753,closeMatch,eurostat-nace2-isic4
NACE_2.0,4754,ISIC_4,4759,closeMatch,eurostat-nace2-isic4
NACE_2.0,4759,ISIC_4,4759,closeMatch,eurostat-nace2-isic4
NACE_2.0,476,ISIC_4,476,closeMatch,eurostat-nace2-isic4
NACE_2.0,4761,ISIC_4,4761,closeMatch,eurostat-nace2-isic4
NACE_2.0,4762,ISIC_4,4761,closeMatch,eurostat-nace2-isic4
NACE_2.0,4763,ISIC_4,4762,closeMatch,eurostat-nace2-isic4
NACE_2.0,4764,ISIC_4,4763,closeMatch,eurostat-nace2-isic4
NACE_2.0,4765,ISIC_4,4764,closeMatch,eurostat-nace2-isic4
NACE_2.0,477,ISIC_4,477,closeMatch,eurostat-nace2-isic4
NACE_2.0,4771,ISIC_4,4771,closeMatch,eurostat-nace2-isic4
NACE_2.0,4772,ISIC_4,4771,closeMatch,eurostat-nace2-isic4
NACE_2.0,4773,ISIC_4,4772,closeMatch,eurostat-nace2-isic4
NACE_2.0,4774,ISIC_4,4772,closeMatch,eurostat-nace2-isic4
NACE_2.0,4775,ISIC_4,4772,closeMatch,eurostat-nace2-isic4
NACE_2.0,4776,ISIC_4,4773,closeMatch,eurostat-nace2-isic4
NACE_2.0,4777,ISIC_4,4773,closeMatch,eurostat-nace2-isic4
NACE_2.0,4778,ISIC_4,4773,closeMatch,eurostat-nace2-isic4
NACE_2.0,4779,ISIC_4,4774,closeMatch,eurostat-nace2-isic4
NACE_2.0,478,ISIC_4,478,closeMatch,eurostat-nace2-isic4
NACE_2.0,4781,ISIC_4,4781,closeMatch,eurostat-nace2-isic4
NACE_2.0,4782,ISIC_4,4782,closeMatch,eurostat-nace2-isic4
NACE_2.0,4789,ISIC_4,4789,closeMatch,eurostat-nace2-isic4
NACE_2.0,479,ISIC_4,479,closeMatch,eurostat-nace2-isic4
NACE_2.0,4791,ISIC_4,4791,closeMatch,eurostat-nace2-isic4
NACE_2.0,4799,ISIC_4,4799,closeMatch,eurostat-nace2-isic4
NACE_2.0,49,ISIC_4,49,closeMatch,eurostat-nace2-isic4
NACE_2.0,491,ISIC_4,491,closeMatch,eurostat-nace2-isic4
NACE_2.0,4910,ISIC_4,4911,closeMatch,eurostat-nace2-isic4
NACE_2.0,492,ISIC_4,491,closeMatch,eurostat-nace2-isic4
NACE_2.0,4920,ISIC_4,4912,closeMatch,eurostat-nace2-isic4
NACE_2.0,493,ISIC_4,492,closeMatch,eurostat-nace2-isic4
NACE_2.0,4931,ISIC_4,4921,closeMatch,eurostat-nace2-isic4
NACE_2.0,4932,ISIC_4,4922,closeMatch,eurostat-nace2-isic4
NACE_2.0,4939,ISIC_4,4922,closeMatch,eurostat-nace2-isic4
NACE_2.0,494,ISIC_4,492,closeMatch,eurostat-nace2-isic4
NACE_2.0,4941,ISIC_4,4923,closeMatch,eurostat-nace2-isic4
NACE_2.0,4942,ISIC_4,4923,closeMatch,eurostat-nace2-isic4
NACE_2.0,495,ISIC_4,493,closeMatch,eurostat-nace2-isic4
NACE_2.0,4950,ISIC_4,4930,closeMatch,eurostat-nace2-isic4
NACE_2.0,50,ISIC_4,50,closeMatch,eurostat-nace2-isic4
NACE_2.0,501,ISIC_4,501,closeMatch,eurostat-nace2-isic4
NACE_2.0,5010,ISIC_4,5011,closeMatch,eurostat-nace2-isic4
NACE_2.0,502,ISIC_4,501,closeMatch,eurostat-nace2-isic4
NACE_2.0,5020,ISIC_4,5012,closeMatch,eurostat-nace2-isic4
NACE_2.0,503,ISIC_4,502,closeMatch,eurostat-nace2-isic4
NACE_2.0,5030,ISIC_4,5021,closeMatch,eurostat-nace2-isic4
NACE_2.0,504,ISIC_4,502,closeMatch,eurostat-nace2-isic4
NACE_2.0,5040,ISIC_4,5022,closeMatch,eurostat-nace2-isic4
NACE_2.0,51,ISIC_4,51,closeMatch,eurostat-nace2-isic4
NACE_2.0,511,ISIC_4,511,closeMatch,eurostat-nace2-isic4
NACE_2.0,5110,ISIC_4,5110,closeMatch,eurostat-nace2-isic4
NACE_2.0,512,ISIC_4,512,closeMatch,eurostat-nace2-isic4
NACE_2.0,5121,ISIC_4,5120,closeMatch,eurostat-nace2-isic4
NACE_2.0,5122,ISIC_4,5120,closeMatch,eurostat-nace2-isic4
NACE_2.0,52,ISIC_4,52,closeMatch,eurostat-nace2-isic4
NACE_2.0,521,ISIC_4,521,closeMatch,eurostat-nace2-isic4
NACE_2.0,5210,ISIC_4,5210,closeMatch,eurostat-nace2-isic4
NACE_2.0,522,ISIC_4,522,closeMatch,eurostat-nace2-isic4
NACE_2.0,5221,ISIC_4,5221,closeMatch,eurostat-nace2-isic4
NACE_2.0,5222,ISIC_4,5222,closeMatch,eurostat-nace2-isic4
NACE_2.0,5223,ISIC_4,5223,closeMatch,eurostat-nace2-isic4
NACE_2.0,5224,ISIC_4,5224,closeMatch,eurostat-nace2-isic4
NACE_2.0,5229,ISIC_4,5229,closeMatch,eurostat-nace2-isic4
NACE_2.0,53,ISIC_4,53,closeMatch,eurostat-nace2-isic4
NACE_2.0,531,ISIC_4,531,closeMatch,eurostat-nace2-isic4
NACE_2.0,5310,ISIC_4,5310,closeMatch,eurostat-nace2-isic4
NACE_2.0,532,ISIC_4,532,closeMatch,eurostat-nace2-isic4
NACE_2.0,5320,ISIC_4,5320,closeMatch,eurostat-nace2-isic4
NACE_2.0,55,ISIC_4,55,closeMatch,eurostat-nace2-isic4
NACE_2.0,551,ISIC_4,551,closeMatch,eurostat-nace2-isic4
NACE_2.0,5510,ISIC_4,5510,closeMatch,eurostat-nace2-isic4
NACE_2.0,552,ISIC_4,551,closeMatch,eurostat-nace2-isic4
NACE_2.0,5520,ISIC_4,5510,closeMatch,eurostat-nace2-isic4
NACE_2.0,553,ISIC_4,552,closeMatch,eurostat-nace2-isic4
NACE_2.0,5530,ISIC_4,5520,closeMatch,eurostat-nace2-isic4
NACE_2.0,559,ISIC_4,559,closeMatch,eurostat-nace2-isic4
NACE_2.0,5590,ISIC_4,5590,closeMatch,eurostat-nace2-isic4
NACE_2.0,56,ISIC_4,56,closeMatch,eurostat-nace2-isic4
NACE_2.0,561,ISIC_4,561,closeMatch,eurostat-nace2-isic4
NACE_2.0,5610,ISIC_4,5610,closeMatch,eurostat-nace2-isic4
NACE_2.0,562,ISIC_4,562,closeMatch,eurostat-nace2-isic4
NACE_2.0,5621,ISIC_4,5621,closeMatch,eurostat-nace2-isic4
NACE_2.0,5629,ISIC_4,5629,closeMatch,eurostat-nace2-isic4
NACE_2.0,563,ISIC_4,563,closeMatch,eurostat-nace2-isic4
NACE_2.0,5630,ISIC_4,5630,closeMatch,eurostat-nace2-isic4
NACE_2.0,58,ISIC_4,58,closeMatch,eurostat-nace2-isic4
NACE_2.0,581,ISIC_4,581,closeMatch,eurostat-nace2-isic4
NACE_2.0,5811,ISIC_4,5811,closeMatch,eurostat-nace2-isic4
NACE_2.0,5812,ISIC_4,5812,closeMatch,eurostat-nace2-isic4
NACE_2.0,5813,ISIC_4,5813,closeMatch,eurostat-nace2-isic4
NACE_2.0,5814,ISIC_4,5813,closeMatch,eurostat-nace2-isic4
NACE_2.0,5819,ISIC_4,5819,closeMatch,eurostat-nace2-isic4
NACE_2.0,582,ISIC_4,582,closeMatch,eurostat-nace2-isic4
NACE_2.0,5821,ISIC_4,5820,closeMatch,eurostat-nace2-isic4
NACE_2.0,5829,ISIC_4,5820,closeMatch,eurostat-nace2-isic4
NACE_2.0,59,ISIC_4,59,closeMatch,eurostat-nace2-isic4
NACE_2.0,591,ISIC_4,591,closeMatch,eurostat-nace2-isic4
NACE_2.0,5911,ISIC_4,5911,closeMatch,eurostat-nace2-isic4
NACE_2.0,5912,ISIC_4,5912,closeMatch,eurostat-nace2-isic4
NACE_2.0,5913,ISIC_4,5913,closeMatch,eurostat-nace2-isic4
NACE_2.0,5914,ISIC_4,5914,closeMatch,eurostat-nace2-isic4
NACE_2.0,592,ISIC_4,592,closeMatch,eurostat-nace2-isic4
NACE_2.0,5920,ISIC_4,5920,closeMatch,eurostat-nace2-isic4
NACE_2.0,60,ISIC_4,60,closeMatch,eurostat-nace2-isic4
NACE_2.0,601,ISIC_4,601,closeMatch,eurostat-nace2-isic4
NACE_2.0,6010,ISIC_4,6010,closeMatch,eurostat-nace2-isic4
NACE_2.0,602,ISIC_4,602,closeMatch,eurostat-nace2-isic4
NACE_2.0,6020,ISIC_4,6020,closeMatch,eurostat-nace2-isic4
NACE_2.0,61,ISIC_4,61,closeMatch,eurostat-nace2-isic4
NACE_2.0,611,ISIC_4,611,closeMatch,eurostat-nace2-isic4
NACE_2.0,6110,ISIC_4,6110,closeMatch,eurostat-nace2-isic4
NACE_2.0,612,ISIC_4,612,closeMatch,eurostat-nace2-isic4
NACE_2.0,6120,ISIC_4,6120,closeMatch,eurostat-nace2-isic4
NACE_2.0,613,ISIC_4,613,closeMatch,eurostat-nace2-isic4
NACE_2.0,6130,ISIC_4,6130,closeMatch,eurostat-nace2-isic4
NACE_2.0,619,ISIC_4,619,closeMatch,eurostat-nace2-isic4
NACE_2.0,6190,ISIC_4,6190,closeMatch,eurostat-nace2-isic4
NACE_2.0,62,ISIC_4,62,closeMatch,eurostat-nace2-isic4
NACE_2.0,620,ISIC_4,620,closeMatch,eurostat-nace2-isic4
NACE_2.0,6201,ISIC_4,6201,closeMatch,eurostat-nace2-isic4
NACE_2.0,6202,ISIC_4,6202,closeMatch,eurostat-nace2-isic4
NACE_2.0,6203,ISIC_4,6202,closeMatch,eurostat-nace2-isic4
NACE_2.0,6209,ISIC_4,6209,closeMatch,eurostat-nace2-isic4
NACE_2.0,63,ISIC_4,63,closeMatch,eurostat-nace2-isic4
NACE_2.0,631,ISIC_4,631,closeMatch,eurostat-nace2-isic4
NACE_2.0,6311,ISIC_4,6311,closeMatch,eurostat-nace2-isic4
NACE_2.0,6312,ISIC_4,6312,closeMatch,eurostat-nace2-isic4
NACE_2.0,639,ISIC_4,639,closeMatch,eurostat-nace2-isic4
NACE_2.0,6391,ISIC_4,6391,closeMatch,eurostat-nace2-isic4
NACE_2.0,6399,ISIC_4,6399,closeMatch,eurostat-nace2-isic4
NACE_2.0,64,ISIC_4,64,closeMatch,eurostat-nace2-isic4
NACE_2.0,641,ISIC_4,641,closeMatch,eurostat-nace2-isic4
NACE_2.0,6411,ISIC_4,6411,closeMatch,eurostat-nace2-isic4
NACE_2.0,6419,ISIC_4,6419,closeMatch,eurostat-nace2-isic4
NACE_2.0,642,ISIC_4,642,closeMatch,eurostat-nace2-isic4
NACE_2.0,6420,ISIC_4,6420,closeMatch,eurostat-nace2-isic4
NACE_2.0,643,ISIC_4,643,closeMatch,eurostat-nace2-isic4
NACE_2.0,6430,ISIC_4,6430,closeMatch,eurostat-nace2-isic4
NACE_2.0,649,ISIC_4,649,closeMatch,eurostat-nace2-isic4
NACE_2.0,6491,ISIC_4,6491,closeMatch,eurostat-nace2-isic4
NACE_2.0,6492,ISIC_4,6492,closeMatch,eurostat-nace2-isic4
NACE_2.0,6499,ISIC_4,6499,closeMatch,eurostat-nace2-isic4
NACE_2.0,65,ISIC_4,65,closeMatch,eurostat-nace2-isic4
NACE_2.0,651,ISIC_4,651,closeMatch,eurostat-nace2-isic4
NACE_2.0,6511,ISIC_4,6511,closeMatch,eurostat-nace2-isic4
NACE_2.0,6512,ISIC_4,6512,closeMatch,eurostat-nace2-isic4
NACE_2.0,652,ISIC_4,652,closeMatch,eurostat-nace2-isic4
NACE_2.0,6520,ISIC_4,6520,closeMatch,eurostat-nace2-isic4
NACE_2.0,653,ISIC_4,653,closeMatch,eurostat-nace2-isic4
NACE_2.0,6530,ISIC_4,6530,closeMatch,eurostat-nace2-isic4
NACE_2.0,66,ISIC_4,66,closeMatch,eurostat-nace2-isic4
NACE_2.0,661,ISIC_4,661,closeMatch,eurostat-nace2-isic4
NACE_2.0,6611,ISIC_4,6611,closeMatch,eurostat-nace2-isic4
NACE_2.0,6612,ISIC_4,6612,closeMatch,eurostat-nace2-isic4
NACE_2.0,6619,ISIC_4,6619,closeMatch,eurostat-nace2-isic4
NACE_2.0,662,ISIC_4,662,closeMatch,eurostat-nace2-isic4
NACE_2.0,6621,ISIC_4,6621,closeMatch,eurostat-nace2-isic4
NACE_2.0,6622,ISIC_4,6622,closeMatch,eurostat-nace2-isic4
NACE_2.0,6629,ISIC_4,6629,closeMatch,eurostat-nace2-isic4
NACE_2.0,663,ISIC_4,663,closeMatch,eurostat-nace2-isic4
NACE_2.0,6630,ISIC_4,6630,closeMatch,eurostat-nace2-isic4
NACE_2.0,68,ISIC_4,68,closeMatch,eurostat-nace2-isic4
NACE_2.0,681,ISIC_4,681,closeMatch,eurostat-nace2-isic4
NACE_2.0,6810,ISIC_4,6810,closeMatch,eurostat-nace2-isic4
NACE_2.0,682,ISIC_4,681,closeMatch,eurostat-nace2-isic4
NACE_2.0,6820,ISIC_4,6810,closeMatch,eurostat-nace2-isic4
NACE_2.0,683,ISIC_4,682,closeMatch,eurostat-nace2-isic4
NACE_2.0,6831,ISIC_4,6820,closeMatch,eurostat-nace2-isic4
NACE_2.0,6832,ISIC_4,6820,closeMatch,eurostat-nace2-isic4
NACE_2.0,69,ISIC_4,69,closeMatch,eurostat-nace2-isic4
NACE_2.0,691,ISIC_4,691,closeMatch,eurostat-nace2-isic4
NACE_2.0,6910,ISIC_4,6910,closeMatch,eurostat-nace2-isic4
NACE_2.0,692,ISIC_4,692,closeMatch,eurostat-nace2-isic4
NACE_2.0,6920,ISIC_4,6920,closeMatch,eurostat-nace2-isic4
NACE_2.0,70,ISIC_4,70,closeMatch,eurostat-nace2-isic4
NACE_2.0,701,ISIC_4,701,closeMatch,eurostat-nace2-isic4
NACE_2.0,7010,ISIC_4,7010,closeMatch,eurostat-nace2-isic4
NACE_2.0,702,ISIC_4,702,closeMatch,eurostat-nace2-isic4
NACE_2.0,7021,ISIC_4,7020,closeMatch,eurostat-nace2-isic4
NACE_2.0,7022,ISIC_4,7020,closeMatch,eurostat-nace2-isic4
NACE_2.0,71,ISIC_4,71,closeMatch,eurostat-nace2-isic4
NACE_2.0,711,ISIC_4,711,closeMatch,eurostat-nace2-isic4
NACE_2.0,7111,ISIC_4,7110,closeMatch,eurostat-nace2-isic4
NACE_2.0,7112,ISIC_4,7110,closeMatch,eurostat-nace2-isic4
NACE_2.0,712,ISIC_4,712,closeMatch,eurostat-nace2-isic4
NACE_2.0,7120,ISIC_4,7120,closeMatch,eurostat-nace2-isic4
NACE_2.0,72,ISIC_4,72,closeMatch,eurostat-nace2-isic4
NACE_2.0,721,ISIC_4,721,closeMatch,eurostat-nace2-isic4
NACE_2.0,7211,ISIC_4,7210,closeMatch,eurostat-nace2-isic4
NACE_2.0,7219,ISIC_4,7210,closeMatch,eurostat-nace2-isic4
NACE_2.0,722,ISIC_4,722,closeMatch,eurostat-nace2-isic4
NACE_2.0,7220,ISIC_4,7220,closeMatch,eurostat-nace2-isic4
NACE_2.0,73,ISIC_4,73,closeMatch,eurostat-nace2-isic4
NACE_2.0,731,ISIC_4,731,closeMatch,eurostat-nace2-isic4
NACE_2.0,7311,ISIC_4,7310,closeMatch,eurostat-nace2-isic4
NACE_2.0,7312,ISIC_4,7310,closeMatch,eurostat-nace2-isic4
NACE_2.0,732,ISIC_4,732,closeMatch,eurostat-nace2-isic4
NACE_2.0,7320,ISIC_4,7320,closeMatch,eurostat-nace2-isic4
NACE_2.0,74,ISIC_4,74,closeMatch,eurostat-nace2-isic4
NACE_2.0,741,ISIC_4,741,closeMatch,eurostat-nace2-isic4
NACE_2.0,7410,ISIC_4,7410,closeMatch,eurostat-nace2-isic4
NACE_2.0,742,ISIC_4,742,closeMatch,eurostat-nace2-isic4
NACE_2.0,7420,ISIC_4,7420,closeMatch,eurostat-nace2-isic4
NACE_2.0,743,ISIC_4,749,closeMatch,eurostat-nace2-isic4
NACE_2.0,7430,ISIC_4,7490,closeMatch,eurostat-nace2-isic4
NACE_2.0,749,ISIC_4,749,closeMatch,eurostat-nace2-isic4
NACE_2.0,7490,ISIC_4,7490,closeMatch,eurostat-nace2-isic4
NACE_2.0,75,ISIC_4,75,closeMatch,eurostat-nace2-isic4
NACE_2.0,750,ISIC_4,750,closeMatch,eurostat-nace2-isic4
NACE_2.0,7500,ISIC_4,7500,closeMatch,eurostat-nace2-isic4
NACE_2.0,77,ISIC_4,77,closeMatch,eurostat-nace2-isic4
NACE_2.0,771,ISIC_4,771,closeMatch,eurostat-nace2-isic4
NACE_2.0,7711,ISIC_4,7710,closeMatch,eurostat-nace2-isic4
NACE_2.0,7712,ISIC_4,7710,closeMatch,eurostat-nace2-isic4
NACE_2.0,772,ISIC_4,772,closeMatch,eurostat-nace2-isic4
NACE_2.0,7721,ISIC_4,7721,closeMatch,eurostat-nace2-isic4
NACE_2.0,7722,ISIC_4,7722,closeMatch,eurostat-nace2-isic4
NACE_2.0,7729,ISIC_4,7729,closeMatch,eurostat-nace2-isic4
NACE_2.0,773,ISIC_4,773,closeMatch,eurostat-nace2-isic4
NACE_2.0,7731,ISIC_4,7730,closeMatch,eurostat-nace2-isic4
NACE_2.0,7732,ISIC_4,7730,closeMatch,eurostat-nace2-isic4
NACE_2.0,7733,ISIC_4,7730,closeMatch,eurostat-nace2-isic4
NACE_2.0,7734,ISIC_4,7730,closeMatch,eurostat-nace2-isic4
NACE_2.0,7735,ISIC_4,7730,closeMatch,eurostat-nace2-isic4
NACE_2.0,7739,ISIC_4,7730,closeMatch,eurostat-nace2-isic4
NACE_2.0,774,ISIC_4,774,closeMatch,eurostat-nace2-isic4
NACE_2.0,7740,ISIC_4,7740,closeMatch,eurostat-nace2-isic4
NACE_2.0,78,ISIC_4,78,closeMatch,eurostat-nace2-isic4
NACE_2.0,781,ISIC_4,781,closeMatch,eurostat-nace2-isic4
NACE_2.0,7810,ISIC_4,7810,closeMatch,eurostat-nace2-isic4
NACE_2.0,782,ISIC_4,782,closeMatch,eurostat-nace2-isic4
NACE_2.0,7820,ISIC_4,7820,closeMatch,eurostat-nace2-isic4
NACE_2.0,783,ISIC_4,783,closeMatch,eurostat-nace2-isic4
NACE_2.0,7830,ISIC_4,7830,closeMatch,eurostat-nace2-isic4
NACE_2.0,79,ISIC_4,79,closeMatch,eurostat-nace2-isic4
NACE_2.0,791,ISIC_4,791,closeMatch,eurostat-nace2-isic4
NACE_2.0,7911,ISIC_4,7911,closeMatch,eurostat-nace2-isic4
NACE_2.0,7912,ISIC_4,7912,closeMatch,eurostat-nace2-isic4
NACE_2.0,799,ISIC_4,799,closeMatch,eurostat-nace2-isic4
NACE_2.0,7990,ISIC_4,7990,closeMatch,eurostat-nace2-isic4
NACE_2.0,80,ISIC_4,80,closeMatch,eurostat-nace2-isic4
NACE_2.0,801,ISIC_4,801,closeMatch,eurostat-nace2-isic4
NACE_2.0,8010,ISIC_4,8010,closeMatch,eurostat-nace2-isic4
NACE_2.0,802,ISIC_4,802,closeMatch,eurostat-nace2-isic4
NACE_2.0,8020,ISIC_4,8020,closeMatch,eurostat-nace2-isic4
NACE_2.0,803,ISIC_4,803,closeMatch,eurostat-nace2-isic4
NACE_2.0,8030,ISIC_4,8030,closeMatch,eurostat-nace2-isic4
NACE_2.0,81,ISIC_4,81,closeMatch,eurostat-nace2-isic4
NACE_2.0,811,ISIC_4,811,closeMatch,eurostat-nace2-isic4
NACE_2.0,8110,ISIC_4,8110,closeMatch,eurostat-nace2-isic4
NACE_2.0,812,ISIC_4,812,closeMatch,eurostat-nace2-isic4
NACE_2.0,8121,ISIC_4,8121,closeMatch,eurostat-nace2-isic4
NACE_2.0,8122,ISIC_4,8129,closeMatch,eurostat-nace2-isic4
NACE_2.0,8129,ISIC_4,8129,closeMatch,eurostat-nace2-isic4
NACE_2.0,813,ISIC_4,813,closeMatch,eurostat-nace2-isic4
NACE_2.0,8130,ISIC_4,8130,closeMatch,eurostat-nace2-isic4
NACE_2.0,82,ISIC_4,82,closeMatch,eurostat-nace2-isic4
NACE_2.0,821,ISIC_4,821,closeMatch,eurostat-nace2-isic4
NACE_2.0,8211,ISIC_4,8211,closeMatch,eurostat-nace2-isic4
NACE_2.0,8219,ISIC_4,8219,closeMatch,eurostat-nace2-isic4
NACE_2.0,822,ISIC_4,822,closeMatch,eurostat-nace2-isic4
NACE_2.0,8220,ISIC_4,8220,closeMatch,eurostat-nace2-isic4
NACE_2.0,823,ISIC_4,823,closeMatch,eurostat-nace2-isic4
NACE_2.0,8230,ISIC_4,8230,closeMatch,eurostat-nace2-isic4
NACE_2.0,829,ISIC_4,829,closeMatch,eurostat-nace2-isic4
NACE_2.0,8291,ISIC_4,8291,closeMatch,eurostat-nace2-isic4
NACE_2.0,8292,ISIC_4,8292,closeMatch,eurostat-nace2-isic4
NACE_2.0,8299,ISIC_4,8299,closeMatch,eurostat-nace2-isic4
NACE_2.0,84,ISIC_4,84,closeMatch,eurostat-nace2-isic4
NACE_2.0,841,ISIC_4,841,closeMatch,eurostat-nace2-isic4
NACE_2.0,8411,ISIC_4,8411,closeMatch,eurostat-nace2-isic4
NACE_2.0,8412,ISIC_4,8412,closeMatch,eurostat-nace2-isic4
NACE_2.0,8413,ISIC_4,8413,closeMatch,eurostat-nace2-isic4
NACE_2.0,842,ISIC_4,842,closeMatch,eurostat-nace2-isic4
NACE_2.0,8421,ISIC_4,8421,closeMatch,eurostat-nace2-isic4
NACE_2.0,8422,ISIC_4,8422,closeMatch,eurostat-nace2-isic4
NACE_2.0,8423,ISIC_4,8423,closeMatch,eurostat-nace2-isic4
NACE_2.0,8424,ISIC_4,8423,closeMatch,eurostat-nace2-isic4
NACE_2.0,8425,ISIC_4,8423,closeMatch,eurostat-nace2-isic4
NACE_2.0,843,ISIC_4,843,closeMatch,eurostat-nace2-isic4
NACE_2.0,8430,ISIC_4,8430,closeMatch,eurostat-nace2-isic4
NACE_2.0,85,ISIC_4,85,closeMatch,eurostat-nace2-isic4
NACE_2.0,851,ISIC_4,851,closeMatch,eurostat-nace2-isic4
NACE_2.0,8510,ISIC_4,8510,closeMatch,eurostat-nace2-isic4
NACE_2.0,852,ISIC_4,851,closeMatch,eurostat-nace2-isic4
NACE_2.0,8520,ISIC_4,8510,closeMatch,eurostat-nace2-isic4
NACE_2.0,853,ISIC_4,852,closeMatch,eurostat-nace2-isic4
NACE_2.0,8531,ISIC_4,8521,closeMatch,eurostat-nace2-isic4
NACE_2.0,8532,ISIC_4,8522,closeMatch,eurostat-nace2-isic4
NACE_2.0,854,ISIC_4,853,closeMatch,eurostat-nace2-isic4
NACE_2.0,8541,ISIC_4,8530,closeMatch,eurostat-nace2-isic4
NACE_2.0,8542,ISIC_4,8530,closeMatch,eurostat-nace2-isic4
NACE_2.0,855,ISIC_4,854,closeMatch,eurostat-nace2-isic4
NACE_2.0,8551,ISIC_4,8541,closeMatch,eurostat-nace2-isic4
NACE_2.0,8552,ISIC_4,8542,closeMatch,eurostat-nace2-isic4
NACE_2.0,8553,ISIC_4,8549,closeMatch,eurostat-nace2-isic4
NACE_2.0,8559,ISIC_4,8549,closeMatch,eurostat-nace2-isic4
NACE_2.0,856,ISIC_4,855,closeMatch,eurostat-nace2-isic4
NACE_2.0,8560,ISIC_4,8550,closeMatch,eurostat-nace2-isic4
NACE_2.0,86,ISIC_4,86,closeMatch,eurostat-nace2-isic4
NACE_2.0,861,ISIC_4,861,closeMatch,eurostat-nace2-isic4
NACE_2.0,8610,ISIC_4,8610,closeMatch,eurostat-nace2-isic4
NACE_2.0,862,ISIC_4,862,closeMatch,eurostat-nace2-isic4
NACE_2.0,8621,ISIC_4,8620,closeMatch,eurostat-nace2-isic4
NACE_2.0,8622,ISIC_4,8620,closeMatch,eurostat-nace2-isic4
NACE_2.0,8623,ISIC_4,8620,closeMatch,eurostat-nace2-isic4
NACE_2.0,869,ISIC_4,869,closeMatch,eurostat-nace2-isic4
NACE_2.0,8690,ISIC_4,8690,closeMatch,eurostat-nace2-isic4
NACE_2.0,87,ISIC_4,87,closeMatch,eurostat-nace2-isic4
NACE_2.0,871,ISIC_4,871,closeMatch,eurostat-nace2-isic4
NACE_2.0,8710,ISIC_4,8710,closeMatch,eurostat-nace2-isic4
NACE_2.0,872,ISIC_4,872,closeMatch,eurostat-nace2-isic4
NACE_2.0,8720,ISIC_4,8720,closeMatch,eurostat-nace2-isic4
NACE_2.0,873,ISIC_4,873,closeMatch,eurostat-nace2-isic4
NACE_2.0,8730,ISIC_4,8730,closeMatch,eurostat-nace2-isic4
NACE_2.0,879,ISIC_4,879,closeMatch,eurostat-nace2-isic4
NACE_2.0,8790,ISIC_4,8790,closeMatch,eurostat-nace2-isic4
NACE_2.0,88,ISIC_4,88,closeMatch,eurostat-nace2-isic4
NACE_2.0,881,ISIC_4,881,closeMatch,eurostat-nace2-isic4
NACE_2.0,8810,ISIC_4,8810,closeMatch,eurostat-nace2-isic4
NACE_2.0,889,ISIC_4,889,closeMatch,eurostat-nace2-isic4
NACE_2.0,8891,ISIC_4,8890,closeMatch,eurostat-nace2-isic4
NACE_2.0,8899,ISIC_4,8890,closeMatch,eurostat-nace2-isic4
NACE_2.0,90,ISIC_4,90,closeMatch,eurostat-nace2-isic4
NACE_2.0,900,ISIC_4,900,closeMatch,eurostat-nace2-isic4
NACE_2.0,9001,ISIC_4,9000,closeMatch,eurostat-nace2-isic4
NACE_2.0,9002,ISIC_4,9000,closeMatch,eurostat-nace2-isic4
NACE_2.0,9003,ISIC_4,9000,closeMatch,eurostat-nace2-isic4
NACE_2.0,9004,ISIC_4,9000,closeMatch,eurostat-nace2-isic4
NACE_2.0,91,ISIC_4,91,closeMatch,eurostat-nace2-isic4
NACE_2.0,910,ISIC_4,910,closeMatch,eurostat-nace2-isic4
NACE_2.0,9101,ISIC_4,9101,closeMatch,eurostat-nace2-isic4
NACE_2.0,9102,ISIC_4,9102,closeMatch,eurostat-nace2-isic4
NACE_2.0,9103,ISIC_4,9102,closeMatch,eurostat-nace2-isic4
NACE_2.0,9104,ISIC_4,9103,closeMatch,eurostat-nace2-isic4
NACE_2.0,92,ISIC_4,92,closeMatch,eurostat-nace2-isic4
NACE_2.0,920,ISIC_4,920,closeMatch,eurostat-nace2-isic4
NACE_2.0,9200,ISIC_4,9200,closeMatch,eurostat-nace2-isic4
NACE_2.0,93,ISIC_4,93,closeMatch,eurostat-nace2-isic4
NACE_2.0,931,ISIC_4,931,closeMatch,eurostat-nace2-isic4
NACE_2.0,9311,ISIC_4,9311,closeMatch,eurostat-nace2-isic4
NACE_2.0,9312,ISIC_4,9312,closeMatch,eurostat-nace2-isic4
NACE_2.0,9313,ISIC_4,9311,closeMatch,eurostat-nace2-isic4
NACE_2.0,9319,ISIC_4,9319,closeMatch,eurostat-nace2-isic4
NACE_2.0,932,ISIC_4,932,closeMatch,eurostat-nace2-isic4
NACE_2.0,9321,ISIC_4,9321,closeMatch,eurostat-nace2-isic4
NACE_2.0,9329,ISIC_4,9329,closeMatch,eurostat-nace2-isic4
NACE_2.0,94,ISIC_4,94,closeMatch,eurostat-nace2-isic4
NACE_2.0,941,ISIC_4,941,closeMatch,eurostat-nace2-isic4
NACE_2.0,9411,ISIC_4,9411,closeMatch,eurostat-nace2-isic4
NACE_2.0,9412,ISIC_4,9412,closeMatch,eurostat-nace2-isic4
NACE_2.0,942,ISIC_4,942,closeMatch,eurostat-nace2-isic4
NACE_2.0,9420,ISIC_4,9420,closeMatch,eurostat-nace2-isic4
NACE_2.0,949,ISIC_4,949,closeMatch,eurostat-nace2-isic4
NACE_2.0,9491,ISIC_4,9491,closeMatch,eurostat-nace2-isic4
NACE_2.0,9492,ISIC_4,9492,closeMatch,eurostat-nace2-isic4
NACE_2.0,9499,ISIC_4,9499,closeMatch,eurostat-nace2-isic4
NACE_2.0,95,ISIC_4,95,closeMatch,eurostat-nace2-isic4
NACE_2.0,951,ISIC_4,951,closeMatch,eurostat-nace2-isic4
NACE_2.0,9511,ISIC_4,9511,closeMatch,eurostat-nace2-isic4
NACE_2.0,9512,ISIC_4,9512,closeMatch,eurostat-nace2-isic4
NACE_2.0,952,ISIC_4,952,closeMatch,eurostat-nace2-isic4
NACE_2.0,9521,ISIC_4,9521,closeMatch,eurostat-nace2-isic4
NACE_2.0,9522,ISIC_4,9522,closeMatch,eurostat-nace2-isic4
NACE_2.0,9523,ISIC_4,9523,closeMatch,eurostat-nace2-isic4
NACE_2.0,9524,ISIC_4,9524,closeMatch,eurostat-nace2-isic4
NACE_2.0,9525,ISIC_4,9529,closeMatch,eurostat-nace2-isic4
NACE_2.0,9529,ISIC_4,9529,closeMatch,eurostat-nace2-isic4
NACE_2.0,96,ISIC_4,96,closeMatch,eurostat-nace2-isic4
NACE_2.0,960,ISIC_4,960,closeMatch,eurostat-nace2-isic4
NACE_2.0,9601,ISIC_4,9601,closeMatch,eurostat-nace2-isic4
NACE_2.0,9602,ISIC_4,9602,closeMatch,eurostat-nace2-isic4
NACE_2.0,9603,ISIC_4,9603,closeMatch,eurostat-nace2-isic4
NACE_2.0,9604,ISIC_4,9609,closeMatch,eurostat-nace2-isic4
NACE_2.0,9609,ISIC_4,9609,closeMatch,eurostat-nace2-isic4
NACE_2.0,97,ISIC_4,97,closeMatch,eurostat-nace2-isic4
NACE_2.0,970,ISIC_4,970,closeMatch,eurostat-nace2-isic4
NACE_2.0,9700,ISIC_4,9700,closeMatch,eurostat-nace2-isic4
NACE_2.0,98,ISIC_4,98,closeMatch,eurostat-nace2-isic4
NACE_2.0,981,ISIC_4,981,closeMatch,eurostat-nace2-isic4
NACE_2.0,9810,ISIC_4,9810,closeMatch,eurostat-nace2-isic4
NACE_2.0,982,ISIC_4,982,closeMatch,eurostat-nace2-isic4
NACE_2.0,9820,ISIC_4,9820,closeMatch,eurostat-nace2-isic4
NACE_2.0,99,ISIC_4,99,closeMatch,eurostat-nace2-isic4
NACE_2.0,990,ISIC_4,990,closeMatch,eurostat-nace2-isic4
NACE_2.0,9900,ISIC_4,9900,closeMatch,eurostat-nace2-isic4
NACE_2.0,A,ISIC_4,A,closeMatch,eurostat-nace2-isic4
NACE_2.0,B,ISIC_4,B,closeMatch,eurostat-nace2-isic4
NACE_2.0,C,ISIC_4,C,closeMatch,eurostat-nace2-isic4
NACE_2.0,D,ISIC_4,D,closeMatch,eurostat-nace2-isic4
NACE_2.0,E,ISIC_4,E,closeMatch,eurostat-nace2-isic4
NACE_2.0,F,ISIC_4,F,closeMatch,eurostat-nace2-isic4
NACE_2.0,G,ISIC_4,G,closeMatch,eurostat-nace2-isic4
NACE_2.0,H,ISIC_4,H,closeMatch,eurostat-nace2-isic4
NACE_2.0,I,ISIC_4,I,closeMatch,eurostat-nace2-isic4
NACE_2.0,J,ISIC_4,J,closeMatch,eurostat-nace2-isic4
NACE_2.0,K,ISIC_4,K,closeMatch,eurostat-nace2-isic4
NACE_2.0,L,ISIC_4,L,closeMatch,eurostat-nace2-isic4
NACE_2.0,M,ISIC_4,M,closeMatch,eurostat-nace2-isic4
NACE_2.0,N,ISIC_4,N,closeMatch,eurostat-nace2-isic4
NACE_2.0,O,ISIC_4,O,closeMatch,eurostat-nace2-isic4
NACE_2.0,P,ISIC_4,P,closeMatch,eurostat-nace2-isic4
NACE_2.0,Q,ISIC_4,Q,closeMatch,eurostat-nace2-isic4
NACE_2.0,R,ISIC_4,R,closeMatch,eurostat-nace2-isic4
NACE_2.0,S,ISIC_4,S,closeMatch,eurostat-nace2-isic4
NACE_2.0,T,ISIC_4,T,closeMatch,eurostat-nace2-isic4
NACE_2.0,U,ISIC_4,U,closeMatch,eurostat-nace2-isic4
NACE_2.1,01,NACE_2.0,01,closeMatch,eurostat-nace21
NACE_2.1,01,NACE_2.0,03,closeMatch,eurostat-nace21
NACE_2.1,011,NACE_2.0,011,closeMatch,eurostat-nace21
NACE_2.1,011,NACE_2.0,012,closeMatch,eurostat-nace21
NACE_2.1,0111,NACE_2.0,0111,closeMatch,eurostat-nace21
NACE_2.1,0112,NACE_2.0,0112,closeMatch,eurostat-nace21
NACE_2.1,0113,NACE_2.0,0113,closeMatch,eurostat-nace21
NACE_2.1,0113,NACE_2.0,0119,closeMatch,eurostat-nace21
NACE_2.1,0113,NACE_2.0,0128,closeMatch,eurostat-nace21
NACE_2.1,0114,NACE_2.0,0114,closeMatch,eurostat-nace21
NACE_2.1,0115,NACE_2.0,0115,closeMatch,eurostat-nace21
NACE_2.1,0116,NACE_2.0,0116,closeMatch,eurostat-nace21
NACE_2.1,0119,NACE_2.0,0119,closeMatch,eurostat-nace21
NACE_2.1,012,NACE_2.0,012,closeMatch,eurostat-nace21
NACE_2.1,0121,NACE_2.0,0121,closeMatch,eurostat-nace21
NACE_2.1,0122,NACE_2.0,0122,closeMatch,eurostat-nace21
NACE_2.1,0123,NACE_2.0,0123,closeMatch,eurostat-nace21
NACE_2.1,0124,NACE_2.0,0124,closeMatch,eurostat-nace21
NACE_2.1,0125,NACE_2.0,0125,closeMatch,eurostat-nace21
NACE_2.1,0126,NACE_2.0,0126,closeMatch,eurostat-nace21
NACE_2.1,0127,NACE_2.0,0127,closeMatch,eurostat-nace21
NACE_2.1,0128,NACE_2.0,0128,closeMatch,eurostat-nace21
NACE_2.1,0129,NACE_2.0,0129,closeMatch,eurostat-nace21
NACE_2.1,013,NACE_2.0,013,closeMatch,eurostat-nace21
NACE_2.1,0130,NACE_2.0,0130,closeMatch,eurostat-nace21
NACE_2.1,014,NACE_2.0,014,closeMatch,eurostat-nace21
NACE_2.1,014,NACE_2.0,016,closeMatch,eurostat-nace21
NACE_2.1,014,NACE_2.0,032,closeMatch,eurostat-nace21
NACE_2.1,0141,NACE_2.0,0141,closeMatch,eurostat-nace21
NACE_2.1,0141,NACE_2.0,0142,closeMatch,eurostat-nace21
NACE_2.1,0142,NACE_2.0,0142,closeMatch,eurostat-nace21
NACE_2.1,0143,NACE_2.0,0143,closeMatch,eurostat-nace21
NACE_2.1,0144,NACE_2.0,0144,closeMatch,eurostat-nace21
NACE_2.1,0145,NACE_2.0,0145,closeMatch,eurostat-nace21
NACE_2.1,0146,NACE_2.0,0146,closeMatch,eurostat-nace21
NACE_2.1,0147,NACE_2.0,0147,closeMatch,eurostat-nace21
NACE_2.1,0147,NACE_2.0,0149,closeMatch,eurostat-nace21
NACE_2.1,0147,NACE_2.0,0162,closeMatch,eurostat-nace21
NACE_2.1,0148,NACE_2.0,0149,closeMatch,eurostat-nace21
NACE_2.1,0148,NACE_2.0,0322,closeMatch,eurostat-nace21
NACE_2.1,015,NACE_2.0,015,closeMatch,eurostat-nace21
NACE_2.1,0150,NACE_2.0,0150,closeMatch,eurostat-nace21
NACE_2.1,016,NACE_2.0,016,closeMatch,eurostat-nace21
NACE_2.1,0161,NACE_2.0,0161,closeMatch,eurostat-nace21
NACE_2.1,0162,NACE_2.0,0162,closeMatch,eurostat-nace21
NACE_2.1,0163,NACE_2.0,0163,closeMatch,eurostat-nace21
NACE_2.1,0163,NACE_2.0,0164,closeMatch,eurostat-nace21
NACE_2.1,017,NACE_2.0,017,closeMatch,eurostat-nace21
NACE_2.1,0170,NACE_2.0,0170,closeMatch,eurostat-nace21
NACE_2.1,02,NACE_2.0,02,closeMatch,eurostat-nace21
NACE_2.1,021,NACE_2.0,021,closeMatch,eurostat-nace21
NACE_2.1,0210,NACE_2.0,0210,closeMatch,eurostat-nace21
NACE_2.1,022,NACE_2.0,022,closeMatch,eurostat-nace21
NACE_2.1,0220,NACE_2.0,0220,closeMatch,eurostat-nace21
NACE_2.1,023,NACE_2.0,023,closeMatch,eurostat-nace21
NACE_2.1,0230,NACE_2.0,0230,closeMatch,eurostat-nace21
NACE_2.1,024,NACE_2.0,024,closeMatch,eurostat-nace21
NACE_2.1,0240,NACE_2.0,0240,closeMatch,eurostat-nace21
NACE_2.1,03,NACE_2.0,03,closeMatch,eurostat-nace21
NACE_2.1,03,NACE_2.0,33,closeMatch,eurostat-nace21
NACE_2.1,031,NACE_2.0,031,closeMatch,eurostat-nace21
NACE_2.1,0311,NACE_2.0,0311,closeMatch,eurostat-nace21
NACE_2.1,0312,NACE_2.0,0312,closeMatch,eurostat-nace21
NACE_2.1,032,NACE_2.0,032,closeMatch,eurostat-nace21
NACE_2.1,0321,NACE_2.0,0321,closeMatch,eurostat-nace21
NACE_2.1,0322,NACE_2.0,0322,closeMatch,eurostat-nace21
NACE_2.1,033,NACE_2.0,031,closeMatch,eurostat-nace21
NACE_2.1,033,NACE_2.0,032,closeMatch,eurostat-nace21
NACE_2.1,033,NACE_2.0,331,closeMatch,eurostat-nace21
NACE_2.1,0330,NACE_2.0,0311,closeMatch,eurostat-nace21
NACE_2.1,0330,NACE_2.0,0312,closeMatch,eurostat-nace21
NACE_2.1,0330,NACE_2.0,0321,closeMatch,eurostat-nace21
NACE_2.1,0330,NACE_2.0,0322,closeMatch,eurostat-nace21
NACE_2.1,0330,NACE_2.0,3311,closeMatch,eurostat-nace21
NACE_2.1,05,NACE_2.0,05,closeMatch,eurostat-nace21
NACE_2.1,051,NACE_2.0,051,closeMatch,eurostat-nace21
NACE_2.1,0510,NACE_2.0,0510,closeMatch,eurostat-nace21
NACE_2.1,052,NACE_2.0,052,closeMatch,eurostat-nace21
NACE_2.1,0520,NACE_2.0,0520,closeMatch,eurostat-nace21
NACE_2.1,06,NACE_2.0,06,closeMatch,eurostat-nace21
NACE_2.1,061,NACE_2.0,061,closeMatch,eurostat-nace21
NACE_2.1,0610,NACE_2.0,0610,closeMatch,eurostat-nace21
NACE_2.1,062,NACE_2.0,062,closeMatch,eurostat-nace21
NACE_2.1,0620,NACE_2.0,0620,closeMatch,eurostat-nace21
NACE_2.1,07,NACE_2.0,07,closeMatch,eurostat-nace21
NACE_2.1,071,NACE_2.0,071,closeMatch,eurostat-nace21
NACE_2.1,0710,NACE_2.0,0710,closeMatch,eurostat-nace21
NACE_2.1,072,NACE_2.0,072,closeMatch,eurostat-nace21
NACE_2.1,0721,NACE_2.0,0721,closeMatch,eurostat-nace21
NACE_2.1,0729,NACE_2.0,0729,closeMatch,eurostat-nace21
NACE_2.1,08,NACE_2.0,08,closeMatch,eurostat-nace21
NACE_2.1,081,NACE_2.0,081,closeMatch,eurostat-nace21
NACE_2.1,0811,NACE_2.0,0811,closeMatch,eurostat-nace21
NACE_2.1,0812,NACE_2.0,0812,closeMatch,eurostat-nace21
NACE_2.1,089,NACE_2.0,089,closeMatch,eurostat-nace21
NACE_2.1,0891,NACE_2.0,0891,closeMatch,eurostat-nace21
NACE_2.1,0892,NACE_2.0,0892,closeMatch,eurostat-nace21
NACE_2.1,0893,NACE_2.0,0893,closeMatch,eurostat-nace21
NACE_2.1,0899,NACE_2.0,0899,closeMatch,eurostat-nace21
NACE_2.1,09,NACE_2.0,09,closeMatch,eurostat-nace21
NACE_2.1,091,NACE_2.0,091,closeMatch,eurostat-nace21
NACE_2.1,0910,NACE_2.0,0910,closeMatch,eurostat-nace21
NACE_2.1,099,NACE_2.0,099,closeMatch,eurostat-nace21
NACE_2.1,0990,NACE_2.0,0990,closeMatch,eurostat-nace21
NACE_2.1,10,NACE_2.0,10,closeMatch,eurostat-nace21
NACE_2.1,101,NACE_2.0,101,closeMatch,eurostat-nace21
NACE_2.1,1011,NACE_2.0,1011,closeMatch,eurostat-nace21
NACE_2.1,1012,NACE_2.0,1012,closeMatch,eurostat-nace21
NACE_2.1,1013,NACE_2.0,1013,closeMatch,eurostat-nace21
NACE_2.1,102,NACE_2.0,102,closeMatch,eurostat-nace21
NACE_2.1,1020,NACE_2.0,1020,closeMatch,eurostat-nace21
NACE_2.1,103,NACE_2.0,103,closeMatch,eurostat-nace21
NACE_2.1,1031,NACE_2.0,1031,closeMatch,eurostat-nace21
NACE_2.1,1032,NACE_2.0,1032,closeMatch,eurostat-nace21
NACE_2.1,1039,NACE_2.0,1039,closeMatch,eurostat-nace21
NACE_2.1,104,NACE_2.0,104,closeMatch,eurostat-nace21
NACE_2.1,1041,NACE_2.0,1041,closeMatch,eurostat-nace21
NACE_2.1,1042,NACE_2.0,1042,closeMatch,eurostat-nace21
NACE_2.1,105,NACE_2.0,105,closeMatch,eurostat-nace21
NACE_2.1,1051,NACE_2.0,1051,closeMatch,eurostat-nace21
NACE_2.1,1052,NACE_2.0,1052,closeMatch,eurostat-nace21
NACE_2.1,106,NACE_2.0,106,closeMatch,eurostat-nace21
NACE_2.1,106,NACE_2.0,108,closeMatch,eurostat-nace21
NACE_2.1,1061,NACE_2.0,1061,closeMatch,eurostat-nace21
NACE_2.1,1061,NACE_2.0,1086,closeMatch,eurostat-nace21
NACE_2.1,1062,NACE_2.0,1062,closeMatch,eurostat-nace21
NACE_2.1,1062,NACE_2.0,1086,closeMatch,eurostat-nace21
NACE_2.1,107,NACE_2.0,107,closeMatch,eurostat-nace21
NACE_2.1,107,NACE_2.0,108,closeMatch,eurostat-nace21
NACE_2.1,1071,NACE_2.0,1071,closeMatch,eurostat-nace21
NACE_2.1,1071,NACE_2.0,1086,closeMatch,eurostat-nace21
NACE_2.1,1072,NACE_2.0,1072,closeMatch,eurostat-nace21
NACE_2.1,1072,NACE_2.0,1086,closeMatch,eurostat-nace21
NACE_2.1,1073,NACE_2.0,1073,closeMatch,eurostat-nace21
NACE_2.1,1073,NACE_2.0,1086,closeMatch,eurostat-nace21
NACE_2.1,108,NACE_2.0,108,closeMatch,eurostat-nace21
NACE_2.1,1081,NACE_2.0,1081,closeMatch,eurostat-nace21
NACE_2.1,1082,NACE_2.0,1082,closeMatch,eurostat-nace21
NACE_2.1,1083,NACE_2.0,1083,closeMatch,eurostat-nace21
NACE_2.1,1084,NACE_2.0,1084,closeMatch,eurostat-nace21
NACE_2.1,1085,NACE_2.0,1085,closeMatch,eurostat-nace21
NACE_2.1,1086,NACE_2.0,1086,closeMatch,eurostat-nace21
NACE_2.1,1089,NACE_2.0,1089,closeMatch,eurostat-nace21
NACE_2.1,109,NACE_2.0,109,closeMatch,eurostat-nace21
NACE_2.1,1091,NACE_2.0,1091,closeMatch,eurostat-nace21
NACE_2.1,1092,NACE_2.0,1092,closeMatch,eurostat-nace21
NACE_2.1,11,NACE_2.0,10,closeMatch,eurostat-nace21
NACE_2.1,11,NACE_2.0,11,closeMatch,eurostat-nace21
NACE_2.1,110,NACE_2.0,108,closeMatch,eurostat-nace21
NACE_2.1,110,NACE_2.0,110,closeMatch,eurostat-nace21
NACE_2.1,1101,NACE_2.0,1101,closeMatch,eurostat-nace21
NACE_2.1,1102,NACE_2.0,1102,closeMatch,eurostat-nace21
NACE_2.1,1103,NACE_2.0,1103,closeMatch,eurostat-nace21
NACE_2.1,1104,NACE_2.0,1104,closeMatch,eurostat-nace21
NACE_2.1,1105,NACE_2.0,1105,closeMatch,eurostat-nace21
NACE_2.1,1106,NACE_2.0,1106,closeMatch,eurostat-nace21
NACE_2.1,1107,NACE_2.0,1089,closeMatch,eurostat-nace21
NACE_2.1,1107,NACE_2.0,1107,closeMatch,eurostat-nace21
NACE_2.1,12,NACE_2.0,12,closeMatch,eurostat-nace21
NACE_2.1,120,NACE_2.0,120,closeMatch,eurostat-nace21
NACE_2.1,1200,NACE_2.0,1200,closeMatch,eurostat-nace21
NACE_2.1,13,NACE_2.0,13,closeMatch,eurostat-nace21
NACE_2.1,13,NACE_2.0,18,closeMatch,eurostat-nace21
NACE_2.1,131,NACE_2.0,131,closeMatch,eurostat-nace21
NACE_2.1,1310,NACE_2.0,1310,closeMatch,eurostat-nace21
NACE_2.1,132,NACE_2.0,132,closeMatch,eurostat-nace21
NACE_2.1,1320,NACE_2.0,1320,closeMatch,eurostat-nace21
NACE_2.1,133,NACE_2.0,133,closeMatch,eurostat-nace21
NACE_2.1,133,NACE_2.0,181,closeMatch,eurostat-nace21
NACE_2.1,1330,NACE_2.0,1330,closeMatch,eurostat-nace21
NACE_2.1,1330,NACE_2.0,1812,closeMatch,eurostat-nace21
NACE_2.1,139,NACE_2.0,132,closeMatch,eurostat-nace21
NACE_2.1,139,NACE_2.0,139,closeMatch,eurostat-nace21
NACE_2.1,1391,NACE_2.0,1391,closeMatch,eurostat-nace21
NACE_2.1,1392,NACE_2.0,1392,closeMatch,eurostat-nace21
NACE_2.1,1393,NACE_2.0,1393,closeMatch,eurostat-nace21
NACE_2.1,1394,NACE_2.0,1394,closeMatch,eurostat-nace21
NACE_2.1,1395,NACE_2.0,1395,closeMatch,eurostat-nace21
NACE_2.1,1396,NACE_2.0,1320,closeMatch,eurostat-nace21
NACE_2.1,1396,NACE_2.0,1392,closeMatch,eurostat-nace21
NACE_2.1,1396,NACE_2.0,1396,closeMatch,eurostat-nace21
NACE_2.1,1399,NACE_2.0,1399,closeMatch,eurostat-nace21
NACE_2.1,14,NACE_2.0,14,closeMatch,eurostat-nace21
NACE_2.1,141,NACE_2.0,141,closeMatch,eurostat-nace21
NACE_2.1,141,NACE_2.0,143,closeMatch,eurostat-nace21
NACE_2.1,1410,NACE_2.0,1413,closeMatch,eurostat-nace21
NACE_2.1,1410,NACE_2.0,1414,closeMatch,eurostat-nace21
NACE_2.1,1410,NACE_2.0,1419,closeMatch,eurostat-nace21
NACE_2.1,1410,NACE_2.0,1431,closeMatch,eurostat-nace21
NACE_2.1,1410,NACE_2.0,1439,closeMatch,eurostat-nace21
NACE_2.1,142,NACE_2.0,141,closeMatch,eurostat-nace21
NACE_2.1,142,NACE_2.0,142,closeMatch,eurostat-nace21
NACE_2.1,1421,NACE_2.0,1413,closeMatch,eurostat-nace21
NACE_2.1,1421,NACE_2.0,1414,closeMatch,eurostat-nace21
NACE_2.1,1421,NACE_2.0,1419,closeMatch,eurostat-nace21
NACE_2.1,1422,NACE_2.0,1414,closeMatch,eurostat-nace21
NACE_2.1,1422,NACE_2.0,1419,closeMatch,eurostat-nace21
NACE_2.1,1423,NACE_2.0,1412,closeMatch,eurostat-nace21
NACE_2.1,1424,NACE_2.0,1411,closeMatch,eurostat-nace21
NACE_2.1,1424,NACE_2.0,1420,closeMatch,eurostat-nace21
NACE_2.1,1429,NACE_2.0,1419,closeMatch,eurostat-nace21
NACE_2.1,15,NACE_2.0,15,closeMatch,eurostat-nace21
NACE_2.1,15,NACE_2.0,16,closeMatch,eurostat-nace21
NACE_2.1,15,NACE_2.0,22,closeMatch,eurostat-nace21
NACE_2.1,151,NACE_2.0,151,closeMatch,eurostat-nace21
NACE_2.1,1511,NACE_2.0,1511,closeMatch,eurostat-nace21
NACE_2.1,1512,NACE_2.0,1512,closeMatch,eurostat-nace21
NACE_2.1,152,NACE_2.0,152,closeMatch,eurostat-nace21
NACE_2.1,152,NACE_2.0,162,closeMatch,eurostat-nace21
NACE_2.1,152,NACE_2.0,221,closeMatch,eurostat-nace21
NACE_2.1,152,NACE_2.0,222,closeMatch,eurostat-nace21
NACE_2.1,1520,NACE_2.0,1520,closeMatch,eurostat-nace21
NACE_2.1,1520,NACE_2.0,1629,closeMatch,eurostat-nace21
NACE_2.1,1520,NACE_2.0,2219,closeMatch,eurostat-nace21
NACE_2.1,1520,NACE_2.0,2229,closeMatch,eurostat-nace21
NACE_2.1,16,NACE_2.0,16,closeMatch,eurostat-nace21
NACE_2.1,161,NACE_2.0,161,closeMatch,eurostat-nace21
NACE_2.1,1611,NACE_2.0,1610,closeMatch,eurostat-nace21
NACE_2.1,1612,NACE_2.0,1610,closeMatch,eurostat-nace21
NACE_2.1,162,NACE_2.0,162,closeMatch,eurostat-nace21
NACE_2.1,1621,NACE_2.0,1621,closeMatch,eurostat-nace21
NACE_2.1,1622,NACE_2.0,1622,closeMatch,eurostat-nace21
NACE_2.1,1623,NACE_2.0,1623,closeMatch,eurostat-nace21
NACE_2.1,1624,NACE_2.0,1624,closeMatch,eurostat-nace21
NACE_2.1,1625,NACE_2.0,1623,closeMatch,eurostat-nace21
NACE_2.1,1626,NACE_2.0,1629,closeMatch,eurostat-nace21
NACE_2.1,1627,NACE_2.0,1621,closeMatch,eurostat-nace21
NACE_2.1,1627,NACE_2.0,1622,closeMatch,eurostat-nace21
NACE_2.1,1627,NACE_2.0,1623,closeMatch,eurostat-nace21
NACE_2.1,1627,NACE_2.0,1624,closeMatch,eurostat-nace21
NACE_2.1,1627,NACE_2.0,1629,closeMatch,eurostat-nace21
NACE_2.1,1628,NACE_2.0,1629,closeMatch,eurostat-nace21
NACE_2.1,17,NACE_2.0,17,closeMatch,eurostat-nace21
NACE_2.1,171,NACE_2.0,171,closeMatch,eurostat-nace21
NACE_2.1,1711,NACE_2.0,1711,closeMatch,eurostat-nace21
NACE_2.1,1712,NACE_2.0,1712,closeMatch,eurostat-nace21
NACE_2.1,172,NACE_2.0,172,closeMatch,eurostat-nace21
NACE_2.1,1721,NACE_2.0,1721,closeMatch,eurostat-nace21
NACE_2.1,1722,NACE_2.0,1722,closeMatch,eurostat-nace21
NACE_2.1,1723,NACE_2.0,1723,closeMatch,eurostat-nace21
NACE_2.1,1724,NACE_2.0,1724,closeMatch,eurostat-nace21
NACE_2.1,1725,NACE_2.0,1729,closeMatch,eurostat-nace21
NACE_2.1,18,NACE_2.0,18,closeMatch,eurostat-nace21
NACE_2.1,18,NACE_2.0,74,closeMatch,eurostat-nace21
NACE_2.1,18,NACE_2.0,82,closeMatch,eurostat-nace21
NACE_2.1,181,NACE_2.0,181,closeMatch,eurostat-nace21
NACE_2.1,181,NACE_2.0,742,closeMatch,eurostat-nace21
NACE_2.1,181,NACE_2.0,821,closeMatch,eurostat-nace21
NACE_2.1,1811,NACE_2.0,1811,closeMatch,eurostat-nace21
NACE_2.1,1812,NACE_2.0,1812,closeMatch,eurostat-nace21
NACE_2.1,1812,NACE_2.0,7420,closeMatch,eurostat-nace21
NACE_2.1,1812,NACE_2.0,8219,closeMatch,eurostat-nace21
NACE_2.1,1813,NACE_2.0,1813,closeMatch,eurostat-nace21
NACE_2.1,1814,NACE_2.0,1814,closeMatch,eurostat-nace21
NACE_2.1,182,NACE_2.0,182,closeMatch,eurostat-nace21
NACE_2.1,1820,NACE_2.0,1820,closeMatch,eurostat-nace21
NACE_2.1,19,NACE_2.0,19,closeMatch,eurostat-nace21
NACE_2.1,191,NACE_2.0,191,closeMatch,eurostat-nace21
NACE_2.1,1910,NACE_2.0,1910,closeMatch,eurostat-nace21
NACE_2.1,192,NACE_2.0,192,closeMatch,eurostat-nace21
NACE_2.1,1920,NACE_2.0,1920,closeMatch,eurostat-nace21
NACE_2.1,20,NACE_2.0,20,closeMatch,eurostat-nace21
NACE_2.1,20,NACE_2.0,38,closeMatch,eurostat-nace21
NACE_2.1,201,NACE_2.0,201,closeMatch,eurostat-nace21
NACE_2.1,201,NACE_2.0,383,closeMatch,eurostat-nace21
NACE_2.1,2011,NACE_2.0,2011,closeMatch,eurostat-nace21
NACE_2.1,2012,NACE_2.0,2012,closeMatch,eurostat-nace21
NACE_2.1,2013,NACE_2.0,2013,closeMatch,eurostat-nace21
NACE_2.1,2014,NACE_2.0,2011,closeMatch,eurostat-nace21
NACE_2.1,2014,NACE_2.0,2014,closeMatch,eurostat-nace21
NACE_2.1,2015,NACE_2.0,2015,closeMatch,eurostat-nace21
NACE_2.1,2016,NACE_2.0,2016,closeMatch,eurostat-nace21
NACE_2.1,2016,NACE_2.0,3832,closeMatch,eurostat-nace21
NACE_2.1,2017,NACE_2.0,2017,closeMatch,eurostat-nace21
NACE_2.1,202,NACE_2.0,202,closeMatch,eurostat-nace21
NACE_2.1,2020,NACE_2.0,2020,closeMatch,eurostat-nace21
NACE_2.1,203,NACE_2.0,203,closeMatch,eurostat-nace21
NACE_2.1,2030,NACE_2.0,2030,closeMatch,eurostat-nace21
NACE_2.1,204,NACE_2.0,204,closeMatch,eurostat-nace21
NACE_2.1,2041,NACE_2.0,2041,closeMatch,eurostat-nace21
NACE_2.1,2042,NACE_2.0,2042,closeMatch,eurostat-nace21
NACE_2.1,205,NACE_2.0,201,closeMatch,eurostat-nace21
NACE_2.1,205,NACE_2.0,205,closeMatch,eurostat-nace21
NACE_2.1,2051,NACE_2.0,2014,closeMatch,eurostat-nace21
NACE_2.1,2051,NACE_2.0,2059,closeMatch,eurostat-nace21
NACE_2.1,2059,NACE_2.0,2051,closeMatch,eurostat-nace21
NACE_2.1,2059,NACE_2.0,2052,closeMatch,eurostat-nace21
NACE_2.1,2059,NACE_2.0,2053,closeMatch,eurostat-nace21
NACE_2.1,2059,NACE_2.0,2059,closeMatch,eurostat-nace21
NACE_2.1,206,NACE_2.0,206,closeMatch,eurostat-nace21
NACE_2.1,2060,NACE_2.0,2060,closeMatch,eurostat-nace21
NACE_2.1,21,NACE_2.0,21,closeMatch,eurostat-nace21
NACE_2.1,211,NACE_2.0,211,closeMatch,eurostat-nace21
NACE_2.1,2110,NACE_2.0,2110,closeMatch,eurostat-nace21
NACE_2.1,212,NACE_2.0,212,closeMatch,eurostat-nace21
NACE_2.1,2120,NACE_2.0,2120,closeMatch,eurostat-nace21
NACE_2.1,22,NACE_2.0,22,closeMatch,eurostat-nace21
NACE_2.1,221,NACE_2.0,221,closeMatch,eurostat-nace21
NACE_2.1,2211,NACE_2.0,2211,closeMatch,eurostat-nace21
NACE_2.1,2212,NACE_2.0,2219,closeMatch,eurostat-nace21
NACE_2.1,222,NACE_2.0,222,closeMatch,eurostat-nace21
NACE_2.1,2221,NACE_2.0,2221,closeMatch,eurostat-nace21
NACE_2.1,2221,NACE_2.0,2229,closeMatch,eurostat-nace21
NACE_2.1,2222,NACE_2.0,2222,closeMatch,eurostat-nace21
NACE_2.1,2223,NACE_2.0,2223,closeMatch,eurostat-nace21
NACE_2.1,2224,NACE_2.0,2223,closeMatch,eurostat-nace21
NACE_2.1,2225,NACE_2.0,2221,closeMatch,eurostat-nace21
NACE_2.1,2225,NACE_2.0,2222,closeMatch,eurostat-nace21
NACE_2.1,2225,NACE_2.0,2223,closeMatch,eurostat-nace21
NACE_2.1,2225,NACE_2.0,2229,closeMatch,eurostat-nace21
NACE_2.1,2226,NACE_2.0,2229,closeMatch,eurostat-nace21
NACE_2.1,23,NACE_2.0,13,closeMatch,eurostat-nace21
NACE_2.1,23,NACE_2.0,22,closeMatch,eurostat-nace21
NACE_2.1,23,NACE_2.0,23,closeMatch,eurostat-nace21
NACE_2.1,231,NACE_2.0,231,closeMatch,eurostat-nace21
NACE_2.1,2311,NACE_2.0,2311,closeMatch,eurostat-nace21
NACE_2.1,2312,NACE_2.0,2312,closeMatch,eurostat-nace21
NACE_2.1,2313,NACE_2.0,2313,closeMatch,eurostat-nace21
NACE_2.1,2314,NACE_2.0,2314,closeMatch,eurostat-nace21
NACE_2.1,2315,NACE_2.0,2319,closeMatch,eurostat-nace21
NACE_2.1,232,NACE_2.0,232,closeMatch,eurostat-nace21
NACE_2.1,2320,NACE_2.0,2320,closeMatch,eurostat-nace21
NACE_2.1,233,NACE_2.0,233,closeMatch,eurostat-nace21
NACE_2.1,2331,NACE_2.0,2331,closeMatch,eurostat-nace21
NACE_2.1,2332,NACE_2.0,2332,closeMatch,eurostat-nace21
NACE_2.1,234,NACE_2.0,234,closeMatch,eurostat-nace21
NACE_2.1,2341,NACE_2.0,2341,closeMatch,eurostat-nace21
NACE_2.1,2342,NACE_2.0,2342,closeMatch,eurostat-nace21
NACE_2.1,2343,NACE_2.0,2343,closeMatch,eurostat-nace21
NACE_2.1,2344,NACE_2.0,2344,closeMatch,eurostat-nace21
NACE_2.1,2345,NACE_2.0,2349,closeMatch,eurostat-nace21
NACE_2.1,235,NACE_2.0,235,closeMatch,eurostat-nace21
NACE_2.1,2351,NACE_2.0,2351,closeMatch,eurostat-nace21
NACE_2.1,2352,NACE_2.0,2352,closeMatch,eurostat-nace21
NACE_2.1,236,NACE_2.0,222,closeMatch,eurostat-nace21
NACE_2.1,236,NACE_2.0,236,closeMatch,eurostat-nace21
NACE_2.1,2361,NACE_2.0,2361,closeMatch,eurostat-nace21
NACE_2.1,2362,NACE_2.0,2362,closeMatch,eurostat-nace21
NACE_2.1,2363,NACE_2.0,2363,closeMatch,eurostat-nace21
NACE_2.1,2364,NACE_2.0,2364,closeMatch,eurostat-nace21
NACE_2.1,2365,NACE_2.0,2365,closeMatch,eurostat-nace21
NACE_2.1,2366,NACE_2.0,2223,closeMatch,eurostat-nace21
NACE_2.1,2366,NACE_2.0,2369,closeMatch,eurostat-nace21
NACE_2.1,237,NACE_2.0,237,closeMatch,eurostat-nace21
NACE_2.1,2370,NACE_2.0,2370,closeMatch,eurostat-nace21
NACE_2.1,239,NACE_2.0,132,closeMatch,eurostat-nace21
NACE_2.1,239,NACE_2.0,239,closeMatch,eurostat-nace21
NACE_2.1,2391,NACE_2.0,2391,closeMatch,eurostat-nace21
NACE_2.1,2399,NACE_2.0,1320,closeMatch,eurostat-nace21
NACE_2.1,2399,NACE_2.0,2399,closeMatch,eurostat-nace21
NACE_2.1,24,NACE_2.0,24,closeMatch,eurostat-nace21
NACE_2.1,241,NACE_2.0,241,closeMatch,eurostat-nace21
NACE_2.1,2410,NACE_2.0,2410,closeMatch,eurostat-nace21
NACE_2.1,242,NACE_2.0,242,closeMatch,eurostat-nace21
NACE_2.1,2420,NACE_2.0,2420,closeMatch,eurostat-nace21
NACE_2.1,243,NACE_2.0,243,closeMatch,eurostat-nace21
NACE_2.1,2431,NACE_2.0,2431,closeMatch,eurostat-nace21
NACE_2.1,2432,NACE_2.0,2432,closeMatch,eurostat-nace21
NACE_2.1,2433,NACE_2.0,2433,closeMatch,eurostat-nace21
NACE_2.1,2434,NACE_2.0,2434,closeMatch,eurostat-nace21
NACE_2.1,244,NACE_2.0,244,closeMatch,eurostat-nace21
NACE_2.1,2441,NACE_2.0,2441,closeMatch,eurostat-nace21
NACE_2.1,2442,NACE_2.0,2442,closeMatch,eurostat-nace21
NACE_2.1,2443,NACE_2.0,2443,closeMatch,eurostat-nace21
NACE_2.1,2444,NACE_2.0,2444,closeMatch,eurostat-nace21
NACE_2.1,2445,NACE_2.0,2445,closeMatch,eurostat-nace21
NACE_2.1,2446,NACE_2.0,2446,closeMatch,eurostat-nace21
NACE_2.1,245,NACE_2.0,245,closeMatch,eurostat-nace21
NACE_2.1,2451,NACE_2.0,2451,closeMatch,eurostat-nace21
NACE_2.1,2452,NACE_2.0,2452,closeMatch,eurostat-nace21
NACE_2.1,2453,NACE_2.0,2453,closeMatch,eurostat-nace21
NACE_2.1,2454,NACE_2.0,2453,closeMatch,eurostat-nace21
NACE_2.1,2454,NACE_2.0,2454,closeMatch,eurostat-nace21
NACE_2.1,25,NACE_2.0,25,closeMatch,eurostat-nace21
NACE_2.1,251,NACE_2.0,251,closeMatch,eurostat-nace21
NACE_2.1,2511,NACE_2.0,2511,closeMatch,eurostat-nace21
NACE_2.1,2512,NACE_2.0,2512,closeMatch,eurostat-nace21
NACE_2.1,252,NACE_2.0,252,closeMatch,eurostat-nace21
NACE_2.1,252,NACE_2.0,253,closeMatch,eurostat-nace21
NACE_2.1,2521,NACE_2.0,2521,closeMatch,eurostat-nace21
NACE_2.1,2521,NACE_2.0,2530,closeMatch,eurostat-nace21
NACE_2.1,2522,NACE_2.0,2529,closeMatch,eurostat-nace21
NACE_2.1,253,NACE_2.0,254,closeMatch,eurostat-nace21
NACE_2.1,2530,NACE_2.0,2540,closeMatch,eurostat-nace21
NACE_2.1,254,NACE_2.0,255,closeMatch,eurostat-nace21
NACE_2.1,2540,NACE_2.0,2550,closeMatch,eurostat-nace21
NACE_2.1,255,NACE_2.0,256,closeMatch,eurostat-nace21
NACE_2.1,2551,NACE_2.0,2561,closeMatch,eurostat-nace21
NACE_2.1,2552,NACE_2.0,2561,closeMatch,eurostat-nace21
NACE_2.1,2553,NACE_2.0,2561,closeMatch,eurostat-nace21
NACE_2.1,2553,NACE_2.0,2562,closeMatch,eurostat-nace21
NACE_2.1,256,NACE_2.0,257,closeMatch,eurostat-nace21
NACE_2.1,2561,NACE_2.0,2571,closeMatch,eurostat-nace21
NACE_2.1,2562,NACE_2.0,2572,closeMatch,eurostat-nace21
NACE_2.1,2563,NACE_2.0,2573,closeMatch,eurostat-nace21
NACE_2.1,259,NACE_2.0,259,closeMatch,eurostat-nace21
NACE_2.1,2591,NACE_2.0,2591,closeMatch,eurostat-nace21
NACE_2.1,2592,NACE_2.0,2592,closeMatch,eurostat-nace21
NACE_2.1,2593,NACE_2.0,2593,closeMatch,eurostat-nace21
NACE_2.1,2594,NACE_2.0,2594,closeMatch,eurostat-nace21
NACE_2.1,2599,NACE_2.0,2599,closeMatch,eurostat-nace21
NACE_2.1,26,NACE_2.0,26,closeMatch,eurostat-nace21
NACE_2.1,26,NACE_2.0,28,closeMatch,eurostat-nace21
NACE_2.1,26,NACE_2.0,32,closeMatch,eurostat-nace21
NACE_2.1,261,NACE_2.0,261,closeMatch,eurostat-nace21
NACE_2.1,2611,NACE_2.0,2611,closeMatch,eurostat-nace21
NACE_2.1,2612,NACE_2.0,2612,closeMatch,eurostat-nace21
NACE_2.1,262,NACE_2.0,262,closeMatch,eurostat-nace21
NACE_2.1,262,NACE_2.0,282,closeMatch,eurostat-nace21
NACE_2.1,2620,NACE_2.0,2620,closeMatch,eurostat-nace21
NACE_2.1,2620,NACE_2.0,2823,closeMatch,eurostat-nace21
NACE_2.1,263,NACE_2.0,263,closeMatch,eurostat-nace21
NACE_2.1,2630,NACE_2.0,2630,closeMatch,eurostat-nace21
NACE_2.1,264,NACE_2.0,262,closeMatch,eurostat-nace21
NACE_2.1,264,NACE_2.0,264,closeMatch,eurostat-nace21
NACE_2.1,2640,NACE_2.0,2620,closeMatch,eurostat-nace21
NACE_2.1,2640,NACE_2.0,2640,closeMatch,eurostat-nace21
NACE_2.1,265,NACE_2.0,263,closeMatch,eurostat-nace21
NACE_2.1,265,NACE_2.0,265,closeMatch,eurostat-nace21
NACE_2.1,2651,NACE_2.0,2630,closeMatch,eurostat-nace21
NACE_2.1,2651,NACE_2.0,2651,closeMatch,eurostat-nace21
NACE_2.1,2652,NACE_2.0,2652,closeMatch,eurostat-nace21
NACE_2.1,266,NACE_2.0,266,closeMatch,eurostat-nace21
NACE_2.1,266,NACE_2.0,325,closeMatch,eurostat-nace21
NACE_2.1,2660,NACE_2.0,2660,closeMatch,eurostat-nace21
NACE_2.1,2660,NACE_2.0,3250,closeMatch,eurostat-nace21
NACE_2.1,267,NACE_2.0,267,closeMatch,eurostat-nace21
NACE_2.1,267,NACE_2.0,268,closeMatch,eurostat-nace21
NACE_2.1,2670,NACE_2.0,2670,closeMatch,eurostat-nace21
NACE_2.1,2670,NACE_2.0,2680,closeMatch,eurostat-nace21
NACE_2.1,27,NACE_2.0,27,closeMatch,eurostat-nace21
NACE_2.1,27,NACE_2.0,28,closeMatch,eurostat-nace21
NACE_2.1,271,NACE_2.0,271,closeMatch,eurostat-nace21
NACE_2.1,271,NACE_2.0,279,closeMatch,eurostat-nace21
NACE_2.1,2711,NACE_2.0,2711,closeMatch,eurostat-nace21
NACE_2.1,2711,NACE_2.0,2712,closeMatch,eurostat-nace21
NACE_2.1,2711,NACE_2.0,2790,closeMatch,eurostat-nace21
NACE_2.1,2712,NACE_2.0,2712,closeMatch,eurostat-nace21
NACE_2.1,272,NACE_2.0,272,closeMatch,eurostat-nace21
NACE_2.1,2720,NACE_2.0,2720,closeMatch,eurostat-nace21
NACE_2.1,273,NACE_2.0,273,closeMatch,eurostat-nace21
NACE_2.1,2731,NACE_2.0,2731,closeMatch,eurostat-nace21
NACE_2.1,2732,NACE_2.0,2732,closeMatch,eurostat-nace21
NACE_2.1,2733,NACE_2.0,2733,closeMatch,eurostat-nace21
NACE_2.1,274,NACE_2.0,274,closeMatch,eurostat-nace21
NACE_2.1,2740,NACE_2.0,2740,closeMatch,eurostat-nace21
NACE_2.1,275,NACE_2.0,275,closeMatch,eurostat-nace21
NACE_2.1,2751,NACE_2.0,2751,closeMatch,eurostat-nace21
NACE_2.1,2752,NACE_2.0,2752,closeMatch,eurostat-nace21
NACE_2.1,279,NACE_2.0,279,closeMatch,eurostat-nace21
NACE_2.1,279,NACE_2.0,284,closeMatch,eurostat-nace21
NACE_2.1,2790,NACE_2.0,2790,closeMatch,eurostat-nace21
NACE_2.1,2790,NACE_2.0,2849,closeMatch,eurostat-nace21
NACE_2.1,28,NACE_2.0,25,closeMatch,eurostat-nace21
NACE_2.1,28,NACE_2.0,28,closeMatch,eurostat-nace21
NACE_2.1,281,NACE_2.0,281,closeMatch,eurostat-nace21
NACE_2.1,2811,NACE_2.0,2811,closeMatch,eurostat-nace21
NACE_2.1,2812,NACE_2.0,2812,closeMatch,eurostat-nace21
NACE_2.1,2813,NACE_2.0,2813,closeMatch,eurostat-nace21
NACE_2.1,2814,NACE_2.0,2814,closeMatch,eurostat-nace21
NACE_2.1,2815,NACE_2.0,2815,closeMatch,eurostat-nace21
NACE_2.1,282,NACE_2.0,252,closeMatch,eurostat-nace21
NACE_2.1,282,NACE_2.0,282,closeMatch,eurostat-nace21
NACE_2.1,2821,NACE_2.0,2521,closeMatch,eurostat-nace21
NACE_2.1,2821,NACE_2.0,2821,closeMatch,eurostat-nace21
NACE_2.1,2822,NACE_2.0,2822,closeMatch,eurostat-nace21
NACE_2.1,2823,NACE_2.0,2823,closeMatch,eurostat-nace21
NACE_2.1,2824,NACE_2.0,2824,closeMatch,eurostat-nace21
NACE_2.1,2825,NACE_2.0,2821,closeMatch,eurostat-nace21
NACE_2.1,2825,NACE_2.0,2825,closeMatch,eurostat-nace21
NACE_2.1,2829,NACE_2.0,2829,closeMatch,eurostat-nace21
NACE_2.1,283,NACE_2.0,283,closeMatch,eurostat-nace21
NACE_2.1,283,NACE_2.0,289,closeMatch,eurostat-nace21
NACE_2.1,2830,NACE_2.0,2830,closeMatch,eurostat-nace21
NACE_2.1,2830,NACE_2.0,2892,closeMatch,eurostat-nace21
NACE_2.1,284,NACE_2.0,284,closeMatch,eurostat-nace21
NACE_2.1,2841,NACE_2.0,2841,closeMatch,eurostat-nace21
NACE_2.1,2841,NACE_2.0,2849,closeMatch,eurostat-nace21
NACE_2.1,2842,NACE_2.0,2849,closeMatch,eurostat-nace21
NACE_2.1,289,NACE_2.0,282,closeMatch,eurostat-nace21
NACE_2.1,289,NACE_2.0,289,closeMatch,eurostat-nace21
NACE_2.1,2891,NACE_2.0,2891,closeMatch,eurostat-nace21
NACE_2.1,2892,NACE_2.0,2892,closeMatch,eurostat-nace21
NACE_2.1,2893,NACE_2.0,2829,closeMatch,eurostat-nace21
NACE_2.1,2893,NACE_2.0,2893,closeMatch,eurostat-nace21
NACE_2.1,2894,NACE_2.0,2894,closeMatch,eurostat-nace21
NACE_2.1,2895,NACE_2.0,2895,closeMatch,eurostat-nace21
NACE_2.1,2896,NACE_2.0,2896,closeMatch,eurostat-nace21
NACE_2.1,2897,NACE_2.0,2896,closeMatch,eurostat-nace21
NACE_2.1,2897,NACE_2.0,2899,closeMatch,eurostat-nace21
NACE_2.1,2899,NACE_2.0,2899,closeMatch,eurostat-nace21
NACE_2.1,29,NACE_2.0,23,closeMatch,eurostat-nace21
NACE_2.1,29,NACE_2.0,27,closeMatch,eurostat-nace21
NACE_2.1,29,NACE_2.0,28,closeMatch,eurostat-nace21
NACE_2.1,29,NACE_2.0,29,closeMatch,eurostat-nace21
NACE_2.1,291,NACE_2.0,271,closeMatch,eurostat-nace21
NACE_2.1,291,NACE_2.0,291,closeMatch,eurostat-nace21
NACE_2.1,2910,NACE_2.0,2711,closeMatch,eurostat-nace21
NACE_2.1,2910,NACE_2.0,2910,closeMatch,eurostat-nace21
NACE_2.1,292,NACE_2.0,292,closeMatch,eurostat-nace21
NACE_2.1,2920,NACE_2.0,2920,closeMatch,eurostat-nace21
NACE_2.1,293,NACE_2.0,231,closeMatch,eurostat-nace21
NACE_2.1,293,NACE_2.0,279,closeMatch,eurostat-nace21
NACE_2.1,293,NACE_2.0,281,closeMatch,eurostat-nace21
NACE_2.1,293,NACE_2.0,282,closeMatch,eurostat-nace21
NACE_2.1,293,NACE_2.0,293,closeMatch,eurostat-nace21
NACE_2.1,2931,NACE_2.0,2790,closeMatch,eurostat-nace21
NACE_2.1,2931,NACE_2.0,2931,closeMatch,eurostat-nace21
NACE_2.1,2932,NACE_2.0,2312,closeMatch,eurostat-nace21
NACE_2.1,2932,NACE_2.0,2811,closeMatch,eurostat-nace21
NACE_2.1,2932,NACE_2.0,2825,closeMatch,eurostat-nace21
NACE_2.1,2932,NACE_2.0,2932,closeMatch,eurostat-nace21
NACE_2.1,30,NACE_2.0,28,closeMatch,eurostat-nace21
NACE_2.1,30,NACE_2.0,30,closeMatch,eurostat-nace21
NACE_2.1,301,NACE_2.0,301,closeMatch,eurostat-nace21
NACE_2.1,3011,NACE_2.0,3011,closeMatch,eurostat-nace21
NACE_2.1,3012,NACE_2.0,3012,closeMatch,eurostat-nace21
NACE_2.1,3013,NACE_2.0,3011,closeMatch,eurostat-nace21
NACE_2.1,302,NACE_2.0,302,closeMatch,eurostat-nace21
NACE_2.1,3020,NACE_2.0,3020,closeMatch,eurostat-nace21
NACE_2.1,303,NACE_2.0,303,closeMatch,eurostat-nace21
NACE_2.1,3031,NACE_2.0,3030,closeMatch,eurostat-nace21
NACE_2.1,3032,NACE_2.0,3030,closeMatch,eurostat-nace21
NACE_2.1,304,NACE_2.0,304,closeMatch,eurostat-nace21
NACE_2.1,3040,NACE_2.0,3040,closeMatch,eurostat-nace21
NACE_2.1,309,NACE_2.0,281,closeMatch,eurostat-nace21
NACE_2.1,309,NACE_2.0,309,closeMatch,eurostat-nace21
NACE_2.1,3091,NACE_2.0,2811,closeMatch,eurostat-nace21
NACE_2.1,3091,NACE_2.0,3091,closeMatch,eurostat-nace21
NACE_2.1,3092,NACE_2.0,3091,closeMatch,eurostat-nace21
NACE_2.1,3092,NACE_2.0,3092,closeMatch,eurostat-nace21
NACE_2.1,3099,NACE_2.0,3099,closeMatch,eurostat-nace21
NACE_2.1,31,NACE_2.0,23,closeMatch,eurostat-nace21
NACE_2.1,31,NACE_2.0,31,closeMatch,eurostat-nace21
NACE_2.1,310,NACE_2.0,234,closeMatch,eurostat-nace21
NACE_2.1,310,NACE_2.0,310,closeMatch,eurostat-nace21
NACE_2.1,3100,NACE_2.0,2342,closeMatch,eurostat-nace21
NACE_2.1,3100,NACE_2.0,3101,closeMatch,eurostat-nace21
NACE_2.1,3100,NACE_2.0,3102,closeMatch,eurostat-nace21
NACE_2.1,3100,NACE_2.0,3103,closeMatch,eurostat-nace21
NACE_2.1,3100,NACE_2.0,3109,closeMatch,eurostat-nace21
NACE_2.1,32,NACE_2.0,27,closeMatch,eurostat-nace21
NACE_2.1,32,NACE_2.0,32,closeMatch,eurostat-nace21
NACE_2.1,321,NACE_2.0,321,closeMatch,eurostat-nace21
NACE_2.1,3211,NACE_2.0,3211,closeMatch,eurostat-nace21
NACE_2.1,3212,NACE_2.0,3212,closeMatch,eurostat-nace21
NACE_2.1,3213,NACE_2.0,3213,closeMatch,eurostat-nace21
NACE_2.1,322,NACE_2.0,322,closeMatch,eurostat-nace21
NACE_2.1,3220,NACE_2.0,3220,closeMatch,eurostat-nace21
NACE_2.1,323,NACE_2.0,323,closeMatch,eurostat-nace21
NACE_2.1,3230,NACE_2.0,3230,closeMatch,eurostat-nace21
NACE_2.1,324,NACE_2.0,324,closeMatch,eurostat-nace21
NACE_2.1,3240,NACE_2.0,3240,closeMatch,eurostat-nace21
NACE_2.1,325,NACE_2.0,325,closeMatch,eurostat-nace21
NACE_2.1,325,NACE_2.0,329,closeMatch,eurostat-nace21
NACE_2.1,3250,NACE_2.0,3250,closeMatch,eurostat-nace21
NACE_2.1,3250,NACE_2.0,3299,closeMatch,eurostat-nace21
NACE_2.1,329,NACE_2.0,279,closeMatch,eurostat-nace21
NACE_2.1,329,NACE_2.0,323,closeMatch,eurostat-nace21
NACE_2.1,329,NACE_2.0,329,closeMatch,eurostat-nace21
NACE_2.1,3291,NACE_2.0,3291,closeMatch,eurostat-nace21
NACE_2.1,3299,NACE_2.0,2790,closeMatch,eurostat-nace21
NACE_2.1,3299,NACE_2.0,3230,closeMatch,eurostat-nace21
NACE_2.1,3299,NACE_2.0,3299,closeMatch,eurostat-nace21
NACE_2.1,33,NACE_2.0,30,closeMatch,eurostat-nace21
NACE_2.1,33,NACE_2.0,33,closeMatch,eurostat-nace21
NACE_2.1,331,NACE_2.0,304,closeMatch,eurostat-nace21
NACE_2.1,331,NACE_2.0,331,closeMatch,eurostat-nace21
NACE_2.1,3311,NACE_2.0,3311,closeMatch,eurostat-nace21
NACE_2.1,3312,NACE_2.0,3312,closeMatch,eurostat-nace21
NACE_2.1,3313,NACE_2.0,3313,closeMatch,eurostat-nace21
NACE_2.1,3314,NACE_2.0,3314,closeMatch,eurostat-nace21
NACE_2.1,3315,NACE_2.0,3312,closeMatch,eurostat-nace21
NACE_2.1,3315,NACE_2.0,3315,closeMatch,eurostat-nace21
NACE_2.1,3316,NACE_2.0,3316,closeMatch,eurostat-nace21
NACE_2.1,3317,NACE_2.0,3311,closeMatch,eurostat-nace21
NACE_2.1,3317,NACE_2.0,3317,closeMatch,eurostat-nace21
NACE_2.1,3318,NACE_2.0,3040,closeMatch,eurostat-nace21
NACE_2.1,3318,NACE_2.0,3312,closeMatch,eurostat-nace21
NACE_2.1,3318,NACE_2.0,3315,closeMatch,eurostat-nace21
NACE_2.1,3318,NACE_2.0,3316,closeMatch,eurostat-nace21
NACE_2.1,3319,NACE_2.0,3319,closeMatch,eurostat-nace21
NACE_2.1,332,NACE_2.0,332,closeMatch,eurostat-nace21
NACE_2.1,3320,NACE_2.0,3320,closeMatch,eurostat-nace21
NACE_2.1,35,NACE_2.0,35,closeMatch,eurostat-nace21
NACE_2.1,35,NACE_2.0,52,closeMatch,eurostat-nace21
NACE_2.1,351,NACE_2.0,351,closeMatch,eurostat-nace21
NACE_2.1,3511,NACE_2.0,3511,closeMatch,eurostat-nace21
NACE_2.1,3512,NACE_2.0,3511,closeMatch,eurostat-nace21
NACE_2.1,3513,NACE_2.0,3512,closeMatch,eurostat-nace21
NACE_2.1,3514,NACE_2.0,3513,closeMatch,eurostat-nace21
NACE_2.1,3515,NACE_2.0,3514,closeMatch,eurostat-nace21
NACE_2.1,3516,NACE_2.0,3511,closeMatch,eurostat-nace21
NACE_2.1,352,NACE_2.0,352,closeMatch,eurostat-nace21
NACE_2.1,352,NACE_2.0,521,closeMatch,eurostat-nace21
NACE_2.1,3521,NACE_2.0,3521,closeMatch,eurostat-nace21
NACE_2.1,3522,NACE_2.0,3522,closeMatch,eurostat-nace21
NACE_2.1,3523,NACE_2.0,3523,closeMatch,eurostat-nace21
NACE_2.1,3524,NACE_2.0,5210,closeMatch,eurostat-nace21
NACE_2.1,353,NACE_2.0,353,closeMatch,eurostat-nace21
NACE_2.1,3530,NACE_2.0,3530,closeMatch,eurostat-nace21
NACE_2.1,354,NACE_2.0,351,closeMatch,eurostat-nace21
NACE_2.1,354,NACE_2.0,352,closeMatch,eurostat-nace21
NACE_2.1,3540,NACE_2.0,3514,closeMatch,eurostat-nace21
NACE_2.1,3540,NACE_2.0,3523,closeMatch,eurostat-nace21
NACE_2.1,36,NACE_2.0,36,closeMatch,eurostat-nace21
NACE_2.1,360,NACE_2.0,360,closeMatch,eurostat-nace21
NACE_2.1,3600,NACE_2.0,3600,closeMatch,eurostat-nace21
NACE_2.1,37,NACE_2.0,37,closeMatch,eurostat-nace21
NACE_2.1,370,NACE_2.0,370,closeMatch,eurostat-nace21
NACE_2.1,3700,NACE_2.0,3700,closeMatch,eurostat-nace21
NACE_2.1,38,NACE_2.0,38,closeMatch,eurostat-nace21
NACE_2.1,381,NACE_2.0,381,closeMatch,eurostat-nace21
NACE_2.1,3811,NACE_2.0,3811,closeMatch,eurostat-nace21
NACE_2.1,3812,NACE_2.0,3812,closeMatch,eurostat-nace21
NACE_2.1,382,NACE_2.0,382,closeMatch,eurostat-nace21
NACE_2.1,382,NACE_2.0,383,closeMatch,eurostat-nace21
NACE_2.1,3821,NACE_2.0,3821,closeMatch,eurostat-nace21
NACE_2.1,3821,NACE_2.0,3831,closeMatch,eurostat-nace21
NACE_2.1,3821,NACE_2.0,3832,closeMatch,eurostat-nace21
NACE_2.1,3822,NACE_2.0,3821,closeMatch,eurostat-nace21
NACE_2.1,3822,NACE_2.0,3822,closeMatch,eurostat-nace21
NACE_2.1,3823,NACE_2.0,3821,closeMatch,eurostat-nace21
NACE_2.1,3823,NACE_2.0,3822,closeMatch,eurostat-nace21
NACE_2.1,383,NACE_2.0,382,closeMatch,eurostat-nace21
NACE_2.1,3831,NACE_2.0,3821,closeMatch,eurostat-nace21
NACE_2.1,3831,NACE_2.0,3822,closeMatch,eurostat-nace21
NACE_2.1,3832,NACE_2.0,3821,closeMatch,eurostat-nace21
NACE_2.1,3832,NACE_2.0,3822,closeMatch,eurostat-nace21
NACE_2.1,3833,NACE_2.0,3821,closeMatch,eurostat-nace21
NACE_2.1,3833,NACE_2.0,3822,closeMatch,eurostat-nace21
NACE_2.1,39,NACE_2.0,39,closeMatch,eurostat-nace21
NACE_2.1,390,NACE_2.0,390,closeMatch,eurostat-nace21
NACE_2.1,3900,NACE_2.0,3900,closeMatch,eurostat-nace21
NACE_2.1,41,NACE_2.0,41,closeMatch,eurostat-nace21
NACE_2.1,410,NACE_2.0,412,closeMatch,eurostat-nace21
NACE_2.1,4100,NACE_2.0,4120,closeMatch,eurostat-nace21
NACE_2.1,42,NACE_2.0,42,closeMatch,eurostat-nace21
NACE_2.1,42,NACE_2.0,43,closeMatch,eurostat-nace21
NACE_2.1,421,NACE_2.0,421,closeMatch,eurostat-nace21
NACE_2.1,4211,NACE_2.0,4211,closeMatch,eurostat-nace21
NACE_2.1,4212,NACE_2.0,4212,closeMatch,eurostat-nace21
NACE_2.1,4213,NACE_2.0,4213,closeMatch,eurostat-nace21
NACE_2.1,422,NACE_2.0,422,closeMatch,eurostat-nace21
NACE_2.1,4221,NACE_2.0,4221,closeMatch,eurostat-nace21
NACE_2.1,4222,NACE_2.0,4222,closeMatch,eurostat-nace21
NACE_2.1,429,NACE_2.0,429,closeMatch,eurostat-nace21
NACE_2.1,429,NACE_2.0,439,closeMatch,eurostat-nace21
NACE_2.1,4291,NACE_2.0,4291,closeMatch,eurostat-nace21
NACE_2.1,4299,NACE_2.0,4299,closeMatch,eurostat-nace21
NACE_2.1,4299,NACE_2.0,4399,closeMatch,eurostat-nace21
NACE_2.1,43,NACE_2.0,41,closeMatch,eurostat-nace21
NACE_2.1,43,NACE_2.0,42,closeMatch,eurostat-nace21
NACE_2.1,43,NACE_2.0,43,closeMatch,eurostat-nace21
NACE_2.1,43,NACE_2.0,82,closeMatch,eurostat-nace21
NACE_2.1,431,NACE_2.0,431,closeMatch,eurostat-nace21
NACE_2.1,4311,NACE_2.0,4311,closeMatch,eurostat-nace21
NACE_2.1,4312,NACE_2.0,4312,closeMatch,eurostat-nace21
NACE_2.1,4313,NACE_2.0,4313,closeMatch,eurostat-nace21
NACE_2.1,432,NACE_2.0,432,closeMatch,eurostat-nace21
NACE_2.1,432,NACE_2.0,433,closeMatch,eurostat-nace21
NACE_2.1,432,NACE_2.0,439,closeMatch,eurostat-nace21
NACE_2.1,4321,NACE_2.0,4321,closeMatch,eurostat-nace21
NACE_2.1,4322,NACE_2.0,4322,closeMatch,eurostat-nace21
NACE_2.1,4322,NACE_2.0,4399,closeMatch,eurostat-nace21
NACE_2.1,4323,NACE_2.0,4329,closeMatch,eurostat-nace21
NACE_2.1,4323,NACE_2.0,4339,closeMatch,eurostat-nace21
NACE_2.1,4323,NACE_2.0,4399,closeMatch,eurostat-nace21
NACE_2.1,4324,NACE_2.0,4329,closeMatch,eurostat-nace21
NACE_2.1,433,NACE_2.0,433,closeMatch,eurostat-nace21
NACE_2.1,433,NACE_2.0,439,closeMatch,eurostat-nace21
NACE_2.1,4331,NACE_2.0,4331,closeMatch,eurostat-nace21
NACE_2.1,4331,NACE_2.0,4339,closeMatch,eurostat-nace21
NACE_2.1,4332,NACE_2.0,4332,closeMatch,eurostat-nace21
NACE_2.1,4332,NACE_2.0,4339,closeMatch,eurostat-nace21
NACE_2.1,4333,NACE_2.0,4333,closeMatch,eurostat-nace21
NACE_2.1,4333,NACE_2.0,4339,closeMatch,eurostat-nace21
NACE_2.1,4334,NACE_2.0,4334,closeMatch,eurostat-nace21
NACE_2.1,4334,NACE_2.0,4339,closeMatch,eurostat-nace21
NACE_2.1,4335,NACE_2.0,4339,closeMatch,eurostat-nace21
NACE_2.1,4335,NACE_2.0,4399,closeMatch,eurostat-nace21
NACE_2.1,434,NACE_2.0,439,closeMatch,eurostat-nace21
NACE_2.1,4341,NACE_2.0,4391,closeMatch,eurostat-nace21
NACE_2.1,4341,NACE_2.0,4399,closeMatch,eurostat-nace21
NACE_2.1,4342,NACE_2.0,4399,closeMatch,eurostat-nace21
NACE_2.1,435,NACE_2.0,421,closeMatch,eurostat-nace21
NACE_2.1,435,NACE_2.0,439,closeMatch,eurostat-nace21
NACE_2.1,4350,NACE_2.0,4211,closeMatch,eurostat-nace21
NACE_2.1,4350,NACE_2.0,4399,closeMatch,eurostat-nace21
NACE_2.1,436,NACE_2.0,829,closeMatch,eurostat-nace21
NACE_2.1,4360,NACE_2.0,8299,closeMatch,eurostat-nace21
NACE_2.1,439,NACE_2.0,412,closeMatch,eurostat-nace21
NACE_2.1,439,NACE_2.0,439,closeMatch,eurostat-nace21
NACE_2.1,4391,NACE_2.0,4399,closeMatch,eurostat-nace21
NACE_2.1,4399,NACE_2.0,4120,closeMatch,eurostat-nace21
NACE_2.1,4399,NACE_2.0,4399,closeMatch,eurostat-nace21
NACE_2.1,46,NACE_2.0,45,closeMatch,eurostat-nace21
NACE_2.1,46,NACE_2.0,46,closeMatch,eurostat-nace21
NACE_2.1,46,NACE_2.0,82,closeMatch,eurostat-nace21
NACE_2.1,461,NACE_2.0,451,closeMatch,eurostat-nace21
NACE_2.1,461,NACE_2.0,453,closeMatch,eurostat-nace21
NACE_2.1,461,NACE_2.0,454,closeMatch,eurostat-nace21
NACE_2.1,461,NACE_2.0,461,closeMatch,eurostat-nace21
NACE_2.1,461,NACE_2.0,829,closeMatch,eurostat-nace21
NACE_2.1,4611,NACE_2.0,4611,closeMatch,eurostat-nace21
NACE_2.1,4611,NACE_2.0,8299,closeMatch,eurostat-nace21
NACE_2.1,4612,NACE_2.0,4612,closeMatch,eurostat-nace21
NACE_2.1,4612,NACE_2.0,8299,closeMatch,eurostat-nace21
NACE_2.1,4613,NACE_2.0,4613,closeMatch,eurostat-nace21
NACE_2.1,4613,NACE_2.0,8299,closeMatch,eurostat-nace21
NACE_2.1,4614,NACE_2.0,4614,closeMatch,eurostat-nace21
NACE_2.1,4614,NACE_2.0,8299,closeMatch,eurostat-nace21
NACE_2.1,4615,NACE_2.0,4615,closeMatch,eurostat-nace21
NACE_2.1,4615,NACE_2.0,8299,closeMatch,eurostat-nace21
NACE_2.1,4616,NACE_2.0,4616,closeMatch,eurostat-nace21
NACE_2.1,4616,NACE_2.0,8299,closeMatch,eurostat-nace21
NACE_2.1,4617,NACE_2.0,4617,closeMatch,eurostat-nace21
NACE_2.1,4617,NACE_2.0,8299,closeMatch,eurostat-nace21
NACE_2.1,4618,NACE_2.0,4511,closeMatch,eurostat-nace21
NACE_2.1,4618,NACE_2.0,4519,closeMatch,eurostat-nace21
NACE_2.1,4618,NACE_2.0,4531,closeMatch,eurostat-nace21
NACE_2.1,4618,NACE_2.0,4540,closeMatch,eurostat-nace21
NACE_2.1,4618,NACE_2.0,4618,closeMatch,eurostat-nace21
NACE_2.1,4618,NACE_2.0,8299,closeMatch,eurostat-nace21
NACE_2.1,4619,NACE_2.0,4619,closeMatch,eurostat-nace21
NACE_2.1,4619,NACE_2.0,8299,closeMatch,eurostat-nace21
NACE_2.1,462,NACE_2.0,462,closeMatch,eurostat-nace21
NACE_2.1,4621,NACE_2.0,4621,closeMatch,eurostat-nace21
NACE_2.1,4622,NACE_2.0,4622,closeMatch,eurostat-nace21
NACE_2.1,4623,NACE_2.0,4623,closeMatch,eurostat-nace21
NACE_2.1,4624,NACE_2.0,4624,closeMatch,eurostat-nace21
NACE_2.1,463,NACE_2.0,463,closeMatch,eurostat-nace21
NACE_2.1,4631,NACE_2.0,4631,closeMatch,eurostat-nace21
NACE_2.1,4632,NACE_2.0,4632,closeMatch,eurostat-nace21
NACE_2.1,4632,NACE_2.0,4638,closeMatch,eurostat-nace21
NACE_2.1,4633,NACE_2.0,4633,closeMatch,eurostat-nace21
NACE_2.1,4634,NACE_2.0,4634,closeMatch,eurostat-nace21
NACE_2.1,4635,NACE_2.0,4635,closeMatch,eurostat-nace21
NACE_2.1,4636,NACE_2.0,4636,closeMatch,eurostat-nace21
NACE_2.1,4637,NACE_2.0,4637,closeMatch,eurostat-nace21
NACE_2.1,4638,NACE_2.0,4638,closeMatch,eurostat-nace21
NACE_2.1,4639,NACE_2.0,4639,closeMatch,eurostat-nace21
NACE_2.1,464,NACE_2.0,464,closeMatch,eurostat-nace21
NACE_2.1,464,NACE_2.0,466,closeMatch,eurostat-nace21
NACE_2.1,4641,NACE_2.0,4641,closeMatch,eurostat-nace21
NACE_2.1,4642,NACE_2.0,4642,closeMatch,eurostat-nace21
NACE_2.1,4643,NACE_2.0,4643,closeMatch,eurostat-nace21
NACE_2.1,4644,NACE_2.0,4644,closeMatch,eurostat-nace21
NACE_2.1,4645,NACE_2.0,4645,closeMatch,eurostat-nace21
NACE_2.1,4646,NACE_2.0,4646,closeMatch,eurostat-nace21
NACE_2.1,4647,NACE_2.0,4647,closeMatch,eurostat-nace21
NACE_2.1,4647,NACE_2.0,4665,closeMatch,eurostat-nace21
NACE_2.1,4648,NACE_2.0,4648,closeMatch,eurostat-nace21
NACE_2.1,4649,NACE_2.0,4643,closeMatch,eurostat-nace21
NACE_2.1,4649,NACE_2.0,4649,closeMatch,eurostat-nace21
NACE_2.1,465,NACE_2.0,465,closeMatch,eurostat-nace21
NACE_2.1,465,NACE_2.0,466,closeMatch,eurostat-nace21
NACE_2.1,4650,NACE_2.0,4651,closeMatch,eurostat-nace21
NACE_2.1,4650,NACE_2.0,4652,closeMatch,eurostat-nace21
NACE_2.1,4650,NACE_2.0,4666,closeMatch,eurostat-nace21
NACE_2.1,466,NACE_2.0,464,closeMatch,eurostat-nace21
NACE_2.1,466,NACE_2.0,466,closeMatch,eurostat-nace21
NACE_2.1,4661,NACE_2.0,4661,closeMatch,eurostat-nace21
NACE_2.1,4662,NACE_2.0,4662,closeMatch,eurostat-nace21
NACE_2.1,4663,NACE_2.0,4663,closeMatch,eurostat-nace21
NACE_2.1,4664,NACE_2.0,4643,closeMatch,eurostat-nace21
NACE_2.1,4664,NACE_2.0,4664,closeMatch,eurostat-nace21
NACE_2.1,4664,NACE_2.0,4669,closeMatch,eurostat-nace21
NACE_2.1,467,NACE_2.0,451,closeMatch,eurostat-nace21
NACE_2.1,467,NACE_2.0,453,closeMatch,eurostat-nace21
NACE_2.1,467,NACE_2.0,454,closeMatch,eurostat-nace21
NACE_2.1,4671,NACE_2.0,4511,closeMatch,eurostat-nace21
NACE_2.1,4671,NACE_2.0,4519,closeMatch,eurostat-nace21
NACE_2.1,4672,NACE_2.0,4531,closeMatch,eurostat-nace21
NACE_2.1,4673,NACE_2.0,4540,closeMatch,eurostat-nace21
NACE_2.1,468,NACE_2.0,467,closeMatch,eurostat-nace21
NACE_2.1,4681,NACE_2.0,4671,closeMatch,eurostat-nace21
NACE_2.1,4682,NACE_2.0,4672,closeMatch,eurostat-nace21
NACE_2.1,4683,NACE_2.0,4673,closeMatch,eurostat-nace21
NACE_2.1,4684,NACE_2.0,4674,closeMatch,eurostat-nace21
NACE_2.1,4685,NACE_2.0,4675,closeMatch,eurostat-nace21
NACE_2.1,4686,NACE_2.0,4676,closeMatch,eurostat-nace21
NACE_2.1,4687,NACE_2.0,4677,closeMatch,eurostat-nace21
NACE_2.1,469,NACE_2.0,469,closeMatch,eurostat-nace21
NACE_2.1,4690,NACE_2.0,4690,closeMatch,eurostat-nace21
NACE_2.1,47,NACE_2.0,45,closeMatch,eurostat-nace21
NACE_2.1,47,NACE_2.0,47,closeMatch,eurostat-nace21
NACE_2.1,47,NACE_2.0,82,closeMatch,eurostat-nace21
NACE_2.1,471,NACE_2.0,471,closeMatch,eurostat-nace21
NACE_2.1,471,NACE_2.0,478,closeMatch,eurostat-nace21
NACE_2.1,471,NACE_2.0,479,closeMatch,eurostat-nace21
NACE_2.1,4711,NACE_2.0,4711,closeMatch,eurostat-nace21
NACE_2.1,4711,NACE_2.0,4781,closeMatch,eurostat-nace21
NACE_2.1,4711,NACE_2.0,4791,closeMatch,eurostat-nace21
NACE_2.1,4711,NACE_2.0,4799,closeMatch,eurostat-nace21
NACE_2.1,4712,NACE_2.0,4719,closeMatch,eurostat-nace21
NACE_2.1,4712,NACE_2.0,4782,closeMatch,eurostat-nace21
NACE_2.1,4712,NACE_2.0,4789,closeMatch,eurostat-nace21
NACE_2.1,4712,NACE_2.0,4791,closeMatch,eurostat-nace21
NACE_2.1,4712,NACE_2.0,4799,closeMatch,eurostat-nace21
NACE_2.1,472,NACE_2.0,472,closeMatch,eurostat-nace21
NACE_2.1,472,NACE_2.0,478,closeMatch,eurostat-nace21
NACE_2.1,472,NACE_2.0,479,closeMatch,eurostat-nace21
NACE_2.1,4721,NACE_2.0,4721,closeMatch,eurostat-nace21
NACE_2.1,4721,NACE_2.0,4781,closeMatch,eurostat-nace21
NACE_2.1,4721,NACE_2.0,4791,closeMatch,eurostat-nace21
NACE_2.1,4721,NACE_2.0,4799,closeMatch,eurostat-nace21
NACE_2.1,4722,NACE_2.0,4722,closeMatch,eurostat-nace21
NACE_2.1,4722,NACE_2.0,4781,closeMatch,eurostat-nace21
NACE_2.1,4722,NACE_2.0,4791,closeMatch,eurostat-nace21
NACE_2.1,4722,NACE_2.0,4799,closeMatch,eurostat-nace21
NACE_2.1,4723,NACE_2.0,4723,closeMatch,eurostat-nace21
NACE_2.1,4723,NACE_2.0,4781,closeMatch,eurostat-nace21
NACE_2.1,4723,NACE_2.0,4791,closeMatch,eurostat-nace21
NACE_2.1,4723,NACE_2.0,4799,closeMatch,eurostat-nace21
NACE_2.1,4724,NACE_2.0,4724,closeMatch,eurostat-nace21
NACE_2.1,4724,NACE_2.0,4781,closeMatch,eurostat-nace21
NACE_2.1,4724,NACE_2.0,4791,closeMatch,eurostat-nace21
NACE_2.1,4724,NACE_2.0,4799,closeMatch,eurostat-nace21
NACE_2.1,4725,NACE_2.0,4725,closeMatch,eurostat-nace21
NACE_2.1,4725,NACE_2.0,4781,closeMatch,eurostat-nace21
NACE_2.1,4725,NACE_2.0,4791,closeMatch,eurostat-nace21
NACE_2.1,4725,NACE_2.0,4799,closeMatch,eurostat-nace21
NACE_2.1,4726,NACE_2.0,4726,closeMatch,eurostat-nace21
NACE_2.1,4726,NACE_2.0,4781,closeMatch,eurostat-nace21
NACE_2.1,4726,NACE_2.0,4791,closeMatch,eurostat-nace21
NACE_2.1,4726,NACE_2.0,4799,closeMatch,eurostat-nace21
NACE_2.1,4727,NACE_2.0,4729,closeMatch,eurostat-nace21
NACE_2.1,4727,NACE_2.0,4781,closeMatch,eurostat-nace21
NACE_2.1,4727,NACE_2.0,4791,closeMatch,eurostat-nace21
NACE_2.1,4727,NACE_2.0,4799,closeMatch,eurostat-nace21
NACE_2.1,473,NACE_2.0,473,closeMatch,eurostat-nace21
NACE_2.1,4730,NACE_2.0,4730,closeMatch,eurostat-nace21
NACE_2.1,474,NACE_2.0,474,closeMatch,eurostat-nace21
NACE_2.1,474,NACE_2.0,478,closeMatch,eurostat-nace21
NACE_2.1,474,NACE_2.0,479,closeMatch,eurostat-nace21
NACE_2.1,4740,NACE_2.0,4741,closeMatch,eurostat-nace21
NACE_2.1,4740,NACE_2.0,4742,closeMatch,eurostat-nace21
NACE_2.1,4740,NACE_2.0,4743,closeMatch,eurostat-nace21
NACE_2.1,4740,NACE_2.0,4789,closeMatch,eurostat-nace21
NACE_2.1,4740,NACE_2.0,4791,closeMatch,eurostat-nace21
NACE_2.1,4740,NACE_2.0,4799,closeMatch,eurostat-nace21
NACE_2.1,475,NACE_2.0,475,closeMatch,eurostat-nace21
NACE_2.1,475,NACE_2.0,477,closeMatch,eurostat-nace21
NACE_2.1,475,NACE_2.0,478,closeMatch,eurostat-nace21
NACE_2.1,475,NACE_2.0,479,closeMatch,eurostat-nace21
NACE_2.1,4751,NACE_2.0,4751,closeMatch,eurostat-nace21
NACE_2.1,4751,NACE_2.0,4782,closeMatch,eurostat-nace21
NACE_2.1,4751,NACE_2.0,4791,closeMatch,eurostat-nace21
NACE_2.1,4751,NACE_2.0,4799,closeMatch,eurostat-nace21
NACE_2.1,4752,NACE_2.0,4752,closeMatch,eurostat-nace21
NACE_2.1,4752,NACE_2.0,4759,closeMatch,eurostat-nace21
NACE_2.1,4752,NACE_2.0,4789,closeMatch,eurostat-nace21
NACE_2.1,4752,NACE_2.0,4791,closeMatch,eurostat-nace21
NACE_2.1,4752,NACE_2.0,4799,closeMatch,eurostat-nace21
NACE_2.1,4753,NACE_2.0,4753,closeMatch,eurostat-nace21
NACE_2.1,4753,NACE_2.0,4789,closeMatch,eurostat-nace21
NACE_2.1,4753,NACE_2.0,4791,closeMatch,eurostat-nace21
NACE_2.1,4753,NACE_2.0,4799,closeMatch,eurostat-nace21
NACE_2.1,4754,NACE_2.0,4754,closeMatch,eurostat-nace21
NACE_2.1,4754,NACE_2.0,4789,closeMatch,eurostat-nace21
NACE_2.1,4754,NACE_2.0,4791,closeMatch,eurostat-nace21
NACE_2.1,4754,NACE_2.0,4799,closeMatch,eurostat-nace21
NACE_2.1,4755,NACE_2.0,4759,closeMatch,eurostat-nace21
NACE_2.1,4755,NACE_2.0,4778,closeMatch,eurostat-nace21
NACE_2.1,4755,NACE_2.0,4789,closeMatch,eurostat-nace21
NACE_2.1,4755,NACE_2.0,4791,closeMatch,eurostat-nace21
NACE_2.1,4755,NACE_2.0,4799,closeMatch,eurostat-nace21
NACE_2.1,476,NACE_2.0,475,closeMatch,eurostat-nace21
NACE_2.1,476,NACE_2.0,476,closeMatch,eurostat-nace21
NACE_2.1,476,NACE_2.0,477,closeMatch,eurostat-nace21
NACE_2.1,476,NACE_2.0,478,closeMatch,eurostat-nace21
NACE_2.1,476,NACE_2.0,479,closeMatch,eurostat-nace21
NACE_2.1,4761,NACE_2.0,4761,closeMatch,eurostat-nace21
NACE_2.1,4761,NACE_2.0,4789,closeMatch,eurostat-nace21
NACE_2.1,4761,NACE_2.0,4791,closeMatch,eurostat-nace21
NACE_2.1,4761,NACE_2.0,4799,closeMatch,eurostat-nace21
NACE_2.1,4762,NACE_2.0,4762,closeMatch,eurostat-nace21
NACE_2.1,4762,NACE_2.0,4789,closeMatch,eurostat-nace21
NACE_2.1,4762,NACE_2.0,4791,closeMatch,eurostat-nace21
NACE_2.1,4762,NACE_2.0,4799,closeMatch,eurostat-nace21
NACE_2.1,4763,NACE_2.0,4764,closeMatch,eurostat-nace21
NACE_2.1,4763,NACE_2.0,4778,closeMatch,eurostat-nace21
NACE_2.1,4763,NACE_2.0,4789,closeMatch,eurostat-nace21
NACE_2.1,4763,NACE_2.0,4791,closeMatch,eurostat-nace21
NACE_2.1,4763,NACE_2.0,4799,closeMatch,eurostat-nace21
NACE_2.1,4764,NACE_2.0,4765,closeMatch,eurostat-nace21
NACE_2.1,4764,NACE_2.0,4789,closeMatch,eurostat-nace21
NACE_2.1,4764,NACE_2.0,4791,closeMatch,eurostat-nace21
NACE_2.1,4764,NACE_2.0,4799,closeMatch,eurostat-nace21
NACE_2.1,4769,NACE_2.0,4759,closeMatch,eurostat-nace21
NACE_2.1,4769,NACE_2.0,4763,closeMatch,eurostat-nace21
NACE_2.1,4769,NACE_2.0,4778,closeMatch,eurostat-nace21
NACE_2.1,4769,NACE_2.0,4789,closeMatch,eurostat-nace21
NACE_2.1,4769,NACE_2.0,4791,closeMatch,eurostat-nace21
NACE_2.1,4769,NACE_2.0,4799,closeMatch,eurostat-nace21
NACE_2.1,477,NACE_2.0,477,closeMatch,eurostat-nace21
NACE_2.1,477,NACE_2.0,478,closeMatch,eurostat-nace21
NACE_2.1,477,NACE_2.0,479,closeMatch,eurostat-nace21
NACE_2.1,4771,NACE_2.0,4771,closeMatch,eurostat-nace21
NACE_2.1,4771,NACE_2.0,4782,closeMatch,eurostat-nace21
NACE_2.1,4771,NACE_2.0,4791,closeMatch,eurostat-nace21
NACE_2.1,4771,NACE_2.0,4799,closeMatch,eurostat-nace21
NACE_2.1,4772,NACE_2.0,4772,closeMatch,eurostat-nace21
NACE_2.1,4772,NACE_2.0,4782,closeMatch,eurostat-nace21
NACE_2.1,4772,NACE_2.0,4791,closeMatch,eurostat-nace21
NACE_2.1,4772,NACE_2.0,4799,closeMatch,eurostat-nace21
NACE_2.1,4773,NACE_2.0,4773,closeMatch,eurostat-nace21
NACE_2.1,4773,NACE_2.0,4791,closeMatch,eurostat-nace21
NACE_2.1,4774,NACE_2.0,4774,closeMatch,eurostat-nace21
NACE_2.1,4774,NACE_2.0,4778,closeMatch,eurostat-nace21
NACE_2.1,4774,NACE_2.0,4789,closeMatch,eurostat-nace21
NACE_2.1,4774,NACE_2.0,4791,closeMatch,eurostat-nace21
NACE_2.1,4774,NACE_2.0,4799,closeMatch,eurostat-nace21
NACE_2.1,4775,NACE_2.0,4775,closeMatch,eurostat-nace21
NACE_2.1,4775,NACE_2.0,4789,closeMatch,eurostat-nace21
NACE_2.1,4775,NACE_2.0,4791,closeMatch,eurostat-nace21
NACE_2.1,4775,NACE_2.0,4799,closeMatch,eurostat-nace21
NACE_2.1,4776,NACE_2.0,4776,closeMatch,eurostat-nace21
NACE_2.1,4776,NACE_2.0,4789,closeMatch,eurostat-nace21
NACE_2.1,4776,NACE_2.0,4791,closeMatch,eurostat-nace21
NACE_2.1,4776,NACE_2.0,4799,closeMatch,eurostat-nace21
NACE_2.1,4777,NACE_2.0,4777,closeMatch,eurostat-nace21
NACE_2.1,4777,NACE_2.0,4789,closeMatch,eurostat-nace21
NACE_2.1,4777,NACE_2.0,4791,closeMatch,eurostat-nace21
NACE_2.1,4777,NACE_2.0,4799,closeMatch,eurostat-nace21
NACE_2.1,4778,NACE_2.0,4778,closeMatch,eurostat-nace21
NACE_2.1,4778,NACE_2.0,4789,closeMatch,eurostat-nace21
NACE_2.1,4778,NACE_2.0,4791,closeMatch,eurostat-nace21
NACE_2.1,4778,NACE_2.0,4799,closeMatch,eurostat-nace21
NACE_2.1,4779,NACE_2.0,4779,closeMatch,eurostat-nace21
NACE_2.1,4779,NACE_2.0,4782,closeMatch,eurostat-nace21
NACE_2.1,4779,NACE_2.0,4789,closeMatch,eurostat-nace21
NACE_2.1,4779,NACE_2.0,4791,closeMatch,eurostat-nace21
NACE_2.1,4779,NACE_2.0,4799,closeMatch,eurostat-nace21
NACE_2.1,478,NACE_2.0,451,closeMatch,eurostat-nace21
NACE_2.1,478,NACE_2.0,453,closeMatch,eurostat-nace21
NACE_2.1,478,NACE_2.0,454,closeMatch,eurostat-nace21
NACE_2.1,4781,NACE_2.0,4511,closeMatch,eurostat-nace21
NACE_2.1,4781,NACE_2.0,4519,closeMatch,eurostat-nace21
NACE_2.1,4782,NACE_2.0,4532,closeMatch,eurostat-nace21
NACE_2.1,4783,NACE_2.0,4540,closeMatch,eurostat-nace21
NACE_2.1,479,NACE_2.0,451,closeMatch,eurostat-nace21
NACE_2.1,479,NACE_2.0,453,closeMatch,eurostat-nace21
NACE_2.1,479,NACE_2.0,454,closeMatch,eurostat-nace21
NACE_2.1,479,NACE_2.0,471,closeMatch,eurostat-nace21
NACE_2.1,479,NACE_2.0,472,closeMatch,eurostat-nace21
NACE_2.1,479,NACE_2.0,473,closeMatch,eurostat-nace21
NACE_2.1,479,NACE_2.0,474,closeMatch,eurostat-nace21
NACE_2.1,479,NACE_2.0,475,closeMatch,eurostat-nace21
NACE_2.1,479,NACE_2.0,476,closeMatch,eurostat-nace21
NACE_2.1,479,NACE_2.0,477,closeMatch,eurostat-nace21
NACE_2.1,479,NACE_2.0,479,closeMatch,eurostat-nace21
NACE_2.1,479,NACE_2.0,829,closeMatch,eurostat-nace21
NACE_2.1,4791,NACE_2.0,4711,closeMatch,eurostat-nace21
NACE_2.1,4791,NACE_2.0,4719,closeMatch,eurostat-nace21
NACE_2.1,4791,NACE_2.0,4779,closeMatch,eurostat-nace21
NACE_2.1,4791,NACE_2.0,4791,closeMatch,eurostat-nace21
NACE_2.1,4791,NACE_2.0,4799,closeMatch,eurostat-nace21
NACE_2.1,4791,NACE_2.0,8299,closeMatch,eurostat-nace21
NACE_2.1,4792,NACE_2.0,4511,closeMatch,eurostat-nace21
NACE_2.1,4792,NACE_2.0,4519,closeMatch,eurostat-nace21
NACE_2.1,4792,NACE_2.0,4532,closeMatch,eurostat-nace21
NACE_2.1,4792,NACE_2.0,4540,closeMatch,eurostat-nace21
NACE_2.1,4792,NACE_2.0,4721,closeMatch,eurostat-nace21
NACE_2.1,4792,NACE_2.0,4722,closeMatch,eurostat-nace21
NACE_2.1,4792,NACE_2.0,4723,closeMatch,eurostat-nace21
NACE_2.1,4792,NACE_2.0,4724,closeMatch,eurostat-nace21
NACE_2.1,4792,NACE_2.0,4725,closeMatch,eurostat-nace21
NACE_2.1,4792,NACE_2.0,4726,closeMatch,eurostat-nace21
NACE_2.1,4792,NACE_2.0,4729,closeMatch,eurostat-nace21
NACE_2.1,4792,NACE_2.0,4730,closeMatch,eurostat-nace21
NACE_2.1,4792,NACE_2.0,4741,closeMatch,eurostat-nace21
NACE_2.1,4792,NACE_2.0,4742,closeMatch,eurostat-nace21
NACE_2.1,4792,NACE_2.0,4743,closeMatch,eurostat-nace21
NACE_2.1,4792,NACE_2.0,4751,closeMatch,eurostat-nace21
NACE_2.1,4792,NACE_2.0,4752,closeMatch,eurostat-nace21
NACE_2.1,4792,NACE_2.0,4753,closeMatch,eurostat-nace21
NACE_2.1,4792,NACE_2.0,4754,closeMatch,eurostat-nace21
NACE_2.1,4792,NACE_2.0,4759,closeMatch,eurostat-nace21
NACE_2.1,4792,NACE_2.0,4761,closeMatch,eurostat-nace21
NACE_2.1,4792,NACE_2.0,4762,closeMatch,eurostat-nace21
NACE_2.1,4792,NACE_2.0,4763,closeMatch,eurostat-nace21
NACE_2.1,4792,NACE_2.0,4764,closeMatch,eurostat-nace21
NACE_2.1,4792,NACE_2.0,4765,closeMatch,eurostat-nace21
NACE_2.1,4792,NACE_2.0,4771,closeMatch,eurostat-nace21
NACE_2.1,4792,NACE_2.0,4772,closeMatch,eurostat-nace21
NACE_2.1,4792,NACE_2.0,4773,closeMatch,eurostat-nace21
NACE_2.1,4792,NACE_2.0,4774,closeMatch,eurostat-nace21
NACE_2.1,4792,NACE_2.0,4775,closeMatch,eurostat-nace21
NACE_2.1,4792,NACE_2.0,4776,closeMatch,eurostat-nace21
NACE_2.1,4792,NACE_2.0,4777,closeMatch,eurostat-nace21
NACE_2.1,4792,NACE_2.0,4778,closeMatch,eurostat-nace21
NACE_2.1,4792,NACE_2.0,4779,closeMatch,eurostat-nace21
NACE_2.1,4792,NACE_2.0,4791,closeMatch,eurostat-nace21
NACE_2.1,4792,NACE_2.0,4799,closeMatch,eurostat-nace21
NACE_2.1,4792,NACE_2.0,8299,closeMatch,eurostat-nace21
NACE_2.1,49,NACE_2.0,49,closeMatch,eurostat-nace21
NACE_2.1,491,NACE_2.0,491,closeMatch,eurostat-nace21
NACE_2.1,491,NACE_2.0,493,closeMatch,eurostat-nace21
NACE_2.1,4911,NACE_2.0,4910,closeMatch,eurostat-nace21
NACE_2.1,4912,NACE_2.0,4910,closeMatch,eurostat-nace21
NACE_2.1,4912,NACE_2.0,4931,closeMatch,eurostat-nace21
NACE_2.1,492,NACE_2.0,492,closeMatch,eurostat-nace21
NACE_2.1,4920,NACE_2.0,4920,closeMatch,eurostat-nace21
NACE_2.1,493,NACE_2.0,493,closeMatch,eurostat-nace21
NACE_2.1,4931,NACE_2.0,4931,closeMatch,eurostat-nace21
NACE_2.1,4931,NACE_2.0,4939,closeMatch,eurostat-nace21
NACE_2.1,4932,NACE_2.0,4939,closeMatch,eurostat-nace21
NACE_2.1,4933,NACE_2.0,4932,closeMatch,eurostat-nace21
NACE_2.1,4934,NACE_2.0,4931,closeMatch,eurostat-nace21
NACE_2.1,4934,NACE_2.0,4939,closeMatch,eurostat-nace21
NACE_2.1,4939,NACE_2.0,4939,closeMatch,eurostat-nace21
NACE_2.1,494,NACE_2.0,494,closeMatch,eurostat-nace21
NACE_2.1,4941,NACE_2.0,4941,closeMatch,eurostat-nace21
NACE_2.1,4942,NACE_2.0,4942,closeMatch,eurostat-nace21
NACE_2.1,495,NACE_2.0,495,closeMatch,eurostat-nace21
NACE_2.1,4950,NACE_2.0,4950,closeMatch,eurostat-nace21
NACE_2.1,50,NACE_2.0,50,closeMatch,eurostat-nace21
NACE_2.1,501,NACE_2.0,501,closeMatch,eurostat-nace21
NACE_2.1,5010,NACE_2.0,5010,closeMatch,eurostat-nace21
NACE_2.1,502,NACE_2.0,502,closeMatch,eurostat-nace21
NACE_2.1,5020,NACE_2.0,5020,closeMatch,eurostat-nace21
NACE_2.1,503,NACE_2.0,503,closeMatch,eurostat-nace21
NACE_2.1,5030,NACE_2.0,5030,closeMatch,eurostat-nace21
NACE_2.1,504,NACE_2.0,504,closeMatch,eurostat-nace21
NACE_2.1,5040,NACE_2.0,5040,closeMatch,eurostat-nace21
NACE_2.1,51,NACE_2.0,51,closeMatch,eurostat-nace21
NACE_2.1,511,NACE_2.0,511,closeMatch,eurostat-nace21
NACE_2.1,5110,NACE_2.0,5110,closeMatch,eurostat-nace21
NACE_2.1,512,NACE_2.0,512,closeMatch,eurostat-nace21
NACE_2.1,5121,NACE_2.0,5121,closeMatch,eurostat-nace21
NACE_2.1,5122,NACE_2.0,5122,closeMatch,eurostat-nace21
NACE_2.1,52,NACE_2.0,49,closeMatch,eurostat-nace21
NACE_2.1,52,NACE_2.0,52,closeMatch,eurostat-nace21
NACE_2.1,52,NACE_2.0,79,closeMatch,eurostat-nace21
NACE_2.1,521,NACE_2.0,521,closeMatch,eurostat-nace21
NACE_2.1,5210,NACE_2.0,5210,closeMatch,eurostat-nace21
NACE_2.1,522,NACE_2.0,494,closeMatch,eurostat-nace21
NACE_2.1,522,NACE_2.0,522,closeMatch,eurostat-nace21
NACE_2.1,5221,NACE_2.0,5221,closeMatch,eurostat-nace21
NACE_2.1,5222,NACE_2.0,5222,closeMatch,eurostat-nace21
NACE_2.1,5223,NACE_2.0,5223,closeMatch,eurostat-nace21
NACE_2.1,5224,NACE_2.0,4941,closeMatch,eurostat-nace21
NACE_2.1,5224,NACE_2.0,5224,closeMatch,eurostat-nace21
NACE_2.1,5225,NACE_2.0,5229,closeMatch,eurostat-nace21
NACE_2.1,5226,NACE_2.0,5229,closeMatch,eurostat-nace21
NACE_2.1,523,NACE_2.0,493,closeMatch,eurostat-nace21
NACE_2.1,523,NACE_2.0,522,closeMatch,eurostat-nace21
NACE_2.1,523,NACE_2.0,791,closeMatch,eurostat-nace21
NACE_2.1,523,NACE_2.0,799,closeMatch,eurostat-nace21
NACE_2.1,5231,NACE_2.0,5229,closeMatch,eurostat-nace21
NACE_2.1,5232,NACE_2.0,4932,closeMatch,eurostat-nace21
NACE_2.1,5232,NACE_2.0,5229,closeMatch,eurostat-nace21
NACE_2.1,5232,NACE_2.0,7911,closeMatch,eurostat-nace21
NACE_2.1,5232,NACE_2.0,7990,closeMatch,eurostat-nace21
NACE_2.1,53,NACE_2.0,53,closeMatch,eurostat-nace21
NACE_2.1,53,NACE_2.0,82,closeMatch,eurostat-nace21
NACE_2.1,53,NACE_2.0,96,closeMatch,eurostat-nace21
NACE_2.1,531,NACE_2.0,531,closeMatch,eurostat-nace21
NACE_2.1,5310,NACE_2.0,5310,closeMatch,eurostat-nace21
NACE_2.1,532,NACE_2.0,532,closeMatch,eurostat-nace21
NACE_2.1,532,NACE_2.0,960,closeMatch,eurostat-nace21
NACE_2.1,5320,NACE_2.0,5320,closeMatch,eurostat-nace21
NACE_2.1,5320,NACE_2.0,9601,closeMatch,eurostat-nace21
NACE_2.1,533,NACE_2.0,829,closeMatch,eurostat-nace21
NACE_2.1,5330,NACE_2.0,8299,closeMatch,eurostat-nace21
NACE_2.1,55,NACE_2.0,55,closeMatch,eurostat-nace21
NACE_2.1,55,NACE_2.0,68,closeMatch,eurostat-nace21
NACE_2.1,55,NACE_2.0,79,closeMatch,eurostat-nace21
NACE_2.1,551,NACE_2.0,551,closeMatch,eurostat-nace21
NACE_2.1,5510,NACE_2.0,5510,closeMatch,eurostat-nace21
NACE_2.1,552,NACE_2.0,552,closeMatch,eurostat-nace21
NACE_2.1,5520,NACE_2.0,5520,closeMatch,eurostat-nace21
NACE_2.1,553,NACE_2.0,553,closeMatch,eurostat-nace21
NACE_2.1,5530,NACE_2.0,5530,closeMatch,eurostat-nace21
NACE_2.1,554,NACE_2.0,791,closeMatch,eurostat-nace21
NACE_2.1,554,NACE_2.0,799,closeMatch,eurostat-nace21
NACE_2.1,5540,NACE_2.0,7911,closeMatch,eurostat-nace21
NACE_2.1,5540,NACE_2.0,7990,closeMatch,eurostat-nace21
NACE_2.1,559,NACE_2.0,559,closeMatch,eurostat-nace21
NACE_2.1,559,NACE_2.0,682,closeMatch,eurostat-nace21
NACE_2.1,5590,NACE_2.0,5590,closeMatch,eurostat-nace21
NACE_2.1,5590,NACE_2.0,6820,closeMatch,eurostat-nace21
NACE_2.1,56,NACE_2.0,56,closeMatch,eurostat-nace21
NACE_2.1,56,NACE_2.0,79,closeMatch,eurostat-nace21
NACE_2.1,561,NACE_2.0,561,closeMatch,eurostat-nace21
NACE_2.1,5611,NACE_2.0,5610,closeMatch,eurostat-nace21
NACE_2.1,5612,NACE_2.0,5610,closeMatch,eurostat-nace21
NACE_2.1,562,NACE_2.0,562,closeMatch,eurostat-nace21
NACE_2.1,5621,NACE_2.0,5621,closeMatch,eurostat-nace21
NACE_2.1,5622,NACE_2.0,5629,closeMatch,eurostat-nace21
NACE_2.1,563,NACE_2.0,563,closeMatch,eurostat-nace21
NACE_2.1,5630,NACE_2.0,5630,closeMatch,eurostat-nace21
NACE_2.1,564,NACE_2.0,799,closeMatch,eurostat-nace21
NACE_2.1,5640,NACE_2.0,7990,closeMatch,eurostat-nace21
NACE_2.1,58,NACE_2.0,58,closeMatch,eurostat-nace21
NACE_2.1,581,NACE_2.0,581,closeMatch,eurostat-nace21
NACE_2.1,5811,NACE_2.0,5811,closeMatch,eurostat-nace21
NACE_2.1,5812,NACE_2.0,5813,closeMatch,eurostat-nace21
NACE_2.1,5813,NACE_2.0,5814,closeMatch,eurostat-nace21
NACE_2.1,5819,NACE_2.0,5812,closeMatch,eurostat-nace21
NACE_2.1,5819,NACE_2.0,5819,closeMatch,eurostat-nace21
NACE_2.1,582,NACE_2.0,582,closeMatch,eurostat-nace21
NACE_2.1,5821,NACE_2.0,5821,closeMatch,eurostat-nace21
NACE_2.1,5829,NACE_2.0,5829,closeMatch,eurostat-nace21
NACE_2.1,59,NACE_2.0,59,closeMatch,eurostat-nace21
NACE_2.1,591,NACE_2.0,591,closeMatch,eurostat-nace21
NACE_2.1,5911,NACE_2.0,5911,closeMatch,eurostat-nace21
NACE_2.1,5912,NACE_2.0,5912,closeMatch,eurostat-nace21
NACE_2.1,5913,NACE_2.0,5913,closeMatch,eurostat-nace21
NACE_2.1,5914,NACE_2.0,5914,closeMatch,eurostat-nace21
NACE_2.1,592,NACE_2.0,592,closeMatch,eurostat-nace21
NACE_2.1,5920,NACE_2.0,5920,closeMatch,eurostat-nace21
NACE_2.1,60,NACE_2.0,47,closeMatch,eurostat-nace21
NACE_2.1,60,NACE_2.0,60,closeMatch,eurostat-nace21
NACE_2.1,60,NACE_2.0,63,closeMatch,eurostat-nace21
NACE_2.1,601,NACE_2.0,601,closeMatch,eurostat-nace21
NACE_2.1,6010,NACE_2.0,6010,closeMatch,eurostat-nace21
NACE_2.1,602,NACE_2.0,602,closeMatch,eurostat-nace21
NACE_2.1,602,NACE_2.0,631,closeMatch,eurostat-nace21
NACE_2.1,6020,NACE_2.0,6020,closeMatch,eurostat-nace21
NACE_2.1,6020,NACE_2.0,6311,closeMatch,eurostat-nace21
NACE_2.1,603,NACE_2.0,479,closeMatch,eurostat-nace21
NACE_2.1,603,NACE_2.0,631,closeMatch,eurostat-nace21
NACE_2.1,603,NACE_2.0,639,closeMatch,eurostat-nace21
NACE_2.1,6031,NACE_2.0,6391,closeMatch,eurostat-nace21
NACE_2.1,6039,NACE_2.0,4791,closeMatch,eurostat-nace21
NACE_2.1,6039,NACE_2.0,6311,closeMatch,eurostat-nace21
NACE_2.1,6039,NACE_2.0,6312,closeMatch,eurostat-nace21
NACE_2.1,61,NACE_2.0,61,closeMatch,eurostat-nace21
NACE_2.1,61,NACE_2.0,82,closeMatch,eurostat-nace21
NACE_2.1,611,NACE_2.0,611,closeMatch,eurostat-nace21
NACE_2.1,611,NACE_2.0,612,closeMatch,eurostat-nace21
NACE_2.1,611,NACE_2.0,613,closeMatch,eurostat-nace21
NACE_2.1,6110,NACE_2.0,6110,closeMatch,eurostat-nace21
NACE_2.1,6110,NACE_2.0,6120,closeMatch,eurostat-nace21
NACE_2.1,6110,NACE_2.0,6130,closeMatch,eurostat-nace21
NACE_2.1,612,NACE_2.0,619,closeMatch,eurostat-nace21
NACE_2.1,612,NACE_2.0,829,closeMatch,eurostat-nace21
NACE_2.1,6120,NACE_2.0,6190,closeMatch,eurostat-nace21
NACE_2.1,6120,NACE_2.0,8299,closeMatch,eurostat-nace21
NACE_2.1,619,NACE_2.0,612,closeMatch,eurostat-nace21
NACE_2.1,619,NACE_2.0,619,closeMatch,eurostat-nace21
NACE_2.1,6190,NACE_2.0,6120,closeMatch,eurostat-nace21
NACE_2.1,6190,NACE_2.0,6190,closeMatch,eurostat-nace21
NACE_2.1,62,NACE_2.0,62,closeMatch,eurostat-nace21
NACE_2.1,621,NACE_2.0,620,closeMatch,eurostat-nace21
NACE_2.1,6210,NACE_2.0,6201,closeMatch,eurostat-nace21
NACE_2.1,622,NACE_2.0,620,closeMatch,eurostat-nace21
NACE_2.1,6220,NACE_2.0,6202,closeMatch,eurostat-nace21
NACE_2.1,6220,NACE_2.0,6203,closeMatch,eurostat-nace21
NACE_2.1,629,NACE_2.0,620,closeMatch,eurostat-nace21
NACE_2.1,6290,NACE_2.0,6209,closeMatch,eurostat-nace21
NACE_2.1,63,NACE_2.0,52,closeMatch,eurostat-nace21
NACE_2.1,63,NACE_2.0,63,closeMatch,eurostat-nace21
NACE_2.1,631,NACE_2.0,521,closeMatch,eurostat-nace21
NACE_2.1,631,NACE_2.0,631,closeMatch,eurostat-nace21
NACE_2.1,6310,NACE_2.0,5210,closeMatch,eurostat-nace21
NACE_2.1,6310,NACE_2.0,6311,closeMatch,eurostat-nace21
NACE_2.1,639,NACE_2.0,631,closeMatch,eurostat-nace21
NACE_2.1,639,NACE_2.0,639,closeMatch,eurostat-nace21
NACE_2.1,6391,NACE_2.0,6312,closeMatch,eurostat-nace21
NACE_2.1,6392,NACE_2.0,6399,closeMatch,eurostat-nace21
NACE_2.1,64,NACE_2.0,64,closeMatch,eurostat-nace21
NACE_2.1,641,NACE_2.0,641,closeMatch,eurostat-nace21
NACE_2.1,6411,NACE_2.0,6411,closeMatch,eurostat-nace21
NACE_2.1,6419,NACE_2.0,6419,closeMatch,eurostat-nace21
NACE_2.1,642,NACE_2.0,642,closeMatch,eurostat-nace21
NACE_2.1,642,NACE_2.0,649,closeMatch,eurostat-nace21
NACE_2.1,6421,NACE_2.0,6420,closeMatch,eurostat-nace21
NACE_2.1,6422,NACE_2.0,6420,closeMatch,eurostat-nace21
NACE_2.1,6422,NACE_2.0,6499,closeMatch,eurostat-nace21
NACE_2.1,643,NACE_2.0,643,closeMatch,eurostat-nace21
NACE_2.1,6431,NACE_2.0,6430,closeMatch,eurostat-nace21
NACE_2.1,6432,NACE_2.0,6430,closeMatch,eurostat-nace21
NACE_2.1,649,NACE_2.0,649,closeMatch,eurostat-nace21
NACE_2.1,6491,NACE_2.0,6491,closeMatch,eurostat-nace21
NACE_2.1,6492,NACE_2.0,6492,closeMatch,eurostat-nace21
NACE_2.1,6492,NACE_2.0,6499,closeMatch,eurostat-nace21
NACE_2.1,6499,NACE_2.0,6499,closeMatch,eurostat-nace21
NACE_2.1,65,NACE_2.0,65,closeMatch,eurostat-nace21
NACE_2.1,651,NACE_2.0,651,closeMatch,eurostat-nace21
NACE_2.1,6511,NACE_2.0,6511,closeMatch,eurostat-nace21
NACE_2.1,6512,NACE_2.0,6512,closeMatch,eurostat-nace21
NACE_2.1,652,NACE_2.0,652,closeMatch,eurostat-nace21
NACE_2.1,6520,NACE_2.0,6520,closeMatch,eurostat-nace21
NACE_2.1,653,NACE_2.0,653,closeMatch,eurostat-nace21
NACE_2.1,6530,NACE_2.0,6530,closeMatch,eurostat-nace21
NACE_2.1,66,NACE_2.0,66,closeMatch,eurostat-nace21
NACE_2.1,661,NACE_2.0,661,closeMatch,eurostat-nace21
NACE_2.1,6611,NACE_2.0,6611,closeMatch,eurostat-nace21
NACE_2.1,6612,NACE_2.0,6612,closeMatch,eurostat-nace21
NACE_2.1,6619,NACE_2.0,6619,closeMatch,eurostat-nace21
NACE_2.1,662,NACE_2.0,662,closeMatch,eurostat-nace21
NACE_2.1,6621,NACE_2.0,6621,closeMatch,eurostat-nace21
NACE_2.1,6622,NACE_2.0,6622,closeMatch,eurostat-nace21
NACE_2.1,6629,NACE_2.0,6629,closeMatch,eurostat-nace21
NACE_2.1,663,NACE_2.0,661,closeMatch,eurostat-nace21
NACE_2.1,663,NACE_2.0,663,closeMatch,eurostat-nace21
NACE_2.1,6630,NACE_2.0,6619,closeMatch,eurostat-nace21
NACE_2.1,6630,NACE_2.0,6630,closeMatch,eurostat-nace21
NACE_2.1,68,NACE_2.0,41,closeMatch,eurostat-nace21
NACE_2.1,68,NACE_2.0,42,closeMatch,eurostat-nace21
NACE_2.1,68,NACE_2.0,68,closeMatch,eurostat-nace21
NACE_2.1,681,NACE_2.0,411,closeMatch,eurostat-nace21
NACE_2.1,681,NACE_2.0,429,closeMatch,eurostat-nace21
NACE_2.1,681,NACE_2.0,681,closeMatch,eurostat-nace21
NACE_2.1,6811,NACE_2.0,6810,closeMatch,eurostat-nace21
NACE_2.1,6812,NACE_2.0,4110,closeMatch,eurostat-nace21
NACE_2.1,6812,NACE_2.0,4299,closeMatch,eurostat-nace21
NACE_2.1,682,NACE_2.0,682,closeMatch,eurostat-nace21
NACE_2.1,6820,NACE_2.0,6820,closeMatch,eurostat-nace21
NACE_2.1,683,NACE_2.0,683,closeMatch,eurostat-nace21
NACE_2.1,6831,NACE_2.0,6831,closeMatch,eurostat-nace21
NACE_2.1,6832,NACE_2.0,6831,closeMatch,eurostat-nace21
NACE_2.1,6832,NACE_2.0,6832,closeMatch,eurostat-nace21
NACE_2.1,69,NACE_2.0,69,closeMatch,eurostat-nace21
NACE_2.1,691,NACE_2.0,691,closeMatch,eurostat-nace21
NACE_2.1,6910,NACE_2.0,6910,closeMatch,eurostat-nace21
NACE_2.1,692,NACE_2.0,692,closeMatch,eurostat-nace21
NACE_2.1,6920,NACE_2.0,6920,closeMatch,eurostat-nace21
NACE_2.1,70,NACE_2.0,70,closeMatch,eurostat-nace21
NACE_2.1,701,NACE_2.0,701,closeMatch,eurostat-nace21
NACE_2.1,7010,NACE_2.0,7010,closeMatch,eurostat-nace21
NACE_2.1,702,NACE_2.0,702,closeMatch,eurostat-nace21
NACE_2.1,7020,NACE_2.0,7022,closeMatch,eurostat-nace21
NACE_2.1,71,NACE_2.0,71,closeMatch,eurostat-nace21
NACE_2.1,711,NACE_2.0,711,closeMatch,eurostat-nace21
NACE_2.1,7111,NACE_2.0,7111,closeMatch,eurostat-nace21
NACE_2.1,7112,NACE_2.0,7112,closeMatch,eurostat-nace21
NACE_2.1,712,NACE_2.0,712,closeMatch,eurostat-nace21
NACE_2.1,7120,NACE_2.0,7120,closeMatch,eurostat-nace21
NACE_2.1,72,NACE_2.0,72,closeMatch,eurostat-nace21
NACE_2.1,721,NACE_2.0,721,closeMatch,eurostat-nace21
NACE_2.1,7210,NACE_2.0,7211,closeMatch,eurostat-nace21
NACE_2.1,7210,NACE_2.0,7219,closeMatch,eurostat-nace21
NACE_2.1,722,NACE_2.0,722,closeMatch,eurostat-nace21
NACE_2.1,7220,NACE_2.0,7220,closeMatch,eurostat-nace21
NACE_2.1,73,NACE_2.0,70,closeMatch,eurostat-nace21
NACE_2.1,73,NACE_2.0,73,closeMatch,eurostat-nace21
NACE_2.1,731,NACE_2.0,731,closeMatch,eurostat-nace21
NACE_2.1,7311,NACE_2.0,7311,closeMatch,eurostat-nace21
NACE_2.1,7312,NACE_2.0,7312,closeMatch,eurostat-nace21
NACE_2.1,732,NACE_2.0,732,closeMatch,eurostat-nace21
NACE_2.1,7320,NACE_2.0,7320,closeMatch,eurostat-nace21
NACE_2.1,733,NACE_2.0,702,closeMatch,eurostat-nace21
NACE_2.1,7330,NACE_2.0,7021,closeMatch,eurostat-nace21
NACE_2.1,74,NACE_2.0,74,closeMatch,eurostat-nace21
NACE_2.1,741,NACE_2.0,741,closeMatch,eurostat-nace21
NACE_2.1,7411,NACE_2.0,7410,closeMatch,eurostat-nace21
NACE_2.1,7412,NACE_2.0,7410,closeMatch,eurostat-nace21
NACE_2.1,7413,NACE_2.0,7410,closeMatch,eurostat-nace21
NACE_2.1,7414,NACE_2.0,7410,closeMatch,eurostat-nace21
NACE_2.1,742,NACE_2.0,742,closeMatch,eurostat-nace21
NACE_2.1,7420,NACE_2.0,7420,closeMatch,eurostat-nace21
NACE_2.1,743,NACE_2.0,743,closeMatch,eurostat-nace21
NACE_2.1,7430,NACE_2.0,7430,closeMatch,eurostat-nace21
NACE_2.1,749,NACE_2.0,749,closeMatch,eurostat-nace21
NACE_2.1,7491,NACE_2.0,7490,closeMatch,eurostat-nace21
NACE_2.1,7499,NACE_2.0,7490,closeMatch,eurostat-nace21
NACE_2.1,75,NACE_2.0,75,closeMatch,eurostat-nace21
NACE_2.1,750,NACE_2.0,750,closeMatch,eurostat-nace21
NACE_2.1,7500,NACE_2.0,7500,closeMatch,eurostat-nace21
NACE_2.1,77,NACE_2.0,77,closeMatch,eurostat-nace21
NACE_2.1,77,NACE_2.0,79,closeMatch,eurostat-nace21
NACE_2.1,77,NACE_2.0,82,closeMatch,eurostat-nace21
NACE_2.1,771,NACE_2.0,771,closeMatch,eurostat-nace21
NACE_2.1,771,NACE_2.0,773,closeMatch,eurostat-nace21
NACE_2.1,7711,NACE_2.0,7711,closeMatch,eurostat-nace21
NACE_2.1,7711,NACE_2.0,7712,closeMatch,eurostat-nace21
NACE_2.1,7711,NACE_2.0,7739,closeMatch,eurostat-nace21
NACE_2.1,7712,NACE_2.0,7712,closeMatch,eurostat-nace21
NACE_2.1,7712,NACE_2.0,7739,closeMatch,eurostat-nace21
NACE_2.1,772,NACE_2.0,772,closeMatch,eurostat-nace21
NACE_2.1,7721,NACE_2.0,7721,closeMatch,eurostat-nace21
NACE_2.1,7722,NACE_2.0,7722,closeMatch,eurostat-nace21
NACE_2.1,7722,NACE_2.0,7729,closeMatch,eurostat-nace21
NACE_2.1,773,NACE_2.0,773,closeMatch,eurostat-nace21
NACE_2.1,7731,NACE_2.0,7731,closeMatch,eurostat-nace21
NACE_2.1,7732,NACE_2.0,7732,closeMatch,eurostat-nace21
NACE_2.1,7733,NACE_2.0,7733,closeMatch,eurostat-nace21
NACE_2.1,7734,NACE_2.0,7734,closeMatch,eurostat-nace21
NACE_2.1,7735,NACE_2.0,7735,closeMatch,eurostat-nace21
NACE_2.1,7739,NACE_2.0,7739,closeMatch,eurostat-nace21
NACE_2.1,774,NACE_2.0,774,closeMatch,eurostat-nace21
NACE_2.1,7740,NACE_2.0,7740,closeMatch,eurostat-nace21
NACE_2.1,775,NACE_2.0,791,closeMatch,eurostat-nace21
NACE_2.1,775,NACE_2.0,799,closeMatch,eurostat-nace21
NACE_2.1,775,NACE_2.0,829,closeMatch,eurostat-nace21
NACE_2.1,7751,NACE_2.0,7911,closeMatch,eurostat-nace21
NACE_2.1,7751,NACE_2.0,7990,closeMatch,eurostat-nace21
NACE_2.1,7751,NACE_2.0,8299,closeMatch,eurostat-nace21
NACE_2.1,7752,NACE_2.0,8299,closeMatch,eurostat-nace21
NACE_2.1,78,NACE_2.0,78,closeMatch,eurostat-nace21
NACE_2.1,781,NACE_2.0,781,closeMatch,eurostat-nace21
NACE_2.1,7810,NACE_2.0,7810,closeMatch,eurostat-nace21
NACE_2.1,782,NACE_2.0,782,closeMatch,eurostat-nace21
NACE_2.1,782,NACE_2.0,783,closeMatch,eurostat-nace21
NACE_2.1,7820,NACE_2.0,7820,closeMatch,eurostat-nace21
NACE_2.1,7820,NACE_2.0,7830,closeMatch,eurostat-nace21
NACE_2.1,79,NACE_2.0,79,closeMatch,eurostat-nace21
NACE_2.1,791,NACE_2.0,791,closeMatch,eurostat-nace21
NACE_2.1,7911,NACE_2.0,7911,closeMatch,eurostat-nace21
NACE_2.1,7912,NACE_2.0,7912,closeMatch,eurostat-nace21
NACE_2.1,799,NACE_2.0,799,closeMatch,eurostat-nace21
NACE_2.1,7990,NACE_2.0,7990,closeMatch,eurostat-nace21
NACE_2.1,80,NACE_2.0,74,closeMatch,eurostat-nace21
NACE_2.1,80,NACE_2.0,80,closeMatch,eurostat-nace21
NACE_2.1,800,NACE_2.0,749,closeMatch,eurostat-nace21
NACE_2.1,800,NACE_2.0,801,closeMatch,eurostat-nace21
NACE_2.1,800,NACE_2.0,802,closeMatch,eurostat-nace21
NACE_2.1,800,NACE_2.0,803,closeMatch,eurostat-nace21
NACE_2.1,8001,NACE_2.0,8010,closeMatch,eurostat-nace21
NACE_2.1,8001,NACE_2.0,8030,closeMatch,eurostat-nace21
NACE_2.1,8009,NACE_2.0,7490,closeMatch,eurostat-nace21
NACE_2.1,8009,NACE_2.0,8020,closeMatch,eurostat-nace21
NACE_2.1,81,NACE_2.0,43,closeMatch,eurostat-nace21
NACE_2.1,81,NACE_2.0,81,closeMatch,eurostat-nace21
NACE_2.1,811,NACE_2.0,811,closeMatch,eurostat-nace21
NACE_2.1,8110,NACE_2.0,8110,closeMatch,eurostat-nace21
NACE_2.1,812,NACE_2.0,433,closeMatch,eurostat-nace21
NACE_2.1,812,NACE_2.0,439,closeMatch,eurostat-nace21
NACE_2.1,812,NACE_2.0,812,closeMatch,eurostat-nace21
NACE_2.1,8121,NACE_2.0,8121,closeMatch,eurostat-nace21
NACE_2.1,8122,NACE_2.0,4339,closeMatch,eurostat-nace21
NACE_2.1,8122,NACE_2.0,4399,closeMatch,eurostat-nace21
NACE_2.1,8122,NACE_2.0,8122,closeMatch,eurostat-nace21
NACE_2.1,8123,NACE_2.0,8129,closeMatch,eurostat-nace21
NACE_2.1,813,NACE_2.0,813,closeMatch,eurostat-nace21
NACE_2.1,8130,NACE_2.0,8130,closeMatch,eurostat-nace21
NACE_2.1,82,NACE_2.0,79,closeMatch,eurostat-nace21
NACE_2.1,82,NACE_2.0,82,closeMatch,eurostat-nace21
NACE_2.1,821,NACE_2.0,821,closeMatch,eurostat-nace21
NACE_2.1,8210,NACE_2.0,8211,closeMatch,eurostat-nace21
NACE_2.1,8210,NACE_2.0,8219,closeMatch,eurostat-nace21
NACE_2.1,822,NACE_2.0,822,closeMatch,eurostat-nace21
NACE_2.1,8220,NACE_2.0,8220,closeMatch,eurostat-nace21
NACE_2.1,823,NACE_2.0,823,closeMatch,eurostat-nace21
NACE_2.1,8230,NACE_2.0,8230,closeMatch,eurostat-nace21
NACE_2.1,824,NACE_2.0,799,closeMatch,eurostat-nace21
NACE_2.1,824,NACE_2.0,829,closeMatch,eurostat-nace21
NACE_2.1,8240,NACE_2.0,7990,closeMatch,eurostat-nace21
NACE_2.1,8240,NACE_2.0,8299,closeMatch,eurostat-nace21
NACE_2.1,829,NACE_2.0,829,closeMatch,eurostat-nace21
NACE_2.1,8291,NACE_2.0,8291,closeMatch,eurostat-nace21
NACE_2.1,8291,NACE_2.0,8299,closeMatch,eurostat-nace21
NACE_2.1,8292,NACE_2.0,8292,closeMatch,eurostat-nace21
NACE_2.1,8299,NACE_2.0,8299,closeMatch,eurostat-nace21
NACE_2.1,84,NACE_2.0,84,closeMatch,eurostat-nace21
NACE_2.1,84,NACE_2.0,93,closeMatch,eurostat-nace21
NACE_2.1,841,NACE_2.0,841,closeMatch,eurostat-nace21
NACE_2.1,8411,NACE_2.0,8411,closeMatch,eurostat-nace21
NACE_2.1,8412,NACE_2.0,8412,closeMatch,eurostat-nace21
NACE_2.1,8413,NACE_2.0,8413,closeMatch,eurostat-nace21
NACE_2.1,842,NACE_2.0,842,closeMatch,eurostat-nace21
NACE_2.1,842,NACE_2.0,932,closeMatch,eurostat-nace21
NACE_2.1,8421,NACE_2.0,8421,closeMatch,eurostat-nace21
NACE_2.1,8422,NACE_2.0,8422,closeMatch,eurostat-nace21
NACE_2.1,8423,NACE_2.0,8423,closeMatch,eurostat-nace21
NACE_2.1,8424,NACE_2.0,8424,closeMatch,eurostat-nace21
NACE_2.1,8425,NACE_2.0,8425,closeMatch,eurostat-nace21
NACE_2.1,8425,NACE_2.0,9329,closeMatch,eurostat-nace21
NACE_2.1,843,NACE_2.0,843,closeMatch,eurostat-nace21
NACE_2.1,8430,NACE_2.0,8430,closeMatch,eurostat-nace21
NACE_2.1,85,NACE_2.0,82,closeMatch,eurostat-nace21
NACE_2.1,85,NACE_2.0,85,closeMatch,eurostat-nace21
NACE_2.1,85,NACE_2.0,88,closeMatch,eurostat-nace21
NACE_2.1,851,NACE_2.0,851,closeMatch,eurostat-nace21
NACE_2.1,851,NACE_2.0,889,closeMatch,eurostat-nace21
NACE_2.1,8510,NACE_2.0,8510,closeMatch,eurostat-nace21
NACE_2.1,8510,NACE_2.0,8891,closeMatch,eurostat-nace21
NACE_2.1,852,NACE_2.0,852,closeMatch,eurostat-nace21
NACE_2.1,8520,NACE_2.0,8520,closeMatch,eurostat-nace21
NACE_2.1,853,NACE_2.0,853,closeMatch,eurostat-nace21
NACE_2.1,853,NACE_2.0,854,closeMatch,eurostat-nace21
NACE_2.1,8531,NACE_2.0,8531,closeMatch,eurostat-nace21
NACE_2.1,8532,NACE_2.0,8532,closeMatch,eurostat-nace21
NACE_2.1,8533,NACE_2.0,8541,closeMatch,eurostat-nace21
NACE_2.1,854,NACE_2.0,854,closeMatch,eurostat-nace21
NACE_2.1,8540,NACE_2.0,8542,closeMatch,eurostat-nace21
NACE_2.1,855,NACE_2.0,855,closeMatch,eurostat-nace21
NACE_2.1,8551,NACE_2.0,8551,closeMatch,eurostat-nace21
NACE_2.1,8552,NACE_2.0,8552,closeMatch,eurostat-nace21
NACE_2.1,8553,NACE_2.0,8553,closeMatch,eurostat-nace21
NACE_2.1,8559,NACE_2.0,8559,closeMatch,eurostat-nace21
NACE_2.1,856,NACE_2.0,829,closeMatch,eurostat-nace21
NACE_2.1,856,NACE_2.0,856,closeMatch,eurostat-nace21
NACE_2.1,8561,NACE_2.0,8299,closeMatch,eurostat-nace21
NACE_2.1,8569,NACE_2.0,8560,closeMatch,eurostat-nace21
NACE_2.1,86,NACE_2.0,82,closeMatch,eurostat-nace21
NACE_2.1,86,NACE_2.0,86,closeMatch,eurostat-nace21
NACE_2.1,861,NACE_2.0,861,closeMatch,eurostat-nace21
NACE_2.1,8610,NACE_2.0,8610,closeMatch,eurostat-nace21
NACE_2.1,862,NACE_2.0,862,closeMatch,eurostat-nace21
NACE_2.1,8621,NACE_2.0,8621,closeMatch,eurostat-nace21
NACE_2.1,8622,NACE_2.0,8622,closeMatch,eurostat-nace21
NACE_2.1,8623,NACE_2.0,8623,closeMatch,eurostat-nace21
NACE_2.1,869,NACE_2.0,829,closeMatch,eurostat-nace21
NACE_2.1,869,NACE_2.0,869,closeMatch,eurostat-nace21
NACE_2.1,8691,NACE_2.0,8690,closeMatch,eurostat-nace21
NACE_2.1,8692,NACE_2.0,8690,closeMatch,eurostat-nace21
NACE_2.1,8693,NACE_2.0,8690,closeMatch,eurostat-nace21
NACE_2.1,8694,NACE_2.0,8690,closeMatch,eurostat-nace21
NACE_2.1,8695,NACE_2.0,8690,closeMatch,eurostat-nace21
NACE_2.1,8696,NACE_2.0,8690,closeMatch,eurostat-nace21
NACE_2.1,8697,NACE_2.0,8299,closeMatch,eurostat-nace21
NACE_2.1,8699,NACE_2.0,8690,closeMatch,eurostat-nace21
NACE_2.1,87,NACE_2.0,82,closeMatch,eurostat-nace21
NACE_2.1,87,NACE_2.0,87,closeMatch,eurostat-nace21
NACE_2.1,871,NACE_2.0,871,closeMatch,eurostat-nace21
NACE_2.1,8710,NACE_2.0,8710,closeMatch,eurostat-nace21
NACE_2.1,872,NACE_2.0,872,closeMatch,eurostat-nace21
NACE_2.1,8720,NACE_2.0,8720,closeMatch,eurostat-nace21
NACE_2.1,873,NACE_2.0,873,closeMatch,eurostat-nace21
NACE_2.1,8730,NACE_2.0,8730,closeMatch,eurostat-nace21
NACE_2.1,879,NACE_2.0,829,closeMatch,eurostat-nace21
NACE_2.1,879,NACE_2.0,879,closeMatch,eurostat-nace21
NACE_2.1,8791,NACE_2.0,8299,closeMatch,eurostat-nace21
NACE_2.1,8799,NACE_2.0,8790,closeMatch,eurostat-nace21
NACE_2.1,88,NACE_2.0,88,closeMatch,eurostat-nace21
NACE_2.1,881,NACE_2.0,881,closeMatch,eurostat-nace21
NACE_2.1,8810,NACE_2.0,8810,closeMatch,eurostat-nace21
NACE_2.1,889,NACE_2.0,889,closeMatch,eurostat-nace21
NACE_2.1,8891,NACE_2.0,8891,closeMatch,eurostat-nace21
NACE_2.1,8899,NACE_2.0,8899,closeMatch,eurostat-nace21
NACE_2.1,90,NACE_2.0,90,closeMatch,eurostat-nace21
NACE_2.1,901,NACE_2.0,900,closeMatch,eurostat-nace21
NACE_2.1,9011,NACE_2.0,9003,closeMatch,eurostat-nace21
NACE_2.1,9012,NACE_2.0,9003,closeMatch,eurostat-nace21
NACE_2.1,9013,NACE_2.0,9003,closeMatch,eurostat-nace21
NACE_2.1,902,NACE_2.0,900,closeMatch,eurostat-nace21
NACE_2.1,9020,NACE_2.0,9001,closeMatch,eurostat-nace21
NACE_2.1,903,NACE_2.0,900,closeMatch,eurostat-nace21
NACE_2.1,9031,NACE_2.0,9004,closeMatch,eurostat-nace21
NACE_2.1,9039,NACE_2.0,9002,closeMatch,eurostat-nace21
NACE_2.1,91,NACE_2.0,33,closeMatch,eurostat-nace21
NACE_2.1,91,NACE_2.0,41,closeMatch,eurostat-nace21
NACE_2.1,91,NACE_2.0,90,closeMatch,eurostat-nace21
NACE_2.1,91,NACE_2.0,91,closeMatch,eurostat-nace21
NACE_2.1,911,NACE_2.0,910,closeMatch,eurostat-nace21
NACE_2.1,9111,NACE_2.0,9101,closeMatch,eurostat-nace21
NACE_2.1,9112,NACE_2.0,9101,closeMatch,eurostat-nace21
NACE_2.1,912,NACE_2.0,910,closeMatch,eurostat-nace21
NACE_2.1,9121,NACE_2.0,9102,closeMatch,eurostat-nace21
NACE_2.1,9122,NACE_2.0,9103,closeMatch,eurostat-nace21
NACE_2.1,913,NACE_2.0,331,closeMatch,eurostat-nace21
NACE_2.1,913,NACE_2.0,412,closeMatch,eurostat-nace21
NACE_2.1,913,NACE_2.0,900,closeMatch,eurostat-nace21
NACE_2.1,9130,NACE_2.0,3319,closeMatch,eurostat-nace21
NACE_2.1,9130,NACE_2.0,4120,closeMatch,eurostat-nace21
NACE_2.1,9130,NACE_2.0,9003,closeMatch,eurostat-nace21
NACE_2.1,914,NACE_2.0,910,closeMatch,eurostat-nace21
NACE_2.1,9141,NACE_2.0,9104,closeMatch,eurostat-nace21
NACE_2.1,9142,NACE_2.0,9104,closeMatch,eurostat-nace21
NACE_2.1,92,NACE_2.0,92,closeMatch,eurostat-nace21
NACE_2.1,920,NACE_2.0,920,closeMatch,eurostat-nace21
NACE_2.1,9200,NACE_2.0,9200,closeMatch,eurostat-nace21
NACE_2.1,93,NACE_2.0,82,closeMatch,eurostat-nace21
NACE_2.1,93,NACE_2.0,85,closeMatch,eurostat-nace21
NACE_2.1,93,NACE_2.0,93,closeMatch,eurostat-nace21
NACE_2.1,931,NACE_2.0,855,closeMatch,eurostat-nace21
NACE_2.1,931,NACE_2.0,931,closeMatch,eurostat-nace21
NACE_2.1,931,NACE_2.0,932,closeMatch,eurostat-nace21
NACE_2.1,9311,NACE_2.0,9311,closeMatch,eurostat-nace21
NACE_2.1,9311,NACE_2.0,9329,closeMatch,eurostat-nace21
NACE_2.1,9312,NACE_2.0,9311,closeMatch,eurostat-nace21
NACE_2.1,9312,NACE_2.0,9312,closeMatch,eurostat-nace21
NACE_2.1,9312,NACE_2.0,9329,closeMatch,eurostat-nace21
NACE_2.1,9313,NACE_2.0,8551,closeMatch,eurostat-nace21
NACE_2.1,9313,NACE_2.0,9313,closeMatch,eurostat-nace21
NACE_2.1,9319,NACE_2.0,9319,closeMatch,eurostat-nace21
NACE_2.1,9319,NACE_2.0,9329,closeMatch,eurostat-nace21
NACE_2.1,932,NACE_2.0,823,closeMatch,eurostat-nace21
NACE_2.1,932,NACE_2.0,931,closeMatch,eurostat-nace21
NACE_2.1,932,NACE_2.0,932,closeMatch,eurostat-nace21
NACE_2.1,9321,NACE_2.0,9321,closeMatch,eurostat-nace21
NACE_2.1,9329,NACE_2.0,8230,closeMatch,eurostat-nace21
NACE_2.1,9329,NACE_2.0,9311,closeMatch,eurostat-nace21
NACE_2.1,9329,NACE_2.0,9319,closeMatch,eurostat-nace21
NACE_2.1,9329,NACE_2.0,9321,closeMatch,eurostat-nace21
NACE_2.1,9329,NACE_2.0,9329,closeMatch,eurostat-nace21
NACE_2.1,94,NACE_2.0,94,closeMatch,eurostat-nace21
NACE_2.1,941,NACE_2.0,941,closeMatch,eurostat-nace21
NACE_2.1,9411,NACE_2.0,9411,closeMatch,eurostat-nace21
NACE_2.1,9412,NACE_2.0,9412,closeMatch,eurostat-nace21
NACE_2.1,942,NACE_2.0,942,closeMatch,eurostat-nace21
NACE_2.1,9420,NACE_2.0,9420,closeMatch,eurostat-nace21
NACE_2.1,949,NACE_2.0,949,closeMatch,eurostat-nace21
NACE_2.1,9491,NACE_2.0,9491,closeMatch,eurostat-nace21
NACE_2.1,9492,NACE_2.0,9492,closeMatch,eurostat-nace21
NACE_2.1,9499,NACE_2.0,9499,closeMatch,eurostat-nace21
NACE_2.1,95,NACE_2.0,45,closeMatch,eurostat-nace21
NACE_2.1,95,NACE_2.0,82,closeMatch,eurostat-nace21
NACE_2.1,95,NACE_2.0,95,closeMatch,eurostat-nace21
NACE_2.1,951,NACE_2.0,951,closeMatch,eurostat-nace21
NACE_2.1,9510,NACE_2.0,9511,closeMatch,eurostat-nace21
NACE_2.1,9510,NACE_2.0,9512,closeMatch,eurostat-nace21
NACE_2.1,952,NACE_2.0,952,closeMatch,eurostat-nace21
NACE_2.1,9521,NACE_2.0,9521,closeMatch,eurostat-nace21
NACE_2.1,9522,NACE_2.0,9522,closeMatch,eurostat-nace21
NACE_2.1,9523,NACE_2.0,9523,closeMatch,eurostat-nace21
NACE_2.1,9524,NACE_2.0,9524,closeMatch,eurostat-nace21
NACE_2.1,9525,NACE_2.0,9525,closeMatch,eurostat-nace21
NACE_2.1,9529,NACE_2.0,9529,closeMatch,eurostat-nace21
NACE_2.1,953,NACE_2.0,452,closeMatch,eurostat-nace21
NACE_2.1,953,NACE_2.0,454,closeMatch,eurostat-nace21
NACE_2.1,9531,NACE_2.0,4520,closeMatch,eurostat-nace21
NACE_2.1,9532,NACE_2.0,4540,closeMatch,eurostat-nace21
NACE_2.1,954,NACE_2.0,829,closeMatch,eurostat-nace21
NACE_2.1,9540,NACE_2.0,8299,closeMatch,eurostat-nace21
NACE_2.1,96,NACE_2.0,81,closeMatch,eurostat-nace21
NACE_2.1,96,NACE_2.0,82,closeMatch,eurostat-nace21
NACE_2.1,96,NACE_2.0,96,closeMatch,eurostat-nace21
NACE_2.1,961,NACE_2.0,960,closeMatch,eurostat-nace21
NACE_2.1,9610,NACE_2.0,9601,closeMatch,eurostat-nace21
NACE_2.1,962,NACE_2.0,960,closeMatch,eurostat-nace21
NACE_2.1,9621,NACE_2.0,9602,closeMatch,eurostat-nace21
NACE_2.1,9622,NACE_2.0,9602,closeMatch,eurostat-nace21
NACE_2.1,9623,NACE_2.0,9604,closeMatch,eurostat-nace21
NACE_2.1,963,NACE_2.0,960,closeMatch,eurostat-nace21
NACE_2.1,9630,NACE_2.0,9603,closeMatch,eurostat-nace21
NACE_2.1,964,NACE_2.0,829,closeMatch,eurostat-nace21
NACE_2.1,9640,NACE_2.0,8299,closeMatch,eurostat-nace21
NACE_2.1,969,NACE_2.0,812,closeMatch,eurostat-nace21
NACE_2.1,969,NACE_2.0,960,closeMatch,eurostat-nace21
NACE_2.1,9691,NACE_2.0,8121,closeMatch,eurostat-nace21
NACE_2.1,9691,NACE_2.0,9601,closeMatch,eurostat-nace21
NACE_2.1,9699,NACE_2.0,9609,closeMatch,eurostat-nace21
NACE_2.1,97,NACE_2.0,97,closeMatch,eurostat-nace21
NACE_2.1,970,NACE_2.0,970,closeMatch,eurostat-nace21
NACE_2.1,9700,NACE_2.0,9700,closeMatch,eurostat-nace21
NACE_2.1,98,NACE_2.0,98,closeMatch,eurostat-nace21
NACE_2.1,981,NACE_2.0,981,closeMatch,eurostat-nace21
NACE_2.1,9810,NACE_2.0,9810,closeMatch,eurostat-nace21
NACE_2.1,982,NACE_2.0,982,closeMatch,eurostat-nace21
NACE_2.1,9820,NACE_2.0,9820,closeMatch,eurostat-nace21
NACE_2.1,99,NACE_2.0,99,closeMatch,eurostat-nace21
NACE_2.1,990,NACE_2.0,990,closeMatch,eurostat-nace21
NACE_2.1,9900,NACE_2.0,9900,closeMatch,eurostat-nace21
NACE_2.1,A,NACE_2.0,A,closeMatch,eurostat-nace21
NACE_2.1,A,NACE_2.0,C,closeMatch,eurostat-nace21
NACE_2.1,B,NACE_2.0,B,closeMatch,eurostat-nace21
NACE_2.1,C,NACE_2.0,C,closeMatch,eurostat-nace21
NACE_2.1,C,NACE_2.0,E,closeMatch,eurostat-nace21
NACE_2.1,C,NACE_2.0,M,closeMatch,eurostat-nace21
NACE_2.1,C,NACE_2.0,N,closeMatch,eurostat-nace21
NACE_2.1,D,NACE_2.0,D,closeMatch,eurostat-nace21
NACE_2.1,D,NACE_2.0,H,closeMatch,eurostat-nace21
NACE_2.1,E,NACE_2.0,E,closeMatch,eurostat-nace21
NACE_2.1,F,NACE_2.0,F,closeMatch,eurostat-nace21
NACE_2.1,F,NACE_2.0,N,closeMatch,eurostat-nace21
NACE_2.1,G,NACE_2.0,G,closeMatch,eurostat-nace21
NACE_2.1,G,NACE_2.0,N,closeMatch,eurostat-nace21
NACE_2.1,H,NACE_2.0,H,closeMatch,eurostat-nace21
NACE_2.1,H,NACE_2.0,N,closeMatch,eurostat-nace21
NACE_2.1,H,NACE_2.0,S,closeMatch,eurostat-nace21
NACE_2.1,I,NACE_2.0,I,closeMatch,eurostat-nace21
NACE_2.1,I,NACE_2.0,L,closeMatch,eurostat-nace21
NACE_2.1,I,NACE_2.0,N,closeMatch,eurostat-nace21
NACE_2.1,J,NACE_2.0,G,closeMatch,eurostat-nace21
NACE_2.1,J,NACE_2.0,J,closeMatch,eurostat-nace21
NACE_2.1,K,NACE_2.0,H,closeMatch,eurostat-nace21
NACE_2.1,K,NACE_2.0,J,closeMatch,eurostat-nace21
NACE_2.1,K,NACE_2.0,N,closeMatch,eurostat-nace21
NACE_2.1,L,NACE_2.0,K,closeMatch,eurostat-nace21
NACE_2.1,M,NACE_2.0,F,closeMatch,eurostat-nace21
NACE_2.1,M,NACE_2.0,L,closeMatch,eurostat-nace21
NACE_2.1,N,NACE_2.0,M,closeMatch,eurostat-nace21
NACE_2.1,O,NACE_2.0,F,closeMatch,eurostat-nace21
NACE_2.1,O,NACE_2.0,M,closeMatch,eurostat-nace21
NACE_2.1,O,NACE_2.0,N,closeMatch,eurostat-nace21
NACE_2.1,P,NACE_2.0,O,closeMatch,eurostat-nace21
NACE_2.1,P,NACE_2.0,R,closeMatch,eurostat-nace21
NACE_2.1,Q,NACE_2.0,N,closeMatch,eurostat-nace21
NACE_2.1,Q,NACE_2.0,P,closeMatch,eurostat-nace21
NACE_2.1,Q,NACE_2.0,Q,closeMatch,eurostat-nace21
NACE_2.1,R,NACE_2.0,N,closeMatch,eurostat-nace21
NACE_2.1,R,NACE_2.0,Q,closeMatch,eurostat-nace21
NACE_2.1,S,NACE_2.0,C,closeMatch,eurostat-nace21
NACE_2.1,S,NACE_2.0,F,closeMatch,eurostat-nace21
NACE_2.1,S,NACE_2.0,N,closeMatch,eurostat-nace21
NACE_2.1,S,NACE_2.0,P,closeMatch,eurostat-nace21
NACE_2.1,S,NACE_2.0,R,closeMatch,eurostat-nace21
NACE_2.1,T,NACE_2.0,G,closeMatch,eurostat-nace21
NACE_2.1,T,NACE_2.0,N,closeMatch,eurostat-nace21
NACE_2.1,T,NACE_2.0,S,closeMatch,eurostat-nace21
NACE_2.1,U,NACE_2.0,T,closeMatch,eurostat-nace21
NACE_2.1,V,NACE_2.0,U,closeMatch,eurostat-nace21
NOGA_2008,01,NACE_2.0,01,exactMatch,ofs-methodologie
NOGA_2008,011,NACE_2.0,011,exactMatch,ofs-methodologie
NOGA_2008,0111,NACE_2.0,0111,exactMatch,ofs-methodologie
NOGA_2008,011100,NACE_2.0,0111,broadMatch,ofs-noga2008
NOGA_2008,0112,NACE_2.0,0112,exactMatch,ofs-methodologie
NOGA_2008,011200,NACE_2.0,0112,broadMatch,ofs-noga2008
NOGA_2008,0113,NACE_2.0,0113,exactMatch,ofs-methodologie
NOGA_2008,011300,NACE_2.0,0113,broadMatch,ofs-noga2008
NOGA_2008,0114,NACE_2.0,0114,exactMatch,ofs-methodologie
NOGA_2008,011400,NACE_2.0,0114,broadMatch,ofs-noga2008
NOGA_2008,0115,NACE_2.0,0115,exactMatch,ofs-methodologie
NOGA_2008,011500,NACE_2.0,0115,broadMatch,ofs-noga2008
NOGA_2008,0116,NACE_2.0,0116,exactMatch,ofs-methodologie
NOGA_2008,011600,NACE_2.0,0116,broadMatch,ofs-noga2008
NOGA_2008,0119,NACE_2.0,0119,exactMatch,ofs-methodologie
NOGA_2008,011900,NACE_2.0,0119,broadMatch,ofs-noga2008
NOGA_2008,012,NACE_2.0,012,exactMatch,ofs-methodologie
NOGA_2008,0121,NACE_2.0,0121,exactMatch,ofs-methodologie
NOGA_2008,012101,NACE_2.0,0121,broadMatch,ofs-noga2008
NOGA_2008,012102,NACE_2.0,0121,broadMatch,ofs-noga2008
NOGA_2008,0122,NACE_2.0,0122,exactMatch,ofs-methodologie
NOGA_2008,012200,NACE_2.0,0122,broadMatch,ofs-noga2008
NOGA_2008,0123,NACE_2.0,0123,exactMatch,ofs-methodologie
NOGA_2008,012300,NACE_2.0,0123,broadMatch,ofs-noga2008
NOGA_2008,0124,NACE_2.0,0124,exactMatch,ofs-methodologie
NOGA_2008,012400,NACE_2.0,0124,broadMatch,ofs-noga2008
NOGA_2008,0125,NACE_2.0,0125,exactMatch,ofs-methodologie
NOGA_2008,012500,NACE_2.0,0125,broadMatch,ofs-noga2008
NOGA_2008,0126,NACE_2.0,0126,exactMatch,ofs-methodologie
NOGA_2008,012600,NACE_2.0,0126,broadMatch,ofs-noga2008
NOGA_2008,0127,NACE_2.0,0127,exactMatch,ofs-methodologie
NOGA_2008,012700,NACE_2.0,0127,broadMatch,ofs-noga2008
NOGA_2008,0128,NACE_2.0,0128,exactMatch,ofs-methodologie
NOGA_2008,012800,NACE_2.0,0128,broadMatch,ofs-noga2008
NOGA_2008,0129,NACE_2.0,0129,exactMatch,ofs-methodologie
NOGA_2008,012900,NACE_2.0,0129,broadMatch,ofs-noga2008
NOGA_2008,013,NACE_2.0,013,exactMatch,ofs-methodologie
NOGA_2008,0130,NACE_2.0,0130,exactMatch,ofs-methodologie
NOGA_2008,013000,NACE_2.0,0130,broadMatch,ofs-noga2008
NOGA_2008,014,NACE_2.0,014,exactMatch,ofs-methodologie
NOGA_2008,0141,NACE_2.0,0141,exactMatch,ofs-methodologie
NOGA_2008,014100,NACE_2.0,0141,broadMatch,ofs-noga2008
NOGA_2008,0142,NACE_2.0,0142,exactMatch,ofs-methodologie
NOGA_2008,014200,NACE_2.0,0142,broadMatch,ofs-noga2008
NOGA_2008,0143,NACE_2.0,0143,exactMatch,ofs-methodologie
NOGA_2008,014300,NACE_2.0,0143,broadMatch,ofs-noga2008
NOGA_2008,0144,NACE_2.0,0144,exactMatch,ofs-methodologie
NOGA_2008,014400,NACE_2.0,0144,broadMatch,ofs-noga2008
NOGA_2008,0145,NACE_2.0,0145,exactMatch,ofs-methodologie
NOGA_2008,014500,NACE_2.0,0145,broadMatch,ofs-noga2008
NOGA_2008,0146,NACE_2.0,0146,exactMatch,ofs-methodologie
NOGA_2008,014600,NACE_2.0,0146,broadMatch,ofs-noga2008
NOGA_2008,0147,NACE_2.0,0147,exactMatch,ofs-methodologie
NOGA_2008,014700,NACE_2.0,0147,broadMatch,ofs-noga2008
NOGA_2008,0149,NACE_2.0,0149,exactMatch,ofs-methodologie
NOGA_2008,014900,NACE_2.0,0149,broadMatch,ofs-noga2008
NOGA_2008,015,NACE_2.0,015,exactMatch,ofs-methodologie
NOGA_2008,0150,NACE_2.0,0150,exactMatch,ofs-methodologie
NOGA_2008,015000,NACE_2.0,0150,broadMatch,ofs-noga2008
NOGA_2008,016,NACE_2.0,016,exactMatch,ofs-methodologie
NOGA_2008,0161,NACE_2.0,0161,exactMatch,ofs-methodologie
NOGA_2008,016100,NACE_2.0,0161,broadMatch,ofs-noga2008
NOGA_2008,0162,NACE_2.0,0162,exactMatch,ofs-methodologie
NOGA_2008,016200,NACE_2.0,0162,broadMatch,ofs-noga2008
NOGA_2008,0163,NACE_2.0,0163,exactMatch,ofs-methodologie
NOGA_2008,016300,NACE_2.0,0163,broadMatch,ofs-noga2008
NOGA_2008,0164,NACE_2.0,0164,exactMatch,ofs-methodologie
NOGA_2008,016400,NACE_2.0,0164,broadMatch,ofs-noga2008
NOGA_2008,017,NACE_2.0,017,exactMatch,ofs-methodologie
NOGA_2008,0170,NACE_2.0,0170,exactMatch,ofs-methodologie
NOGA_2008,017000,NACE_2.0,0170,broadMatch,ofs-noga2008
NOGA_2008,02,NACE_2.0,02,exactMatch,ofs-methodologie
NOGA_2008,021,NACE_2.0,021,exactMatch,ofs-methodologie
NOGA_2008,0210,NACE_2.0,0210,exactMatch,ofs-methodologie
NOGA_2008,021000,NACE_2.0,0210,broadMatch,ofs-noga2008
NOGA_2008,022,NACE_2.0,022,exactMatch,ofs-methodologie
NOGA_2008,0220,NACE_2.0,0220,exactMatch,ofs-methodologie
NOGA_2008,022000,NACE_2.0,0220,broadMatch,ofs-noga2008
NOGA_2008,023,NACE_2.0,023,exactMatch,ofs-methodologie
NOGA_2008,0230,NACE_2.0,0230,exactMatch,ofs-methodologie
NOGA_2008,023000,NACE_2.0,0230,broadMatch,ofs-noga2008
NOGA_2008,024,NACE_2.0,024,exactMatch,ofs-methodologie
NOGA_2008,0240,NACE_2.0,0240,exactMatch,ofs-methodologie
NOGA_2008,024000,NACE_2.0,0240,broadMatch,ofs-noga2008
NOGA_2008,03,NACE_2.0,03,exactMatch,ofs-methodologie
NOGA_2008,031,NACE_2.0,031,exactMatch,ofs-methodologie
NOGA_2008,0311,NACE_2.0,0311,exactMatch,ofs-methodologie
NOGA_2008,031100,NACE_2.0,0311,broadMatch,ofs-noga2008
NOGA_2008,0312,NACE_2.0,0312,exactMatch,ofs-methodologie
NOGA_2008,031200,NACE_2.0,0312,broadMatch,ofs-noga2008
NOGA_2008,032,NACE_2.0,032,exactMatch,ofs-methodologie
NOGA_2008,0321,NACE_2.0,0321,exactMatch,ofs-methodologie
NOGA_2008,032100,NACE_2.0,0321,broadMatch,ofs-noga2008
NOGA_2008,0322,NACE_2.0,0322,exactMatch,ofs-methodologie
NOGA_2008,032200,NACE_2.0,0322,broadMatch,ofs-noga2008
NOGA_2008,05,NACE_2.0,05,exactMatch,ofs-methodologie
NOGA_2008,051,NACE_2.0,051,exactMatch,ofs-methodologie
NOGA_2008,0510,NACE_2.0,0510,exactMatch,ofs-methodologie
NOGA_2008,051000,NACE_2.0,0510,broadMatch,ofs-noga2008
NOGA_2008,052,NACE_2.0,052,exactMatch,ofs-methodologie
NOGA_2008,0520,NACE_2.0,0520,exactMatch,ofs-methodologie
NOGA_2008,052000,NACE_2.0,0520,broadMatch,ofs-noga2008
NOGA_2008,06,NACE_2.0,06,exactMatch,ofs-methodologie
NOGA_2008,061,NACE_2.0,061,exactMatch,ofs-methodologie
NOGA_2008,0610,NACE_2.0,0610,exactMatch,ofs-methodologie
NOGA_2008,061000,NACE_2.0,0610,broadMatch,ofs-noga2008
NOGA_2008,062,NACE_2.0,062,exactMatch,ofs-methodologie
NOGA_2008,0620,NACE_2.0,0620,exactMatch,ofs-methodologie
NOGA_2008,062000,NACE_2.0,0620,broadMatch,ofs-noga2008
NOGA_2008,07,NACE_2.0,07,exactMatch,ofs-methodologie
NOGA_2008,071,NACE_2.0,071,exactMatch,ofs-methodologie
NOGA_2008,0710,NACE_2.0,0710,exactMatch,ofs-methodologie
NOGA_2008,071000,NACE_2.0,0710,broadMatch,ofs-noga2008
NOGA_2008,072,NACE_2.0,072,exactMatch,ofs-methodologie
NOGA_2008,0721,NACE_2.0,0721,exactMatch,ofs-methodologie
NOGA_2008,072100,NACE_2.0,0721,broadMatch,ofs-noga2008
NOGA_2008,0729,NACE_2.0,0729,exactMatch,ofs-methodologie
NOGA_2008,072900,NACE_2.0,0729,broadMatch,ofs-noga2008
NOGA_2008,08,NACE_2.0,08,exactMatch,ofs-methodologie
NOGA_2008,081,NACE_2.0,081,exactMatch,ofs-methodologie
NOGA_2008,0811,NACE_2.0,0811,exactMatch,ofs-methodologie
NOGA_2008,081100,NACE_2.0,0811,broadMatch,ofs-noga2008
NOGA_2008,0812,NACE_2.0,0812,exactMatch,ofs-methodologie
NOGA_2008,081200,NACE_2.0,0812,broadMatch,ofs-noga2008
NOGA_2008,089,NACE_2.0,089,exactMatch,ofs-methodologie
NOGA_2008,0891,NACE_2.0,0891,exactMatch,ofs-methodologie
NOGA_2008,089100,NACE_2.0,0891,broadMatch,ofs-noga2008
NOGA_2008,0892,NACE_2.0,0892,exactMatch,ofs-methodologie
NOGA_2008,089200,NACE_2.0,0892,broadMatch,ofs-noga2008
NOGA_2008,0893,NACE_2.0,0893,exactMatch,ofs-methodologie
NOGA_2008,089300,NACE_2.0,0893,broadMatch,ofs-noga2008
NOGA_2008,0899,NACE_2.0,0899,exactMatch,ofs-methodologie
NOGA_2008,089900,NACE_2.0,0899,broadMatch,ofs-noga2008
NOGA_2008,09,NACE_2.0,09,exactMatch,ofs-methodologie
NOGA_2008,091,NACE_2.0,091,exactMatch,ofs-methodologie
NOGA_2008,0910,NACE_2.0,0910,exactMatch,ofs-methodologie
NOGA_2008,091000,NACE_2.0,0910,broadMatch,ofs-noga2008
NOGA_2008,099,NACE_2.0,099,exactMatch,ofs-methodologie
NOGA_2008,0990,NACE_2.0,0990,exactMatch,ofs-methodologie
NOGA_2008,099000,NACE_2.0,0990,broadMatch,ofs-noga2008
NOGA_2008,10,NACE_2.0,10,exactMatch,ofs-methodologie
NOGA_2008,101,NACE_2.0,101,exactMatch,ofs-methodologie
NOGA_2008,1011,NACE_2.0,1011,exactMatch,ofs-methodologie
NOGA_2008,101100,NACE_2.0,1011,broadMatch,ofs-noga2008
NOGA_2008,1012,NACE_2.0,1012,exactMatch,ofs-methodologie
NOGA_2008,101200,NACE_2.0,1012,broadMatch,ofs-noga2008
NOGA_2008,1013,NACE_2.0,1013,exactMatch,ofs-methodologie
NOGA_2008,101300,NACE_2.0,1013,broadMatch,ofs-noga2008
NOGA_2008,102,NACE_2.0,102,exactMatch,ofs-methodologie
NOGA_2008,1020,NACE_2.0,1020,exactMatch,ofs-methodologie
NOGA_2008,102000,NACE_2.0,1020,broadMatch,ofs-noga2008
NOGA_2008,103,NACE_2.0,103,exactMatch,ofs-methodologie
NOGA_2008,1031,NACE_2.0,1031,exactMatch,ofs-methodologie
NOGA_2008,103100,NACE_2.0,1031,broadMatch,ofs-noga2008
NOGA_2008,1032,NACE_2.0,1032,exactMatch,ofs-methodologie
NOGA_2008,103200,NACE_2.0,1032,broadMatch,ofs-noga2008
NOGA_2008,1039,NACE_2.0,1039,exactMatch,ofs-methodologie
NOGA_2008,103900,NACE_2.0,1039,broadMatch,ofs-noga2008
NOGA_2008,104,NACE_2.0,104,exactMatch,ofs-methodologie
NOGA_2008,1041,NACE_2.0,1041,exactMatch,ofs-methodologie
NOGA_2008,104100,NACE_2.0,1041,broadMatch,ofs-noga2008
NOGA_2008,1042,NACE_2.0,1042,exactMatch,ofs-methodologie
NOGA_2008,104200,NACE_2.0,1042,broadMatch,ofs-noga2008
NOGA_2008,105,NACE_2.0,105,exactMatch,ofs-methodologie
NOGA_2008,1051,NACE_2.0,1051,exactMatch,ofs-methodologie
NOGA_2008,105101,NACE_2.0,1051,broadMatch,ofs-noga2008
NOGA_2008,105102,NACE_2.0,1051,broadMatch,ofs-noga2008
NOGA_2008,105103,NACE_2.0,1051,broadMatch,ofs-noga2008
NOGA_2008,1052,NACE_2.0,1052,exactMatch,ofs-methodologie
NOGA_2008,105200,NACE_2.0,1052,broadMatch,ofs-noga2008
NOGA_2008,106,NACE_2.0,106,exactMatch,ofs-methodologie
NOGA_2008,1061,NACE_2.0,1061,exactMatch,ofs-methodologie
NOGA_2008,106100,NACE_2.0,1061,broadMatch,ofs-noga2008
NOGA_2008,1062,NACE_2.0,1062,exactMatch,ofs-methodologie
NOGA_2008,106200,NACE_2.0,1062,broadMatch,ofs-noga2008
NOGA_2008,107,NACE_2.0,107,exactMatch,ofs-methodologie
NOGA_2008,1071,NACE_2.0,1071,exactMatch,ofs-methodologie
NOGA_2008,107100,NACE_2.0,1071,broadMatch,ofs-noga2008
NOGA_2008,1072,NACE_2.0,1072,exactMatch,ofs-methodologie
NOGA_2008,107200,NACE_2.0,1072,broadMatch,ofs-noga2008
NOGA_2008,1073,NACE_2.0,1073,exactMatch,ofs-methodologie
NOGA_2008,107300,NACE_2.0,1073,broadMatch,ofs-noga2008
NOGA_2008,108,NACE_2.0,108,exactMatch,ofs-methodologie
NOGA_2008,1081,NACE_2.0,1081,exactMatch,ofs-methodologie
NOGA_2008,108100,NACE_2.0,1081,broadMatch,ofs-noga2008
NOGA_2008,1082,NACE_2.0,1082,exactMatch,ofs-methodologie
NOGA_2008,108201,NACE_2.0,1082,broadMatch,ofs-noga2008
NOGA_2008,108202,NACE_2.0,1082,broadMatch,ofs-noga2008
NOGA_2008,1083,NACE_2.0,1083,exactMatch,ofs-methodologie
NOGA_2008,108300,NACE_2.0,1083,broadMatch,ofs-noga2008
NOGA_2008,1084,NACE_2.0,1084,exactMatch,ofs-methodologie
NOGA_2008,108400,NACE_2.0,1084,broadMatch,ofs-noga2008
NOGA_2008,1085,NACE_2.0,1085,exactMatch,ofs-methodologie
NOGA_2008,108500,NACE_2.0,1085,broadMatch,ofs-noga2008
NOGA_2008,1086,NACE_2.0,1086,exactMatch,ofs-methodologie
NOGA_2008,108600,NACE_2.0,1086,broadMatch,ofs-noga2008
NOGA_2008,1089,NACE_2.0,1089,exactMatch,ofs-methodologie
NOGA_2008,108900,NACE_2.0,1089,broadMatch,ofs-noga2008
NOGA_2008,109,NACE_2.0,109,exactMatch,ofs-methodologie
NOGA_2008,1091,NACE_2.0,1091,exactMatch,ofs-methodologie
NOGA_2008,109100,NACE_2.0,1091,broadMatch,ofs-noga2008
NOGA_2008,1092,NACE_2.0,1092,exactMatch,ofs-methodologie
NOGA_2008,109200,NACE_2.0,1092,broadMatch,ofs-noga2008
NOGA_2008,11,NACE_2.0,11,exactMatch,ofs-methodologie
NOGA_2008,110,NACE_2.0,110,exactMatch,ofs-methodologie
NOGA_2008,1101,NACE_2.0,1101,exactMatch,ofs-methodologie
NOGA_2008,110100,NACE_2.0,1101,broadMatch,ofs-noga2008
NOGA_2008,1102,NACE_2.0,1102,exactMatch,ofs-methodologie
NOGA_2008,110200,NACE_2.0,1102,broadMatch,ofs-noga2008
NOGA_2008,1103,NACE_2.0,1103,exactMatch,ofs-methodologie
NOGA_2008,110300,NACE_2.0,1103,broadMatch,ofs-noga2008
NOGA_2008,1104,NACE_2.0,1104,exactMatch,ofs-methodologie
NOGA_2008,110400,NACE_2.0,1104,broadMatch,ofs-noga2008
NOGA_2008,1105,NACE_2.0,1105,exactMatch,ofs-methodologie
NOGA_2008,110500,NACE_2.0,1105,broadMatch,ofs-noga2008
NOGA_2008,1106,NACE_2.0,1106,exactMatch,ofs-methodologie
NOGA_2008,110600,NACE_2.0,1106,broadMatch,ofs-noga2008
NOGA_2008,1107,NACE_2.0,1107,exactMatch,ofs-methodologie
NOGA_2008,110700,NACE_2.0,1107,broadMatch,ofs-noga2008
NOGA_2008,12,NACE_2.0,12,exactMatch,ofs-methodologie
NOGA_2008,120,NACE_2.0,120,exactMatch,ofs-methodologie
NOGA_2008,1200,NACE_2.0,1200,exactMatch,ofs-methodologie
NOGA_2008,120000,NACE_2.0,1200,broadMatch,ofs-noga2008
NOGA_2008,13,NACE_2.0,13,exactMatch,ofs-methodologie
NOGA_2008,131,NACE_2.0,131,exactMatch,ofs-methodologie
NOGA_2008,1310,NACE_2.0,1310,exactMatch,ofs-methodologie
NOGA_2008,131001,NACE_2.0,1310,broadMatch,ofs-noga2008
NOGA_2008,131002,NACE_2.0,1310,broadMatch,ofs-noga2008
NOGA_2008,131003,NACE_2.0,1310,broadMatch,ofs-noga2008
NOGA_2008,131004,NACE_2.0,1310,broadMatch,ofs-noga2008
NOGA_2008,132,NACE_2.0,132,exactMatch,ofs-methodologie
NOGA_2008,1320,NACE_2.0,1320,exactMatch,ofs-methodologie
NOGA_2008,132001,NACE_2.0,1320,broadMatch,ofs-noga2008
NOGA_2008,132002,NACE_2.0,1320,broadMatch,ofs-noga2008
NOGA_2008,132003,NACE_2.0,1320,broadMatch,ofs-noga2008
NOGA_2008,133,NACE_2.0,133,exactMatch,ofs-methodologie
NOGA_2008,1330,NACE_2.0,1330,exactMatch,ofs-methodologie
NOGA_2008,133000,NACE_2.0,1330,broadMatch,ofs-noga2008
NOGA_2008,139,NACE_2.0,139,exactMatch,ofs-methodologie
NOGA_2008,1391,NACE_2.0,1391,exactMatch,ofs-methodologie
NOGA_2008,139100,NACE_2.0,1391,broadMatch,ofs-noga2008
NOGA_2008,1392,NACE_2.0,1392,exactMatch,ofs-methodologie
NOGA_2008,139201,NACE_2.0,1392,broadMatch,ofs-noga2008
NOGA_2008,139202,NACE_2.0,1392,broadMatch,ofs-noga2008
NOGA_2008,139203,NACE_2.0,1392,broadMatch,ofs-noga2008
NOGA_2008,1393,NACE_2.0,1393,exactMatch,ofs-methodologie
NOGA_2008,139300,NACE_2.0,1393,broadMatch,ofs-noga2008
NOGA_2008,1394,NACE_2.0,1394,exactMatch,ofs-methodologie
NOGA_2008,139400,NACE_2.0,1394,broadMatch,ofs-noga2008
NOGA_2008,1395,NACE_2.0,1395,exactMatch,ofs-methodologie
NOGA_2008,139500,NACE_2.0,1395,broadMatch,ofs-noga2008
NOGA_2008,1396,NACE_2.0,1396,exactMatch,ofs-methodologie
NOGA_2008,139600,NACE_2.0,1396,broadMatch,ofs-noga2008
NOGA_2008,1399,NACE_2.0,1399,exactMatch,ofs-methodologie
NOGA_2008,139901,NACE_2.0,1399,broadMatch,ofs-noga2008
NOGA_2008,139902,NACE_2.0,1399,broadMatch,ofs-noga2008
NOGA_2008,139903,NACE_2.0,1399,broadMatch,ofs-noga2008
NOGA_2008,14,NACE_2.0,14,exactMatch,ofs-methodologie
NOGA_2008,141,NACE_2.0,141,exactMatch,ofs-methodologie
NOGA_2008,1411,NACE_2.0,1411,exactMatch,ofs-methodologie
NOGA_2008,141100,NACE_2.0,1411,broadMatch,ofs-noga2008
NOGA_2008,1412,NACE_2.0,1412,exactMatch,ofs-methodologie
NOGA_2008,141200,NACE_2.0,1412,broadMatch,ofs-noga2008
NOGA_2008,1413,NACE_2.0,1413,exactMatch,ofs-methodologie
NOGA_2008,141301,NACE_2.0,1413,broadMatch,ofs-noga2008
NOGA_2008,141302,NACE_2.0,1413,broadMatch,ofs-noga2008
NOGA_2008,141303,NACE_2.0,1413,broadMatch,ofs-noga2008
NOGA_2008,1414,NACE_2.0,1414,exactMatch,ofs-methodologie
NOGA_2008,141401,NACE_2.0,1414,broadMatch,ofs-noga2008
NOGA_2008,141402,NACE_2.0,1414,broadMatch,ofs-noga2008
NOGA_2008,141403,NACE_2.0,1414,broadMatch,ofs-noga2008
NOGA_2008,1419,NACE_2.0,1419,exactMatch,ofs-methodologie
NOGA_2008,141900,NACE_2.0,1419,broadMatch,ofs-noga2008
NOGA_2008,142,NACE_2.0,142,exactMatch,ofs-methodologie
NOGA_2008,1420,NACE_2.0,1420,exactMatch,ofs-methodologie
NOGA_2008,142000,NACE_2.0,1420,broadMatch,ofs-noga2008
NOGA_2008,143,NACE_2.0,143,exactMatch,ofs-methodologie
NOGA_2008,1431,NACE_2.0,1431,exactMatch,ofs-methodologie
NOGA_2008,143100,NACE_2.0,1431,broadMatch,ofs-noga2008
NOGA_2008,1439,NACE_2.0,1439,exactMatch,ofs-methodologie
NOGA_2008,143900,NACE_2.0,1439,broadMatch,ofs-noga2008
NOGA_2008,15,NACE_2.0,15,exactMatch,ofs-methodologie
NOGA_2008,151,NACE_2.0,151,exactMatch,ofs-methodologie
NOGA_2008,1511,NACE_2.0,1511,exactMatch,ofs-methodologie
NOGA_2008,151100,NACE_2.0,1511,broadMatch,ofs-noga2008
NOGA_2008,1512,NACE_2.0,1512,exactMatch,ofs-methodologie
NOGA_2008,151200,NACE_2.0,1512,broadMatch,ofs-noga2008
NOGA_2008,152,NACE_2.0,152,exactMatch,ofs-methodologie
NOGA_2008,1520,NACE_2.0,1520,exactMatch,ofs-methodologie
NOGA_2008,152000,NACE_2.0,1520,broadMatch,ofs-noga2008
NOGA_2008,16,NACE_2.0,16,exactMatch,ofs-methodologie
NOGA_2008,161,NACE_2.0,161,exactMatch,ofs-methodologie
NOGA_2008,1610,NACE_2.0,1610,exactMatch,ofs-methodologie
NOGA_2008,161001,NACE_2.0,1610,broadMatch,ofs-noga2008
NOGA_2008,161002,NACE_2.0,1610,broadMatch,ofs-noga2008
NOGA_2008,161003,NACE_2.0,1610,broadMatch,ofs-noga2008
NOGA_2008,162,NACE_2.0,162,exactMatch,ofs-methodologie
NOGA_2008,1621,NACE_2.0,1621,exactMatch,ofs-methodologie
NOGA_2008,162100,NACE_2.0,1621,broadMatch,ofs-noga2008
NOGA_2008,1622,NACE_2.0,1622,exactMatch,ofs-methodologie
NOGA_2008,162200,NACE_2.0,1622,broadMatch,ofs-noga2008
NOGA_2008,1623,NACE_2.0,1623,exactMatch,ofs-methodologie
NOGA_2008,162301,NACE_2.0,1623,broadMatch,ofs-noga2008
NOGA_2008,162302,NACE_2.0,1623,broadMatch,ofs-noga2008
NOGA_2008,162303,NACE_2.0,1623,broadMatch,ofs-noga2008
NOGA_2008,1624,NACE_2.0,1624,exactMatch,ofs-methodologie
NOGA_2008,162400,NACE_2.0,1624,broadMatch,ofs-noga2008
NOGA_2008,1629,NACE_2.0,1629,exactMatch,ofs-methodologie
NOGA_2008,162900,NACE_2.0,1629,broadMatch,ofs-noga2008
NOGA_2008,17,NACE_2.0,17,exactMatch,ofs-methodologie
NOGA_2008,171,NACE_2.0,171,exactMatch,ofs-methodologie
NOGA_2008,1711,NACE_2.0,1711,exactMatch,ofs-methodologie
NOGA_2008,171100,NACE_2.0,1711,broadMatch,ofs-noga2008
NOGA_2008,1712,NACE_2.0,1712,exactMatch,ofs-methodologie
NOGA_2008,171200,NACE_2.0,1712,broadMatch,ofs-noga2008
NOGA_2008,172,NACE_2.0,172,exactMatch,ofs-methodologie
NOGA_2008,1721,NACE_2.0,1721,exactMatch,ofs-methodologie
NOGA_2008,172100,NACE_2.0,1721,broadMatch,ofs-noga2008
NOGA_2008,1722,NACE_2.0,1722,exactMatch,ofs-methodologie
NOGA_2008,172200,NACE_2.0,1722,broadMatch,ofs-noga2008
NOGA_2008,1723,NACE_2.0,1723,exactMatch,ofs-methodologie
NOGA_2008,172300,NACE_2.0,1723,broadMatch,ofs-noga2008
NOGA_2008,1724,NACE_2.0,1724,exactMatch,ofs-methodologie
NOGA_2008,172400,NACE_2.0,1724,broadMatch,ofs-noga2008
NOGA_2008,1729,NACE_2.0,1729,exactMatch,ofs-methodologie
NOGA_2008,172900,NACE_2.0,1729,broadMatch,ofs-noga2008
NOGA_2008,18,NACE_2.0,18,exactMatch,ofs-methodologie
NOGA_2008,181,NACE_2.0,181,exactMatch,ofs-methodologie
NOGA_2008,1811,NACE_2.0,1811,exactMatch,ofs-methodologie
NOGA_2008,181100,NACE_2.0,1811,broadMatch,ofs-noga2008
NOGA_2008,1812,NACE_2.0,1812,exactMatch,ofs-methodologie
NOGA_2008,181201,NACE_2.0,1812,broadMatch,ofs-noga2008
NOGA_2008,181202,NACE_2.0,1812,broadMatch,ofs-noga2008
NOGA_2008,181203,NACE_2.0,1812,broadMatch,ofs-noga2008
NOGA_2008,181204,NACE_2.0,1812,broadMatch,ofs-noga2008
NOGA_2008,1813,NACE_2.0,1813,exactMatch,ofs-methodologie
NOGA_2008,181301,NACE_2.0,1813,broadMatch,ofs-noga2008
NOGA_2008,181302,NACE_2.0,1813,broadMatch,ofs-noga2008
NOGA_2008,1814,NACE_2.0,1814,exactMatch,ofs-methodologie
NOGA_2008,181400,NACE_2.0,1814,broadMatch,ofs-noga2008
NOGA_2008,182,NACE_2.0,182,exactMatch,ofs-methodologie
NOGA_2008,1820,NACE_2.0,1820,exactMatch,ofs-methodologie
NOGA_2008,182000,NACE_2.0,1820,broadMatch,ofs-noga2008
NOGA_2008,19,NACE_2.0,19,exactMatch,ofs-methodologie
NOGA_2008,191,NACE_2.0,191,exactMatch,ofs-methodologie
NOGA_2008,1910,NACE_2.0,1910,exactMatch,ofs-methodologie
NOGA_2008,191000,NACE_2.0,1910,broadMatch,ofs-noga2008
NOGA_2008,192,NACE_2.0,192,exactMatch,ofs-methodologie
NOGA_2008,1920,NACE_2.0,1920,exactMatch,ofs-methodologie
NOGA_2008,192000,NACE_2.0,1920,broadMatch,ofs-noga2008
NOGA_2008,20,NACE_2.0,20,exactMatch,ofs-methodologie
NOGA_2008,201,NACE_2.0,201,exactMatch,ofs-methodologie
NOGA_2008,2011,NACE_2.0,2011,exactMatch,ofs-methodologie
NOGA_2008,201100,NACE_2.0,2011,broadMatch,ofs-noga2008
NOGA_2008,2012,NACE_2.0,2012,exactMatch,ofs-methodologie
NOGA_2008,201200,NACE_2.0,2012,broadMatch,ofs-noga2008
NOGA_2008,2013,NACE_2.0,2013,exactMatch,ofs-methodologie
NOGA_2008,201300,NACE_2.0,2013,broadMatch,ofs-noga2008
NOGA_2008,2014,NACE_2.0,2014,exactMatch,ofs-methodologie
NOGA_2008,201400,NACE_2.0,2014,broadMatch,ofs-noga2008
NOGA_2008,2015,NACE_2.0,2015,exactMatch,ofs-methodologie
NOGA_2008,201500,NACE_2.0,2015,broadMatch,ofs-noga2008
NOGA_2008,2016,NACE_2.0,2016,exactMatch,ofs-methodologie
NOGA_2008,201600,NACE_2.0,2016,broadMatch,ofs-noga2008
NOGA_2008,2017,NACE_2.0,2017,exactMatch,ofs-methodologie
NOGA_2008,201700,NACE_2.0,2017,broadMatch,ofs-noga2008
NOGA_2008,202,NACE_2.0,202,exactMatch,ofs-methodologie
NOGA_2008,2020,NACE_2.0,2020,exactMatch,ofs-methodologie
NOGA_2008,202000,NACE_2.0,2020,broadMatch,ofs-noga2008
NOGA_2008,203,NACE_2.0,203,exactMatch,ofs-methodologie
NOGA_2008,2030,NACE_2.0,2030,exactMatch,ofs-methodologie
NOGA_2008,203000,NACE_2.0,2030,broadMatch,ofs-noga2008
NOGA_2008,204,NACE_2.0,204,exactMatch,ofs-methodologie
NOGA_2008,2041,NACE_2.0,2041,exactMatch,ofs-methodologie
NOGA_2008,204100,NACE_2.0,2041,broadMatch,ofs-noga2008
NOGA_2008,2042,NACE_2.0,2042,exactMatch,ofs-methodologie
NOGA_2008,204200,NACE_2.0,2042,broadMatch,ofs-noga2008
NOGA_2008,205,NACE_2.0,205,exactMatch,ofs-methodologie
NOGA_2008,2051,NACE_2.0,2051,exactMatch,ofs-methodologie
NOGA_2008,205100,NACE_2.0,2051,broadMatch,ofs-noga2008
NOGA_2008,2052,NACE_2.0,2052,exactMatch,ofs-methodologie
NOGA_2008,205200,NACE_2.0,2052,broadMatch,ofs-noga2008
NOGA_2008,2053,NACE_2.0,2053,exactMatch,ofs-methodologie
NOGA_2008,205300,NACE_2.0,2053,broadMatch,ofs-noga2008
NOGA_2008,2059,NACE_2.0,2059,exactMatch,ofs-methodologie
NOGA_2008,205900,NACE_2.0,2059,broadMatch,ofs-noga2008
NOGA_2008,206,NACE_2.0,206,exactMatch,ofs-methodologie
NOGA_2008,2060,NACE_2.0,2060,exactMatch,ofs-methodologie
NOGA_2008,206000,NACE_2.0,2060,broadMatch,ofs-noga2008
NOGA_2008,21,NACE_2.0,21,exactMatch,ofs-methodologie
NOGA_2008,211,NACE_2.0,211,exactMatch,ofs-methodologie
NOGA_2008,2110,NACE_2.0,2110,exactMatch,ofs-methodologie
NOGA_2008,211000,NACE_2.0,2110,broadMatch,ofs-noga2008
NOGA_2008,212,NACE_2.0,212,exactMatch,ofs-methodologie
NOGA_2008,2120,NACE_2.0,2120,exactMatch,ofs-methodologie
NOGA_2008,212000,NACE_2.0,2120,broadMatch,ofs-noga2008
NOGA_2008,22,NACE_2.0,22,exactMatch,ofs-methodologie
NOGA_2008,221,NACE_2.0,221,exactMatch,ofs-methodologie
NOGA_2008,2211,NACE_2.0,2211,exactMatch,ofs-methodologie
NOGA_2008,221100,NACE_2.0,2211,broadMatch,ofs-noga2008
NOGA_2008,2219,NACE_2.0,2219,exactMatch,ofs-methodologie
NOGA_2008,221900,NACE_2.0,2219,broadMatch,ofs-noga2008
NOGA_2008,222,NACE_2.0,222,exactMatch,ofs-methodologie
NOGA_2008,2221,NACE_2.0,2221,exactMatch,ofs-methodologie
NOGA_2008,222100,NACE_2.0,2221,broadMatch,ofs-noga2008
NOGA_2008,2222,NACE_2.0,2222,exactMatch,ofs-methodologie
NOGA_2008,222200,NACE_2.0,2222,broadMatch,ofs-noga2008
NOGA_2008,2223,NACE_2.0,2223,exactMatch,ofs-methodologie
NOGA_2008,222300,NACE_2.0,2223,broadMatch,ofs-noga2008
NOGA_2008,2229,NACE_2.0,2229,exactMatch,ofs-methodologie
NOGA_2008,222900,NACE_2.0,2229,broadMatch,ofs-noga2008
NOGA_2008,23,NACE_2.0,23,exactMatch,ofs-methodologie
NOGA_2008,231,NACE_2.0,231,exactMatch,ofs-methodologie
NOGA_2008,2311,NACE_2.0,2311,exactMatch,ofs-methodologie
NOGA_2008,231100,NACE_2.0,2311,broadMatch,ofs-noga2008
NOGA_2008,2312,NACE_2.0,2312,exactMatch,ofs-methodologie
NOGA_2008,231200,NACE_2.0,2312,broadMatch,ofs-noga2008
NOGA_2008,2313,NACE_2.0,2313,exactMatch,ofs-methodologie
NOGA_2008,231300,NACE_2.0,2313,broadMatch,ofs-noga2008
NOGA_2008,2314,NACE_2.0,2314,exactMatch,ofs-methodologie
NOGA_2008,231400,NACE_2.0,2314,broadMatch,ofs-noga2008
NOGA_2008,2319,NACE_2.0,2319,exactMatch,ofs-methodologie
NOGA_2008,231900,NACE_2.0,2319,broadMatch,ofs-noga2008
NOGA_2008,232,NACE_2.0,232,exactMatch,ofs-methodologie
NOGA_2008,2320,NACE_2.0,2320,exactMatch,ofs-methodologie
NOGA_2008,232000,NACE_2.0,2320,broadMatch,ofs-noga2008
NOGA_2008,233,NACE_2.0,233,exactMatch,ofs-methodologie
NOGA_2008,2331,NACE_2.0,2331,exactMatch,ofs-methodologie
NOGA_2008,233100,NACE_2.0,2331,broadMatch,ofs-noga2008
NOGA_2008,2332,NACE_2.0,2332,exactMatch,ofs-methodologie
NOGA_2008,233200,NACE_2.0,2332,broadMatch,ofs-noga2008
NOGA_2008,234,NACE_2.0,234,exactMatch,ofs-methodologie
NOGA_2008,2341,NACE_2.0,2341,exactMatch,ofs-methodologie
NOGA_2008,234100,NACE_2.0,2341,broadMatch,ofs-noga2008
NOGA_2008,2342,NACE_2.0,2342,exactMatch,ofs-methodologie
NOGA_2008,234200,NACE_2.0,2342,broadMatch,ofs-noga2008
NOGA_2008,2343,NACE_2.0,2343,exactMatch,ofs-methodologie
NOGA_2008,234300,NACE_2.0,2343,broadMatch,ofs-noga2008
NOGA_2008,2344,NACE_2.0,2344,exactMatch,ofs-methodologie
NOGA_2008,234400,NACE_2.0,2344,broadMatch,ofs-noga2008
NOGA_2008,2349,NACE_2.0,2349,exactMatch,ofs-methodologie
NOGA_2008,234900,NACE_2.0,2349,broadMatch,ofs-noga2008
NOGA_2008,235,NACE_2.0,235,exactMatch,ofs-methodologie
NOGA_2008,2351,NACE_2.0,2351,exactMatch,ofs-methodologie
NOGA_2008,235100,NACE_2.0,2351,broadMatch,ofs-noga2008
NOGA_2008,2352,NACE_2.0,2352,exactMatch,ofs-methodologie
NOGA_2008,235200,NACE_2.0,2352,broadMatch,ofs-noga2008
NOGA_2008,236,NACE_2.0,236,exactMatch,ofs-methodologie
NOGA_2008,2361,NACE_2.0,2361,exactMatch,ofs-methodologie
NOGA_2008,236100,NACE_2.0,2361,broadMatch,ofs-noga2008
NOGA_2008,2362,NACE_2.0,2362,exactMatch,ofs-methodologie
NOGA_2008,236200,NACE_2.0,2362,broadMatch,ofs-noga2008
NOGA_2008,2363,NACE_2.0,2363,exactMatch,ofs-methodologie
NOGA_2008,236300,NACE_2.0,2363,broadMatch,ofs-noga2008
NOGA_2008,2364,NACE_2.0,2364,exactMatch,ofs-methodologie
NOGA_2008,236400,NACE_2.0,2364,broadMatch,ofs-noga2008
NOGA_2008,2365,NACE_2.0,2365,exactMatch,ofs-methodologie
NOGA_2008,236500,NACE_2.0,2365,broadMatch,ofs-noga2008
NOGA_2008,2369,NACE_2.0,2369,exactMatch,ofs-methodologie
NOGA_2008,236900,NACE_2.0,2369,broadMatch,ofs-noga2008
NOGA_2008,237,NACE_2.0,237,exactMatch,ofs-methodologie
NOGA_2008,2370,NACE_2.0,2370,exactMatch,ofs-methodologie
NOGA_2008,237000,NACE_2.0,2370,broadMatch,ofs-noga2008
NOGA_2008,239,NACE_2.0,239,exactMatch,ofs-methodologie
NOGA_2008,2391,NACE_2.0,2391,exactMatch,ofs-methodologie
NOGA_2008,239100,NACE_2.0,2391,broadMatch,ofs-noga2008
NOGA_2008,2399,NACE_2.0,2399,exactMatch,ofs-methodologie
NOGA_2008,239901,NACE_2.0,2399,broadMatch,ofs-noga2008
NOGA_2008,239902,NACE_2.0,2399,broadMatch,ofs-noga2008
NOGA_2008,24,NACE_2.0,24,exactMatch,ofs-methodologie
NOGA_2008,241,NACE_2.0,241,exactMatch,ofs-methodologie
NOGA_2008,2410,NACE_2.0,2410,exactMatch,ofs-methodologie
NOGA_2008,241000,NACE_2.0,2410,broadMatch,ofs-noga2008
NOGA_2008,242,NACE_2.0,242,exactMatch,ofs-methodologie
NOGA_2008,2420,NACE_2.0,2420,exactMatch,ofs-methodologie
NOGA_2008,242000,NACE_2.0,2420,broadMatch,ofs-noga2008
NOGA_2008,243,NACE_2.0,243,exactMatch,ofs-methodologie
NOGA_2008,2431,NACE_2.0,2431,exactMatch,ofs-methodologie
NOGA_2008,243100,NACE_2.0,2431,broadMatch,ofs-noga2008
NOGA_2008,2432,NACE_2.0,2432,exactMatch,ofs-methodologie
NOGA_2008,243200,NACE_2.0,2432,broadMatch,ofs-noga2008
NOGA_2008,2433,NACE_2.0,2433,exactMatch,ofs-methodologie
NOGA_2008,243300,NACE_2.0,2433,broadMatch,ofs-noga2008
NOGA_2008,2434,NACE_2.0,2434,exactMatch,ofs-methodologie
NOGA_2008,243400,NACE_2.0,2434,broadMatch,ofs-noga2008
NOGA_2008,244,NACE_2.0,244,exactMatch,ofs-methodologie
NOGA_2008,2441,NACE_2.0,2441,exactMatch,ofs-methodologie
NOGA_2008,244100,NACE_2.0,2441,broadMatch,ofs-noga2008
NOGA_2008,2442,NACE_2.0,2442,exactMatch,ofs-methodologie
NOGA_2008,244200,NACE_2.0,2442,broadMatch,ofs-noga2008
NOGA_2008,2443,NACE_2.0,2443,exactMatch,ofs-methodologie
NOGA_2008,244300,NACE_2.0,2443,broadMatch,ofs-noga2008
NOGA_2008,2444,NACE_2.0,2444,exactMatch,ofs-methodologie
NOGA_2008,244400,NACE_2.0,2444,broadMatch,ofs-noga2008
NOGA_2008,2445,NACE_2.0,2445,exactMatch,ofs-methodologie
NOGA_2008,244500,NACE_2.0,2445,broadMatch,ofs-noga2008
NOGA_2008,2446,NACE_2.0,2446,exactMatch,ofs-methodologie
NOGA_2008,244600,NACE_2.0,2446,broadMatch,ofs-noga2008
NOGA_2008,245,NACE_2.0,245,exactMatch,ofs-methodologie
NOGA_2008,2451,NACE_2.0,2451,exactMatch,ofs-methodologie
NOGA_2008,245100,NACE_2.0,2451,broadMatch,ofs-noga2008
NOGA_2008,2452,NACE_2.0,2452,exactMatch,ofs-methodologie
NOGA_2008,245200,NACE_2.0,2452,broadMatch,ofs-noga2008
NOGA_2008,2453,NACE_2.0,2453,exactMatch,ofs-methodologie
NOGA_2008,245300,NACE_2.0,2453,broadMatch,ofs-noga2008
NOGA_2008,2454,NACE_2.0,2454,exactMatch,ofs-methodologie
NOGA_2008,245400,NACE_2.0,2454,broadMatch,ofs-noga2008
NOGA_2008,25,NACE_2.0,25,exactMatch,ofs-methodologie
NOGA_2008,251,NACE_2.0,251,exactMatch,ofs-methodologie
NOGA_2008,2511,NACE_2.0,2511,exactMatch,ofs-methodologie
NOGA_2008,251100,NACE_2.0,2511,broadMatch,ofs-noga2008
NOGA_2008,2512,NACE_2.0,2512,exactMatch,ofs-methodologie
NOGA_2008,251200,NACE_2.0,2512,broadMatch,ofs-noga2008
NOGA_2008,252,NACE_2.0,252,exactMatch,ofs-methodologie
NOGA_2008,2521,NACE_2.0,2521,exactMatch,ofs-methodologie
NOGA_2008,252100,NACE_2.0,2521,broadMatch,ofs-noga2008
NOGA_2008,2529,NACE_2.0,2529,exactMatch,ofs-methodologie
NOGA_2008,252900,NACE_2.0,2529,broadMatch,ofs-noga2008
NOGA_2008,253,NACE_2.0,253,exactMatch,ofs-methodologie
NOGA_2008,2530,NACE_2.0,2530,exactMatch,ofs-methodologie
NOGA_2008,253000,NACE_2.0,2530,broadMatch,ofs-noga2008
NOGA_2008,254,NACE_2.0,254,exactMatch,ofs-methodologie
NOGA_2008,2540,NACE_2.0,2540,exactMatch,ofs-methodologie
NOGA_2008,254000,NACE_2.0,2540,broadMatch,ofs-noga2008
NOGA_2008,255,NACE_2.0,255,exactMatch,ofs-methodologie
NOGA_2008,2550,NACE_2.0,2550,exactMatch,ofs-methodologie
NOGA_2008,255000,NACE_2.0,2550,broadMatch,ofs-noga2008
NOGA_2008,256,NACE_2.0,256,exactMatch,ofs-methodologie
NOGA_2008,2561,NACE_2.0,2561,exactMatch,ofs-methodologie
NOGA_2008,256100,NACE_2.0,2561,broadMatch,ofs-noga2008
NOGA_2008,2562,NACE_2.0,2562,exactMatch,ofs-methodologie
NOGA_2008,256201,NACE_2.0,2562,broadMatch,ofs-noga2008
NOGA_2008,256202,NACE_2.0,2562,broadMatch,ofs-noga2008
NOGA_2008,256203,NACE_2.0,2562,broadMatch,ofs-noga2008
NOGA_2008,257,NACE_2.0,257,exactMatch,ofs-methodologie
NOGA_2008,2571,NACE_2.0,2571,exactMatch,ofs-methodologie
NOGA_2008,257100,NACE_2.0,2571,broadMatch,ofs-noga2008
NOGA_2008,2572,NACE_2.0,2572,exactMatch,ofs-methodologie
NOGA_2008,257200,NACE_2.0,2572,broadMatch,ofs-noga2008
NOGA_2008,2573,NACE_2.0,2573,exactMatch,ofs-methodologie
NOGA_2008,257300,NACE_2.0,2573,broadMatch,ofs-noga2008
NOGA_2008,259,NACE_2.0,259,exactMatch,ofs-methodologie
NOGA_2008,2591,NACE_2.0,2591,exactMatch,ofs-methodologie
NOGA_2008,259100,NACE_2.0,2591,broadMatch,ofs-noga2008
NOGA_2008,2592,NACE_2.0,2592,exactMatch,ofs-methodologie
NOGA_2008,259200,NACE_2.0,2592,broadMatch,ofs-noga2008
NOGA_2008,2593,NACE_2.0,2593,exactMatch,ofs-methodologie
NOGA_2008,259300,NACE_2.0,2593,broadMatch,ofs-noga2008
NOGA_2008,2594,NACE_2.0,2594,exactMatch,ofs-methodologie
NOGA_2008,259400,NACE_2.0,2594,broadMatch,ofs-noga2008
NOGA_2008,2599,NACE_2.0,2599,exactMatch,ofs-methodologie
NOGA_2008,259900,NACE_2.0,2599,broadMatch,ofs-noga2008
NOGA_2008,26,NACE_2.0,26,exactMatch,ofs-methodologie
NOGA_2008,261,NACE_2.0,261,exactMatch,ofs-methodologie
NOGA_2008,2611,NACE_2.0,2611,exactMatch,ofs-methodologie
NOGA_2008,261100,NACE_2.0,2611,broadMatch,ofs-noga2008
NOGA_2008,2612,NACE_2.0,2612,exactMatch,ofs-methodologie
NOGA_2008,261200,NACE_2.0,2612,broadMatch,ofs-noga2008
NOGA_2008,262,NACE_2.0,262,exactMatch,ofs-methodologie
NOGA_2008,2620,NACE_2.0,2620,exactMatch,ofs-methodologie
NOGA_2008,262000,NACE_2.0,2620,broadMatch,ofs-noga2008
NOGA_2008,263,NACE_2.0,263,exactMatch,ofs-methodologie
NOGA_2008,2630,NACE_2.0,2630,exactMatch,ofs-methodologie
NOGA_2008,263000,NACE_2.0,2630,broadMatch,ofs-noga2008
NOGA_2008,264,NACE_2.0,264,exactMatch,ofs-methodologie
NOGA_2008,2640,NACE_2.0,2640,exactMatch,ofs-methodologie
NOGA_2008,264000,NACE_2.0,2640,broadMatch,ofs-noga2008
NOGA_2008,265,NACE_2.0,265,exactMatch,ofs-methodologie
NOGA_2008,2651,NACE_2.0,2651,exactMatch,ofs-methodologie
NOGA_2008,265100,NACE_2.0,2651,broadMatch,ofs-noga2008
NOGA_2008,2652,NACE_2.0,2652,exactMatch,ofs-methodologie
NOGA_2008,265201,NACE_2.0,2652,broadMatch,ofs-noga2008
NOGA_2008,265202,NACE_2.0,2652,broadMatch,ofs-noga2008
NOGA_2008,265203,NACE_2.0,2652,broadMatch,ofs-noga2008
NOGA_2008,265204,NACE_2.0,2652,broadMatch,ofs-noga2008
NOGA_2008,265205,NACE_2.0,2652,broadMatch,ofs-noga2008
NOGA_2008,266,NACE_2.0,266,exactMatch,ofs-methodologie
NOGA_2008,2660,NACE_2.0,2660,exactMatch,ofs-methodologie
NOGA_2008,266000,NACE_2.0,2660,broadMatch,ofs-noga2008
NOGA_2008,267,NACE_2.0,267,exactMatch,ofs-methodologie
NOGA_2008,2670,NACE_2.0,2670,exactMatch,ofs-methodologie
NOGA_2008,267000,NACE_2.0,2670,broadMatch,ofs-noga2008
NOGA_2008,268,NACE_2.0,268,exactMatch,ofs-methodologie
NOGA_2008,2680,NACE_2.0,2680,exactMatch,ofs-methodologie
NOGA_2008,268000,NACE_2.0,2680,broadMatch,ofs-noga2008
NOGA_2008,27,NACE_2.0,27,exactMatch,ofs-methodologie
NOGA_2008,271,NACE_2.0,271,exactMatch,ofs-methodologie
NOGA_2008,2711,NACE_2.0,2711,exactMatch,ofs-methodologie
NOGA_2008,271100,NACE_2.0,2711,broadMatch,ofs-noga2008
NOGA_2008,2712,NACE_2.0,2712,exactMatch,ofs-methodologie
NOGA_2008,271200,NACE_2.0,2712,broadMatch,ofs-noga2008
NOGA_2008,272,NACE_2.0,272,exactMatch,ofs-methodologie
NOGA_2008,2720,NACE_2.0,2720,exactMatch,ofs-methodologie
NOGA_2008,272000,NACE_2.0,2720,broadMatch,ofs-noga2008
NOGA_2008,273,NACE_2.0,273,exactMatch,ofs-methodologie
NOGA_2008,2731,NACE_2.0,2731,exactMatch,ofs-methodologie
NOGA_2008,273100,NACE_2.0,2731,broadMatch,ofs-noga2008
NOGA_2008,2732,NACE_2.0,2732,exactMatch,ofs-methodologie
NOGA_2008,273200,NACE_2.0,2732,broadMatch,ofs-noga2008
NOGA_2008,2733,NACE_2.0,2733,exactMatch,ofs-methodologie
NOGA_2008,273300,NACE_2.0,2733,broadMatch,ofs-noga2008
NOGA_2008,274,NACE_2.0,274,exactMatch,ofs-methodologie
NOGA_2008,2740,NACE_2.0,2740,exactMatch,ofs-methodologie
NOGA_2008,274000,NACE_2.0,2740,broadMatch,ofs-noga2008
NOGA_2008,275,NACE_2.0,275,exactMatch,ofs-methodologie
NOGA_2008,2751,NACE_2.0,2751,exactMatch,ofs-methodologie
NOGA_2008,275100,NACE_2.0,2751,broadMatch,ofs-noga2008
NOGA_2008,2752,NACE_2.0,2752,exactMatch,ofs-methodologie
NOGA_2008,275200,NACE_2.0,2752,broadMatch,ofs-noga2008
NOGA_2008,279,NACE_2.0,279,exactMatch,ofs-methodologie
NOGA_2008,2790,NACE_2.0,2790,exactMatch,ofs-methodologie
NOGA_2008,279000,NACE_2.0,2790,broadMatch,ofs-noga2008
NOGA_2008,28,NACE_2.0,28,exactMatch,ofs-methodologie
NOGA_2008,281,NACE_2.0,281,exactMatch,ofs-methodologie
NOGA_2008,2811,NACE_2.0,2811,exactMatch,ofs-methodologie
NOGA_2008,281100,NACE_2.0,2811,broadMatch,ofs-noga2008
NOGA_2008,2812,NACE_2.0,2812,exactMatch,ofs-methodologie
NOGA_2008,281200,NACE_2.0,2812,broadMatch,ofs-noga2008
NOGA_2008,2813,NACE_2.0,2813,exactMatch,ofs-methodologie
NOGA_2008,281300,NACE_2.0,2813,broadMatch,ofs-noga2008
NOGA_2008,2814,NACE_2.0,2814,exactMatch,ofs-methodologie
NOGA_2008,281400,NACE_2.0,2814,broadMatch,ofs-noga2008
NOGA_2008,2815,NACE_2.0,2815,exactMatch,ofs-methodologie
NOGA_2008,281500,NACE_2.0,2815,broadMatch,ofs-noga2008
NOGA_2008,282,NACE_2.0,282,exactMatch,ofs-methodologie
NOGA_2008,2821,NACE_2.0,2821,exactMatch,ofs-methodologie
NOGA_2008,282100,NACE_2.0,2821,broadMatch,ofs-noga2008
NOGA_2008,2822,NACE_2.0,2822,exactMatch,ofs-methodologie
NOGA_2008,282200,NACE_2.0,2822,broadMatch,ofs-noga2008
NOGA_2008,2823,NACE_2.0,2823,exactMatch,ofs-methodologie
NOGA_2008,282300,NACE_2.0,2823,broadMatch,ofs-noga2008
NOGA_2008,2824,NACE_2.0,2824,exactMatch,ofs-methodologie
NOGA_2008,282400,NACE_2.0,2824,broadMatch,ofs-noga2008
NOGA_2008,2825,NACE_2.0,2825,exactMatch,ofs-methodologie
NOGA_2008,282500,NACE_2.0,2825,broadMatch,ofs-noga2008
NOGA_2008,2829,NACE_2.0,2829,exactMatch,ofs-methodologie
NOGA_2008,282900,NACE_2.0,2829,broadMatch,ofs-noga2008
NOGA_2008,283,NACE_2.0,283,exactMatch,ofs-methodologie
NOGA_2008,2830,NACE_2.0,2830,exactMatch,ofs-methodologie
NOGA_2008,283000,NACE_2.0,2830,broadMatch,ofs-noga2008
NOGA_2008,284,NACE_2.0,284,exactMatch,ofs-methodologie
NOGA_2008,2841,NACE_2.0,2841,exactMatch,ofs-methodologie
NOGA_2008,284100,NACE_2.0,2841,broadMatch,ofs-noga2008
NOGA_2008,2849,NACE_2.0,2849,exactMatch,ofs-methodologie
NOGA_2008,284900,NACE_2.0,2849,broadMatch,ofs-noga2008
NOGA_2008,289,NACE_2.0,289,exactMatch,ofs-methodologie
NOGA_2008,2891,NACE_2.0,2891,exactMatch,ofs-methodologie
NOGA_2008,289100,NACE_2.0,2891,broadMatch,ofs-noga2008
NOGA_2008,2892,NACE_2.0,2892,exactMatch,ofs-methodologie
NOGA_2008,289200,NACE_2.0,2892,broadMatch,ofs-noga2008
NOGA_2008,2893,NACE_2.0,2893,exactMatch,ofs-methodologie
NOGA_2008,289300,NACE_2.0,2893,broadMatch,ofs-noga2008
NOGA_2008,2894,NACE_2.0,2894,exactMatch,ofs-methodologie
NOGA_2008,289400,NACE_2.0,2894,broadMatch,ofs-noga2008
NOGA_2008,2895,NACE_2.0,2895,exactMatch,ofs-methodologie
NOGA_2008,289500,NACE_2.0,2895,broadMatch,ofs-noga2008
NOGA_2008,2896,NACE_2.0,2896,exactMatch,ofs-methodologie
NOGA_2008,289600,NACE_2.0,2896,broadMatch,ofs-noga2008
NOGA_2008,2899,NACE_2.0,2899,exactMatch,ofs-methodologie
NOGA_2008,289901,NACE_2.0,2899,broadMatch,ofs-noga2008
NOGA_2008,289902,NACE_2.0,2899,broadMatch,ofs-noga2008
NOGA_2008,29,NACE_2.0,29,exactMatch,ofs-methodologie
NOGA_2008,291,NACE_2.0,291,exactMatch,ofs-methodologie
NOGA_2008,2910,NACE_2.0,2910,exactMatch,ofs-methodologie
NOGA_2008,291000,NACE_2.0,2910,broadMatch,ofs-noga2008
NOGA_2008,292,NACE_2.0,292,exactMatch,ofs-methodologie
NOGA_2008,2920,NACE_2.0,2920,exactMatch,ofs-methodologie
NOGA_2008,292000,NACE_2.0,2920,broadMatch,ofs-noga2008
NOGA_2008,293,NACE_2.0,293,exactMatch,ofs-methodologie
NOGA_2008,2931,NACE_2.0,2931,exactMatch,ofs-methodologie
NOGA_2008,293100,NACE_2.0,2931,broadMatch,ofs-noga2008
NOGA_2008,2932,NACE_2.0,2932,exactMatch,ofs-methodologie
NOGA_2008,293200,NACE_2.0,2932,broadMatch,ofs-noga2008
NOGA_2008,30,NACE_2.0,30,exactMatch,ofs-methodologie
NOGA_2008,301,NACE_2.0,301,exactMatch,ofs-methodologie
NOGA_2008,3011,NACE_2.0,3011,exactMatch,ofs-methodologie
NOGA_2008,301100,NACE_2.0,3011,broadMatch,ofs-noga2008
NOGA_2008,3012,NACE_2.0,3012,exactMatch,ofs-methodologie
NOGA_2008,301200,NACE_2.0,3012,broadMatch,ofs-noga2008
NOGA_2008,302,NACE_2.0,302,exactMatch,ofs-methodologie
NOGA_2008,3020,NACE_2.0,3020,exactMatch,ofs-methodologie
NOGA_2008,302000,NACE_2.0,3020,broadMatch,ofs-noga2008
NOGA_2008,303,NACE_2.0,303,exactMatch,ofs-methodologie
NOGA_2008,3030,NACE_2.0,3030,exactMatch,ofs-methodologie
NOGA_2008,303000,NACE_2.0,3030,broadMatch,ofs-noga2008
NOGA_2008,304,NACE_2.0,304,exactMatch,ofs-methodologie
NOGA_2008,3040,NACE_2.0,3040,exactMatch,ofs-methodologie
NOGA_2008,304000,NACE_2.0,3040,broadMatch,ofs-noga2008
NOGA_2008,309,NACE_2.0,309,exactMatch,ofs-methodologie
NOGA_2008,3091,NACE_2.0,3091,exactMatch,ofs-methodologie
NOGA_2008,309100,NACE_2.0,3091,broadMatch,ofs-noga2008
NOGA_2008,3092,NACE_2.0,3092,exactMatch,ofs-methodologie
NOGA_2008,309201,NACE_2.0,3092,broadMatch,ofs-noga2008
NOGA_2008,309202,NACE_2.0,3092,broadMatch,ofs-noga2008
NOGA_2008,3099,NACE_2.0,3099,exactMatch,ofs-methodologie
NOGA_2008,309900,NACE_2.0,3099,broadMatch,ofs-noga2008
NOGA_2008,31,NACE_2.0,31,exactMatch,ofs-methodologie
NOGA_2008,310,NACE_2.0,310,exactMatch,ofs-methodologie
NOGA_2008,3101,NACE_2.0,3101,exactMatch,ofs-methodologie
NOGA_2008,310100,NACE_2.0,3101,broadMatch,ofs-noga2008
NOGA_2008,3102,NACE_2.0,3102,exactMatch,ofs-methodologie
NOGA_2008,310200,NACE_2.0,3102,broadMatch,ofs-noga2008
NOGA_2008,3103,NACE_2.0,3103,exactMatch,ofs-methodologie
NOGA_2008,310300,NACE_2.0,3103,broadMatch,ofs-noga2008
NOGA_2008,3109,NACE_2.0,3109,exactMatch,ofs-methodologie
NOGA_2008,310900,NACE_2.0,3109,broadMatch,ofs-noga2008
NOGA_2008,32,NACE_2.0,32,exactMatch,ofs-methodologie
NOGA_2008,321,NACE_2.0,321,exactMatch,ofs-methodologie
NOGA_2008,3211,NACE_2.0,3211,exactMatch,ofs-methodologie
NOGA_2008,321100,NACE_2.0,3211,broadMatch,ofs-noga2008
NOGA_2008,3212,NACE_2.0,3212,exactMatch,ofs-methodologie
NOGA_2008,321201,NACE_2.0,3212,broadMatch,ofs-noga2008
NOGA_2008,321202,NACE_2.0,3212,broadMatch,ofs-noga2008
NOGA_2008,3213,NACE_2.0,3213,exactMatch,ofs-methodologie
NOGA_2008,321300,NACE_2.0,3213,broadMatch,ofs-noga2008
NOGA_2008,322,NACE_2.0,322,exactMatch,ofs-methodologie
NOGA_2008,3220,NACE_2.0,3220,exactMatch,ofs-methodologie
NOGA_2008,322000,NACE_2.0,3220,broadMatch,ofs-noga2008
NOGA_2008,323,NACE_2.0,323,exactMatch,ofs-methodologie
NOGA_2008,3230,NACE_2.0,3230,exactMatch,ofs-methodologie
NOGA_2008,323000,NACE_2.0,3230,broadMatch,ofs-noga2008
NOGA_2008,324,NACE_2.0,324,exactMatch,ofs-methodologie
NOGA_2008,3240,NACE_2.0,3240,exactMatch,ofs-methodologie
NOGA_2008,324000,NACE_2.0,3240,broadMatch,ofs-noga2008
NOGA_2008,325,NACE_2.0,325,exactMatch,ofs-methodologie
NOGA_2008,3250,NACE_2.0,3250,exactMatch,ofs-methodologie
NOGA_2008,325001,NACE_2.0,3250,broadMatch,ofs-noga2008
NOGA_2008,325002,NACE_2.0,3250,broadMatch,ofs-noga2008
NOGA_2008,325003,NACE_2.0,3250,broadMatch,ofs-noga2008
NOGA_2008,325004,NACE_2.0,3250,broadMatch,ofs-noga2008
NOGA_2008,329,NACE_2.0,329,exactMatch,ofs-methodologie
NOGA_2008,3291,NACE_2.0,3291,exactMatch,ofs-methodologie
NOGA_2008,329100,NACE_2.0,3291,broadMatch,ofs-noga2008
NOGA_2008,3299,NACE_2.0,3299,exactMatch,ofs-methodologie
NOGA_2008,329900,NACE_2.0,3299,broadMatch,ofs-noga2008
NOGA_2008,33,NACE_2.0,33,exactMatch,ofs-methodologie
NOGA_2008,331,NACE_2.0,331,exactMatch,ofs-methodologie
NOGA_2008,3311,NACE_2.0,3311,exactMatch,ofs-methodologie
NOGA_2008,331100,NACE_2.0,3311,broadMatch,ofs-noga2008
NOGA_2008,3312,NACE_2.0,3312,exactMatch,ofs-methodologie
NOGA_2008,331200,NACE_2.0,3312,broadMatch,ofs-noga2008
NOGA_2008,3313,NACE_2.0,3313,exactMatch,ofs-methodologie
NOGA_2008,331300,NACE_2.0,3313,broadMatch,ofs-noga2008
NOGA_2008,3314,NACE_2.0,3314,exactMatch,ofs-methodologie
NOGA_2008,331400,NACE_2.0,3314,broadMatch,ofs-noga2008
NOGA_2008,3315,NACE_2.0,3315,exactMatch,ofs-methodologie
NOGA_2008,331500,NACE_2.0,3315,broadMatch,ofs-noga2008
NOGA_2008,3316,NACE_2.0,3316,exactMatch,ofs-methodologie
NOGA_2008,331600,NACE_2.0,3316,broadMatch,ofs-noga2008
NOGA_2008,3317,NACE_2.0,3317,exactMatch,ofs-methodologie
NOGA_2008,331700,NACE_2.0,3317,broadMatch,ofs-noga2008
NOGA_2008,3319,NACE_2.0,3319,exactMatch,ofs-methodologie
NOGA_2008,331900,NACE_2.0,3319,broadMatch,ofs-noga2008
NOGA_2008,332,NACE_2.0,332,exactMatch,ofs-methodologie
NOGA_2008,3320,NACE_2.0,3320,exactMatch,ofs-methodologie
NOGA_2008,332000,NACE_2.0,3320,broadMatch,ofs-noga2008
NOGA_2008,35,NACE_2.0,35,exactMatch,ofs-methodologie
NOGA_2008,351,NACE_2.0,351,exactMatch,ofs-methodologie
NOGA_2008,3511,NACE_2.0,3511,exactMatch,ofs-methodologie
NOGA_2008,351100,NACE_2.0,3511,broadMatch,ofs-noga2008
NOGA_2008,3512,NACE_2.0,3512,exactMatch,ofs-methodologie
NOGA_2008,351200,NACE_2.0,3512,broadMatch,ofs-noga2008
NOGA_2008,3513,NACE_2.0,3513,exactMatch,ofs-methodologie
NOGA_2008,351300,NACE_2.0,3513,broadMatch,ofs-noga2008
NOGA_2008,3514,NACE_2.0,3514,exactMatch,ofs-methodologie
NOGA_2008,351400,NACE_2.0,3514,broadMatch,ofs-noga2008
NOGA_2008,352,NACE_2.0,352,exactMatch,ofs-methodologie
NOGA_2008,3521,NACE_2.0,3521,exactMatch,ofs-methodologie
NOGA_2008,352100,NACE_2.0,3521,broadMatch,ofs-noga2008
NOGA_2008,3522,NACE_2.0,3522,exactMatch,ofs-methodologie
NOGA_2008,352200,NACE_2.0,3522,broadMatch,ofs-noga2008
NOGA_2008,3523,NACE_2.0,3523,exactMatch,ofs-methodologie
NOGA_2008,352300,NACE_2.0,3523,broadMatch,ofs-noga2008
NOGA_2008,353,NACE_2.0,353,exactMatch,ofs-methodologie
NOGA_2008,3530,NACE_2.0,3530,exactMatch,ofs-methodologie
NOGA_2008,353000,NACE_2.0,3530,broadMatch,ofs-noga2008
NOGA_2008,36,NACE_2.0,36,exactMatch,ofs-methodologie
NOGA_2008,360,NACE_2.0,360,exactMatch,ofs-methodologie
NOGA_2008,3600,NACE_2.0,3600,exactMatch,ofs-methodologie
NOGA_2008,360000,NACE_2.0,3600,broadMatch,ofs-noga2008
NOGA_2008,37,NACE_2.0,37,exactMatch,ofs-methodologie
NOGA_2008,370,NACE_2.0,370,exactMatch,ofs-methodologie
NOGA_2008,3700,NACE_2.0,3700,exactMatch,ofs-methodologie
NOGA_2008,370000,NACE_2.0,3700,broadMatch,ofs-noga2008
NOGA_2008,38,NACE_2.0,38,exactMatch,ofs-methodologie
NOGA_2008,381,NACE_2.0,381,exactMatch,ofs-methodologie
NOGA_2008,3811,NACE_2.0,3811,exactMatch,ofs-methodologie
NOGA_2008,381100,NACE_2.0,3811,broadMatch,ofs-noga2008
NOGA_2008,3812,NACE_2.0,3812,exactMatch,ofs-methodologie
NOGA_2008,381200,NACE_2.0,3812,broadMatch,ofs-noga2008
NOGA_2008,382,NACE_2.0,382,exactMatch,ofs-methodologie
NOGA_2008,3821,NACE_2.0,3821,exactMatch,ofs-methodologie
NOGA_2008,382100,NACE_2.0,3821,broadMatch,ofs-noga2008
NOGA_2008,3822,NACE_2.0,3822,exactMatch,ofs-methodologie
NOGA_2008,382200,NACE_2.0,3822,broadMatch,ofs-noga2008
NOGA_2008,383,NACE_2.0,383,exactMatch,ofs-methodologie
NOGA_2008,3831,NACE_2.0,3831,exactMatch,ofs-methodologie
NOGA_2008,383100,NACE_2.0,3831,broadMatch,ofs-noga2008
NOGA_2008,3832,NACE_2.0,3832,exactMatch,ofs-methodologie
NOGA_2008,383200,NACE_2.0,3832,broadMatch,ofs-noga2008
NOGA_2008,39,NACE_2.0,39,exactMatch,ofs-methodologie
NOGA_2008,390,NACE_2.0,390,exactMatch,ofs-methodologie
NOGA_2008,3900,NACE_2.0,3900,exactMatch,ofs-methodologie
NOGA_2008,390000,NACE_2.0,3900,broadMatch,ofs-noga2008
NOGA_2008,41,NACE_2.0,41,exactMatch,ofs-methodologie
NOGA_2008,411,NACE_2.0,411,exactMatch,ofs-methodologie
NOGA_2008,4110,NACE_2.0,4110,exactMatch,ofs-methodologie
NOGA_2008,411000,NACE_2.0,4110,broadMatch,ofs-noga2008
NOGA_2008,412,NACE_2.0,412,exactMatch,ofs-methodologie
NOGA_2008,4120,NACE_2.0,4120,exactMatch,ofs-methodologie
NOGA_2008,412001,NACE_2.0,4120,broadMatch,ofs-noga2008
NOGA_2008,412002,NACE_2.0,4120,broadMatch,ofs-noga2008
NOGA_2008,412003,NACE_2.0,4120,broadMatch,ofs-noga2008
NOGA_2008,412004,NACE_2.0,4120,broadMatch,ofs-noga2008
NOGA_2008,42,NACE_2.0,42,exactMatch,ofs-methodologie
NOGA_2008,421,NACE_2.0,421,exactMatch,ofs-methodologie
NOGA_2008,4211,NACE_2.0,4211,exactMatch,ofs-methodologie
NOGA_2008,421100,NACE_2.0,4211,broadMatch,ofs-noga2008
NOGA_2008,4212,NACE_2.0,4212,exactMatch,ofs-methodologie
NOGA_2008,421200,NACE_2.0,4212,broadMatch,ofs-noga2008
NOGA_2008,4213,NACE_2.0,4213,exactMatch,ofs-methodologie
NOGA_2008,421300,NACE_2.0,4213,broadMatch,ofs-noga2008
NOGA_2008,422,NACE_2.0,422,exactMatch,ofs-methodologie
NOGA_2008,4221,NACE_2.0,4221,exactMatch,ofs-methodologie
NOGA_2008,422100,NACE_2.0,4221,broadMatch,ofs-noga2008
NOGA_2008,4222,NACE_2.0,4222,exactMatch,ofs-methodologie
NOGA_2008,422200,NACE_2.0,4222,broadMatch,ofs-noga2008
NOGA_2008,429,NACE_2.0,429,exactMatch,ofs-methodologie
NOGA_2008,4291,NACE_2.0,4291,exactMatch,ofs-methodologie
NOGA_2008,429100,NACE_2.0,4291,broadMatch,ofs-noga2008
NOGA_2008,4299,NACE_2.0,4299,exactMatch,ofs-methodologie
NOGA_2008,429900,NACE_2.0,4299,broadMatch,ofs-noga2008
NOGA_2008,43,NACE_2.0,43,exactMatch,ofs-methodologie
NOGA_2008,431,NACE_2.0,431,exactMatch,ofs-methodologie
NOGA_2008,4311,NACE_2.0,4311,exactMatch,ofs-methodologie
NOGA_2008,431100,NACE_2.0,4311,broadMatch,ofs-noga2008
NOGA_2008,4312,NACE_2.0,4312,exactMatch,ofs-methodologie
NOGA_2008,431200,NACE_2.0,4312,broadMatch,ofs-noga2008
NOGA_2008,4313,NACE_2.0,4313,exactMatch,ofs-methodologie
NOGA_2008,431300,NACE_2.0,4313,broadMatch,ofs-noga2008
NOGA_2008,432,NACE_2.0,432,exactMatch,ofs-methodologie
NOGA_2008,4321,NACE_2.0,4321,exactMatch,ofs-methodologie
NOGA_2008,432100,NACE_2.0,4321,broadMatch,ofs-noga2008
NOGA_2008,4322,NACE_2.0,4322,exactMatch,ofs-methodologie
NOGA_2008,432201,NACE_2.0,4322,broadMatch,ofs-noga2008
NOGA_2008,432202,NACE_2.0,4322,broadMatch,ofs-noga2008
NOGA_2008,432203,NACE_2.0,4322,broadMatch,ofs-noga2008
NOGA_2008,432204,NACE_2.0,4322,broadMatch,ofs-noga2008
NOGA_2008,4329,NACE_2.0,4329,exactMatch,ofs-methodologie
NOGA_2008,432901,NACE_2.0,4329,broadMatch,ofs-noga2008
NOGA_2008,432902,NACE_2.0,4329,broadMatch,ofs-noga2008
NOGA_2008,433,NACE_2.0,433,exactMatch,ofs-methodologie
NOGA_2008,4331,NACE_2.0,4331,exactMatch,ofs-methodologie
NOGA_2008,433100,NACE_2.0,4331,broadMatch,ofs-noga2008
NOGA_2008,4332,NACE_2.0,4332,exactMatch,ofs-methodologie
NOGA_2008,433200,NACE_2.0,4332,broadMatch,ofs-noga2008
NOGA_2008,4333,NACE_2.0,4333,exactMatch,ofs-methodologie
NOGA_2008,433301,NACE_2.0,4333,broadMatch,ofs-noga2008
NOGA_2008,433302,NACE_2.0,4333,broadMatch,ofs-noga2008
NOGA_2008,433303,NACE_2.0,4333,broadMatch,ofs-noga2008
NOGA_2008,4334,NACE_2.0,4334,exactMatch,ofs-methodologie
NOGA_2008,433401,NACE_2.0,4334,broadMatch,ofs-noga2008
NOGA_2008,433402,NACE_2.0,4334,broadMatch,ofs-noga2008
NOGA_2008,433403,NACE_2.0,4334,broadMatch,ofs-noga2008
NOGA_2008,4339,NACE_2.0,4339,exactMatch,ofs-methodologie
NOGA_2008,433900,NACE_2.0,4339,broadMatch,ofs-noga2008
NOGA_2008,439,NACE_2.0,439,exactMatch,ofs-methodologie
NOGA_2008,4391,NACE_2.0,4391,exactMatch,ofs-methodologie
NOGA_2008,439101,NACE_2.0,4391,broadMatch,ofs-noga2008
NOGA_2008,439102,NACE_2.0,4391,broadMatch,ofs-noga2008
NOGA_2008,439103,NACE_2.0,4391,broadMatch,ofs-noga2008
NOGA_2008,4399,NACE_2.0,4399,exactMatch,ofs-methodologie
NOGA_2008,439901,NACE_2.0,4399,broadMatch,ofs-noga2008
NOGA_2008,439902,NACE_2.0,4399,broadMatch,ofs-noga2008
NOGA_2008,439903,NACE_2.0,4399,broadMatch,ofs-noga2008
NOGA_2008,439904,NACE_2.0,4399,broadMatch,ofs-noga2008
NOGA_2008,439905,NACE_2.0,4399,broadMatch,ofs-noga2008
NOGA_2008,45,NACE_2.0,45,exactMatch,ofs-methodologie
NOGA_2008,451,NACE_2.0,451,exactMatch,ofs-methodologie
NOGA_2008,4511,NACE_2.0,4511,exactMatch,ofs-methodologie
NOGA_2008,451101,NACE_2.0,4511,broadMatch,ofs-noga2008
NOGA_2008,451102,NACE_2.0,4511,broadMatch,ofs-noga2008
NOGA_2008,4519,NACE_2.0,4519,exactMatch,ofs-methodologie
NOGA_2008,451901,NACE_2.0,4519,broadMatch,ofs-noga2008
NOGA_2008,451902,NACE_2.0,4519,broadMatch,ofs-noga2008
NOGA_2008,452,NACE_2.0,452,exactMatch,ofs-methodologie
NOGA_2008,4520,NACE_2.0,4520,exactMatch,ofs-methodologie
NOGA_2008,452001,NACE_2.0,4520,broadMatch,ofs-noga2008
NOGA_2008,452002,NACE_2.0,4520,broadMatch,ofs-noga2008
NOGA_2008,453,NACE_2.0,453,exactMatch,ofs-methodologie
NOGA_2008,4531,NACE_2.0,4531,exactMatch,ofs-methodologie
NOGA_2008,453100,NACE_2.0,4531,broadMatch,ofs-noga2008
NOGA_2008,4532,NACE_2.0,4532,exactMatch,ofs-methodologie
NOGA_2008,453200,NACE_2.0,4532,broadMatch,ofs-noga2008
NOGA_2008,454,NACE_2.0,454,exactMatch,ofs-methodologie
NOGA_2008,4540,NACE_2.0,4540,exactMatch,ofs-methodologie
NOGA_2008,454000,NACE_2.0,4540,broadMatch,ofs-noga2008
NOGA_2008,46,NACE_2.0,46,exactMatch,ofs-methodologie
NOGA_2008,461,NACE_2.0,461,exactMatch,ofs-methodologie
NOGA_2008,4611,NACE_2.0,4611,exactMatch,ofs-methodologie
NOGA_2008,461100,NACE_2.0,4611,broadMatch,ofs-noga2008
NOGA_2008,4612,NACE_2.0,4612,exactMatch,ofs-methodologie
NOGA_2008,461200,NACE_2.0,4612,broadMatch,ofs-noga2008
NOGA_2008,4613,NACE_2.0,4613,exactMatch,ofs-methodologie
NOGA_2008,461300,NACE_2.0,4613,broadMatch,ofs-noga2008
NOGA_2008,4614,NACE_2.0,4614,exactMatch,ofs-methodologie
NOGA_2008,461400,NACE_2.0,4614,broadMatch,ofs-noga2008
NOGA_2008,4615,NACE_2.0,4615,exactMatch,ofs-methodologie
NOGA_2008,461500,NACE_2.0,4615,broadMatch,ofs-noga2008
NOGA_2008,4616,NACE_2.0,4616,exactMatch,ofs-methodologie
NOGA_2008,461600,NACE_2.0,4616,broadMatch,ofs-noga2008
NOGA_2008,4617,NACE_2.0,4617,exactMatch,ofs-methodologie
NOGA_2008,461700,NACE_2.0,4617,broadMatch,ofs-noga2008
NOGA_2008,4618,NACE_2.0,4618,exactMatch,ofs-methodologie
NOGA_2008,461800,NACE_2.0,4618,broadMatch,ofs-noga2008
NOGA_2008,4619,NACE_2.0,4619,exactMatch,ofs-methodologie
NOGA_2008,461900,NACE_2.0,4619,broadMatch,ofs-noga2008
NOGA_2008,462,NACE_2.0,462,exactMatch,ofs-methodologie
NOGA_2008,4621,NACE_2.0,4621,exactMatch,ofs-methodologie
NOGA_2008,462100,NACE_2.0,4621,broadMatch,ofs-noga2008
NOGA_2008,4622,NACE_2.0,4622,exactMatch,ofs-methodologie
NOGA_2008,462200,NACE_2.0,4622,broadMatch,ofs-noga2008
NOGA_2008,4623,NACE_2.0,4623,exactMatch,ofs-methodologie
NOGA_2008,462300,NACE_2.0,4623,broadMatch,ofs-noga2008
NOGA_2008,4624,NACE_2.0,4624,exactMatch,ofs-methodologie
NOGA_2008,462400,NACE_2.0,4624,broadMatch,ofs-noga2008
NOGA_2008,463,NACE_2.0,463,exactMatch,ofs-methodologie
NOGA_2008,4631,NACE_2.0,4631,exactMatch,ofs-methodologie
NOGA_2008,463100,NACE_2.0,4631,broadMatch,ofs-noga2008
NOGA_2008,4632,NACE_2.0,4632,exactMatch,ofs-methodologie
NOGA_2008,463200,NACE_2.0,4632,broadMatch,ofs-noga2008
NOGA_2008,4633,NACE_2.0,4633,exactMatch,ofs-methodologie
NOGA_2008,463300,NACE_2.0,4633,broadMatch,ofs-noga2008
NOGA_2008,4634,NACE_2.0,4634,exactMatch,ofs-methodologie
NOGA_2008,463401,NACE_2.0,4634,broadMatch,ofs-noga2008
NOGA_2008,463402,NACE_2.0,4634,broadMatch,ofs-noga2008
NOGA_2008,4635,NACE_2.0,4635,exactMatch,ofs-methodologie
NOGA_2008,463500,NACE_2.0,4635,broadMatch,ofs-noga2008
NOGA_2008,4636,NACE_2.0,4636,exactMatch,ofs-methodologie
NOGA_2008,463600,NACE_2.0,4636,broadMatch,ofs-noga2008
NOGA_2008,4637,NACE_2.0,4637,exactMatch,ofs-methodologie
NOGA_2008,463700,NACE_2.0,4637,broadMatch,ofs-noga2008
NOGA_2008,4638,NACE_2.0,4638,exactMatch,ofs-methodologie
NOGA_2008,463800,NACE_2.0,4638,broadMatch,ofs-noga2008
NOGA_2008,4639,NACE_2.0,4639,exactMatch,ofs-methodologie
NOGA_2008,463900,NACE_2.0,4639,broadMatch,ofs-noga2008
NOGA_2008,464,NACE_2.0,464,exactMatch,ofs-methodologie
NOGA_2008,4641,NACE_2.0,4641,exactMatch,ofs-methodologie
NOGA_2008,464100,NACE_2.0,4641,broadMatch,ofs-noga2008
NOGA_2008,4642,NACE_2.0,4642,exactMatch,ofs-methodologie
NOGA_2008,464201,NACE_2.0,4642,broadMatch,ofs-noga2008
NOGA_2008,464202,NACE_2.0,4642,broadMatch,ofs-noga2008
NOGA_2008,4643,NACE_2.0,4643,exactMatch,ofs-methodologie
NOGA_2008,464301,NACE_2.0,4643,broadMatch,ofs-noga2008
NOGA_2008,464302,NACE_2.0,4643,broadMatch,ofs-noga2008
NOGA_2008,464303,NACE_2.0,4643,broadMatch,ofs-noga2008
NOGA_2008,4644,NACE_2.0,4644,exactMatch,ofs-methodologie
NOGA_2008,464400,NACE_2.0,4644,broadMatch,ofs-noga2008
NOGA_2008,4645,NACE_2.0,4645,exactMatch,ofs-methodologie
NOGA_2008,464500,NACE_2.0,4645,broadMatch,ofs-noga2008
NOGA_2008,4646,NACE_2.0,4646,exactMatch,ofs-methodologie
NOGA_2008,464601,NACE_2.0,4646,broadMatch,ofs-noga2008
NOGA_2008,464602,NACE_2.0,4646,broadMatch,ofs-noga2008
NOGA_2008,4647,NACE_2.0,4647,exactMatch,ofs-methodologie
NOGA_2008,464700,NACE_2.0,4647,broadMatch,ofs-noga2008
NOGA_2008,4648,NACE_2.0,4648,exactMatch,ofs-methodologie
NOGA_2008,464801,NACE_2.0,4648,broadMatch,ofs-noga2008
NOGA_2008,464802,NACE_2.0,4648,broadMatch,ofs-noga2008
NOGA_2008,4649,NACE_2.0,4649,exactMatch,ofs-methodologie
NOGA_2008,464901,NACE_2.0,4649,broadMatch,ofs-noga2008
NOGA_2008,464902,NACE_2.0,4649,broadMatch,ofs-noga2008
NOGA_2008,464903,NACE_2.0,4649,broadMatch,ofs-noga2008
NOGA_2008,464904,NACE_2.0,4649,broadMatch,ofs-noga2008
NOGA_2008,464905,NACE_2.0,4649,broadMatch,ofs-noga2008
NOGA_2008,464906,NACE_2.0,4649,broadMatch,ofs-noga2008
NOGA_2008,465,NACE_2.0,465,exactMatch,ofs-methodologie
NOGA_2008,4651,NACE_2.0,4651,exactMatch,ofs-methodologie
NOGA_2008,465101,NACE_2.0,4651,broadMatch,ofs-noga2008
NOGA_2008,465102,NACE_2.0,4651,broadMatch,ofs-noga2008
NOGA_2008,4652,NACE_2.0,4652,exactMatch,ofs-methodologie
NOGA_2008,465200,NACE_2.0,4652,broadMatch,ofs-noga2008
NOGA_2008,466,NACE_2.0,466,exactMatch,ofs-methodologie
NOGA_2008,4661,NACE_2.0,4661,exactMatch,ofs-methodologie
NOGA_2008,466100,NACE_2.0,4661,broadMatch,ofs-noga2008
NOGA_2008,4662,NACE_2.0,4662,exactMatch,ofs-methodologie
NOGA_2008,466200,NACE_2.0,4662,broadMatch,ofs-noga2008
NOGA_2008,4663,NACE_2.0,4663,exactMatch,ofs-methodologie
NOGA_2008,466300,NACE_2.0,4663,broadMatch,ofs-noga2008
NOGA_2008,4664,NACE_2.0,4664,exactMatch,ofs-methodologie
NOGA_2008,466400,NACE_2.0,4664,broadMatch,ofs-noga2008
NOGA_2008,4665,NACE_2.0,4665,exactMatch,ofs-methodologie
NOGA_2008,466500,NACE_2.0,4665,broadMatch,ofs-noga2008
NOGA_2008,4666,NACE_2.0,4666,exactMatch,ofs-methodologie
NOGA_2008,466600,NACE_2.0,4666,broadMatch,ofs-noga2008
NOGA_2008,4669,NACE_2.0,4669,exactMatch,ofs-methodologie
NOGA_2008,466900,NACE_2.0,4669,broadMatch,ofs-noga2008
NOGA_2008,467,NACE_2.0,467,exactMatch,ofs-methodologie
NOGA_2008,4671,NACE_2.0,4671,exactMatch,ofs-methodologie
NOGA_2008,467100,NACE_2.0,4671,broadMatch,ofs-noga2008
NOGA_2008,4672,NACE_2.0,4672,exactMatch,ofs-methodologie
NOGA_2008,467200,NACE_2.0,4672,broadMatch,ofs-noga2008
NOGA_2008,4673,NACE_2.0,4673,exactMatch,ofs-methodologie
NOGA_2008,467301,NACE_2.0,4673,broadMatch,ofs-noga2008
NOGA_2008,467302,NACE_2.0,4673,broadMatch,ofs-noga2008
NOGA_2008,467303,NACE_2.0,4673,broadMatch,ofs-noga2008
NOGA_2008,4674,NACE_2.0,4674,exactMatch,ofs-methodologie
NOGA_2008,467400,NACE_2.0,4674,broadMatch,ofs-noga2008
NOGA_2008,4675,NACE_2.0,4675,exactMatch,ofs-methodologie
NOGA_2008,467500,NACE_2.0,4675,broadMatch,ofs-noga2008
NOGA_2008,4676,NACE_2.0,4676,exactMatch,ofs-methodologie
NOGA_2008,467600,NACE_2.0,4676,broadMatch,ofs-noga2008
NOGA_2008,4677,NACE_2.0,4677,exactMatch,ofs-methodologie
NOGA_2008,467701,NACE_2.0,4677,broadMatch,ofs-noga2008
NOGA_2008,467702,NACE_2.0,4677,broadMatch,ofs-noga2008
NOGA_2008,469,NACE_2.0,469,exactMatch,ofs-methodologie
NOGA_2008,4690,NACE_2.0,4690,exactMatch,ofs-methodologie
NOGA_2008,469000,NACE_2.0,4690,broadMatch,ofs-noga2008
NOGA_2008,47,NACE_2.0,47,exactMatch,ofs-methodologie
NOGA_2008,471,NACE_2.0,471,exactMatch,ofs-methodologie
NOGA_2008,4711,NACE_2.0,4711,exactMatch,ofs-methodologie
NOGA_2008,471101,NACE_2.0,4711,broadMatch,ofs-noga2008
NOGA_2008,471102,NACE_2.0,4711,broadMatch,ofs-noga2008
NOGA_2008,471103,NACE_2.0,4711,broadMatch,ofs-noga2008
NOGA_2008,471104,NACE_2.0,4711,broadMatch,ofs-noga2008
NOGA_2008,471105,NACE_2.0,4711,broadMatch,ofs-noga2008
NOGA_2008,4719,NACE_2.0,4719,exactMatch,ofs-methodologie
NOGA_2008,471901,NACE_2.0,4719,broadMatch,ofs-noga2008
NOGA_2008,471902,NACE_2.0,4719,broadMatch,ofs-noga2008
NOGA_2008,472,NACE_2.0,472,exactMatch,ofs-methodologie
NOGA_2008,4721,NACE_2.0,4721,exactMatch,ofs-methodologie
NOGA_2008,472100,NACE_2.0,4721,broadMatch,ofs-noga2008
NOGA_2008,4722,NACE_2.0,4722,exactMatch,ofs-methodologie
NOGA_2008,472200,NACE_2.0,4722,broadMatch,ofs-noga2008
NOGA_2008,4723,NACE_2.0,4723,exactMatch,ofs-methodologie
NOGA_2008,472300,NACE_2.0,4723,broadMatch,ofs-noga2008
NOGA_2008,4724,NACE_2.0,4724,exactMatch,ofs-methodologie
NOGA_2008,472401,NACE_2.0,4724,broadMatch,ofs-noga2008
NOGA_2008,472402,NACE_2.0,4724,broadMatch,ofs-noga2008
NOGA_2008,4725,NACE_2.0,4725,exactMatch,ofs-methodologie
NOGA_2008,472500,NACE_2.0,4725,broadMatch,ofs-noga2008
NOGA_2008,4726,NACE_2.0,4726,exactMatch,ofs-methodologie
NOGA_2008,472600,NACE_2.0,4726,broadMatch,ofs-noga2008
NOGA_2008,4729,NACE_2.0,4729,exactMatch,ofs-methodologie
NOGA_2008,472901,NACE_2.0,4729,broadMatch,ofs-noga2008
NOGA_2008,472902,NACE_2.0,4729,broadMatch,ofs-noga2008
NOGA_2008,473,NACE_2.0,473,exactMatch,ofs-methodologie
NOGA_2008,4730,NACE_2.0,4730,exactMatch,ofs-methodologie
NOGA_2008,473000,NACE_2.0,4730,broadMatch,ofs-noga2008
NOGA_2008,474,NACE_2.0,474,exactMatch,ofs-methodologie
NOGA_2008,4741,NACE_2.0,4741,exactMatch,ofs-methodologie
NOGA_2008,474100,NACE_2.0,4741,broadMatch,ofs-noga2008
NOGA_2008,4742,NACE_2.0,4742,exactMatch,ofs-methodologie
NOGA_2008,474200,NACE_2.0,4742,broadMatch,ofs-noga2008
NOGA_2008,4743,NACE_2.0,4743,exactMatch,ofs-methodologie
NOGA_2008,474300,NACE_2.0,4743,broadMatch,ofs-noga2008
NOGA_2008,475,NACE_2.0,475,exactMatch,ofs-methodologie
NOGA_2008,4751,NACE_2.0,4751,exactMatch,ofs-methodologie
NOGA_2008,475100,NACE_2.0,4751,broadMatch,ofs-noga2008
NOGA_2008,4752,NACE_2.0,4752,exactMatch,ofs-methodologie
NOGA_2008,475201,NACE_2.0,4752,broadMatch,ofs-noga2008
NOGA_2008,475202,NACE_2.0,4752,broadMatch,ofs-noga2008
NOGA_2008,4753,NACE_2.0,4753,exactMatch,ofs-methodologie
NOGA_2008,475300,NACE_2.0,4753,broadMatch,ofs-noga2008
NOGA_2008,4754,NACE_2.0,4754,exactMatch,ofs-methodologie
NOGA_2008,475400,NACE_2.0,4754,broadMatch,ofs-noga2008
NOGA_2008,4759,NACE_2.0,4759,exactMatch,ofs-methodologie
NOGA_2008,475901,NACE_2.0,4759,broadMatch,ofs-noga2008
NOGA_2008,475902,NACE_2.0,4759,broadMatch,ofs-noga2008
NOGA_2008,475903,NACE_2.0,4759,broadMatch,ofs-noga2008
NOGA_2008,476,NACE_2.0,476,exactMatch,ofs-methodologie
NOGA_2008,4761,NACE_2.0,4761,exactMatch,ofs-methodologie
NOGA_2008,476100,NACE_2.0,4761,broadMatch,ofs-noga2008
NOGA_2008,4762,NACE_2.0,4762,exactMatch,ofs-methodologie
NOGA_2008,476201,NACE_2.0,4762,broadMatch,ofs-noga2008
NOGA_2008,476202,NACE_2.0,4762,broadMatch,ofs-noga2008
NOGA_2008,4763,NACE_2.0,4763,exactMatch,ofs-methodologie
NOGA_2008,476300,NACE_2.0,4763,broadMatch,ofs-noga2008
NOGA_2008,4764,NACE_2.0,4764,exactMatch,ofs-methodologie
NOGA_2008,476401,NACE_2.0,4764,broadMatch,ofs-noga2008
NOGA_2008,476402,NACE_2.0,4764,broadMatch,ofs-noga2008
NOGA_2008,4765,NACE_2.0,4765,exactMatch,ofs-methodologie
NOGA_2008,476500,NACE_2.0,4765,broadMatch,ofs-noga2008
NOGA_2008,477,NACE_2.0,477,exactMatch,ofs-methodologie
NOGA_2008,4771,NACE_2.0,4771,exactMatch,ofs-methodologie
NOGA_2008,477101,NACE_2.0,4771,broadMatch,ofs-noga2008
NOGA_2008,477102,NACE_2.0,4771,broadMatch,ofs-noga2008
NOGA_2008,477103,NACE_2.0,4771,broadMatch,ofs-noga2008
NOGA_2008,477104,NACE_2.0,4771,broadMatch,ofs-noga2008
NOGA_2008,477105,NACE_2.0,4771,broadMatch,ofs-noga2008
NOGA_2008,4772,NACE_2.0,4772,exactMatch,ofs-methodologie
NOGA_2008,477201,NACE_2.0,4772,broadMatch,ofs-noga2008
NOGA_2008,477202,NACE_2.0,4772,broadMatch,ofs-noga2008
NOGA_2008,4773,NACE_2.0,4773,exactMatch,ofs-methodologie
NOGA_2008,477300,NACE_2.0,4773,broadMatch,ofs-noga2008
NOGA_2008,4774,NACE_2.0,4774,exactMatch,ofs-methodologie
NOGA_2008,477400,NACE_2.0,4774,broadMatch,ofs-noga2008
NOGA_2008,4775,NACE_2.0,4775,exactMatch,ofs-methodologie
NOGA_2008,477501,NACE_2.0,4775,broadMatch,ofs-noga2008
NOGA_2008,477502,NACE_2.0,4775,broadMatch,ofs-noga2008
NOGA_2008,4776,NACE_2.0,4776,exactMatch,ofs-methodologie
NOGA_2008,477601,NACE_2.0,4776,broadMatch,ofs-noga2008
NOGA_2008,477602,NACE_2.0,4776,broadMatch,ofs-noga2008
NOGA_2008,477603,NACE_2.0,4776,broadMatch,ofs-noga2008
NOGA_2008,4777,NACE_2.0,4777,exactMatch,ofs-methodologie
NOGA_2008,477700,NACE_2.0,4777,broadMatch,ofs-noga2008
NOGA_2008,4778,NACE_2.0,4778,exactMatch,ofs-methodologie
NOGA_2008,477801,NACE_2.0,4778,broadMatch,ofs-noga2008
NOGA_2008,477802,NACE_2.0,4778,broadMatch,ofs-noga2008
NOGA_2008,477803,NACE_2.0,4778,broadMatch,ofs-noga2008
NOGA_2008,477804,NACE_2.0,4778,broadMatch,ofs-noga2008
NOGA_2008,477805,NACE_2.0,4778,broadMatch,ofs-noga2008
NOGA_2008,477806,NACE_2.0,4778,broadMatch,ofs-noga2008
NOGA_2008,4779,NACE_2.0,4779,exactMatch,ofs-methodologie
NOGA_2008,477901,NACE_2.0,4779,broadMatch,ofs-noga2008
NOGA_2008,477902,NACE_2.0,4779,broadMatch,ofs-noga2008
NOGA_2008,478,NACE_2.0,478,exactMatch,ofs-methodologie
NOGA_2008,4781,NACE_2.0,4781,exactMatch,ofs-methodologie
NOGA_2008,478100,NACE_2.0,4781,broadMatch,ofs-noga2008
NOGA_2008,4782,NACE_2.0,4782,exactMatch,ofs-methodologie
NOGA_2008,478200,NACE_2.0,4782,broadMatch,ofs-noga2008
NOGA_2008,4789,NACE_2.0,4789,exactMatch,ofs-methodologie
NOGA_2008,478900,NACE_2.0,4789,broadMatch,ofs-noga2008
NOGA_2008,479,NACE_2.0,479,exactMatch,ofs-methodologie
NOGA_2008,4791,NACE_2.0,4791,exactMatch,ofs-methodologie
NOGA_2008,479100,NACE_2.0,4791,broadMatch,ofs-noga2008
NOGA_2008,4799,NACE_2.0,4799,exactMatch,ofs-methodologie
NOGA_2008,479900,NACE_2.0,4799,broadMatch,ofs-noga2008
NOGA_2008,49,NACE_2.0,49,exactMatch,ofs-methodologie
NOGA_2008,491,NACE_2.0,491,exactMatch,ofs-methodologie
NOGA_2008,4910,NACE_2.0,4910,exactMatch,ofs-methodologie
NOGA_2008,491000,NACE_2.0,4910,broadMatch,ofs-noga2008
NOGA_2008,492,NACE_2.0,492,exactMatch,ofs-methodologie
NOGA_2008,4920,NACE_2.0,4920,exactMatch,ofs-methodologie
NOGA_2008,492000,NACE_2.0,4920,broadMatch,ofs-noga2008
NOGA_2008,493,NACE_2.0,493,exactMatch,ofs-methodologie
NOGA_2008,4931,NACE_2.0,4931,exactMatch,ofs-methodologie
NOGA_2008,493100,NACE_2.0,4931,broadMatch,ofs-noga2008
NOGA_2008,4932,NACE_2.0,4932,exactMatch,ofs-methodologie
NOGA_2008,493200,NACE_2.0,4932,broadMatch,ofs-noga2008
NOGA_2008,4939,NACE_2.0,4939,exactMatch,ofs-methodologie
NOGA_2008,493901,NACE_2.0,4939,broadMatch,ofs-noga2008
NOGA_2008,493902,NACE_2.0,4939,broadMatch,ofs-noga2008
NOGA_2008,493903,NACE_2.0,4939,broadMatch,ofs-noga2008
NOGA_2008,494,NACE_2.0,494,exactMatch,ofs-methodologie
NOGA_2008,4941,NACE_2.0,4941,exactMatch,ofs-methodologie
NOGA_2008,494100,NACE_2.0,4941,broadMatch,ofs-noga2008
NOGA_2008,4942,NACE_2.0,4942,exactMatch,ofs-methodologie
NOGA_2008,494200,NACE_2.0,4942,broadMatch,ofs-noga2008
NOGA_2008,495,NACE_2.0,495,exactMatch,ofs-methodologie
NOGA_2008,4950,NACE_2.0,4950,exactMatch,ofs-methodologie
NOGA_2008,495000,NACE_2.0,4950,broadMatch,ofs-noga2008
NOGA_2008,50,NACE_2.0,50,exactMatch,ofs-methodologie
NOGA_2008,501,NACE_2.0,501,exactMatch,ofs-methodologie
NOGA_2008,5010,NACE_2.0,5010,exactMatch,ofs-methodologie
NOGA_2008,501000,NACE_2.0,5010,broadMatch,ofs-noga2008
NOGA_2008,502,NACE_2.0,502,exactMatch,ofs-methodologie
NOGA_2008,5020,NACE_2.0,5020,exactMatch,ofs-methodologie
NOGA_2008,502000,NACE_2.0,5020,broadMatch,ofs-noga2008
NOGA_2008,503,NACE_2.0,503,exactMatch,ofs-methodologie
NOGA_2008,5030,NACE_2.0,5030,exactMatch,ofs-methodologie
NOGA_2008,503000,NACE_2.0,5030,broadMatch,ofs-noga2008
NOGA_2008,504,NACE_2.0,504,exactMatch,ofs-methodologie
NOGA_2008,5040,NACE_2.0,5040,exactMatch,ofs-methodologie
NOGA_2008,504000,NACE_2.0,5040,broadMatch,ofs-noga2008
NOGA_2008,51,NACE_2.0,51,exactMatch,ofs-methodologie
NOGA_2008,511,NACE_2.0,511,exactMatch,ofs-methodologie
NOGA_2008,5110,NACE_2.0,5110,exactMatch,ofs-methodologie
NOGA_2008,511000,NACE_2.0,5110,broadMatch,ofs-noga2008
NOGA_2008,512,NACE_2.0,512,exactMatch,ofs-methodologie
NOGA_2008,5121,NACE_2.0,5121,exactMatch,ofs-methodologie
NOGA_2008,512100,NACE_2.0,5121,broadMatch,ofs-noga2008
NOGA_2008,5122,NACE_2.0,5122,exactMatch,ofs-methodologie
NOGA_2008,512200,NACE_2.0,5122,broadMatch,ofs-noga2008
NOGA_2008,52,NACE_2.0,52,exactMatch,ofs-methodologie
NOGA_2008,521,NACE_2.0,521,exactMatch,ofs-methodologie
NOGA_2008,5210,NACE_2.0,5210,exactMatch,ofs-methodologie
NOGA_2008,521000,NACE_2.0,5210,broadMatch,ofs-noga2008
NOGA_2008,522,NACE_2.0,522,exactMatch,ofs-methodologie
NOGA_2008,5221,NACE_2.0,5221,exactMatch,ofs-methodologie
NOGA_2008,522100,NACE_2.0,5221,broadMatch,ofs-noga2008
NOGA_2008,5222,NACE_2.0,5222,exactMatch,ofs-methodologie
NOGA_2008,522200,NACE_2.0,5222,broadMatch,ofs-noga2008
NOGA_2008,5223,NACE_2.0,5223,exactMatch,ofs-methodologie
NOGA_2008,522300,NACE_2.0,5223,broadMatch,ofs-noga2008
NOGA_2008,5224,NACE_2.0,5224,exactMatch,ofs-methodologie
NOGA_2008,522400,NACE_2.0,5224,broadMatch,ofs-noga2008
NOGA_2008,5229,NACE_2.0,5229,exactMatch,ofs-methodologie
NOGA_2008,522900,NACE_2.0,5229,broadMatch,ofs-noga2008
NOGA_2008,53,NACE_2.0,53,exactMatch,ofs-methodologie
NOGA_2008,531,NACE_2.0,531,exactMatch,ofs-methodologie
NOGA_2008,5310,NACE_2.0,5310,exactMatch,ofs-methodologie
NOGA_2008,531000,NACE_2.0,5310,broadMatch,ofs-noga2008
NOGA_2008,532,NACE_2.0,532,exactMatch,ofs-methodologie
NOGA_2008,5320,NACE_2.0,5320,exactMatch,ofs-methodologie
NOGA_2008,532000,NACE_2.0,5320,broadMatch,ofs-noga2008
NOGA_2008,55,NACE_2.0,55,exactMatch,ofs-methodologie
NOGA_2008,551,NACE_2.0,551,exactMatch,ofs-methodologie
NOGA_2008,5510,NACE_2.0,5510,exactMatch,ofs-methodologie
NOGA_2008,551001,NACE_2.0,5510,broadMatch,ofs-noga2008
NOGA_2008,551002,NACE_2.0,5510,broadMatch,ofs-noga2008
NOGA_2008,551003,NACE_2.0,5510,broadMatch,ofs-noga2008
NOGA_2008,552,NACE_2.0,552,exactMatch,ofs-methodologie
NOGA_2008,5520,NACE_2.0,5520,exactMatch,ofs-methodologie
NOGA_2008,552001,NACE_2.0,5520,broadMatch,ofs-noga2008
NOGA_2008,552002,NACE_2.0,5520,broadMatch,ofs-noga2008
NOGA_2008,552003,NACE_2.0,5520,broadMatch,ofs-noga2008
NOGA_2008,553,NACE_2.0,553,exactMatch,ofs-methodologie
NOGA_2008,5530,NACE_2.0,5530,exactMatch,ofs-methodologie
NOGA_2008,553001,NACE_2.0,5530,broadMatch,ofs-noga2008
NOGA_2008,553002,NACE_2.0,5530,broadMatch,ofs-noga2008
NOGA_2008,559,NACE_2.0,559,exactMatch,ofs-methodologie
NOGA_2008,5590,NACE_2.0,5590,exactMatch,ofs-methodologie
NOGA_2008,559000,NACE_2.0,5590,broadMatch,ofs-noga2008
NOGA_2008,56,NACE_2.0,56,exactMatch,ofs-methodologie
NOGA_2008,561,NACE_2.0,561,exactMatch,ofs-methodologie
NOGA_2008,5610,NACE_2.0,5610,exactMatch,ofs-methodologie
NOGA_2008,561001,NACE_2.0,5610,broadMatch,ofs-noga2008
NOGA_2008,561002,NACE_2.0,5610,broadMatch,ofs-noga2008
NOGA_2008,561003,NACE_2.0,5610,broadMatch,ofs-noga2008
NOGA_2008,562,NACE_2.0,562,exactMatch,ofs-methodologie
NOGA_2008,5621,NACE_2.0,5621,exactMatch,ofs-methodologie
NOGA_2008,562100,NACE_2.0,5621,broadMatch,ofs-noga2008
NOGA_2008,5629,NACE_2.0,5629,exactMatch,ofs-methodologie
NOGA_2008,562900,NACE_2.0,5629,broadMatch,ofs-noga2008
NOGA_2008,563,NACE_2.0,563,exactMatch,ofs-methodologie
NOGA_2008,5630,NACE_2.0,5630,exactMatch,ofs-methodologie
NOGA_2008,563001,NACE_2.0,5630,broadMatch,ofs-noga2008
NOGA_2008,563002,NACE_2.0,5630,broadMatch,ofs-noga2008
NOGA_2008,58,NACE_2.0,58,exactMatch,ofs-methodologie
NOGA_2008,581,NACE_2.0,581,exactMatch,ofs-methodologie
NOGA_2008,5811,NACE_2.0,5811,exactMatch,ofs-methodologie
NOGA_2008,581100,NACE_2.0,5811,broadMatch,ofs-noga2008
NOGA_2008,5812,NACE_2.0,5812,exactMatch,ofs-methodologie
NOGA_2008,581200,NACE_2.0,5812,broadMatch,ofs-noga2008
NOGA_2008,5813,NACE_2.0,5813,exactMatch,ofs-methodologie
NOGA_2008,581300,NACE_2.0,5813,broadMatch,ofs-noga2008
NOGA_2008,5814,NACE_2.0,5814,exactMatch,ofs-methodologie
NOGA_2008,581400,NACE_2.0,5814,broadMatch,ofs-noga2008
NOGA_2008,5819,NACE_2.0,5819,exactMatch,ofs-methodologie
NOGA_2008,581900,NACE_2.0,5819,broadMatch,ofs-noga2008
NOGA_2008,582,NACE_2.0,582,exactMatch,ofs-methodologie
NOGA_2008,5821,NACE_2.0,5821,exactMatch,ofs-methodologie
NOGA_2008,582100,NACE_2.0,5821,broadMatch,ofs-noga2008
NOGA_2008,5829,NACE_2.0,5829,exactMatch,ofs-methodologie
NOGA_2008,582900,NACE_2.0,5829,broadMatch,ofs-noga2008
NOGA_2008,59,NACE_2.0,59,exactMatch,ofs-methodologie
NOGA_2008,591,NACE_2.0,591,exactMatch,ofs-methodologie
NOGA_2008,5911,NACE_2.0,5911,exactMatch,ofs-methodologie
NOGA_2008,591100,NACE_2.0,5911,broadMatch,ofs-noga2008
NOGA_2008,5912,NACE_2.0,5912,exactMatch,ofs-methodologie
NOGA_2008,591200,NACE_2.0,5912,broadMatch,ofs-noga2008
NOGA_2008,5913,NACE_2.0,5913,exactMatch,ofs-methodologie
NOGA_2008,591300,NACE_2.0,5913,broadMatch,ofs-noga2008
NOGA_2008,5914,NACE_2.0,5914,exactMatch,ofs-methodologie
NOGA_2008,591400,NACE_2.0,5914,broadMatch,ofs-noga2008
NOGA_2008,592,NACE_2.0,592,exactMatch,ofs-methodologie
NOGA_2008,5920,NACE_2.0,5920,exactMatch,ofs-methodologie
NOGA_2008,592000,NACE_2.0,5920,broadMatch,ofs-noga2008
NOGA_2008,60,NACE_2.0,60,exactMatch,ofs-methodologie
NOGA_2008,601,NACE_2.0,601,exactMatch,ofs-methodologie
NOGA_2008,6010,NACE_2.0,6010,exactMatch,ofs-methodologie
NOGA_2008,601000,NACE_2.0,6010,broadMatch,ofs-noga2008
NOGA_2008,602,NACE_2.0,602,exactMatch,ofs-methodologie
NOGA_2008,6020,NACE_2.0,6020,exactMatch,ofs-methodologie
NOGA_2008,602000,NACE_2.0,6020,broadMatch,ofs-noga2008
NOGA_2008,61,NACE_2.0,61,exactMatch,ofs-methodologie
NOGA_2008,611,NACE_2.0,611,exactMatch,ofs-methodologie
NOGA_2008,6110,NACE_2.0,6110,exactMatch,ofs-methodologie
NOGA_2008,611000,NACE_2.0,6110,broadMatch,ofs-noga2008
NOGA_2008,612,NACE_2.0,612,exactMatch,ofs-methodologie
NOGA_2008,6120,NACE_2.0,6120,exactMatch,ofs-methodologie
NOGA_2008,612000,NACE_2.0,6120,broadMatch,ofs-noga2008
NOGA_2008,613,NACE_2.0,613,exactMatch,ofs-methodologie
NOGA_2008,6130,NACE_2.0,6130,exactMatch,ofs-methodologie
NOGA_2008,613000,NACE_2.0,6130,broadMatch,ofs-noga2008
NOGA_2008,619,NACE_2.0,619,exactMatch,ofs-methodologie
NOGA_2008,6190,NACE_2.0,6190,exactMatch,ofs-methodologie
NOGA_2008,619000,NACE_2.0,6190,broadMatch,ofs-noga2008
NOGA_2008,62,NACE_2.0,62,exactMatch,ofs-methodologie
NOGA_2008,620,NACE_2.0,620,exactMatch,ofs-methodologie
NOGA_2008,6201,NACE_2.0,6201,exactMatch,ofs-methodologie
NOGA_2008,620100,NACE_2.0,6201,broadMatch,ofs-noga2008
NOGA_2008,6202,NACE_2.0,6202,exactMatch,ofs-methodologie
NOGA_2008,620200,NACE_2.0,6202,broadMatch,ofs-noga2008
NOGA_2008,6203,NACE_2.0,6203,exactMatch,ofs-methodologie
NOGA_2008,620300,NACE_2.0,6203,broadMatch,ofs-noga2008
NOGA_2008,6209,NACE_2.0,6209,exactMatch,ofs-methodologie
NOGA_2008,620900,NACE_2.0,6209,broadMatch,ofs-noga2008
NOGA_2008,63,NACE_2.0,63,exactMatch,ofs-methodologie
NOGA_2008,631,NACE_2.0,631,exactMatch,ofs-methodologie
NOGA_2008,6311,NACE_2.0,6311,exactMatch,ofs-methodologie
NOGA_2008,631100,NACE_2.0,6311,broadMatch,ofs-noga2008
NOGA_2008,6312,NACE_2.0,6312,exactMatch,ofs-methodologie
NOGA_2008,631200,NACE_2.0,6312,broadMatch,ofs-noga2008
NOGA_2008,639,NACE_2.0,639,exactMatch,ofs-methodologie
NOGA_2008,6391,NACE_2.0,6391,exactMatch,ofs-methodologie
NOGA_2008,639100,NACE_2.0,6391,broadMatch,ofs-noga2008
NOGA_2008,6399,NACE_2.0,6399,exactMatch,ofs-methodologie
NOGA_2008,639900,NACE_2.0,6399,broadMatch,ofs-noga2008
NOGA_2008,64,NACE_2.0,64,exactMatch,ofs-methodologie
NOGA_2008,641,NACE_2.0,641,exactMatch,ofs-methodologie
NOGA_2008,6411,NACE_2.0,6411,exactMatch,ofs-methodologie
NOGA_2008,641100,NACE_2.0,6411,broadMatch,ofs-noga2008
NOGA_2008,6419,NACE_2.0,6419,exactMatch,ofs-methodologie
NOGA_2008,641901,NACE_2.0,6419,broadMatch,ofs-noga2008
NOGA_2008,641902,NACE_2.0,6419,broadMatch,ofs-noga2008
NOGA_2008,641903,NACE_2.0,6419,broadMatch,ofs-noga2008
NOGA_2008,641904,NACE_2.0,6419,broadMatch,ofs-noga2008
NOGA_2008,641905,NACE_2.0,6419,broadMatch,ofs-noga2008
NOGA_2008,641906,NACE_2.0,6419,broadMatch,ofs-noga2008
NOGA_2008,641907,NACE_2.0,6419,broadMatch,ofs-noga2008
NOGA_2008,641908,NACE_2.0,6419,broadMatch,ofs-noga2008
NOGA_2008,641909,NACE_2.0,6419,broadMatch,ofs-noga2008
NOGA_2008,641910,NACE_2.0,6419,broadMatch,ofs-noga2008
NOGA_2008,641911,NACE_2.0,6419,broadMatch,ofs-noga2008
NOGA_2008,641912,NACE_2.0,6419,broadMatch,ofs-noga2008
NOGA_2008,642,NACE_2.0,642,exactMatch,ofs-methodologie
NOGA_2008,6420,NACE_2.0,6420,exactMatch,ofs-methodologie
NOGA_2008,642001,NACE_2.0,6420,broadMatch,ofs-noga2008
NOGA_2008,642002,NACE_2.0,6420,broadMatch,ofs-noga2008
NOGA_2008,643,NACE_2.0,643,exactMatch,ofs-methodologie
NOGA_2008,6430,NACE_2.0,6430,exactMatch,ofs-methodologie
NOGA_2008,643000,NACE_2.0,6430,broadMatch,ofs-noga2008
NOGA_2008,649,NACE_2.0,649,exactMatch,ofs-methodologie
NOGA_2008,6491,NACE_2.0,6491,exactMatch,ofs-methodologie
NOGA_2008,649100,NACE_2.0,6491,broadMatch,ofs-noga2008
NOGA_2008,6492,NACE_2.0,6492,exactMatch,ofs-methodologie
NOGA_2008,649201,NACE_2.0,6492,broadMatch,ofs-noga2008
NOGA_2008,649202,NACE_2.0,6492,broadMatch,ofs-noga2008
NOGA_2008,6499,NACE_2.0,6499,exactMatch,ofs-methodologie
NOGA_2008,649901,NACE_2.0,6499,broadMatch,ofs-noga2008
NOGA_2008,649902,NACE_2.0,6499,broadMatch,ofs-noga2008
NOGA_2008,649903,NACE_2.0,6499,broadMatch,ofs-noga2008
NOGA_2008,65,NACE_2.0,65,exactMatch,ofs-methodologie
NOGA_2008,651,NACE_2.0,651,exactMatch,ofs-methodologie
NOGA_2008,6511,NACE_2.0,6511,exactMatch,ofs-methodologie
NOGA_2008,651100,NACE_2.0,6511,broadMatch,ofs-noga2008
NOGA_2008,6512,NACE_2.0,6512,exactMatch,ofs-methodologie
NOGA_2008,651201,NACE_2.0,6512,broadMatch,ofs-noga2008
NOGA_2008,651202,NACE_2.0,6512,broadMatch,ofs-noga2008
NOGA_2008,651203,NACE_2.0,6512,broadMatch,ofs-noga2008
NOGA_2008,651204,NACE_2.0,6512,broadMatch,ofs-noga2008
NOGA_2008,652,NACE_2.0,652,exactMatch,ofs-methodologie
NOGA_2008,6520,NACE_2.0,6520,exactMatch,ofs-methodologie
NOGA_2008,652000,NACE_2.0,6520,broadMatch,ofs-noga2008
NOGA_2008,653,NACE_2.0,653,exactMatch,ofs-methodologie
NOGA_2008,6530,NACE_2.0,6530,exactMatch,ofs-methodologie
NOGA_2008,653000,NACE_2.0,6530,broadMatch,ofs-noga2008
NOGA_2008,66,NACE_2.0,66,exactMatch,ofs-methodologie
NOGA_2008,661,NACE_2.0,661,exactMatch,ofs-methodologie
NOGA_2008,6611,NACE_2.0,6611,exactMatch,ofs-methodologie
NOGA_2008,661100,NACE_2.0,6611,broadMatch,ofs-noga2008
NOGA_2008,6612,NACE_2.0,6612,exactMatch,ofs-methodologie
NOGA_2008,661200,NACE_2.0,6612,broadMatch,ofs-noga2008
NOGA_2008,6619,NACE_2.0,6619,exactMatch,ofs-methodologie
NOGA_2008,661900,NACE_2.0,6619,broadMatch,ofs-noga2008
NOGA_2008,662,NACE_2.0,662,exactMatch,ofs-methodologie
NOGA_2008,6621,NACE_2.0,6621,exactMatch,ofs-methodologie
NOGA_2008,662100,NACE_2.0,6621,broadMatch,ofs-noga2008
NOGA_2008,6622,NACE_2.0,6622,exactMatch,ofs-methodologie
NOGA_2008,662200,NACE_2.0,6622,broadMatch,ofs-noga2008
NOGA_2008,6629,NACE_2.0,6629,exactMatch,ofs-methodologie
NOGA_2008,662901,NACE_2.0,6629,broadMatch,ofs-noga2008
NOGA_2008,662902,NACE_2.0,6629,broadMatch,ofs-noga2008
NOGA_2008,663,NACE_2.0,663,exactMatch,ofs-methodologie
NOGA_2008,6630,NACE_2.0,6630,exactMatch,ofs-methodologie
NOGA_2008,663001,NACE_2.0,6630,broadMatch,ofs-noga2008
NOGA_2008,663002,NACE_2.0,6630,broadMatch,ofs-noga2008
NOGA_2008,68,NACE_2.0,68,exactMatch,ofs-methodologie
NOGA_2008,681,NACE_2.0,681,exactMatch,ofs-methodologie
NOGA_2008,6810,NACE_2.0,6810,exactMatch,ofs-methodologie
NOGA_2008,681000,NACE_2.0,6810,broadMatch,ofs-noga2008
NOGA_2008,682,NACE_2.0,682,exactMatch,ofs-methodologie
NOGA_2008,6820,NACE_2.0,6820,exactMatch,ofs-methodologie
NOGA_2008,682001,NACE_2.0,6820,broadMatch,ofs-noga2008
NOGA_2008,682002,NACE_2.0,6820,broadMatch,ofs-noga2008
NOGA_2008,683,NACE_2.0,683,exactMatch,ofs-methodologie
NOGA_2008,6831,NACE_2.0,6831,exactMatch,ofs-methodologie
NOGA_2008,683100,NACE_2.0,6831,broadMatch,ofs-noga2008
NOGA_2008,6832,NACE_2.0,6832,exactMatch,ofs-methodologie
NOGA_2008,683200,NACE_2.0,6832,broadMatch,ofs-noga2008
NOGA_2008,69,NACE_2.0,69,exactMatch,ofs-methodologie
NOGA_2008,691,NACE_2.0,691,exactMatch,ofs-methodologie
NOGA_2008,6910,NACE_2.0,6910,exactMatch,ofs-methodologie
NOGA_2008,691001,NACE_2.0,6910,broadMatch,ofs-noga2008
NOGA_2008,691002,NACE_2.0,6910,broadMatch,ofs-noga2008
NOGA_2008,692,NACE_2.0,692,exactMatch,ofs-methodologie
NOGA_2008,6920,NACE_2.0,6920,exactMatch,ofs-methodologie
NOGA_2008,692000,NACE_2.0,6920,broadMatch,ofs-noga2008
NOGA_2008,70,NACE_2.0,70,exactMatch,ofs-methodologie
NOGA_2008,701,NACE_2.0,701,exactMatch,ofs-methodologie
NOGA_2008,7010,NACE_2.0,7010,exactMatch,ofs-methodologie
NOGA_2008,701001,NACE_2.0,7010,broadMatch,ofs-noga2008
NOGA_2008,701002,NACE_2.0,7010,broadMatch,ofs-noga2008
NOGA_2008,702,NACE_2.0,702,exactMatch,ofs-methodologie
NOGA_2008,7021,NACE_2.0,7021,exactMatch,ofs-methodologie
NOGA_2008,702100,NACE_2.0,7021,broadMatch,ofs-noga2008
NOGA_2008,7022,NACE_2.0,7022,exactMatch,ofs-methodologie
NOGA_2008,702200,NACE_2.0,7022,broadMatch,ofs-noga2008
NOGA_2008,71,NACE_2.0,71,exactMatch,ofs-methodologie
NOGA_2008,711,NACE_2.0,711,exactMatch,ofs-methodologie
NOGA_2008,7111,NACE_2.0,7111,exactMatch,ofs-methodologie
NOGA_2008,711101,NACE_2.0,7111,broadMatch,ofs-noga2008
NOGA_2008,711102,NACE_2.0,7111,broadMatch,ofs-noga2008
NOGA_2008,711103,NACE_2.0,7111,broadMatch,ofs-noga2008
NOGA_2008,7112,NACE_2.0,7112,exactMatch,ofs-methodologie
NOGA_2008,711201,NACE_2.0,7112,broadMatch,ofs-noga2008
NOGA_2008,711202,NACE_2.0,7112,broadMatch,ofs-noga2008
NOGA_2008,711203,NACE_2.0,7112,broadMatch,ofs-noga2008
NOGA_2008,711204,NACE_2.0,7112,broadMatch,ofs-noga2008
NOGA_2008,711205,NACE_2.0,7112,broadMatch,ofs-noga2008
NOGA_2008,712,NACE_2.0,712,exactMatch,ofs-methodologie
NOGA_2008,7120,NACE_2.0,7120,exactMatch,ofs-methodologie
NOGA_2008,712000,NACE_2.0,7120,broadMatch,ofs-noga2008
NOGA_2008,72,NACE_2.0,72,exactMatch,ofs-methodologie
NOGA_2008,721,NACE_2.0,721,exactMatch,ofs-methodologie
NOGA_2008,7211,NACE_2.0,7211,exactMatch,ofs-methodologie
NOGA_2008,721100,NACE_2.0,7211,broadMatch,ofs-noga2008
NOGA_2008,7219,NACE_2.0,7219,exactMatch,ofs-methodologie
NOGA_2008,721900,NACE_2.0,7219,broadMatch,ofs-noga2008
NOGA_2008,722,NACE_2.0,722,exactMatch,ofs-methodologie
NOGA_2008,7220,NACE_2.0,7220,exactMatch,ofs-methodologie
NOGA_2008,722000,NACE_2.0,7220,broadMatch,ofs-noga2008
NOGA_2008,73,NACE_2.0,73,exactMatch,ofs-methodologie
NOGA_2008,731,NACE_2.0,731,exactMatch,ofs-methodologie
NOGA_2008,7311,NACE_2.0,7311,exactMatch,ofs-methodologie
NOGA_2008,731100,NACE_2.0,7311,broadMatch,ofs-noga2008
NOGA_2008,7312,NACE_2.0,7312,exactMatch,ofs-methodologie
NOGA_2008,731200,NACE_2.0,7312,broadMatch,ofs-noga2008
NOGA_2008,732,NACE_2.0,732,exactMatch,ofs-methodologie
NOGA_2008,7320,NACE_2.0,7320,exactMatch,ofs-methodologie
NOGA_2008,732000,NACE_2.0,7320,broadMatch,ofs-noga2008
NOGA_2008,74,NACE_2.0,74,exactMatch,ofs-methodologie
NOGA_2008,741,NACE_2.0,741,exactMatch,ofs-methodologie
NOGA_2008,7410,NACE_2.0,7410,exactMatch,ofs-methodologie
NOGA_2008,741001,NACE_2.0,7410,broadMatch,ofs-noga2008
NOGA_2008,741002,NACE_2.0,7410,broadMatch,ofs-noga2008
NOGA_2008,741003,NACE_2.0,7410,broadMatch,ofs-noga2008
NOGA_2008,742,NACE_2.0,742,exactMatch,ofs-methodologie
NOGA_2008,7420,NACE_2.0,7420,exactMatch,ofs-methodologie
NOGA_2008,742001,NACE_2.0,7420,broadMatch,ofs-noga2008
NOGA_2008,742002,NACE_2.0,7420,broadMatch,ofs-noga2008
NOGA_2008,743,NACE_2.0,743,exactMatch,ofs-methodologie
NOGA_2008,7430,NACE_2.0,7430,exactMatch,ofs-methodologie
NOGA_2008,743000,NACE_2.0,7430,broadMatch,ofs-noga2008
NOGA_2008,749,NACE_2.0,749,exactMatch,ofs-methodologie
NOGA_2008,7490,NACE_2.0,7490,exactMatch,ofs-methodologie
NOGA_2008,749000,NACE_2.0,7490,broadMatch,ofs-noga2008
NOGA_2008,75,NACE_2.0,75,exactMatch,ofs-methodologie
NOGA_2008,750,NACE_2.0,750,exactMatch,ofs-methodologie
NOGA_2008,7500,NACE_2.0,7500,exactMatch,ofs-methodologie
NOGA_2008,750000,NACE_2.0,7500,broadMatch,ofs-noga2008
NOGA_2008,77,NACE_2.0,77,exactMatch,ofs-methodologie
NOGA_2008,771,NACE_2.0,771,exactMatch,ofs-methodologie
NOGA_2008,7711,NACE_2.0,7711,exactMatch,ofs-methodologie
NOGA_2008,771100,NACE_2.0,7711,broadMatch,ofs-noga2008
NOGA_2008,7712,NACE_2.0,7712,exactMatch,ofs-methodologie
NOGA_2008,771200,NACE_2.0,7712,broadMatch,ofs-noga2008
NOGA_2008,772,NACE_2.0,772,exactMatch,ofs-methodologie
NOGA_2008,7721,NACE_2.0,7721,exactMatch,ofs-methodologie
NOGA_2008,772100,NACE_2.0,7721,broadMatch,ofs-noga2008
NOGA_2008,7722,NACE_2.0,7722,exactMatch,ofs-methodologie
NOGA_2008,772200,NACE_2.0,7722,broadMatch,ofs-noga2008
NOGA_2008,7729,NACE_2.0,7729,exactMatch,ofs-methodologie
NOGA_2008,772900,NACE_2.0,7729,broadMatch,ofs-noga2008
NOGA_2008,773,NACE_2.0,773,exactMatch,ofs-methodologie
NOGA_2008,7731,NACE_2.0,7731,exactMatch,ofs-methodologie
NOGA_2008,773100,NACE_2.0,7731,broadMatch,ofs-noga2008
NOGA_2008,7732,NACE_2.0,7732,exactMatch,ofs-methodologie
NOGA_2008,773200,NACE_2.0,7732,broadMatch,ofs-noga2008
NOGA_2008,7733,NACE_2.0,7733,exactMatch,ofs-methodologie
NOGA_2008,773300,NACE_2.0,7733,broadMatch,ofs-noga2008
NOGA_2008,7734,NACE_2.0,7734,exactMatch,ofs-methodologie
NOGA_2008,773400,NACE_2.0,7734,broadMatch,ofs-noga2008
NOGA_2008,7735,NACE_2.0,7735,exactMatch,ofs-methodologie
NOGA_2008,773500,NACE_2.0,7735,broadMatch,ofs-noga2008
NOGA_2008,7739,NACE_2.0,7739,exactMatch,ofs-methodologie
NOGA_2008,773900,NACE_2.0,7739,broadMatch,ofs-noga2008
NOGA_2008,774,NACE_2.0,774,exactMatch,ofs-methodologie
NOGA_2008,7740,NACE_2.0,7740,exactMatch,ofs-methodologie
NOGA_2008,774000,NACE_2.0,7740,broadMatch,ofs-noga2008
NOGA_2008,78,NACE_2.0,78,exactMatch,ofs-methodologie
NOGA_2008,781,NACE_2.0,781,exactMatch,ofs-methodologie
NOGA_2008,7810,NACE_2.0,7810,exactMatch,ofs-methodologie
NOGA_2008,781000,NACE_2.0,7810,broadMatch,ofs-noga2008
NOGA_2008,782,NACE_2.0,782,exactMatch,ofs-methodologie
NOGA_2008,7820,NACE_2.0,7820,exactMatch,ofs-methodologie
NOGA_2008,782000,NACE_2.0,7820,broadMatch,ofs-noga2008
NOGA_2008,783,NACE_2.0,783,exactMatch,ofs-methodologie
NOGA_2008,7830,NACE_2.0,7830,exactMatch,ofs-methodologie
NOGA_2008,783000,NACE_2.0,7830,broadMatch,ofs-noga2008
NOGA_2008,79,NACE_2.0,79,exactMatch,ofs-methodologie
NOGA_2008,791,NACE_2.0,791,exactMatch,ofs-methodologie
NOGA_2008,7911,NACE_2.0,7911,exactMatch,ofs-methodologie
NOGA_2008,791100,NACE_2.0,7911,broadMatch,ofs-noga2008
NOGA_2008,7912,NACE_2.0,7912,exactMatch,ofs-methodologie
NOGA_2008,791200,NACE_2.0,7912,broadMatch,ofs-noga2008
NOGA_2008,799,NACE_2.0,799,exactMatch,ofs-methodologie
NOGA_2008,7990,NACE_2.0,7990,exactMatch,ofs-methodologie
NOGA_2008,799001,NACE_2.0,7990,broadMatch,ofs-noga2008
NOGA_2008,799002,NACE_2.0,7990,broadMatch,ofs-noga2008
NOGA_2008,80,NACE_2.0,80,exactMatch,ofs-methodologie
NOGA_2008,801,NACE_2.0,801,exactMatch,ofs-methodologie
NOGA_2008,8010,NACE_2.0,8010,exactMatch,ofs-methodologie
NOGA_2008,801000,NACE_2.0,8010,broadMatch,ofs-noga2008
NOGA_2008,802,NACE_2.0,802,exactMatch,ofs-methodologie
NOGA_2008,8020,NACE_2.0,8020,exactMatch,ofs-methodologie
NOGA_2008,802000,NACE_2.0,8020,broadMatch,ofs-noga2008
NOGA_2008,803,NACE_2.0,803,exactMatch,ofs-methodologie
NOGA_2008,8030,NACE_2.0,8030,exactMatch,ofs-methodologie
NOGA_2008,803000,NACE_2.0,8030,broadMatch,ofs-noga2008
NOGA_2008,81,NACE_2.0,81,exactMatch,ofs-methodologie
NOGA_2008,811,NACE_2.0,811,exactMatch,ofs-methodologie
NOGA_2008,8110,NACE_2.0,8110,exactMatch,ofs-methodologie
NOGA_2008,811000,NACE_2.0,8110,broadMatch,ofs-noga2008
NOGA_2008,812,NACE_2.0,812,exactMatch,ofs-methodologie
NOGA_2008,8121,NACE_2.0,8121,exactMatch,ofs-methodologie
NOGA_2008,812100,NACE_2.0,8121,broadMatch,ofs-noga2008
NOGA_2008,8122,NACE_2.0,8122,exactMatch,ofs-methodologie
NOGA_2008,812201,NACE_2.0,8122,broadMatch,ofs-noga2008
NOGA_2008,812202,NACE_2.0,8122,broadMatch,ofs-noga2008
NOGA_2008,8129,NACE_2.0,8129,exactMatch,ofs-methodologie
NOGA_2008,812900,NACE_2.0,8129,broadMatch,ofs-noga2008
NOGA_2008,813,NACE_2.0,813,exactMatch,ofs-methodologie
NOGA_2008,8130,NACE_2.0,8130,exactMatch,ofs-methodologie
NOGA_2008,813000,NACE_2.0,8130,broadMatch,ofs-noga2008
NOGA_2008,82,NACE_2.0,82,exactMatch,ofs-methodologie
NOGA_2008,821,NACE_2.0,821,exactMatch,ofs-methodologie
NOGA_2008,8211,NACE_2.0,8211,exactMatch,ofs-methodologie
NOGA_2008,821100,NACE_2.0,8211,broadMatch,ofs-noga2008
NOGA_2008,8219,NACE_2.0,8219,exactMatch,ofs-methodologie
NOGA_2008,821901,NACE_2.0,8219,broadMatch,ofs-noga2008
NOGA_2008,821902,NACE_2.0,8219,broadMatch,ofs-noga2008
NOGA_2008,822,NACE_2.0,822,exactMatch,ofs-methodologie
NOGA_2008,8220,NACE_2.0,8220,exactMatch,ofs-methodologie
NOGA_2008,822000,NACE_2.0,8220,broadMatch,ofs-noga2008
NOGA_2008,823,NACE_2.0,823,exactMatch,ofs-methodologie
NOGA_2008,8230,NACE_2.0,8230,exactMatch,ofs-methodologie
NOGA_2008,823000,NACE_2.0,8230,broadMatch,ofs-noga2008
NOGA_2008,829,NACE_2.0,829,exactMatch,ofs-methodologie
NOGA_2008,8291,NACE_2.0,8291,exactMatch,ofs-methodologie
NOGA_2008,829100,NACE_2.0,8291,broadMatch,ofs-noga2008
NOGA_2008,8292,NACE_2.0,8292,exactMatch,ofs-methodologie
NOGA_2008,829200,NACE_2.0,8292,broadMatch,ofs-noga2008
NOGA_2008,8299,NACE_2.0,8299,exactMatch,ofs-methodologie
NOGA_2008,829900,NACE_2.0,8299,broadMatch,ofs-noga2008
NOGA_2008,84,NACE_2.0,84,exactMatch,ofs-methodologie
NOGA_2008,841,NACE_2.0,841,exactMatch,ofs-methodologie
NOGA_2008,8411,NACE_2.0,8411,exactMatch,ofs-methodologie
NOGA_2008,841100,NACE_2.0,8411,broadMatch,ofs-noga2008
NOGA_2008,8412,NACE_2.0,8412,exactMatch,ofs-methodologie
NOGA_2008,841200,NACE_2.0,8412,broadMatch,ofs-noga2008
NOGA_2008,8413,NACE_2.0,8413,exactMatch,ofs-methodologie
NOGA_2008,841300,NACE_2.0,8413,broadMatch,ofs-noga2008
NOGA_2008,842,NACE_2.0,842,exactMatch,ofs-methodologie
NOGA_2008,8421,NACE_2.0,8421,exactMatch,ofs-methodologie
NOGA_2008,842100,NACE_2.0,8421,broadMatch,ofs-noga2008
NOGA_2008,8422,NACE_2.0,8422,exactMatch,ofs-methodologie
NOGA_2008,842201,NACE_2.0,8422,broadMatch,ofs-noga2008
NOGA_2008,842202,NACE_2.0,8422,broadMatch,ofs-noga2008
NOGA_2008,8423,NACE_2.0,8423,exactMatch,ofs-methodologie
NOGA_2008,842301,NACE_2.0,8423,broadMatch,ofs-noga2008
NOGA_2008,842302,NACE_2.0,8423,broadMatch,ofs-noga2008
NOGA_2008,8424,NACE_2.0,8424,exactMatch,ofs-methodologie
NOGA_2008,842400,NACE_2.0,8424,broadMatch,ofs-noga2008
NOGA_2008,8425,NACE_2.0,8425,exactMatch,ofs-methodologie
NOGA_2008,842500,NACE_2.0,8425,broadMatch,ofs-noga2008
NOGA_2008,843,NACE_2.0,843,exactMatch,ofs-methodologie
NOGA_2008,8430,NACE_2.0,8430,exactMatch,ofs-methodologie
NOGA_2008,843000,NACE_2.0,8430,broadMatch,ofs-noga2008
NOGA_2008,85,NACE_2.0,85,exactMatch,ofs-methodologie
NOGA_2008,851,NACE_2.0,851,exactMatch,ofs-methodologie
NOGA_2008,8510,NACE_2.0,8510,exactMatch,ofs-methodologie
NOGA_2008,851000,NACE_2.0,8510,broadMatch,ofs-noga2008
NOGA_2008,852,NACE_2.0,852,exactMatch,ofs-methodologie
NOGA_2008,8520,NACE_2.0,8520,exactMatch,ofs-methodologie
NOGA_2008,852001,NACE_2.0,8520,broadMatch,ofs-noga2008
NOGA_2008,852002,NACE_2.0,8520,broadMatch,ofs-noga2008
NOGA_2008,852003,NACE_2.0,8520,broadMatch,ofs-noga2008
NOGA_2008,853,NACE_2.0,853,exactMatch,ofs-methodologie
NOGA_2008,8531,NACE_2.0,8531,exactMatch,ofs-methodologie
NOGA_2008,853101,NACE_2.0,8531,broadMatch,ofs-noga2008
NOGA_2008,853102,NACE_2.0,8531,broadMatch,ofs-noga2008
NOGA_2008,853103,NACE_2.0,8531,broadMatch,ofs-noga2008
NOGA_2008,8532,NACE_2.0,8532,exactMatch,ofs-methodologie
NOGA_2008,853200,NACE_2.0,8532,broadMatch,ofs-noga2008
NOGA_2008,854,NACE_2.0,854,exactMatch,ofs-methodologie
NOGA_2008,8541,NACE_2.0,8541,exactMatch,ofs-methodologie
NOGA_2008,854100,NACE_2.0,8541,broadMatch,ofs-noga2008
NOGA_2008,8542,NACE_2.0,8542,exactMatch,ofs-methodologie
NOGA_2008,854201,NACE_2.0,8542,broadMatch,ofs-noga2008
NOGA_2008,854202,NACE_2.0,8542,broadMatch,ofs-noga2008
NOGA_2008,854203,NACE_2.0,8542,broadMatch,ofs-noga2008
NOGA_2008,855,NACE_2.0,855,exactMatch,ofs-methodologie
NOGA_2008,8551,NACE_2.0,8551,exactMatch,ofs-methodologie
NOGA_2008,855100,NACE_2.0,8551,broadMatch,ofs-noga2008
NOGA_2008,8552,NACE_2.0,8552,exactMatch,ofs-methodologie
NOGA_2008,855200,NACE_2.0,8552,broadMatch,ofs-noga2008
NOGA_2008,8553,NACE_2.0,8553,exactMatch,ofs-methodologie
NOGA_2008,855300,NACE_2.0,8553,broadMatch,ofs-noga2008
NOGA_2008,8559,NACE_2.0,8559,exactMatch,ofs-methodologie
NOGA_2008,855901,NACE_2.0,8559,broadMatch,ofs-noga2008
NOGA_2008,855902,NACE_2.0,8559,broadMatch,ofs-noga2008
NOGA_2008,855903,NACE_2.0,8559,broadMatch,ofs-noga2008
NOGA_2008,855904,NACE_2.0,8559,broadMatch,ofs-noga2008
NOGA_2008,856,NACE_2.0,856,exactMatch,ofs-methodologie
NOGA_2008,8560,NACE_2.0,8560,exactMatch,ofs-methodologie
NOGA_2008,856000,NACE_2.0,8560,broadMatch,ofs-noga2008
NOGA_2008,86,NACE_2.0,86,exactMatch,ofs-methodologie
NOGA_2008,861,NACE_2.0,861,exactMatch,ofs-methodologie
NOGA_2008,8610,NACE_2.0,8610,exactMatch,ofs-methodologie
NOGA_2008,861001,NACE_2.0,8610,broadMatch,ofs-noga2008
NOGA_2008,861002,NACE_2.0,8610,broadMatch,ofs-noga2008
NOGA_2008,862,NACE_2.0,862,exactMatch,ofs-methodologie
NOGA_2008,8621,NACE_2.0,8621,exactMatch,ofs-methodologie
NOGA_2008,862100,NACE_2.0,8621,broadMatch,ofs-noga2008
NOGA_2008,8622,NACE_2.0,8622,exactMatch,ofs-methodologie
NOGA_2008,862200,NACE_2.0,8622,broadMatch,ofs-noga2008
NOGA_2008,8623,NACE_2.0,8623,exactMatch,ofs-methodologie
NOGA_2008,862300,NACE_2.0,8623,broadMatch,ofs-noga2008
NOGA_2008,869,NACE_2.0,869,exactMatch,ofs-methodologie
NOGA_2008,8690,NACE_2.0,8690,exactMatch,ofs-methodologie
NOGA_2008,869001,NACE_2.0,8690,broadMatch,ofs-noga2008
NOGA_2008,869002,NACE_2.0,8690,broadMatch,ofs-noga2008
NOGA_2008,869003,NACE_2.0,8690,broadMatch,ofs-noga2008
NOGA_2008,869004,NACE_2.0,8690,broadMatch,ofs-noga2008
NOGA_2008,869005,NACE_2.0,8690,broadMatch,ofs-noga2008
NOGA_2008,869006,NACE_2.0,8690,broadMatch,ofs-noga2008
NOGA_2008,869007,NACE_2.0,8690,broadMatch,ofs-noga2008
NOGA_2008,87,NACE_2.0,87,exactMatch,ofs-methodologie
NOGA_2008,871,NACE_2.0,871,exactMatch,ofs-methodologie
NOGA_2008,8710,NACE_2.0,8710,exactMatch,ofs-methodologie
NOGA_2008,871000,NACE_2.0,8710,broadMatch,ofs-noga2008
NOGA_2008,872,NACE_2.0,872,exactMatch,ofs-methodologie
NOGA_2008,8720,NACE_2.0,8720,exactMatch,ofs-methodologie
NOGA_2008,872001,NACE_2.0,8720,broadMatch,ofs-noga2008
NOGA_2008,872002,NACE_2.0,8720,broadMatch,ofs-noga2008
NOGA_2008,873,NACE_2.0,873,exactMatch,ofs-methodologie
NOGA_2008,8730,NACE_2.0,8730,exactMatch,ofs-methodologie
NOGA_2008,873001,NACE_2.0,8730,broadMatch,ofs-noga2008
NOGA_2008,873002,NACE_2.0,8730,broadMatch,ofs-noga2008
NOGA_2008,879,NACE_2.0,879,exactMatch,ofs-methodologie
NOGA_2008,8790,NACE_2.0,8790,exactMatch,ofs-methodologie
NOGA_2008,879001,NACE_2.0,8790,broadMatch,ofs-noga2008
NOGA_2008,879002,NACE_2.0,8790,broadMatch,ofs-noga2008
NOGA_2008,879003,NACE_2.0,8790,broadMatch,ofs-noga2008
NOGA_2008,88,NACE_2.0,88,exactMatch,ofs-methodologie
NOGA_2008,881,NACE_2.0,881,exactMatch,ofs-methodologie
NOGA_2008,8810,NACE_2.0,8810,exactMatch,ofs-methodologie
NOGA_2008,881000,NACE_2.0,8810,broadMatch,ofs-noga2008
NOGA_2008,889,NACE_2.0,889,exactMatch,ofs-methodologie
NOGA_2008,8891,NACE_2.0,8891,exactMatch,ofs-methodologie
NOGA_2008,889100,NACE_2.0,8891,broadMatch,ofs-noga2008
NOGA_2008,8899,NACE_2.0,8899,exactMatch,ofs-methodologie
NOGA_2008,889901,NACE_2.0,8899,broadMatch,ofs-noga2008
NOGA_2008,889902,NACE_2.0,8899,broadMatch,ofs-noga2008
NOGA_2008,90,NACE_2.0,90,exactMatch,ofs-methodologie
NOGA_2008,900,NACE_2.0,900,exactMatch,ofs-methodologie
NOGA_2008,9001,NACE_2.0,9001,exactMatch,ofs-methodologie
NOGA_2008,900101,NACE_2.0,9001,broadMatch,ofs-noga2008
NOGA_2008,900102,NACE_2.0,9001,broadMatch,ofs-noga2008
NOGA_2008,9002,NACE_2.0,9002,exactMatch,ofs-methodologie
NOGA_2008,900200,NACE_2.0,9002,broadMatch,ofs-noga2008
NOGA_2008,9003,NACE_2.0,9003,exactMatch,ofs-methodologie
NOGA_2008,900301,NACE_2.0,9003,broadMatch,ofs-noga2008
NOGA_2008,900302,NACE_2.0,9003,broadMatch,ofs-noga2008
NOGA_2008,900303,NACE_2.0,9003,broadMatch,ofs-noga2008
NOGA_2008,9004,NACE_2.0,9004,exactMatch,ofs-methodologie
NOGA_2008,900400,NACE_2.0,9004,broadMatch,ofs-noga2008
NOGA_2008,91,NACE_2.0,91,exactMatch,ofs-methodologie
NOGA_2008,910,NACE_2.0,910,exactMatch,ofs-methodologie
NOGA_2008,9101,NACE_2.0,9101,exactMatch,ofs-methodologie
NOGA_2008,910100,NACE_2.0,9101,broadMatch,ofs-noga2008
NOGA_2008,9102,NACE_2.0,9102,exactMatch,ofs-methodologie
NOGA_2008,910200,NACE_2.0,9102,broadMatch,ofs-noga2008
NOGA_2008,9103,NACE_2.0,9103,exactMatch,ofs-methodologie
NOGA_2008,910300,NACE_2.0,9103,broadMatch,ofs-noga2008
NOGA_2008,9104,NACE_2.0,9104,exactMatch,ofs-methodologie
NOGA_2008,910400,NACE_2.0,9104,broadMatch,ofs-noga2008
NOGA_2008,92,NACE_2.0,92,exactMatch,ofs-methodologie
NOGA_2008,920,NACE_2.0,920,exactMatch,ofs-methodologie
NOGA_2008,9200,NACE_2.0,9200,exactMatch,ofs-methodologie
NOGA_2008,920000,NACE_2.0,9200,broadMatch,ofs-noga2008
NOGA_2008,93,NACE_2.0,93,exactMatch,ofs-methodologie
NOGA_2008,931,NACE_2.0,931,exactMatch,ofs-methodologie
NOGA_2008,9311,NACE_2.0,9311,exactMatch,ofs-methodologie
NOGA_2008,931100,NACE_2.0,9311,broadMatch,ofs-noga2008
NOGA_2008,9312,NACE_2.0,9312,exactMatch,ofs-methodologie
NOGA_2008,931200,NACE_2.0,9312,broadMatch,ofs-noga2008
NOGA_2008,9313,NACE_2.0,9313,exactMatch,ofs-methodologie
NOGA_2008,931300,NACE_2.0,9313,broadMatch,ofs-noga2008
NOGA_2008,9319,NACE_2.0,9319,exactMatch,ofs-methodologie
NOGA_2008,931900,NACE_2.0,9319,broadMatch,ofs-noga2008
NOGA_2008,932,NACE_2.0,932,exactMatch,ofs-methodologie
NOGA_2008,9321,NACE_2.0,9321,exactMatch,ofs-methodologie
NOGA_2008,932100,NACE_2.0,9321,broadMatch,ofs-noga2008
NOGA_2008,9329,NACE_2.0,9329,exactMatch,ofs-methodologie
NOGA_2008,932900,NACE_2.0,9329,broadMatch,ofs-noga2008
NOGA_2008,94,NACE_2.0,94,exactMatch,ofs-methodologie
NOGA_2008,941,NACE_2.0,941,exactMatch,ofs-methodologie
NOGA_2008,9411,NACE_2.0,9411,exactMatch,ofs-methodologie
NOGA_2008,941100,NACE_2.0,9411,broadMatch,ofs-noga2008
NOGA_2008,9412,NACE_2.0,9412,exactMatch,ofs-methodologie
NOGA_2008,941200,NACE_2.0,9412,broadMatch,ofs-noga2008
NOGA_2008,942,NACE_2.0,942,exactMatch,ofs-methodologie
NOGA_2008,9420,NACE_2.0,9420,exactMatch,ofs-methodologie
NOGA_2008,942000,NACE_2.0,9420,broadMatch,ofs-noga2008
NOGA_2008,949,NACE_2.0,949,exactMatch,ofs-methodologie
NOGA_2008,9491,NACE_2.0,9491,exactMatch,ofs-methodologie
NOGA_2008,949101,NACE_2.0,9491,broadMatch,ofs-noga2008
NOGA_2008,949102,NACE_2.0,9491,broadMatch,ofs-noga2008
NOGA_2008,9492,NACE_2.0,9492,exactMatch,ofs-methodologie
NOGA_2008,949200,NACE_2.0,9492,broadMatch,ofs-noga2008
NOGA_2008,9499,NACE_2.0,9499,exactMatch,ofs-methodologie
NOGA_2008,949901,NACE_2.0,9499,broadMatch,ofs-noga2008
NOGA_2008,949902,NACE_2.0,9499,broadMatch,ofs-noga2008
NOGA_2008,949903,NACE_2.0,9499,broadMatch,ofs-noga2008
NOGA_2008,949904,NACE_2.0,9499,broadMatch,ofs-noga2008
NOGA_2008,95,NACE_2.0,95,exactMatch,ofs-methodologie
NOGA_2008,951,NACE_2.0,951,exactMatch,ofs-methodologie
NOGA_2008,9511,NACE_2.0,9511,exactMatch,ofs-methodologie
NOGA_2008,951100,NACE_2.0,9511,broadMatch,ofs-noga2008
NOGA_2008,9512,NACE_2.0,9512,exactMatch,ofs-methodologie
NOGA_2008,951200,NACE_2.0,9512,broadMatch,ofs-noga2008
NOGA_2008,952,NACE_2.0,952,exactMatch,ofs-methodologie
NOGA_2008,9521,NACE_2.0,9521,exactMatch,ofs-methodologie
NOGA_2008,952100,NACE_2.0,9521,broadMatch,ofs-noga2008
NOGA_2008,9522,NACE_2.0,9522,exactMatch,ofs-methodologie
NOGA_2008,952200,NACE_2.0,9522,broadMatch,ofs-noga2008
NOGA_2008,9523,NACE_2.0,9523,exactMatch,ofs-methodologie
NOGA_2008,952300,NACE_2.0,9523,broadMatch,ofs-noga2008
NOGA_2008,9524,NACE_2.0,9524,exactMatch,ofs-methodologie
NOGA_2008,952400,NACE_2.0,9524,broadMatch,ofs-noga2008
NOGA_2008,9525,NACE_2.0,9525,exactMatch,ofs-methodologie
NOGA_2008,952500,NACE_2.0,9525,broadMatch,ofs-noga2008
NOGA_2008,9529,NACE_2.0,9529,exactMatch,ofs-methodologie
NOGA_2008,952900,NACE_2.0,9529,broadMatch,ofs-noga2008
NOGA_2008,96,NACE_2.0,96,exactMatch,ofs-methodologie
NOGA_2008,960,NACE_2.0,960,exactMatch,ofs-methodologie
NOGA_2008,9601,NACE_2.0,9601,exactMatch,ofs-methodologie
NOGA_2008,960101,NACE_2.0,9601,broadMatch,ofs-noga2008
NOGA_2008,960102,NACE_2.0,9601,broadMatch,ofs-noga2008
NOGA_2008,9602,NACE_2.0,9602,exactMatch,ofs-methodologie
NOGA_2008,960201,NACE_2.0,9602,broadMatch,ofs-noga2008
NOGA_2008,960202,NACE_2.0,9602,broadMatch,ofs-noga2008
NOGA_2008,9603,NACE_2.0,9603,exactMatch,ofs-methodologie
NOGA_2008,960300,NACE_2.0,9603,broadMatch,ofs-noga2008
NOGA_2008,9604,NACE_2.0,9604,exactMatch,ofs-methodologie
NOGA_2008,960401,NACE_2.0,9604,broadMatch,ofs-noga2008
NOGA_2008,960402,NACE_2.0,9604,broadMatch,ofs-noga2008
NOGA_2008,9609,NACE_2.0,9609,exactMatch,ofs-methodologie
NOGA_2008,960900,NACE_2.0,9609,broadMatch,ofs-noga2008
NOGA_2008,97,NACE_2.0,97,exactMatch,ofs-methodologie
NOGA_2008,970,NACE_2.0,970,exactMatch,ofs-methodologie
NOGA_2008,9700,NACE_2.0,9700,exactMatch,ofs-methodologie
NOGA_2008,970000,NACE_2.0,9700,broadMatch,ofs-noga2008
NOGA_2008,98,NACE_2.0,98,exactMatch,ofs-methodologie
NOGA_2008,981,NACE_2.0,981,exactMatch,ofs-methodologie
NOGA_2008,9810,NACE_2.0,9810,exactMatch,ofs-methodologie
NOGA_2008,981000,NACE_2.0,9810,broadMatch,ofs-noga2008
NOGA_2008,982,NACE_2.0,982,exactMatch,ofs-methodologie
NOGA_2008,9820,NACE_2.0,9820,exactMatch,ofs-methodologie
NOGA_2008,982000,NACE_2.0,9820,broadMatch,ofs-noga2008
NOGA_2008,99,NACE_2.0,99,exactMatch,ofs-methodologie
NOGA_2008,990,NACE_2.0,990,exactMatch,ofs-methodologie
NOGA_2008,9900,NACE_2.0,9900,exactMatch,ofs-methodologie
NOGA_2008,990001,NACE_2.0,9900,broadMatch,ofs-noga2008
NOGA_2008,990002,NACE_2.0,9900,broadMatch,ofs-noga2008
NOGA_2008,990003,NACE_2.0,9900,broadMatch,ofs-noga2008
NOGA_2008,A,NACE_2.0,A,exactMatch,ofs-methodologie
NOGA_2008,B,NACE_2.0,B,exactMatch,ofs-methodologie
NOGA_2008,C,NACE_2.0,C,exactMatch,ofs-methodologie
NOGA_2008,D,NACE_2.0,D,exactMatch,ofs-methodologie
NOGA_2008,E,NACE_2.0,E,exactMatch,ofs-methodologie
NOGA_2008,F,NACE_2.0,F,exactMatch,ofs-methodologie
NOGA_2008,G,NACE_2.0,G,exactMatch,ofs-methodologie
NOGA_2008,H,NACE_2.0,H,exactMatch,ofs-methodologie
NOGA_2008,I,NACE_2.0,I,exactMatch,ofs-methodologie
NOGA_2008,J,NACE_2.0,J,exactMatch,ofs-methodologie
NOGA_2008,K,NACE_2.0,K,exactMatch,ofs-methodologie
NOGA_2008,L,NACE_2.0,L,exactMatch,ofs-methodologie
NOGA_2008,M,NACE_2.0,M,exactMatch,ofs-methodologie
NOGA_2008,N,NACE_2.0,N,exactMatch,ofs-methodologie
NOGA_2008,O,NACE_2.0,O,exactMatch,ofs-methodologie
NOGA_2008,P,NACE_2.0,P,exactMatch,ofs-methodologie
NOGA_2008,Q,NACE_2.0,Q,exactMatch,ofs-methodologie
NOGA_2008,R,NACE_2.0,R,exactMatch,ofs-methodologie
NOGA_2008,S,NACE_2.0,S,exactMatch,ofs-methodologie
NOGA_2008,T,NACE_2.0,T,exactMatch,ofs-methodologie
NOGA_2008,U,NACE_2.0,U,exactMatch,ofs-methodologie
NOGA_2025,01,NACE_2.1,01,exactMatch,ofs-methodologie
NOGA_2025,011,NACE_2.1,011,exactMatch,ofs-methodologie
NOGA_2025,0111,NACE_2.1,0111,exactMatch,ofs-methodologie
NOGA_2025,011100,NACE_2.1,0111,broadMatch,ofs-noga2025
NOGA_2025,0112,NACE_2.1,0112,exactMatch,ofs-methodologie
NOGA_2025,011200,NACE_2.1,0112,broadMatch,ofs-noga2025
NOGA_2025,0113,NACE_2.1,0113,exactMatch,ofs-methodologie
NOGA_2025,011300,NACE_2.1,0113,broadMatch,ofs-noga2025
NOGA_2025,0114,NACE_2.1,0114,exactMatch,ofs-methodologie
NOGA_2025,011400,NACE_2.1,0114,broadMatch,ofs-noga2025
NOGA_2025,0115,NACE_2.1,0115,exactMatch,ofs-methodologie
NOGA_2025,011500,NACE_2.1,0115,broadMatch,ofs-noga2025
NOGA_2025,0116,NACE_2.1,0116,exactMatch,ofs-methodologie
NOGA_2025,011600,NACE_2.1,0116,broadMatch,ofs-noga2025
NOGA_2025,0119,NACE_2.1,0119,exactMatch,ofs-methodologie
NOGA_2025,011900,NACE_2.1,0119,broadMatch,ofs-noga2025
NOGA_2025,012,NACE_2.1,012,exactMatch,ofs-methodologie
NOGA_2025,0121,NACE_2.1,0121,exactMatch,ofs-methodologie
NOGA_2025,012101,NACE_2.1,0121,broadMatch,ofs-noga2025
NOGA_2025,012102,NACE_2.1,0121,broadMatch,ofs-noga2025
NOGA_2025,0122,NACE_2.1,0122,exactMatch,ofs-methodologie
NOGA_2025,012200,NACE_2.1,0122,broadMatch,ofs-noga2025
NOGA_2025,0123,NACE_2.1,0123,exactMatch,ofs-methodologie
NOGA_2025,012300,NACE_2.1,0123,broadMatch,ofs-noga2025
NOGA_2025,0124,NACE_2.1,0124,exactMatch,ofs-methodologie
NOGA_2025,012400,NACE_2.1,0124,broadMatch,ofs-noga2025
NOGA_2025,0125,NACE_2.1,0125,exactMatch,ofs-methodologie
NOGA_2025,012500,NACE_2.1,0125,broadMatch,ofs-noga2025
NOGA_2025,0126,NACE_2.1,0126,exactMatch,ofs-methodologie
NOGA_2025,012600,NACE_2.1,0126,broadMatch,ofs-noga2025
NOGA_2025,0127,NACE_2.1,0127,exactMatch,ofs-methodologie
NOGA_2025,012700,NACE_2.1,0127,broadMatch,ofs-noga2025
NOGA_2025,0128,NACE_2.1,0128,exactMatch,ofs-methodologie
NOGA_2025,012800,NACE_2.1,0128,broadMatch,ofs-noga2025
NOGA_2025,0129,NACE_2.1,0129,exactMatch,ofs-methodologie
NOGA_2025,012900,NACE_2.1,0129,broadMatch,ofs-noga2025
NOGA_2025,013,NACE_2.1,013,exactMatch,ofs-methodologie
NOGA_2025,0130,NACE_2.1,0130,exactMatch,ofs-methodologie
NOGA_2025,013000,NACE_2.1,0130,broadMatch,ofs-noga2025
NOGA_2025,014,NACE_2.1,014,exactMatch,ofs-methodologie
NOGA_2025,0141,NACE_2.1,0141,exactMatch,ofs-methodologie
NOGA_2025,014100,NACE_2.1,0141,broadMatch,ofs-noga2025
NOGA_2025,0142,NACE_2.1,0142,exactMatch,ofs-methodologie
NOGA_2025,014200,NACE_2.1,0142,broadMatch,ofs-noga2025
NOGA_2025,0143,NACE_2.1,0143,exactMatch,ofs-methodologie
NOGA_2025,014300,NACE_2.1,0143,broadMatch,ofs-noga2025
NOGA_2025,0144,NACE_2.1,0144,exactMatch,ofs-methodologie
NOGA_2025,014400,NACE_2.1,0144,broadMatch,ofs-noga2025
NOGA_2025,0145,NACE_2.1,0145,exactMatch,ofs-methodologie
NOGA_2025,014500,NACE_2.1,0145,broadMatch,ofs-noga2025
NOGA_2025,0146,NACE_2.1,0146,exactMatch,ofs-methodologie
NOGA_2025,014600,NACE_2.1,0146,broadMatch,ofs-noga2025
NOGA_2025,0147,NACE_2.1,0147,exactMatch,ofs-methodologie
NOGA_2025,014700,NACE_2.1,0147,broadMatch,ofs-noga2025
NOGA_2025,0148,NACE_2.1,0148,exactMatch,ofs-methodologie
NOGA_2025,014800,NACE_2.1,0148,broadMatch,ofs-noga2025
NOGA_2025,015,NACE_2.1,015,exactMatch,ofs-methodologie
NOGA_2025,0150,NACE_2.1,0150,exactMatch,ofs-methodologie
NOGA_2025,015000,NACE_2.1,0150,broadMatch,ofs-noga2025
NOGA_2025,016,NACE_2.1,016,exactMatch,ofs-methodologie
NOGA_2025,0161,NACE_2.1,0161,exactMatch,ofs-methodologie
NOGA_2025,016100,NACE_2.1,0161,broadMatch,ofs-noga2025
NOGA_2025,0162,NACE_2.1,0162,exactMatch,ofs-methodologie
NOGA_2025,016200,NACE_2.1,0162,broadMatch,ofs-noga2025
NOGA_2025,0163,NACE_2.1,0163,exactMatch,ofs-methodologie
NOGA_2025,016300,NACE_2.1,0163,broadMatch,ofs-noga2025
NOGA_2025,017,NACE_2.1,017,exactMatch,ofs-methodologie
NOGA_2025,0170,NACE_2.1,0170,exactMatch,ofs-methodologie
NOGA_2025,017000,NACE_2.1,0170,broadMatch,ofs-noga2025
NOGA_2025,02,NACE_2.1,02,exactMatch,ofs-methodologie
NOGA_2025,021,NACE_2.1,021,exactMatch,ofs-methodologie
NOGA_2025,0210,NACE_2.1,0210,exactMatch,ofs-methodologie
NOGA_2025,021000,NACE_2.1,0210,broadMatch,ofs-noga2025
NOGA_2025,022,NACE_2.1,022,exactMatch,ofs-methodologie
NOGA_2025,0220,NACE_2.1,0220,exactMatch,ofs-methodologie
NOGA_2025,022000,NACE_2.1,0220,broadMatch,ofs-noga2025
NOGA_2025,023,NACE_2.1,023,exactMatch,ofs-methodologie
NOGA_2025,0230,NACE_2.1,0230,exactMatch,ofs-methodologie
NOGA_2025,023000,NACE_2.1,0230,broadMatch,ofs-noga2025
NOGA_2025,024,NACE_2.1,024,exactMatch,ofs-methodologie
NOGA_2025,0240,NACE_2.1,0240,exactMatch,ofs-methodologie
NOGA_2025,024000,NACE_2.1,0240,broadMatch,ofs-noga2025
NOGA_2025,03,NACE_2.1,03,exactMatch,ofs-methodologie
NOGA_2025,031,NACE_2.1,031,exactMatch,ofs-methodologie
NOGA_2025,0311,NACE_2.1,0311,exactMatch,ofs-methodologie
NOGA_2025,031100,NACE_2.1,0311,broadMatch,ofs-noga2025
NOGA_2025,0312,NACE_2.1,0312,exactMatch,ofs-methodologie
NOGA_2025,031200,NACE_2.1,0312,broadMatch,ofs-noga2025
NOGA_2025,032,NACE_2.1,032,exactMatch,ofs-methodologie
NOGA_2025,0321,NACE_2.1,0321,exactMatch,ofs-methodologie
NOGA_2025,032100,NACE_2.1,0321,broadMatch,ofs-noga2025
NOGA_2025,0322,NACE_2.1,0322,exactMatch,ofs-methodologie
NOGA_2025,032200,NACE_2.1,0322,broadMatch,ofs-noga2025
NOGA_2025,033,NACE_2.1,033,exactMatch,ofs-methodologie
NOGA_2025,0330,NACE_2.1,0330,exactMatch,ofs-methodologie
NOGA_2025,033000,NACE_2.1,0330,broadMatch,ofs-noga2025
NOGA_2025,05,NACE_2.1,05,exactMatch,ofs-methodologie
NOGA_2025,051,NACE_2.1,051,exactMatch,ofs-methodologie
NOGA_2025,0510,NACE_2.1,0510,exactMatch,ofs-methodologie
NOGA_2025,051000,NACE_2.1,0510,broadMatch,ofs-noga2025
NOGA_2025,052,NACE_2.1,052,exactMatch,ofs-methodologie
NOGA_2025,0520,NACE_2.1,0520,exactMatch,ofs-methodologie
NOGA_2025,052000,NACE_2.1,0520,broadMatch,ofs-noga2025
NOGA_2025,06,NACE_2.1,06,exactMatch,ofs-methodologie
NOGA_2025,061,NACE_2.1,061,exactMatch,ofs-methodologie
NOGA_2025,0610,NACE_2.1,0610,exactMatch,ofs-methodologie
NOGA_2025,061000,NACE_2.1,0610,broadMatch,ofs-noga2025
NOGA_2025,062,NACE_2.1,062,exactMatch,ofs-methodologie
NOGA_2025,0620,NACE_2.1,0620,exactMatch,ofs-methodologie
NOGA_2025,062000,NACE_2.1,0620,broadMatch,ofs-noga2025
NOGA_2025,07,NACE_2.1,07,exactMatch,ofs-methodologie
NOGA_2025,071,NACE_2.1,071,exactMatch,ofs-methodologie
NOGA_2025,0710,NACE_2.1,0710,exactMatch,ofs-methodologie
NOGA_2025,071000,NACE_2.1,0710,broadMatch,ofs-noga2025
NOGA_2025,072,NACE_2.1,072,exactMatch,ofs-methodologie
NOGA_2025,0721,NACE_2.1,0721,exactMatch,ofs-methodologie
NOGA_2025,072100,NACE_2.1,0721,broadMatch,ofs-noga2025
NOGA_2025,0729,NACE_2.1,0729,exactMatch,ofs-methodologie
NOGA_2025,072900,NACE_2.1,0729,broadMatch,ofs-noga2025
NOGA_2025,08,NACE_2.1,08,exactMatch,ofs-methodologie
NOGA_2025,081,NACE_2.1,081,exactMatch,ofs-methodologie
NOGA_2025,0811,NACE_2.1,0811,exactMatch,ofs-methodologie
NOGA_2025,081100,NACE_2.1,0811,broadMatch,ofs-noga2025
NOGA_2025,0812,NACE_2.1,0812,exactMatch,ofs-methodologie
NOGA_2025,081200,NACE_2.1,0812,broadMatch,ofs-noga2025
NOGA_2025,089,NACE_2.1,089,exactMatch,ofs-methodologie
NOGA_2025,0891,NACE_2.1,0891,exactMatch,ofs-methodologie
NOGA_2025,089100,NACE_2.1,0891,broadMatch,ofs-noga2025
NOGA_2025,0892,NACE_2.1,0892,exactMatch,ofs-methodologie
NOGA_2025,089200,NACE_2.1,0892,broadMatch,ofs-noga2025
NOGA_2025,0893,NACE_2.1,0893,exactMatch,ofs-methodologie
NOGA_2025,089300,NACE_2.1,0893,broadMatch,ofs-noga2025
NOGA_2025,0899,NACE_2.1,0899,exactMatch,ofs-methodologie
NOGA_2025,089900,NACE_2.1,0899,broadMatch,ofs-noga2025
NOGA_2025,09,NACE_2.1,09,exactMatch,ofs-methodologie
NOGA_2025,091,NACE_2.1,091,exactMatch,ofs-methodologie
NOGA_2025,0910,NACE_2.1,0910,exactMatch,ofs-methodologie
NOGA_2025,091000,NACE_2.1,0910,broadMatch,ofs-noga2025
NOGA_2025,099,NACE_2.1,099,exactMatch,ofs-methodologie
NOGA_2025,0990,NACE_2.1,0990,exactMatch,ofs-methodologie
NOGA_2025,099000,NACE_2.1,0990,broadMatch,ofs-noga2025
NOGA_2025,10,NACE_2.1,10,exactMatch,ofs-methodologie
NOGA_2025,101,NACE_2.1,101,exactMatch,ofs-methodologie
NOGA_2025,1011,NACE_2.1,1011,exactMatch,ofs-methodologie
NOGA_2025,101100,NACE_2.1,1011,broadMatch,ofs-noga2025
NOGA_2025,1012,NACE_2.1,1012,exactMatch,ofs-methodologie
NOGA_2025,101200,NACE_2.1,1012,broadMatch,ofs-noga2025
NOGA_2025,1013,NACE_2.1,1013,exactMatch,ofs-methodologie
NOGA_2025,101300,NACE_2.1,1013,broadMatch,ofs-noga2025
NOGA_2025,102,NACE_2.1,102,exactMatch,ofs-methodologie
NOGA_2025,1020,NACE_2.1,1020,exactMatch,ofs-methodologie
NOGA_2025,102000,NACE_2.1,1020,broadMatch,ofs-noga2025
NOGA_2025,103,NACE_2.1,103,exactMatch,ofs-methodologie
NOGA_2025,1031,NACE_2.1,1031,exactMatch,ofs-methodologie
NOGA_2025,103100,NACE_2.1,1031,broadMatch,ofs-noga2025
NOGA_2025,1032,NACE_2.1,1032,exactMatch,ofs-methodologie
NOGA_2025,103200,NACE_2.1,1032,broadMatch,ofs-noga2025
NOGA_2025,1039,NACE_2.1,1039,exactMatch,ofs-methodologie
NOGA_2025,103900,NACE_2.1,1039,broadMatch,ofs-noga2025
NOGA_2025,104,NACE_2.1,104,exactMatch,ofs-methodologie
NOGA_2025,1041,NACE_2.1,1041,exactMatch,ofs-methodologie
NOGA_2025,104100,NACE_2.1,1041,broadMatch,ofs-noga2025
NOGA_2025,1042,NACE_2.1,1042,exactMatch,ofs-methodologie
NOGA_2025,104200,NACE_2.1,1042,broadMatch,ofs-noga2025
NOGA_2025,105,NACE_2.1,105,exactMatch,ofs-methodologie
NOGA_2025,1051,NACE_2.1,1051,exactMatch,ofs-methodologie
NOGA_2025,105101,NACE_2.1,1051,broadMatch,ofs-noga2025
NOGA_2025,105102,NACE_2.1,1051,broadMatch,ofs-noga2025
NOGA_2025,105103,NACE_2.1,1051,broadMatch,ofs-noga2025
NOGA_2025,1052,NACE_2.1,1052,exactMatch,ofs-methodologie
NOGA_2025,105200,NACE_2.1,1052,broadMatch,ofs-noga2025
NOGA_2025,106,NACE_2.1,106,exactMatch,ofs-methodologie
NOGA_2025,1061,NACE_2.1,1061,exactMatch,ofs-methodologie
NOGA_2025,106100,NACE_2.1,1061,broadMatch,ofs-noga2025
NOGA_2025,1062,NACE_2.1,1062,exactMatch,ofs-methodologie
NOGA_2025,106200,NACE_2.1,1062,broadMatch,ofs-noga2025
NOGA_2025,107,NACE_2.1,107,exactMatch,ofs-methodologie
NOGA_2025,1071,NACE_2.1,1071,exactMatch,ofs-methodologie
NOGA_2025,107100,NACE_2.1,1071,broadMatch,ofs-noga2025
NOGA_2025,1072,NACE_2.1,1072,exactMatch,ofs-methodologie
NOGA_2025,107200,NACE_2.1,1072,broadMatch,ofs-noga2025
NOGA_2025,1073,NACE_2.1,1073,exactMatch,ofs-methodologie
NOGA_2025,107300,NACE_2.1,1073,broadMatch,ofs-noga2025
NOGA_2025,108,NACE_2.1,108,exactMatch,ofs-methodologie
NOGA_2025,1081,NACE_2.1,1081,exactMatch,ofs-methodologie
NOGA_2025,108100,NACE_2.1,1081,broadMatch,ofs-noga2025
NOGA_2025,1082,NACE_2.1,1082,exactMatch,ofs-methodologie
NOGA_2025,108201,NACE_2.1,1082,broadMatch,ofs-noga2025
NOGA_2025,108202,NACE_2.1,1082,broadMatch,ofs-noga2025
NOGA_2025,1083,NACE_2.1,1083,exactMatch,ofs-methodologie
NOGA_2025,108300,NACE_2.1,1083,broadMatch,ofs-noga2025
NOGA_2025,1084,NACE_2.1,1084,exactMatch,ofs-methodologie
NOGA_2025,108400,NACE_2.1,1084,broadMatch,ofs-noga2025
NOGA_2025,1085,NACE_2.1,1085,exactMatch,ofs-methodologie
NOGA_2025,108500,NACE_2.1,1085,broadMatch,ofs-noga2025
NOGA_2025,1086,NACE_2.1,1086,exactMatch,ofs-methodologie
NOGA_2025,108600,NACE_2.1,1086,broadMatch,ofs-noga2025
NOGA_2025,1089,NACE_2.1,1089,exactMatch,ofs-methodologie
NOGA_2025,108900,NACE_2.1,1089,broadMatch,ofs-noga2025
NOGA_2025,109,NACE_2.1,109,exactMatch,ofs-methodologie
NOGA_2025,1091,NACE_2.1,1091,exactMatch,ofs-methodologie
NOGA_2025,109100,NACE_2.1,1091,broadMatch,ofs-noga2025
NOGA_2025,1092,NACE_2.1,1092,exactMatch,ofs-methodologie
NOGA_2025,109200,NACE_2.1,1092,broadMatch,ofs-noga2025
NOGA_2025,11,NACE_2.1,11,exactMatch,ofs-methodologie
NOGA_2025,110,NACE_2.1,110,exactMatch,ofs-methodologie
NOGA_2025,1101,NACE_2.1,1101,exactMatch,ofs-methodologie
NOGA_2025,110100,NACE_2.1,1101,broadMatch,ofs-noga2025
NOGA_2025,1102,NACE_2.1,1102,exactMatch,ofs-methodologie
NOGA_2025,110200,NACE_2.1,1102,broadMatch,ofs-noga2025
NOGA_2025,1103,NACE_2.1,1103,exactMatch,ofs-methodologie
NOGA_2025,110300,NACE_2.1,1103,broadMatch,ofs-noga2025
NOGA_2025,1104,NACE_2.1,1104,exactMatch,ofs-methodologie
NOGA_2025,110400,NACE_2.1,1104,broadMatch,ofs-noga2025
NOGA_2025,1105,NACE_2.1,1105,exactMatch,ofs-methodologie
NOGA_2025,110500,NACE_2.1,1105,broadMatch,ofs-noga2025
NOGA_2025,1106,NACE_2.1,1106,exactMatch,ofs-methodologie
NOGA_2025,110600,NACE_2.1,1106,broadMatch,ofs-noga2025
NOGA_2025,1107,NACE_2.1,1107,exactMatch,ofs-methodologie
NOGA_2025,110700,NACE_2.1,1107,broadMatch,ofs-noga2025
NOGA_2025,12,NACE_2.1,12,exactMatch,ofs-methodologie
NOGA_2025,120,NACE_2.1,120,exactMatch,ofs-methodologie
NOGA_2025,1200,NACE_2.1,1200,exactMatch,ofs-methodologie
NOGA_2025,120000,NACE_2.1,1200,broadMatch,ofs-noga2025
NOGA_2025,13,NACE_2.1,13,exactMatch,ofs-methodologie
NOGA_2025,131,NACE_2.1,131,exactMatch,ofs-methodologie
NOGA_2025,1310,NACE_2.1,1310,exactMatch,ofs-methodologie
NOGA_2025,131001,NACE_2.1,1310,broadMatch,ofs-noga2025
NOGA_2025,131002,NACE_2.1,1310,broadMatch,ofs-noga2025
NOGA_2025,131003,NACE_2.1,1310,broadMatch,ofs-noga2025
NOGA_2025,131004,NACE_2.1,1310,broadMatch,ofs-noga2025
NOGA_2025,132,NACE_2.1,132,exactMatch,ofs-methodologie
NOGA_2025,1320,NACE_2.1,1320,exactMatch,ofs-methodologie
NOGA_2025,132001,NACE_2.1,1320,broadMatch,ofs-noga2025
NOGA_2025,132002,NACE_2.1,1320,broadMatch,ofs-noga2025
NOGA_2025,132003,NACE_2.1,1320,broadMatch,ofs-noga2025
NOGA_2025,133,NACE_2.1,133,exactMatch,ofs-methodologie
NOGA_2025,1330,NACE_2.1,1330,exactMatch,ofs-methodologie
NOGA_2025,133000,NACE_2.1,1330,broadMatch,ofs-noga2025
NOGA_2025,139,NACE_2.1,139,exactMatch,ofs-methodologie
NOGA_2025,1391,NACE_2.1,1391,exactMatch,ofs-methodologie
NOGA_2025,139100,NACE_2.1,1391,broadMatch,ofs-noga2025
NOGA_2025,1392,NACE_2.1,1392,exactMatch,ofs-methodologie
NOGA_2025,139201,NACE_2.1,1392,broadMatch,ofs-noga2025
NOGA_2025,139202,NACE_2.1,1392,broadMatch,ofs-noga2025
NOGA_2025,1393,NACE_2.1,1393,exactMatch,ofs-methodologie
NOGA_2025,139300,NACE_2.1,1393,broadMatch,ofs-noga2025
NOGA_2025,1394,NACE_2.1,1394,exactMatch,ofs-methodologie
NOGA_2025,139400,NACE_2.1,1394,broadMatch,ofs-noga2025
NOGA_2025,1395,NACE_2.1,1395,exactMatch,ofs-methodologie
NOGA_2025,139500,NACE_2.1,1395,broadMatch,ofs-noga2025
NOGA_2025,1396,NACE_2.1,1396,exactMatch,ofs-methodologie
NOGA_2025,139600,NACE_2.1,1396,broadMatch,ofs-noga2025
NOGA_2025,1399,NACE_2.1,1399,exactMatch,ofs-methodologie
NOGA_2025,139901,NACE_2.1,1399,broadMatch,ofs-noga2025
NOGA_2025,139902,NACE_2.1,1399,broadMatch,ofs-noga2025
NOGA_2025,139909,NACE_2.1,1399,broadMatch,ofs-noga2025
NOGA_2025,14,NACE_2.1,14,exactMatch,ofs-methodologie
NOGA_2025,141,NACE_2.1,141,exactMatch,ofs-methodologie
NOGA_2025,1410,NACE_2.1,1410,exactMatch,ofs-methodologie
NOGA_2025,141001,NACE_2.1,1410,broadMatch,ofs-noga2025
NOGA_2025,141002,NACE_2.1,1410,broadMatch,ofs-noga2025
NOGA_2025,142,NACE_2.1,142,exactMatch,ofs-methodologie
NOGA_2025,1421,NACE_2.1,1421,exactMatch,ofs-methodologie
NOGA_2025,142101,NACE_2.1,1421,broadMatch,ofs-noga2025
NOGA_2025,142102,NACE_2.1,1421,broadMatch,ofs-noga2025
NOGA_2025,142103,NACE_2.1,1421,broadMatch,ofs-noga2025
NOGA_2025,1422,NACE_2.1,1422,exactMatch,ofs-methodologie
NOGA_2025,142201,NACE_2.1,1422,broadMatch,ofs-noga2025
NOGA_2025,142202,NACE_2.1,1422,broadMatch,ofs-noga2025
NOGA_2025,142203,NACE_2.1,1422,broadMatch,ofs-noga2025
NOGA_2025,1423,NACE_2.1,1423,exactMatch,ofs-methodologie
NOGA_2025,142300,NACE_2.1,1423,broadMatch,ofs-noga2025
NOGA_2025,1424,NACE_2.1,1424,exactMatch,ofs-methodologie
NOGA_2025,142401,NACE_2.1,1424,broadMatch,ofs-noga2025
NOGA_2025,142402,NACE_2.1,1424,broadMatch,ofs-noga2025
NOGA_2025,1429,NACE_2.1,1429,exactMatch,ofs-methodologie
NOGA_2025,142900,NACE_2.1,1429,broadMatch,ofs-noga2025
NOGA_2025,15,NACE_2.1,15,exactMatch,ofs-methodologie
NOGA_2025,151,NACE_2.1,151,exactMatch,ofs-methodologie
NOGA_2025,1511,NACE_2.1,1511,exactMatch,ofs-methodologie
NOGA_2025,151100,NACE_2.1,1511,broadMatch,ofs-noga2025
NOGA_2025,1512,NACE_2.1,1512,exactMatch,ofs-methodologie
NOGA_2025,151200,NACE_2.1,1512,broadMatch,ofs-noga2025
NOGA_2025,152,NACE_2.1,152,exactMatch,ofs-methodologie
NOGA_2025,1520,NACE_2.1,1520,exactMatch,ofs-methodologie
NOGA_2025,152000,NACE_2.1,1520,broadMatch,ofs-noga2025
NOGA_2025,16,NACE_2.1,16,exactMatch,ofs-methodologie
NOGA_2025,161,NACE_2.1,161,exactMatch,ofs-methodologie
NOGA_2025,1611,NACE_2.1,1611,exactMatch,ofs-methodologie
NOGA_2025,161100,NACE_2.1,1611,broadMatch,ofs-noga2025
NOGA_2025,1612,NACE_2.1,1612,exactMatch,ofs-methodologie
NOGA_2025,161200,NACE_2.1,1612,broadMatch,ofs-noga2025
NOGA_2025,162,NACE_2.1,162,exactMatch,ofs-methodologie
NOGA_2025,1621,NACE_2.1,1621,exactMatch,ofs-methodologie
NOGA_2025,162100,NACE_2.1,1621,broadMatch,ofs-noga2025
NOGA_2025,1622,NACE_2.1,1622,exactMatch,ofs-methodologie
NOGA_2025,162200,NACE_2.1,1622,broadMatch,ofs-noga2025
NOGA_2025,1623,NACE_2.1,1623,exactMatch,ofs-methodologie
NOGA_2025,162300,NACE_2.1,1623,broadMatch,ofs-noga2025
NOGA_2025,1624,NACE_2.1,1624,exactMatch,ofs-methodologie
NOGA_2025,162400,NACE_2.1,1624,broadMatch,ofs-noga2025
NOGA_2025,1625,NACE_2.1,1625,exactMatch,ofs-methodologie
NOGA_2025,162500,NACE_2.1,1625,broadMatch,ofs-noga2025
NOGA_2025,1626,NACE_2.1,1626,exactMatch,ofs-methodologie
NOGA_2025,162600,NACE_2.1,1626,broadMatch,ofs-noga2025
NOGA_2025,1627,NACE_2.1,1627,exactMatch,ofs-methodologie
NOGA_2025,162700,NACE_2.1,1627,broadMatch,ofs-noga2025
NOGA_2025,1628,NACE_2.1,1628,exactMatch,ofs-methodologie
NOGA_2025,162800,NACE_2.1,1628,broadMatch,ofs-noga2025
NOGA_2025,17,NACE_2.1,17,exactMatch,ofs-methodologie
NOGA_2025,171,NACE_2.1,171,exactMatch,ofs-methodologie
NOGA_2025,1711,NACE_2.1,1711,exactMatch,ofs-methodologie
NOGA_2025,171100,NACE_2.1,1711,broadMatch,ofs-noga2025
NOGA_2025,1712,NACE_2.1,1712,exactMatch,ofs-methodologie
NOGA_2025,171200,NACE_2.1,1712,broadMatch,ofs-noga2025
NOGA_2025,172,NACE_2.1,172,exactMatch,ofs-methodologie
NOGA_2025,1721,NACE_2.1,1721,exactMatch,ofs-methodologie
NOGA_2025,172100,NACE_2.1,1721,broadMatch,ofs-noga2025
NOGA_2025,1722,NACE_2.1,1722,exactMatch,ofs-methodologie
NOGA_2025,172200,NACE_2.1,1722,broadMatch,ofs-noga2025
NOGA_2025,1723,NACE_2.1,1723,exactMatch,ofs-methodologie
NOGA_2025,172300,NACE_2.1,1723,broadMatch,ofs-noga2025
NOGA_2025,1724,NACE_2.1,1724,exactMatch,ofs-methodologie
NOGA_2025,172400,NACE_2.1,1724,broadMatch,ofs-noga2025
NOGA_2025,1725,NACE_2.1,1725,exactMatch,ofs-methodologie
NOGA_2025,172500,NACE_2.1,1725,broadMatch,ofs-noga2025
NOGA_2025,18,NACE_2.1,18,exactMatch,ofs-methodologie
NOGA_2025,181,NACE_2.1,181,exactMatch,ofs-methodologie
NOGA_2025,1811,NACE_2.1,1811,exactMatch,ofs-methodologie
NOGA_2025,181100,NACE_2.1,1811,broadMatch,ofs-noga2025
NOGA_2025,1812,NACE_2.1,1812,exactMatch,ofs-methodologie
NOGA_2025,181201,NACE_2.1,1812,broadMatch,ofs-noga2025
NOGA_2025,181209,NACE_2.1,1812,broadMatch,ofs-noga2025
NOGA_2025,1813,NACE_2.1,1813,exactMatch,ofs-methodologie
NOGA_2025,181300,NACE_2.1,1813,broadMatch,ofs-noga2025
NOGA_2025,1814,NACE_2.1,1814,exactMatch,ofs-methodologie
NOGA_2025,181400,NACE_2.1,1814,broadMatch,ofs-noga2025
NOGA_2025,182,NACE_2.1,182,exactMatch,ofs-methodologie
NOGA_2025,1820,NACE_2.1,1820,exactMatch,ofs-methodologie
NOGA_2025,182000,NACE_2.1,1820,broadMatch,ofs-noga2025
NOGA_2025,19,NACE_2.1,19,exactMatch,ofs-methodologie
NOGA_2025,191,NACE_2.1,191,exactMatch,ofs-methodologie
NOGA_2025,1910,NACE_2.1,1910,exactMatch,ofs-methodologie
NOGA_2025,191000,NACE_2.1,1910,broadMatch,ofs-noga2025
NOGA_2025,192,NACE_2.1,192,exactMatch,ofs-methodologie
NOGA_2025,1920,NACE_2.1,1920,exactMatch,ofs-methodologie
NOGA_2025,192000,NACE_2.1,1920,broadMatch,ofs-noga2025
NOGA_2025,20,NACE_2.1,20,exactMatch,ofs-methodologie
NOGA_2025,201,NACE_2.1,201,exactMatch,ofs-methodologie
NOGA_2025,2011,NACE_2.1,2011,exactMatch,ofs-methodologie
NOGA_2025,201100,NACE_2.1,2011,broadMatch,ofs-noga2025
NOGA_2025,2012,NACE_2.1,2012,exactMatch,ofs-methodologie
NOGA_2025,201200,NACE_2.1,2012,broadMatch,ofs-noga2025
NOGA_2025,2013,NACE_2.1,2013,exactMatch,ofs-methodologie
NOGA_2025,201300,NACE_2.1,2013,broadMatch,ofs-noga2025
NOGA_2025,2014,NACE_2.1,2014,exactMatch,ofs-methodologie
NOGA_2025,201400,NACE_2.1,2014,broadMatch,ofs-noga2025
NOGA_2025,2015,NACE_2.1,2015,exactMatch,ofs-methodologie
NOGA_2025,201500,NACE_2.1,2015,broadMatch,ofs-noga2025
NOGA_2025,2016,NACE_2.1,2016,exactMatch,ofs-methodologie
NOGA_2025,201600,NACE_2.1,2016,broadMatch,ofs-noga2025
NOGA_2025,2017,NACE_2.1,2017,exactMatch,ofs-methodologie
NOGA_2025,201700,NACE_2.1,2017,broadMatch,ofs-noga2025
NOGA_2025,202,NACE_2.1,202,exactMatch,ofs-methodologie
NOGA_2025,2020,NACE_2.1,2020,exactMatch,ofs-methodologie
NOGA_2025,202000,NACE_2.1,2020,broadMatch,ofs-noga2025
NOGA_2025,203,NACE_2.1,203,exactMatch,ofs-methodologie
NOGA_2025,2030,NACE_2.1,2030,exactMatch,ofs-methodologie
NOGA_2025,203000,NACE_2.1,2030,broadMatch,ofs-noga2025
NOGA_2025,204,NACE_2.1,204,exactMatch,ofs-methodologie
NOGA_2025,2041,NACE_2.1,2041,exactMatch,ofs-methodologie
NOGA_2025,204100,NACE_2.1,2041,broadMatch,ofs-noga2025
NOGA_2025,2042,NACE_2.1,2042,exactMatch,ofs-methodologie
NOGA_2025,204200,NACE_2.1,2042,broadMatch,ofs-noga2025
NOGA_2025,205,NACE_2.1,205,exactMatch,ofs-methodologie
NOGA_2025,2051,NACE_2.1,2051,exactMatch,ofs-methodologie
NOGA_2025,205100,NACE_2.1,2051,broadMatch,ofs-noga2025
NOGA_2025,2059,NACE_2.1,2059,exactMatch,ofs-methodologie
NOGA_2025,205900,NACE_2.1,2059,broadMatch,ofs-noga2025
NOGA_2025,206,NACE_2.1,206,exactMatch,ofs-methodologie
NOGA_2025,2060,NACE_2.1,2060,exactMatch,ofs-methodologie
NOGA_2025,206000,NACE_2.1,2060,broadMatch,ofs-noga2025
NOGA_2025,21,NACE_2.1,21,exactMatch,ofs-methodologie
NOGA_2025,211,NACE_2.1,211,exactMatch,ofs-methodologie
NOGA_2025,2110,NACE_2.1,2110,exactMatch,ofs-methodologie
NOGA_2025,211000,NACE_2.1,2110,broadMatch,ofs-noga2025
NOGA_2025,212,NACE_2.1,212,exactMatch,ofs-methodologie
NOGA_2025,2120,NACE_2.1,2120,exactMatch,ofs-methodologie
NOGA_2025,212000,NACE_2.1,2120,broadMatch,ofs-noga2025
NOGA_2025,22,NACE_2.1,22,exactMatch,ofs-methodologie
NOGA_2025,221,NACE_2.1,221,exactMatch,ofs-methodologie
NOGA_2025,2211,NACE_2.1,2211,exactMatch,ofs-methodologie
NOGA_2025,221100,NACE_2.1,2211,broadMatch,ofs-noga2025
NOGA_2025,2212,NACE_2.1,2212,exactMatch,ofs-methodologie
NOGA_2025,221200,NACE_2.1,2212,broadMatch,ofs-noga2025
NOGA_2025,222,NACE_2.1,222,exactMatch,ofs-methodologie
NOGA_2025,2221,NACE_2.1,2221,exactMatch,ofs-methodologie
NOGA_2025,222100,NACE_2.1,2221,broadMatch,ofs-noga2025
NOGA_2025,2222,NACE_2.1,2222,exactMatch,ofs-methodologie
NOGA_2025,222200,NACE_2.1,2222,broadMatch,ofs-noga2025
NOGA_2025,2223,NACE_2.1,2223,exactMatch,ofs-methodologie
NOGA_2025,222300,NACE_2.1,2223,broadMatch,ofs-noga2025
NOGA_2025,2224,NACE_2.1,2224,exactMatch,ofs-methodologie
NOGA_2025,222400,NACE_2.1,2224,broadMatch,ofs-noga2025
NOGA_2025,2225,NACE_2.1,2225,exactMatch,ofs-methodologie
NOGA_2025,222500,NACE_2.1,2225,broadMatch,ofs-noga2025
NOGA_2025,2226,NACE_2.1,2226,exactMatch,ofs-methodologie
NOGA_2025,222600,NACE_2.1,2226,broadMatch,ofs-noga2025
NOGA_2025,23,NACE_2.1,23,exactMatch,ofs-methodologie
NOGA_2025,231,NACE_2.1,231,exactMatch,ofs-methodologie
NOGA_2025,2311,NACE_2.1,2311,exactMatch,ofs-methodologie
NOGA_2025,231100,NACE_2.1,2311,broadMatch,ofs-noga2025
NOGA_2025,2312,NACE_2.1,2312,exactMatch,ofs-methodologie
NOGA_2025,231200,NACE_2.1,2312,broadMatch,ofs-noga2025
NOGA_2025,2313,NACE_2.1,2313,exactMatch,ofs-methodologie
NOGA_2025,231300,NACE_2.1,2313,broadMatch,ofs-noga2025
NOGA_2025,2314,NACE_2.1,2314,exactMatch,ofs-methodologie
NOGA_2025,231400,NACE_2.1,2314,broadMatch,ofs-noga2025
NOGA_2025,2315,NACE_2.1,2315,exactMatch,ofs-methodologie
NOGA_2025,231500,NACE_2.1,2315,broadMatch,ofs-noga2025
NOGA_2025,232,NACE_2.1,232,exactMatch,ofs-methodologie
NOGA_2025,2320,NACE_2.1,2320,exactMatch,ofs-methodologie
NOGA_2025,232000,NACE_2.1,2320,broadMatch,ofs-noga2025
NOGA_2025,233,NACE_2.1,233,exactMatch,ofs-methodologie
NOGA_2025,2331,NACE_2.1,2331,exactMatch,ofs-methodologie
NOGA_2025,233100,NACE_2.1,2331,broadMatch,ofs-noga2025
NOGA_2025,2332,NACE_2.1,2332,exactMatch,ofs-methodologie
NOGA_2025,233200,NACE_2.1,2332,broadMatch,ofs-noga2025
NOGA_2025,234,NACE_2.1,234,exactMatch,ofs-methodologie
NOGA_2025,2341,NACE_2.1,2341,exactMatch,ofs-methodologie
NOGA_2025,234100,NACE_2.1,2341,broadMatch,ofs-noga2025
NOGA_2025,2342,NACE_2.1,2342,exactMatch,ofs-methodologie
NOGA_2025,234200,NACE_2.1,2342,broadMatch,ofs-noga2025
NOGA_2025,2343,NACE_2.1,2343,exactMatch,ofs-methodologie
NOGA_2025,234300,NACE_2.1,2343,broadMatch,ofs-noga2025
NOGA_2025,2344,NACE_2.1,2344,exactMatch,ofs-methodologie
NOGA_2025,234400,NACE_2.1,2344,broadMatch,ofs-noga2025
NOGA_2025,2345,NACE_2.1,2345,exactMatch,ofs-methodologie
NOGA_2025,234500,NACE_2.1,2345,broadMatch,ofs-noga2025
NOGA_2025,235,NACE_2.1,235,exactMatch,ofs-methodologie
NOGA_2025,2351,NACE_2.1,2351,exactMatch,ofs-methodologie
NOGA_2025,235100,NACE_2.1,2351,broadMatch,ofs-noga2025
NOGA_2025,2352,NACE_2.1,2352,exactMatch,ofs-methodologie
NOGA_2025,235200,NACE_2.1,2352,broadMatch,ofs-noga2025
NOGA_2025,236,NACE_2.1,236,exactMatch,ofs-methodologie
NOGA_2025,2361,NACE_2.1,2361,exactMatch,ofs-methodologie
NOGA_2025,236100,NACE_2.1,2361,broadMatch,ofs-noga2025
NOGA_2025,2362,NACE_2.1,2362,exactMatch,ofs-methodologie
NOGA_2025,236200,NACE_2.1,2362,broadMatch,ofs-noga2025
NOGA_2025,2363,NACE_2.1,2363,exactMatch,ofs-methodologie
NOGA_2025,236300,NACE_2.1,2363,broadMatch,ofs-noga2025
NOGA_2025,2364,NACE_2.1,2364,exactMatch,ofs-methodologie
NOGA_2025,236400,NACE_2.1,2364,broadMatch,ofs-noga2025
NOGA_2025,2365,NACE_2.1,2365,exactMatch,ofs-methodologie
NOGA_2025,236500,NACE_2.1,2365,broadMatch,ofs-noga2025
NOGA_2025,2366,NACE_2.1,2366,exactMatch,ofs-methodologie
NOGA_2025,236600,NACE_2.1,2366,broadMatch,ofs-noga2025
NOGA_2025,237,NACE_2.1,237,exactMatch,ofs-methodologie
NOGA_2025,2370,NACE_2.1,2370,exactMatch,ofs-methodologie
NOGA_2025,237001,NACE_2.1,2370,broadMatch,ofs-noga2025
NOGA_2025,237002,NACE_2.1,2370,broadMatch,ofs-noga2025
NOGA_2025,239,NACE_2.1,239,exactMatch,ofs-methodologie
NOGA_2025,2391,NACE_2.1,2391,exactMatch,ofs-methodologie
NOGA_2025,239100,NACE_2.1,2391,broadMatch,ofs-noga2025
NOGA_2025,2399,NACE_2.1,2399,exactMatch,ofs-methodologie
NOGA_2025,239900,NACE_2.1,2399,broadMatch,ofs-noga2025
NOGA_2025,24,NACE_2.1,24,exactMatch,ofs-methodologie
NOGA_2025,241,NACE_2.1,241,exactMatch,ofs-methodologie
NOGA_2025,2410,NACE_2.1,2410,exactMatch,ofs-methodologie
NOGA_2025,241000,NACE_2.1,2410,broadMatch,ofs-noga2025
NOGA_2025,242,NACE_2.1,242,exactMatch,ofs-methodologie
NOGA_2025,2420,NACE_2.1,2420,exactMatch,ofs-methodologie
NOGA_2025,242000,NACE_2.1,2420,broadMatch,ofs-noga2025
NOGA_2025,243,NACE_2.1,243,exactMatch,ofs-methodologie
NOGA_2025,2431,NACE_2.1,2431,exactMatch,ofs-methodologie
NOGA_2025,243100,NACE_2.1,2431,broadMatch,ofs-noga2025
NOGA_2025,2432,NACE_2.1,2432,exactMatch,ofs-methodologie
NOGA_2025,243200,NACE_2.1,2432,broadMatch,ofs-noga2025
NOGA_2025,2433,NACE_2.1,2433,exactMatch,ofs-methodologie
NOGA_2025,243300,NACE_2.1,2433,broadMatch,ofs-noga2025
NOGA_2025,2434,NACE_2.1,2434,exactMatch,ofs-methodologie
NOGA_2025,243400,NACE_2.1,2434,broadMatch,ofs-noga2025
NOGA_2025,244,NACE_2.1,244,exactMatch,ofs-methodologie
NOGA_2025,2441,NACE_2.1,2441,exactMatch,ofs-methodologie
NOGA_2025,244100,NACE_2.1,2441,broadMatch,ofs-noga2025
NOGA_2025,2442,NACE_2.1,2442,exactMatch,ofs-methodologie
NOGA_2025,244200,NACE_2.1,2442,broadMatch,ofs-noga2025
NOGA_2025,2443,NACE_2.1,2443,exactMatch,ofs-methodologie
NOGA_2025,244300,NACE_2.1,2443,broadMatch,ofs-noga2025
NOGA_2025,2444,NACE_2.1,2444,exactMatch,ofs-methodologie
NOGA_2025,244400,NACE_2.1,2444,broadMatch,ofs-noga2025
NOGA_2025,2445,NACE_2.1,2445,exactMatch,ofs-methodologie
NOGA_2025,244500,NACE_2.1,2445,broadMatch,ofs-noga2025
NOGA_2025,2446,NACE_2.1,2446,exactMatch,ofs-methodologie
NOGA_2025,244600,NACE_2.1,2446,broadMatch,ofs-noga2025
NOGA_2025,245,NACE_2.1,245,exactMatch,ofs-methodologie
NOGA_2025,2451,NACE_2.1,2451,exactMatch,ofs-methodologie
NOGA_2025,245100,NACE_2.1,2451,broadMatch,ofs-noga2025
NOGA_2025,2452,NACE_2.1,2452,exactMatch,ofs-methodologie
NOGA_2025,245200,NACE_2.1,2452,broadMatch,ofs-noga2025
NOGA_2025,2453,NACE_2.1,2453,exactMatch,ofs-methodologie
NOGA_2025,245300,NACE_2.1,2453,broadMatch,ofs-noga2025
NOGA_2025,2454,NACE_2.1,2454,exactMatch,ofs-methodologie
NOGA_2025,245400,NACE_2.1,2454,broadMatch,ofs-noga2025
NOGA_2025,25,NACE_2.1,25,exactMatch,ofs-methodologie
NOGA_2025,251,NACE_2.1,251,exactMatch,ofs-methodologie
NOGA_2025,2511,NACE_2.1,2511,exactMatch,ofs-methodologie
NOGA_2025,251100,NACE_2.1,2511,broadMatch,ofs-noga2025
NOGA_2025,2512,NACE_2.1,2512,exactMatch,ofs-methodologie
NOGA_2025,251200,NACE_2.1,2512,broadMatch,ofs-noga2025
NOGA_2025,252,NACE_2.1,252,exactMatch,ofs-methodologie
NOGA_2025,2521,NACE_2.1,2521,exactMatch,ofs-methodologie
NOGA_2025,252100,NACE_2.1,2521,broadMatch,ofs-noga2025
NOGA_2025,2522,NACE_2.1,2522,exactMatch,ofs-methodologie
NOGA_2025,252200,NACE_2.1,2522,broadMatch,ofs-noga2025
NOGA_2025,253,NACE_2.1,253,exactMatch,ofs-methodologie
NOGA_2025,2530,NACE_2.1,2530,exactMatch,ofs-methodologie
NOGA_2025,253000,NACE_2.1,2530,broadMatch,ofs-noga2025
NOGA_2025,254,NACE_2.1,254,exactMatch,ofs-methodologie
NOGA_2025,2540,NACE_2.1,2540,exactMatch,ofs-methodologie
NOGA_2025,254000,NACE_2.1,2540,broadMatch,ofs-noga2025
NOGA_2025,255,NACE_2.1,255,exactMatch,ofs-methodologie
NOGA_2025,2551,NACE_2.1,2551,exactMatch,ofs-methodologie
NOGA_2025,255100,NACE_2.1,2551,broadMatch,ofs-noga2025
NOGA_2025,2552,NACE_2.1,2552,exactMatch,ofs-methodologie
NOGA_2025,255200,NACE_2.1,2552,broadMatch,ofs-noga2025
NOGA_2025,2553,NACE_2.1,2553,exactMatch,ofs-methodologie
NOGA_2025,255301,NACE_2.1,2553,broadMatch,ofs-noga2025
NOGA_2025,255302,NACE_2.1,2553,broadMatch,ofs-noga2025
NOGA_2025,256,NACE_2.1,256,exactMatch,ofs-methodologie
NOGA_2025,2561,NACE_2.1,2561,exactMatch,ofs-methodologie
NOGA_2025,256100,NACE_2.1,2561,broadMatch,ofs-noga2025
NOGA_2025,2562,NACE_2.1,2562,exactMatch,ofs-methodologie
NOGA_2025,256200,NACE_2.1,2562,broadMatch,ofs-noga2025
NOGA_2025,2563,NACE_2.1,2563,exactMatch,ofs-methodologie
NOGA_2025,256300,NACE_2.1,2563,broadMatch,ofs-noga2025
NOGA_2025,259,NACE_2.1,259,exactMatch,ofs-methodologie
NOGA_2025,2591,NACE_2.1,2591,exactMatch,ofs-methodologie
NOGA_2025,259100,NACE_2.1,2591,broadMatch,ofs-noga2025
NOGA_2025,2592,NACE_2.1,2592,exactMatch,ofs-methodologie
NOGA_2025,259200,NACE_2.1,2592,broadMatch,ofs-noga2025
NOGA_2025,2593,NACE_2.1,2593,exactMatch,ofs-methodologie
NOGA_2025,259300,NACE_2.1,2593,broadMatch,ofs-noga2025
NOGA_2025,2594,NACE_2.1,2594,exactMatch,ofs-methodologie
NOGA_2025,259400,NACE_2.1,2594,broadMatch,ofs-noga2025
NOGA_2025,2599,NACE_2.1,2599,exactMatch,ofs-methodologie
NOGA_2025,259900,NACE_2.1,2599,broadMatch,ofs-noga2025
NOGA_2025,26,NACE_2.1,26,exactMatch,ofs-methodologie
NOGA_2025,261,NACE_2.1,261,exactMatch,ofs-methodologie
NOGA_2025,2611,NACE_2.1,2611,exactMatch,ofs-methodologie
NOGA_2025,261100,NACE_2.1,2611,broadMatch,ofs-noga2025
NOGA_2025,2612,NACE_2.1,2612,exactMatch,ofs-methodologie
NOGA_2025,261200,NACE_2.1,2612,broadMatch,ofs-noga2025
NOGA_2025,262,NACE_2.1,262,exactMatch,ofs-methodologie
NOGA_2025,2620,NACE_2.1,2620,exactMatch,ofs-methodologie
NOGA_2025,262000,NACE_2.1,2620,broadMatch,ofs-noga2025
NOGA_2025,263,NACE_2.1,263,exactMatch,ofs-methodologie
NOGA_2025,2630,NACE_2.1,2630,exactMatch,ofs-methodologie
NOGA_2025,263000,NACE_2.1,2630,broadMatch,ofs-noga2025
NOGA_2025,264,NACE_2.1,264,exactMatch,ofs-methodologie
NOGA_2025,2640,NACE_2.1,2640,exactMatch,ofs-methodologie
NOGA_2025,264000,NACE_2.1,2640,broadMatch,ofs-noga2025
NOGA_2025,265,NACE_2.1,265,exactMatch,ofs-methodologie
NOGA_2025,2651,NACE_2.1,2651,exactMatch,ofs-methodologie
NOGA_2025,265100,NACE_2.1,2651,broadMatch,ofs-noga2025
NOGA_2025,2652,NACE_2.1,2652,exactMatch,ofs-methodologie
NOGA_2025,265201,NACE_2.1,2652,broadMatch,ofs-noga2025
NOGA_2025,265202,NACE_2.1,2652,broadMatch,ofs-noga2025
NOGA_2025,265203,NACE_2.1,2652,broadMatch,ofs-noga2025
NOGA_2025,265204,NACE_2.1,2652,broadMatch,ofs-noga2025
NOGA_2025,265205,NACE_2.1,2652,broadMatch,ofs-noga2025
NOGA_2025,266,NACE_2.1,266,exactMatch,ofs-methodologie
NOGA_2025,2660,NACE_2.1,2660,exactMatch,ofs-methodologie
NOGA_2025,266000,NACE_2.1,2660,broadMatch,ofs-noga2025
NOGA_2025,267,NACE_2.1,267,exactMatch,ofs-methodologie
NOGA_2025,2670,NACE_2.1,2670,exactMatch,ofs-methodologie
NOGA_2025,267000,NACE_2.1,2670,broadMatch,ofs-noga2025
NOGA_2025,27,NACE_2.1,27,exactMatch,ofs-methodologie
NOGA_2025,271,NACE_2.1,271,exactMatch,ofs-methodologie
NOGA_2025,2711,NACE_2.1,2711,exactMatch,ofs-methodologie
NOGA_2025,271100,NACE_2.1,2711,broadMatch,ofs-noga2025
NOGA_2025,2712,NACE_2.1,2712,exactMatch,ofs-methodologie
NOGA_2025,271200,NACE_2.1,2712,broadMatch,ofs-noga2025
NOGA_2025,272,NACE_2.1,272,exactMatch,ofs-methodologie
NOGA_2025,2720,NACE_2.1,2720,exactMatch,ofs-methodologie
NOGA_2025,272000,NACE_2.1,2720,broadMatch,ofs-noga2025
NOGA_2025,273,NACE_2.1,273,exactMatch,ofs-methodologie
NOGA_2025,2731,NACE_2.1,2731,exactMatch,ofs-methodologie
NOGA_2025,273100,NACE_2.1,2731,broadMatch,ofs-noga2025
NOGA_2025,2732,NACE_2.1,2732,exactMatch,ofs-methodologie
NOGA_2025,273200,NACE_2.1,2732,broadMatch,ofs-noga2025
NOGA_2025,2733,NACE_2.1,2733,exactMatch,ofs-methodologie
NOGA_2025,273300,NACE_2.1,2733,broadMatch,ofs-noga2025
NOGA_2025,274,NACE_2.1,274,exactMatch,ofs-methodologie
NOGA_2025,2740,NACE_2.1,2740,exactMatch,ofs-methodologie
NOGA_2025,274000,NACE_2.1,2740,broadMatch,ofs-noga2025
NOGA_2025,275,NACE_2.1,275,exactMatch,ofs-methodologie
NOGA_2025,2751,NACE_2.1,2751,exactMatch,ofs-methodologie
NOGA_2025,275100,NACE_2.1,2751,broadMatch,ofs-noga2025
NOGA_2025,2752,NACE_2.1,2752,exactMatch,ofs-methodologie
NOGA_2025,275200,NACE_2.1,2752,broadMatch,ofs-noga2025
NOGA_2025,279,NACE_2.1,279,exactMatch,ofs-methodologie
NOGA_2025,2790,NACE_2.1,2790,exactMatch,ofs-methodologie
NOGA_2025,279000,NACE_2.1,2790,broadMatch,ofs-noga2025
NOGA_2025,28,NACE_2.1,28,exactMatch,ofs-methodologie
NOGA_2025,281,NACE_2.1,281,exactMatch,ofs-methodologie
NOGA_2025,2811,NACE_2.1,2811,exactMatch,ofs-methodologie
NOGA_2025,281100,NACE_2.1,2811,broadMatch,ofs-noga2025
NOGA_2025,2812,NACE_2.1,2812,exactMatch,ofs-methodologie
NOGA_2025,281200,NACE_2.1,2812,broadMatch,ofs-noga2025
NOGA_2025,2813,NACE_2.1,2813,exactMatch,ofs-methodologie
NOGA_2025,281300,NACE_2.1,2813,broadMatch,ofs-noga2025
NOGA_2025,2814,NACE_2.1,2814,exactMatch,ofs-methodologie
NOGA_2025,281400,NACE_2.1,2814,broadMatch,ofs-noga2025
NOGA_2025,2815,NACE_2.1,2815,exactMatch,ofs-methodologie
NOGA_2025,281500,NACE_2.1,2815,broadMatch,ofs-noga2025
NOGA_2025,282,NACE_2.1,282,exactMatch,ofs-methodologie
NOGA_2025,2821,NACE_2.1,2821,exactMatch,ofs-methodologie
NOGA_2025,282100,NACE_2.1,2821,broadMatch,ofs-noga2025
NOGA_2025,2822,NACE_2.1,2822,exactMatch,ofs-methodologie
NOGA_2025,282200,NACE_2.1,2822,broadMatch,ofs-noga2025
NOGA_2025,2823,NACE_2.1,2823,exactMatch,ofs-methodologie
NOGA_2025,282300,NACE_2.1,2823,broadMatch,ofs-noga2025
NOGA_2025,2824,NACE_2.1,2824,exactMatch,ofs-methodologie
NOGA_2025,282400,NACE_2.1,2824,broadMatch,ofs-noga2025
NOGA_2025,2825,NACE_2.1,2825,exactMatch,ofs-methodologie
NOGA_2025,282500,NACE_2.1,2825,broadMatch,ofs-noga2025
NOGA_2025,2829,NACE_2.1,2829,exactMatch,ofs-methodologie
NOGA_2025,282900,NACE_2.1,2829,broadMatch,ofs-noga2025
NOGA_2025,283,NACE_2.1,283,exactMatch,ofs-methodologie
NOGA_2025,2830,NACE_2.1,2830,exactMatch,ofs-methodologie
NOGA_2025,283000,NACE_2.1,2830,broadMatch,ofs-noga2025
NOGA_2025,284,NACE_2.1,284,exactMatch,ofs-methodologie
NOGA_2025,2841,NACE_2.1,2841,exactMatch,ofs-methodologie
NOGA_2025,284100,NACE_2.1,2841,broadMatch,ofs-noga2025
NOGA_2025,2842,NACE_2.1,2842,exactMatch,ofs-methodologie
NOGA_2025,284200,NACE_2.1,2842,broadMatch,ofs-noga2025
NOGA_2025,289,NACE_2.1,289,exactMatch,ofs-methodologie
NOGA_2025,2891,NACE_2.1,2891,exactMatch,ofs-methodologie
NOGA_2025,289100,NACE_2.1,2891,broadMatch,ofs-noga2025
NOGA_2025,2892,NACE_2.1,2892,exactMatch,ofs-methodologie
NOGA_2025,289200,NACE_2.1,2892,broadMatch,ofs-noga2025
NOGA_2025,2893,NACE_2.1,2893,exactMatch,ofs-methodologie
NOGA_2025,289300,NACE_2.1,2893,broadMatch,ofs-noga2025
NOGA_2025,2894,NACE_2.1,2894,exactMatch,ofs-methodologie
NOGA_2025,289400,NACE_2.1,2894,broadMatch,ofs-noga2025
NOGA_2025,2895,NACE_2.1,2895,exactMatch,ofs-methodologie
NOGA_2025,289500,NACE_2.1,2895,broadMatch,ofs-noga2025
NOGA_2025,2896,NACE_2.1,2896,exactMatch,ofs-methodologie
NOGA_2025,289600,NACE_2.1,2896,broadMatch,ofs-noga2025
NOGA_2025,2897,NACE_2.1,2897,exactMatch,ofs-methodologie
NOGA_2025,289700,NACE_2.1,2897,broadMatch,ofs-noga2025
NOGA_2025,2899,NACE_2.1,2899,exactMatch,ofs-methodologie
NOGA_2025,289900,NACE_2.1,2899,broadMatch,ofs-noga2025
NOGA_2025,29,NACE_2.1,29,exactMatch,ofs-methodologie
NOGA_2025,291,NACE_2.1,291,exactMatch,ofs-methodologie
NOGA_2025,2910,NACE_2.1,2910,exactMatch,ofs-methodologie
NOGA_2025,291000,NACE_2.1,2910,broadMatch,ofs-noga2025
NOGA_2025,292,NACE_2.1,292,exactMatch,ofs-methodologie
NOGA_2025,2920,NACE_2.1,2920,exactMatch,ofs-methodologie
NOGA_2025,292000,NACE_2.1,2920,broadMatch,ofs-noga2025
NOGA_2025,293,NACE_2.1,293,exactMatch,ofs-methodologie
NOGA_2025,2931,NACE_2.1,2931,exactMatch,ofs-methodologie
NOGA_2025,293100,NACE_2.1,2931,broadMatch,ofs-noga2025
NOGA_2025,2932,NACE_2.1,2932,exactMatch,ofs-methodologie
NOGA_2025,293200,NACE_2.1,2932,broadMatch,ofs-noga2025
NOGA_2025,30,NACE_2.1,30,exactMatch,ofs-methodologie
NOGA_2025,301,NACE_2.1,301,exactMatch,ofs-methodologie
NOGA_2025,3011,NACE_2.1,3011,exactMatch,ofs-methodologie
NOGA_2025,301100,NACE_2.1,3011,broadMatch,ofs-noga2025
NOGA_2025,3012,NACE_2.1,3012,exactMatch,ofs-methodologie
NOGA_2025,301200,NACE_2.1,3012,broadMatch,ofs-noga2025
NOGA_2025,3013,NACE_2.1,3013,exactMatch,ofs-methodologie
NOGA_2025,301300,NACE_2.1,3013,broadMatch,ofs-noga2025
NOGA_2025,302,NACE_2.1,302,exactMatch,ofs-methodologie
NOGA_2025,3020,NACE_2.1,3020,exactMatch,ofs-methodologie
NOGA_2025,302000,NACE_2.1,3020,broadMatch,ofs-noga2025
NOGA_2025,303,NACE_2.1,303,exactMatch,ofs-methodologie
NOGA_2025,3031,NACE_2.1,3031,exactMatch,ofs-methodologie
NOGA_2025,303100,NACE_2.1,3031,broadMatch,ofs-noga2025
NOGA_2025,3032,NACE_2.1,3032,exactMatch,ofs-methodologie
NOGA_2025,303200,NACE_2.1,3032,broadMatch,ofs-noga2025
NOGA_2025,304,NACE_2.1,304,exactMatch,ofs-methodologie
NOGA_2025,3040,NACE_2.1,3040,exactMatch,ofs-methodologie
NOGA_2025,304000,NACE_2.1,3040,broadMatch,ofs-noga2025
NOGA_2025,309,NACE_2.1,309,exactMatch,ofs-methodologie
NOGA_2025,3091,NACE_2.1,3091,exactMatch,ofs-methodologie
NOGA_2025,309100,NACE_2.1,3091,broadMatch,ofs-noga2025
NOGA_2025,3092,NACE_2.1,3092,exactMatch,ofs-methodologie
NOGA_2025,309201,NACE_2.1,3092,broadMatch,ofs-noga2025
NOGA_2025,309202,NACE_2.1,3092,broadMatch,ofs-noga2025
NOGA_2025,3099,NACE_2.1,3099,exactMatch,ofs-methodologie
NOGA_2025,309900,NACE_2.1,3099,broadMatch,ofs-noga2025
NOGA_2025,31,NACE_2.1,31,exactMatch,ofs-methodologie
NOGA_2025,310,NACE_2.1,310,exactMatch,ofs-methodologie
NOGA_2025,3100,NACE_2.1,3100,exactMatch,ofs-methodologie
NOGA_2025,310001,NACE_2.1,3100,broadMatch,ofs-noga2025
NOGA_2025,310002,NACE_2.1,3100,broadMatch,ofs-noga2025
NOGA_2025,310009,NACE_2.1,3100,broadMatch,ofs-noga2025
NOGA_2025,32,NACE_2.1,32,exactMatch,ofs-methodologie
NOGA_2025,321,NACE_2.1,321,exactMatch,ofs-methodologie
NOGA_2025,3211,NACE_2.1,3211,exactMatch,ofs-methodologie
NOGA_2025,321100,NACE_2.1,3211,broadMatch,ofs-noga2025
NOGA_2025,3212,NACE_2.1,3212,exactMatch,ofs-methodologie
NOGA_2025,321201,NACE_2.1,3212,broadMatch,ofs-noga2025
NOGA_2025,321202,NACE_2.1,3212,broadMatch,ofs-noga2025
NOGA_2025,3213,NACE_2.1,3213,exactMatch,ofs-methodologie
NOGA_2025,321300,NACE_2.1,3213,broadMatch,ofs-noga2025
NOGA_2025,322,NACE_2.1,322,exactMatch,ofs-methodologie
NOGA_2025,3220,NACE_2.1,3220,exactMatch,ofs-methodologie
NOGA_2025,322000,NACE_2.1,3220,broadMatch,ofs-noga2025
NOGA_2025,323,NACE_2.1,323,exactMatch,ofs-methodologie
NOGA_2025,3230,NACE_2.1,3230,exactMatch,ofs-methodologie
NOGA_2025,323000,NACE_2.1,3230,broadMatch,ofs-noga2025
NOGA_2025,324,NACE_2.1,324,exactMatch,ofs-methodologie
NOGA_2025,3240,NACE_2.1,3240,exactMatch,ofs-methodologie
NOGA_2025,324000,NACE_2.1,3240,broadMatch,ofs-noga2025
NOGA_2025,325,NACE_2.1,325,exactMatch,ofs-methodologie
NOGA_2025,3250,NACE_2.1,3250,exactMatch,ofs-methodologie
NOGA_2025,325001,NACE_2.1,3250,broadMatch,ofs-noga2025
NOGA_2025,325002,NACE_2.1,3250,broadMatch,ofs-noga2025
NOGA_2025,325003,NACE_2.1,3250,broadMatch,ofs-noga2025
NOGA_2025,325009,NACE_2.1,3250,broadMatch,ofs-noga2025
NOGA_2025,329,NACE_2.1,329,exactMatch,ofs-methodologie
NOGA_2025,3291,NACE_2.1,3291,exactMatch,ofs-methodologie
NOGA_2025,329100,NACE_2.1,3291,broadMatch,ofs-noga2025
NOGA_2025,3299,NACE_2.1,3299,exactMatch,ofs-methodologie
NOGA_2025,329900,NACE_2.1,3299,broadMatch,ofs-noga2025
NOGA_2025,33,NACE_2.1,33,exactMatch,ofs-methodologie
NOGA_2025,331,NACE_2.1,331,exactMatch,ofs-methodologie
NOGA_2025,3311,NACE_2.1,3311,exactMatch,ofs-methodologie
NOGA_2025,331100,NACE_2.1,3311,broadMatch,ofs-noga2025
NOGA_2025,3312,NACE_2.1,3312,exactMatch,ofs-methodologie
NOGA_2025,331200,NACE_2.1,3312,broadMatch,ofs-noga2025
NOGA_2025,3313,NACE_2.1,3313,exactMatch,ofs-methodologie
NOGA_2025,331300,NACE_2.1,3313,broadMatch,ofs-noga2025
NOGA_2025,3314,NACE_2.1,3314,exactMatch,ofs-methodologie
NOGA_2025,331400,NACE_2.1,3314,broadMatch,ofs-noga2025
NOGA_2025,3315,NACE_2.1,3315,exactMatch,ofs-methodologie
NOGA_2025,331500,NACE_2.1,3315,broadMatch,ofs-noga2025
NOGA_2025,3316,NACE_2.1,3316,exactMatch,ofs-methodologie
NOGA_2025,331600,NACE_2.1,3316,broadMatch,ofs-noga2025
NOGA_2025,3317,NACE_2.1,3317,exactMatch,ofs-methodologie
NOGA_2025,331700,NACE_2.1,3317,broadMatch,ofs-noga2025
NOGA_2025,3318,NACE_2.1,3318,exactMatch,ofs-methodologie
NOGA_2025,331800,NACE_2.1,3318,broadMatch,ofs-noga2025
NOGA_2025,3319,NACE_2.1,3319,exactMatch,ofs-methodologie
NOGA_2025,331900,NACE_2.1,3319,broadMatch,ofs-noga2025
NOGA_2025,332,NACE_2.1,332,exactMatch,ofs-methodologie
NOGA_2025,3320,NACE_2.1,3320,exactMatch,ofs-methodologie
NOGA_2025,332000,NACE_2.1,3320,broadMatch,ofs-noga2025
NOGA_2025,35,NACE_2.1,35,exactMatch,ofs-methodologie
NOGA_2025,351,NACE_2.1,351,exactMatch,ofs-methodologie
NOGA_2025,3511,NACE_2.1,3511,exactMatch,ofs-methodologie
NOGA_2025,351100,NACE_2.1,3511,broadMatch,ofs-noga2025
NOGA_2025,3512,NACE_2.1,3512,exactMatch,ofs-methodologie
NOGA_2025,351200,NACE_2.1,3512,broadMatch,ofs-noga2025
NOGA_2025,3513,NACE_2.1,3513,exactMatch,ofs-methodologie
NOGA_2025,351300,NACE_2.1,3513,broadMatch,ofs-noga2025
NOGA_2025,3514,NACE_2.1,3514,exactMatch,ofs-methodologie
NOGA_2025,351400,NACE_2.1,3514,broadMatch,ofs-noga2025
NOGA_2025,3515,NACE_2.1,3515,exactMatch,ofs-methodologie
NOGA_2025,351500,NACE_2.1,3515,broadMatch,ofs-noga2025
NOGA_2025,3516,NACE_2.1,3516,exactMatch,ofs-methodologie
NOGA_2025,351600,NACE_2.1,3516,broadMatch,ofs-noga2025
NOGA_2025,352,NACE_2.1,352,exactMatch,ofs-methodologie
NOGA_2025,3521,NACE_2.1,3521,exactMatch,ofs-methodologie
NOGA_2025,352100,NACE_2.1,3521,broadMatch,ofs-noga2025
NOGA_2025,3522,NACE_2.1,3522,exactMatch,ofs-methodologie
NOGA_2025,352200,NACE_2.1,3522,broadMatch,ofs-noga2025
NOGA_2025,3523,NACE_2.1,3523,exactMatch,ofs-methodologie
NOGA_2025,352300,NACE_2.1,3523,broadMatch,ofs-noga2025
NOGA_2025,3524,NACE_2.1,3524,exactMatch,ofs-methodologie
NOGA_2025,352400,NACE_2.1,3524,broadMatch,ofs-noga2025
NOGA_2025,353,NACE_2.1,353,exactMatch,ofs-methodologie
NOGA_2025,3530,NACE_2.1,3530,exactMatch,ofs-methodologie
NOGA_2025,353000,NACE_2.1,3530,broadMatch,ofs-noga2025
NOGA_2025,354,NACE_2.1,354,exactMatch,ofs-methodologie
NOGA_2025,3540,NACE_2.1,3540,exactMatch,ofs-methodologie
NOGA_2025,354000,NACE_2.1,3540,broadMatch,ofs-noga2025
NOGA_2025,36,NACE_2.1,36,exactMatch,ofs-methodologie
NOGA_2025,360,NACE_2.1,360,exactMatch,ofs-methodologie
NOGA_2025,3600,NACE_2.1,3600,exactMatch,ofs-methodologie
NOGA_2025,360000,NACE_2.1,3600,broadMatch,ofs-noga2025
NOGA_2025,37,NACE_2.1,37,exactMatch,ofs-methodologie
NOGA_2025,370,NACE_2.1,370,exactMatch,ofs-methodologie
NOGA_2025,3700,NACE_2.1,3700,exactMatch,ofs-methodologie
NOGA_2025,370001,NACE_2.1,3700,broadMatch,ofs-noga2025
NOGA_2025,370002,NACE_2.1,3700,broadMatch,ofs-noga2025
NOGA_2025,38,NACE_2.1,38,exactMatch,ofs-methodologie
NOGA_2025,381,NACE_2.1,381,exactMatch,ofs-methodologie
NOGA_2025,3811,NACE_2.1,3811,exactMatch,ofs-methodologie
NOGA_2025,381100,NACE_2.1,3811,broadMatch,ofs-noga2025
NOGA_2025,3812,NACE_2.1,3812,exactMatch,ofs-methodologie
NOGA_2025,381200,NACE_2.1,3812,broadMatch,ofs-noga2025
NOGA_2025,382,NACE_2.1,382,exactMatch,ofs-methodologie
NOGA_2025,3821,NACE_2.1,3821,exactMatch,ofs-methodologie
NOGA_2025,382100,NACE_2.1,3821,broadMatch,ofs-noga2025
NOGA_2025,3822,NACE_2.1,3822,exactMatch,ofs-methodologie
NOGA_2025,382200,NACE_2.1,3822,broadMatch,ofs-noga2025
NOGA_2025,3823,NACE_2.1,3823,exactMatch,ofs-methodologie
NOGA_2025,382300,NACE_2.1,3823,broadMatch,ofs-noga2025
NOGA_2025,383,NACE_2.1,383,exactMatch,ofs-methodologie
NOGA_2025,3831,NACE_2.1,3831,exactMatch,ofs-methodologie
NOGA_2025,383100,NACE_2.1,3831,broadMatch,ofs-noga2025
NOGA_2025,3832,NACE_2.1,3832,exactMatch,ofs-methodologie
NOGA_2025,383200,NACE_2.1,3832,broadMatch,ofs-noga2025
NOGA_2025,3833,NACE_2.1,3833,exactMatch,ofs-methodologie
NOGA_2025,383300,NACE_2.1,3833,broadMatch,ofs-noga2025
NOGA_2025,39,NACE_2.1,39,exactMatch,ofs-methodologie
NOGA_2025,390,NACE_2.1,390,exactMatch,ofs-methodologie
NOGA_2025,3900,NACE_2.1,3900,exactMatch,ofs-methodologie
NOGA_2025,390000,NACE_2.1,3900,broadMatch,ofs-noga2025
NOGA_2025,41,NACE_2.1,41,exactMatch,ofs-methodologie
NOGA_2025,410,NACE_2.1,410,exactMatch,ofs-methodologie
NOGA_2025,4100,NACE_2.1,4100,exactMatch,ofs-methodologie
NOGA_2025,410001,NACE_2.1,4100,broadMatch,ofs-noga2025
NOGA_2025,410002,NACE_2.1,4100,broadMatch,ofs-noga2025
NOGA_2025,42,NACE_2.1,42,exactMatch,ofs-methodologie
NOGA_2025,421,NACE_2.1,421,exactMatch,ofs-methodologie
NOGA_2025,4211,NACE_2.1,4211,exactMatch,ofs-methodologie
NOGA_2025,421100,NACE_2.1,4211,broadMatch,ofs-noga2025
NOGA_2025,4212,NACE_2.1,4212,exactMatch,ofs-methodologie
NOGA_2025,421200,NACE_2.1,4212,broadMatch,ofs-noga2025
NOGA_2025,4213,NACE_2.1,4213,exactMatch,ofs-methodologie
NOGA_2025,421300,NACE_2.1,4213,broadMatch,ofs-noga2025
NOGA_2025,422,NACE_2.1,422,exactMatch,ofs-methodologie
NOGA_2025,4221,NACE_2.1,4221,exactMatch,ofs-methodologie
NOGA_2025,422100,NACE_2.1,4221,broadMatch,ofs-noga2025
NOGA_2025,4222,NACE_2.1,4222,exactMatch,ofs-methodologie
NOGA_2025,422200,NACE_2.1,4222,broadMatch,ofs-noga2025
NOGA_2025,429,NACE_2.1,429,exactMatch,ofs-methodologie
NOGA_2025,4291,NACE_2.1,4291,exactMatch,ofs-methodologie
NOGA_2025,429100,NACE_2.1,4291,broadMatch,ofs-noga2025
NOGA_2025,4299,NACE_2.1,4299,exactMatch,ofs-methodologie
NOGA_2025,429900,NACE_2.1,4299,broadMatch,ofs-noga2025
NOGA_2025,43,NACE_2.1,43,exactMatch,ofs-methodologie
NOGA_2025,431,NACE_2.1,431,exactMatch,ofs-methodologie
NOGA_2025,4311,NACE_2.1,4311,exactMatch,ofs-methodologie
NOGA_2025,431100,NACE_2.1,4311,broadMatch,ofs-noga2025
NOGA_2025,4312,NACE_2.1,4312,exactMatch,ofs-methodologie
NOGA_2025,431200,NACE_2.1,4312,broadMatch,ofs-noga2025
NOGA_2025,4313,NACE_2.1,4313,exactMatch,ofs-methodologie
NOGA_2025,431300,NACE_2.1,4313,broadMatch,ofs-noga2025
NOGA_2025,432,NACE_2.1,432,exactMatch,ofs-methodologie
NOGA_2025,4321,NACE_2.1,4321,exactMatch,ofs-methodologie
NOGA_2025,432100,NACE_2.1,4321,broadMatch,ofs-noga2025
NOGA_2025,4322,NACE_2.1,4322,exactMatch,ofs-methodologie
NOGA_2025,432201,NACE_2.1,4322,broadMatch,ofs-noga2025
NOGA_2025,432202,NACE_2.1,4322,broadMatch,ofs-noga2025
NOGA_2025,4323,NACE_2.1,4323,exactMatch,ofs-methodologie
NOGA_2025,432300,NACE_2.1,4323,broadMatch,ofs-noga2025
NOGA_2025,4324,NACE_2.1,4324,exactMatch,ofs-methodologie
NOGA_2025,432401,NACE_2.1,4324,broadMatch,ofs-noga2025
NOGA_2025,432409,NACE_2.1,4324,broadMatch,ofs-noga2025
NOGA_2025,433,NACE_2.1,433,exactMatch,ofs-methodologie
NOGA_2025,4331,NACE_2.1,4331,exactMatch,ofs-methodologie
NOGA_2025,433100,NACE_2.1,4331,broadMatch,ofs-noga2025
NOGA_2025,4332,NACE_2.1,4332,exactMatch,ofs-methodologie
NOGA_2025,433201,NACE_2.1,4332,broadMatch,ofs-noga2025
NOGA_2025,433202,NACE_2.1,4332,broadMatch,ofs-noga2025
NOGA_2025,4333,NACE_2.1,4333,exactMatch,ofs-methodologie
NOGA_2025,433301,NACE_2.1,4333,broadMatch,ofs-noga2025
NOGA_2025,433302,NACE_2.1,4333,broadMatch,ofs-noga2025
NOGA_2025,4334,NACE_2.1,4334,exactMatch,ofs-methodologie
NOGA_2025,433401,NACE_2.1,4334,broadMatch,ofs-noga2025
NOGA_2025,433402,NACE_2.1,4334,broadMatch,ofs-noga2025
NOGA_2025,433403,NACE_2.1,4334,broadMatch,ofs-noga2025
NOGA_2025,4335,NACE_2.1,4335,exactMatch,ofs-methodologie
NOGA_2025,433500,NACE_2.1,4335,broadMatch,ofs-noga2025
NOGA_2025,434,NACE_2.1,434,exactMatch,ofs-methodologie
NOGA_2025,4341,NACE_2.1,4341,exactMatch,ofs-methodologie
NOGA_2025,434101,NACE_2.1,4341,broadMatch,ofs-noga2025
NOGA_2025,434102,NACE_2.1,4341,broadMatch,ofs-noga2025
NOGA_2025,434103,NACE_2.1,4341,broadMatch,ofs-noga2025
NOGA_2025,4342,NACE_2.1,4342,exactMatch,ofs-methodologie
NOGA_2025,434201,NACE_2.1,4342,broadMatch,ofs-noga2025
NOGA_2025,434202,NACE_2.1,4342,broadMatch,ofs-noga2025
NOGA_2025,434203,NACE_2.1,4342,broadMatch,ofs-noga2025
NOGA_2025,434209,NACE_2.1,4342,broadMatch,ofs-noga2025
NOGA_2025,435,NACE_2.1,435,exactMatch,ofs-methodologie
NOGA_2025,4350,NACE_2.1,4350,exactMatch,ofs-methodologie
NOGA_2025,435000,NACE_2.1,4350,broadMatch,ofs-noga2025
NOGA_2025,436,NACE_2.1,436,exactMatch,ofs-methodologie
NOGA_2025,4360,NACE_2.1,4360,exactMatch,ofs-methodologie
NOGA_2025,436000,NACE_2.1,4360,broadMatch,ofs-noga2025
NOGA_2025,439,NACE_2.1,439,exactMatch,ofs-methodologie
NOGA_2025,4391,NACE_2.1,4391,exactMatch,ofs-methodologie
NOGA_2025,439100,NACE_2.1,4391,broadMatch,ofs-noga2025
NOGA_2025,4399,NACE_2.1,4399,exactMatch,ofs-methodologie
NOGA_2025,439900,NACE_2.1,4399,broadMatch,ofs-noga2025
NOGA_2025,46,NACE_2.1,46,exactMatch,ofs-methodologie
NOGA_2025,461,NACE_2.1,461,exactMatch,ofs-methodologie
NOGA_2025,4611,NACE_2.1,4611,exactMatch,ofs-methodologie
NOGA_2025,461100,NACE_2.1,4611,broadMatch,ofs-noga2025
NOGA_2025,4612,NACE_2.1,4612,exactMatch,ofs-methodologie
NOGA_2025,461200,NACE_2.1,4612,broadMatch,ofs-noga2025
NOGA_2025,4613,NACE_2.1,4613,exactMatch,ofs-methodologie
NOGA_2025,461300,NACE_2.1,4613,broadMatch,ofs-noga2025
NOGA_2025,4614,NACE_2.1,4614,exactMatch,ofs-methodologie
NOGA_2025,461400,NACE_2.1,4614,broadMatch,ofs-noga2025
NOGA_2025,4615,NACE_2.1,4615,exactMatch,ofs-methodologie
NOGA_2025,461500,NACE_2.1,4615,broadMatch,ofs-noga2025
NOGA_2025,4616,NACE_2.1,4616,exactMatch,ofs-methodologie
NOGA_2025,461600,NACE_2.1,4616,broadMatch,ofs-noga2025
NOGA_2025,4617,NACE_2.1,4617,exactMatch,ofs-methodologie
NOGA_2025,461700,NACE_2.1,4617,broadMatch,ofs-noga2025
NOGA_2025,4618,NACE_2.1,4618,exactMatch,ofs-methodologie
NOGA_2025,461800,NACE_2.1,4618,broadMatch,ofs-noga2025
NOGA_2025,4619,NACE_2.1,4619,exactMatch,ofs-methodologie
NOGA_2025,461900,NACE_2.1,4619,broadMatch,ofs-noga2025
NOGA_2025,462,NACE_2.1,462,exactMatch,ofs-methodologie
NOGA_2025,4621,NACE_2.1,4621,exactMatch,ofs-methodologie
NOGA_2025,462100,NACE_2.1,4621,broadMatch,ofs-noga2025
NOGA_2025,4622,NACE_2.1,4622,exactMatch,ofs-methodologie
NOGA_2025,462200,NACE_2.1,4622,broadMatch,ofs-noga2025
NOGA_2025,4623,NACE_2.1,4623,exactMatch,ofs-methodologie
NOGA_2025,462300,NACE_2.1,4623,broadMatch,ofs-noga2025
NOGA_2025,4624,NACE_2.1,4624,exactMatch,ofs-methodologie
NOGA_2025,462400,NACE_2.1,4624,broadMatch,ofs-noga2025
NOGA_2025,463,NACE_2.1,463,exactMatch,ofs-methodologie
NOGA_2025,4631,NACE_2.1,4631,exactMatch,ofs-methodologie
NOGA_2025,463100,NACE_2.1,4631,broadMatch,ofs-noga2025
NOGA_2025,4632,NACE_2.1,4632,exactMatch,ofs-methodologie
NOGA_2025,463200,NACE_2.1,4632,broadMatch,ofs-noga2025
NOGA_2025,4633,NACE_2.1,4633,exactMatch,ofs-methodologie
NOGA_2025,463300,NACE_2.1,4633,broadMatch,ofs-noga2025
NOGA_2025,4634,NACE_2.1,4634,exactMatch,ofs-methodologie
NOGA_2025,463401,NACE_2.1,4634,broadMatch,ofs-noga2025
NOGA_2025,463402,NACE_2.1,4634,broadMatch,ofs-noga2025
NOGA_2025,4635,NACE_2.1,4635,exactMatch,ofs-methodologie
NOGA_2025,463500,NACE_2.1,4635,broadMatch,ofs-noga2025
NOGA_2025,4636,NACE_2.1,4636,exactMatch,ofs-methodologie
NOGA_2025,463600,NACE_2.1,4636,broadMatch,ofs-noga2025
NOGA_2025,4637,NACE_2.1,4637,exactMatch,ofs-methodologie
NOGA_2025,463700,NACE_2.1,4637,broadMatch,ofs-noga2025
NOGA_2025,4638,NACE_2.1,4638,exactMatch,ofs-methodologie
NOGA_2025,463800,NACE_2.1,4638,broadMatch,ofs-noga2025
NOGA_2025,4639,NACE_2.1,4639,exactMatch,ofs-methodologie
NOGA_2025,463900,NACE_2.1,4639,broadMatch,ofs-noga2025
NOGA_2025,464,NACE_2.1,464,exactMatch,ofs-methodologie
NOGA_2025,4641,NACE_2.1,4641,exactMatch,ofs-methodologie
NOGA_2025,464100,NACE_2.1,4641,broadMatch,ofs-noga2025
NOGA_2025,4642,NACE_2.1,4642,exactMatch,ofs-methodologie
NOGA_2025,464201,NACE_2.1,4642,broadMatch,ofs-noga2025
NOGA_2025,464202,NACE_2.1,4642,broadMatch,ofs-noga2025
NOGA_2025,4643,NACE_2.1,4643,exactMatch,ofs-methodologie
NOGA_2025,464300,NACE_2.1,4643,broadMatch,ofs-noga2025
NOGA_2025,4644,NACE_2.1,4644,exactMatch,ofs-methodologie
NOGA_2025,464400,NACE_2.1,4644,broadMatch,ofs-noga2025
NOGA_2025,4645,NACE_2.1,4645,exactMatch,ofs-methodologie
NOGA_2025,464500,NACE_2.1,4645,broadMatch,ofs-noga2025
NOGA_2025,4646,NACE_2.1,4646,exactMatch,ofs-methodologie
NOGA_2025,464601,NACE_2.1,4646,broadMatch,ofs-noga2025
NOGA_2025,464602,NACE_2.1,4646,broadMatch,ofs-noga2025
NOGA_2025,4647,NACE_2.1,4647,exactMatch,ofs-methodologie
NOGA_2025,464700,NACE_2.1,4647,broadMatch,ofs-noga2025
NOGA_2025,4648,NACE_2.1,4648,exactMatch,ofs-methodologie
NOGA_2025,464801,NACE_2.1,4648,broadMatch,ofs-noga2025
NOGA_2025,464802,NACE_2.1,4648,broadMatch,ofs-noga2025
NOGA_2025,4649,NACE_2.1,4649,exactMatch,ofs-methodologie
NOGA_2025,464901,NACE_2.1,4649,broadMatch,ofs-noga2025
NOGA_2025,464902,NACE_2.1,4649,broadMatch,ofs-noga2025
NOGA_2025,464903,NACE_2.1,4649,broadMatch,ofs-noga2025
NOGA_2025,464909,NACE_2.1,4649,broadMatch,ofs-noga2025
NOGA_2025,465,NACE_2.1,465,exactMatch,ofs-methodologie
NOGA_2025,4650,NACE_2.1,4650,exactMatch,ofs-methodologie
NOGA_2025,465000,NACE_2.1,4650,broadMatch,ofs-noga2025
NOGA_2025,466,NACE_2.1,466,exactMatch,ofs-methodologie
NOGA_2025,4661,NACE_2.1,4661,exactMatch,ofs-methodologie
NOGA_2025,466100,NACE_2.1,4661,broadMatch,ofs-noga2025
NOGA_2025,4662,NACE_2.1,4662,exactMatch,ofs-methodologie
NOGA_2025,466200,NACE_2.1,4662,broadMatch,ofs-noga2025
NOGA_2025,4663,NACE_2.1,4663,exactMatch,ofs-methodologie
NOGA_2025,466300,NACE_2.1,4663,broadMatch,ofs-noga2025
NOGA_2025,4664,NACE_2.1,4664,exactMatch,ofs-methodologie
NOGA_2025,466400,NACE_2.1,4664,broadMatch,ofs-noga2025
NOGA_2025,467,NACE_2.1,467,exactMatch,ofs-methodologie
NOGA_2025,4671,NACE_2.1,4671,exactMatch,ofs-methodologie
NOGA_2025,467101,NACE_2.1,4671,broadMatch,ofs-noga2025
NOGA_2025,467102,NACE_2.1,4671,broadMatch,ofs-noga2025
NOGA_2025,4672,NACE_2.1,4672,exactMatch,ofs-methodologie
NOGA_2025,467200,NACE_2.1,4672,broadMatch,ofs-noga2025
NOGA_2025,4673,NACE_2.1,4673,exactMatch,ofs-methodologie
NOGA_2025,467300,NACE_2.1,4673,broadMatch,ofs-noga2025
NOGA_2025,468,NACE_2.1,468,exactMatch,ofs-methodologie
NOGA_2025,4681,NACE_2.1,4681,exactMatch,ofs-methodologie
NOGA_2025,468101,NACE_2.1,4681,broadMatch,ofs-noga2025
NOGA_2025,468102,NACE_2.1,4681,broadMatch,ofs-noga2025
NOGA_2025,4682,NACE_2.1,4682,exactMatch,ofs-methodologie
NOGA_2025,468201,NACE_2.1,4682,broadMatch,ofs-noga2025
NOGA_2025,468202,NACE_2.1,4682,broadMatch,ofs-noga2025
NOGA_2025,4683,NACE_2.1,4683,exactMatch,ofs-methodologie
NOGA_2025,468301,NACE_2.1,4683,broadMatch,ofs-noga2025
NOGA_2025,468302,NACE_2.1,4683,broadMatch,ofs-noga2025
NOGA_2025,468303,NACE_2.1,4683,broadMatch,ofs-noga2025
NOGA_2025,4684,NACE_2.1,4684,exactMatch,ofs-methodologie
NOGA_2025,468400,NACE_2.1,4684,broadMatch,ofs-noga2025
NOGA_2025,4685,NACE_2.1,4685,exactMatch,ofs-methodologie
NOGA_2025,468500,NACE_2.1,4685,broadMatch,ofs-noga2025
NOGA_2025,4686,NACE_2.1,4686,exactMatch,ofs-methodologie
NOGA_2025,468600,NACE_2.1,4686,broadMatch,ofs-noga2025
NOGA_2025,4687,NACE_2.1,4687,exactMatch,ofs-methodologie
NOGA_2025,468700,NACE_2.1,4687,broadMatch,ofs-noga2025
NOGA_2025,4689,NACE_2.1,4689,exactMatch,ofs-methodologie
NOGA_2025,468900,NACE_2.1,4689,broadMatch,ofs-noga2025
NOGA_2025,469,NACE_2.1,469,exactMatch,ofs-methodologie
NOGA_2025,4690,NACE_2.1,4690,exactMatch,ofs-methodologie
NOGA_2025,469000,NACE_2.1,4690,broadMatch,ofs-noga2025
NOGA_2025,47,NACE_2.1,47,exactMatch,ofs-methodologie
NOGA_2025,471,NACE_2.1,471,exactMatch,ofs-methodologie
NOGA_2025,4711,NACE_2.1,4711,exactMatch,ofs-methodologie
NOGA_2025,471101,NACE_2.1,4711,broadMatch,ofs-noga2025
NOGA_2025,471102,NACE_2.1,4711,broadMatch,ofs-noga2025
NOGA_2025,471103,NACE_2.1,4711,broadMatch,ofs-noga2025
NOGA_2025,471104,NACE_2.1,4711,broadMatch,ofs-noga2025
NOGA_2025,4712,NACE_2.1,4712,exactMatch,ofs-methodologie
NOGA_2025,471200,NACE_2.1,4712,broadMatch,ofs-noga2025
NOGA_2025,472,NACE_2.1,472,exactMatch,ofs-methodologie
NOGA_2025,4721,NACE_2.1,4721,exactMatch,ofs-methodologie
NOGA_2025,472100,NACE_2.1,4721,broadMatch,ofs-noga2025
NOGA_2025,4722,NACE_2.1,4722,exactMatch,ofs-methodologie
NOGA_2025,472200,NACE_2.1,4722,broadMatch,ofs-noga2025
NOGA_2025,4723,NACE_2.1,4723,exactMatch,ofs-methodologie
NOGA_2025,472300,NACE_2.1,4723,broadMatch,ofs-noga2025
NOGA_2025,4724,NACE_2.1,4724,exactMatch,ofs-methodologie
NOGA_2025,472400,NACE_2.1,4724,broadMatch,ofs-noga2025
NOGA_2025,4725,NACE_2.1,4725,exactMatch,ofs-methodologie
NOGA_2025,472500,NACE_2.1,4725,broadMatch,ofs-noga2025
NOGA_2025,4726,NACE_2.1,4726,exactMatch,ofs-methodologie
NOGA_2025,472600,NACE_2.1,4726,broadMatch,ofs-noga2025
NOGA_2025,4727,NACE_2.1,4727,exactMatch,ofs-methodologie
NOGA_2025,472700,NACE_2.1,4727,broadMatch,ofs-noga2025
NOGA_2025,473,NACE_2.1,473,exactMatch,ofs-methodologie
NOGA_2025,4730,NACE_2.1,4730,exactMatch,ofs-methodologie
NOGA_2025,473001,NACE_2.1,4730,broadMatch,ofs-noga2025
NOGA_2025,473002,NACE_2.1,4730,broadMatch,ofs-noga2025
NOGA_2025,474,NACE_2.1,474,exactMatch,ofs-methodologie
NOGA_2025,4740,NACE_2.1,4740,exactMatch,ofs-methodologie
NOGA_2025,474000,NACE_2.1,4740,broadMatch,ofs-noga2025
NOGA_2025,475,NACE_2.1,475,exactMatch,ofs-methodologie
NOGA_2025,4751,NACE_2.1,4751,exactMatch,ofs-methodologie
NOGA_2025,475100,NACE_2.1,4751,broadMatch,ofs-noga2025
NOGA_2025,4752,NACE_2.1,4752,exactMatch,ofs-methodologie
NOGA_2025,475200,NACE_2.1,4752,broadMatch,ofs-noga2025
NOGA_2025,4753,NACE_2.1,4753,exactMatch,ofs-methodologie
NOGA_2025,475300,NACE_2.1,4753,broadMatch,ofs-noga2025
NOGA_2025,4754,NACE_2.1,4754,exactMatch,ofs-methodologie
NOGA_2025,475400,NACE_2.1,4754,broadMatch,ofs-noga2025
NOGA_2025,4755,NACE_2.1,4755,exactMatch,ofs-methodologie
NOGA_2025,475500,NACE_2.1,4755,broadMatch,ofs-noga2025
NOGA_2025,476,NACE_2.1,476,exactMatch,ofs-methodologie
NOGA_2025,4761,NACE_2.1,4761,exactMatch,ofs-methodologie
NOGA_2025,476100,NACE_2.1,4761,broadMatch,ofs-noga2025
NOGA_2025,4762,NACE_2.1,4762,exactMatch,ofs-methodologie
NOGA_2025,476201,NACE_2.1,4762,broadMatch,ofs-noga2025
NOGA_2025,476202,NACE_2.1,4762,broadMatch,ofs-noga2025
NOGA_2025,4763,NACE_2.1,4763,exactMatch,ofs-methodologie
NOGA_2025,476301,NACE_2.1,4763,broadMatch,ofs-noga2025
NOGA_2025,476302,NACE_2.1,4763,broadMatch,ofs-noga2025
NOGA_2025,4764,NACE_2.1,4764,exactMatch,ofs-methodologie
NOGA_2025,476400,NACE_2.1,4764,broadMatch,ofs-noga2025
NOGA_2025,4769,NACE_2.1,4769,exactMatch,ofs-methodologie
NOGA_2025,476900,NACE_2.1,4769,broadMatch,ofs-noga2025
NOGA_2025,477,NACE_2.1,477,exactMatch,ofs-methodologie
NOGA_2025,4771,NACE_2.1,4771,exactMatch,ofs-methodologie
NOGA_2025,477101,NACE_2.1,4771,broadMatch,ofs-noga2025
NOGA_2025,477102,NACE_2.1,4771,broadMatch,ofs-noga2025
NOGA_2025,477103,NACE_2.1,4771,broadMatch,ofs-noga2025
NOGA_2025,477104,NACE_2.1,4771,broadMatch,ofs-noga2025
NOGA_2025,4772,NACE_2.1,4772,exactMatch,ofs-methodologie
NOGA_2025,477201,NACE_2.1,4772,broadMatch,ofs-noga2025
NOGA_2025,477202,NACE_2.1,4772,broadMatch,ofs-noga2025
NOGA_2025,4773,NACE_2.1,4773,exactMatch,ofs-methodologie
NOGA_2025,477300,NACE_2.1,4773,broadMatch,ofs-noga2025
NOGA_2025,4774,NACE_2.1,4774,exactMatch,ofs-methodologie
NOGA_2025,477401,NACE_2.1,4774,broadMatch,ofs-noga2025
NOGA_2025,477402,NACE_2.1,4774,broadMatch,ofs-noga2025
NOGA_2025,477409,NACE_2.1,4774,broadMatch,ofs-noga2025
NOGA_2025,4775,NACE_2.1,4775,exactMatch,ofs-methodologie
NOGA_2025,477501,NACE_2.1,4775,broadMatch,ofs-noga2025
NOGA_2025,477502,NACE_2.1,4775,broadMatch,ofs-noga2025
NOGA_2025,4776,NACE_2.1,4776,exactMatch,ofs-methodologie
NOGA_2025,477601,NACE_2.1,4776,broadMatch,ofs-noga2025
NOGA_2025,477602,NACE_2.1,4776,broadMatch,ofs-noga2025
NOGA_2025,477603,NACE_2.1,4776,broadMatch,ofs-noga2025
NOGA_2025,4777,NACE_2.1,4777,exactMatch,ofs-methodologie
NOGA_2025,477700,NACE_2.1,4777,broadMatch,ofs-noga2025
NOGA_2025,4778,NACE_2.1,4778,exactMatch,ofs-methodologie
NOGA_2025,477800,NACE_2.1,4778,broadMatch,ofs-noga2025
NOGA_2025,4779,NACE_2.1,4779,exactMatch,ofs-methodologie
NOGA_2025,477901,NACE_2.1,4779,broadMatch,ofs-noga2025
NOGA_2025,477902,NACE_2.1,4779,broadMatch,ofs-noga2025
NOGA_2025,478,NACE_2.1,478,exactMatch,ofs-methodologie
NOGA_2025,4781,NACE_2.1,4781,exactMatch,ofs-methodologie
NOGA_2025,478101,NACE_2.1,4781,broadMatch,ofs-noga2025
NOGA_2025,478102,NACE_2.1,4781,broadMatch,ofs-noga2025
NOGA_2025,4782,NACE_2.1,4782,exactMatch,ofs-methodologie
NOGA_2025,478200,NACE_2.1,4782,broadMatch,ofs-noga2025
NOGA_2025,4783,NACE_2.1,4783,exactMatch,ofs-methodologie
NOGA_2025,478300,NACE_2.1,4783,broadMatch,ofs-noga2025
NOGA_2025,479,NACE_2.1,479,exactMatch,ofs-methodologie
NOGA_2025,4791,NACE_2.1,4791,exactMatch,ofs-methodologie
NOGA_2025,479100,NACE_2.1,4791,broadMatch,ofs-noga2025
NOGA_2025,4792,NACE_2.1,4792,exactMatch,ofs-methodologie
NOGA_2025,479200,NACE_2.1,4792,broadMatch,ofs-noga2025
NOGA_2025,49,NACE_2.1,49,exactMatch,ofs-methodologie
NOGA_2025,491,NACE_2.1,491,exactMatch,ofs-methodologie
NOGA_2025,4911,NACE_2.1,4911,exactMatch,ofs-methodologie
NOGA_2025,491100,NACE_2.1,4911,broadMatch,ofs-noga2025
NOGA_2025,4912,NACE_2.1,4912,exactMatch,ofs-methodologie
NOGA_2025,491200,NACE_2.1,4912,broadMatch,ofs-noga2025
NOGA_2025,492,NACE_2.1,492,exactMatch,ofs-methodologie
NOGA_2025,4920,NACE_2.1,4920,exactMatch,ofs-methodologie
NOGA_2025,492000,NACE_2.1,4920,broadMatch,ofs-noga2025
NOGA_2025,493,NACE_2.1,493,exactMatch,ofs-methodologie
NOGA_2025,4931,NACE_2.1,4931,exactMatch,ofs-methodologie
NOGA_2025,493100,NACE_2.1,4931,broadMatch,ofs-noga2025
NOGA_2025,4932,NACE_2.1,4932,exactMatch,ofs-methodologie
NOGA_2025,493200,NACE_2.1,4932,broadMatch,ofs-noga2025
NOGA_2025,4933,NACE_2.1,4933,exactMatch,ofs-methodologie
NOGA_2025,493300,NACE_2.1,4933,broadMatch,ofs-noga2025
NOGA_2025,4934,NACE_2.1,4934,exactMatch,ofs-methodologie
NOGA_2025,493400,NACE_2.1,4934,broadMatch,ofs-noga2025
NOGA_2025,4939,NACE_2.1,4939,exactMatch,ofs-methodologie
NOGA_2025,493900,NACE_2.1,4939,broadMatch,ofs-noga2025
NOGA_2025,494,NACE_2.1,494,exactMatch,ofs-methodologie
NOGA_2025,4941,NACE_2.1,4941,exactMatch,ofs-methodologie
NOGA_2025,494100,NACE_2.1,4941,broadMatch,ofs-noga2025
NOGA_2025,4942,NACE_2.1,4942,exactMatch,ofs-methodologie
NOGA_2025,494200,NACE_2.1,4942,broadMatch,ofs-noga2025
NOGA_2025,495,NACE_2.1,495,exactMatch,ofs-methodologie
NOGA_2025,4950,NACE_2.1,4950,exactMatch,ofs-methodologie
NOGA_2025,495000,NACE_2.1,4950,broadMatch,ofs-noga2025
NOGA_2025,50,NACE_2.1,50,exactMatch,ofs-methodologie
NOGA_2025,501,NACE_2.1,501,exactMatch,ofs-methodologie
NOGA_2025,5010,NACE_2.1,5010,exactMatch,ofs-methodologie
NOGA_2025,501000,NACE_2.1,5010,broadMatch,ofs-noga2025
NOGA_2025,502,NACE_2.1,502,exactMatch,ofs-methodologie
NOGA_2025,5020,NACE_2.1,5020,exactMatch,ofs-methodologie
NOGA_2025,502000,NACE_2.1,5020,broadMatch,ofs-noga2025
NOGA_2025,503,NACE_2.1,503,exactMatch,ofs-methodologie
NOGA_2025,5030,NACE_2.1,5030,exactMatch,ofs-methodologie
NOGA_2025,503000,NACE_2.1,5030,broadMatch,ofs-noga2025
NOGA_2025,504,NACE_2.1,504,exactMatch,ofs-methodologie
NOGA_2025,5040,NACE_2.1,5040,exactMatch,ofs-methodologie
NOGA_2025,504000,NACE_2.1,5040,broadMatch,ofs-noga2025
NOGA_2025,51,NACE_2.1,51,exactMatch,ofs-methodologie
NOGA_2025,511,NACE_2.1,511,exactMatch,ofs-methodologie
NOGA_2025,5110,NACE_2.1,5110,exactMatch,ofs-methodologie
NOGA_2025,511000,NACE_2.1,5110,broadMatch,ofs-noga2025
NOGA_2025,512,NACE_2.1,512,exactMatch,ofs-methodologie
NOGA_2025,5121,NACE_2.1,5121,exactMatch,ofs-methodologie
NOGA_2025,512100,NACE_2.1,5121,broadMatch,ofs-noga2025
NOGA_2025,5122,NACE_2.1,5122,exactMatch,ofs-methodologie
NOGA_2025,512200,NACE_2.1,5122,broadMatch,ofs-noga2025
NOGA_2025,52,NACE_2.1,52,exactMatch,ofs-methodologie
NOGA_2025,521,NACE_2.1,521,exactMatch,ofs-methodologie
NOGA_2025,5210,NACE_2.1,5210,exactMatch,ofs-methodologie
NOGA_2025,521000,NACE_2.1,5210,broadMatch,ofs-noga2025
NOGA_2025,522,NACE_2.1,522,exactMatch,ofs-methodologie
NOGA_2025,5221,NACE_2.1,5221,exactMatch,ofs-methodologie
NOGA_2025,522101,NACE_2.1,5221,broadMatch,ofs-noga2025
NOGA_2025,522102,NACE_2.1,5221,broadMatch,ofs-noga2025
NOGA_2025,522103,NACE_2.1,5221,broadMatch,ofs-noga2025
NOGA_2025,5222,NACE_2.1,5222,exactMatch,ofs-methodologie
NOGA_2025,522200,NACE_2.1,5222,broadMatch,ofs-noga2025
NOGA_2025,5223,NACE_2.1,5223,exactMatch,ofs-methodologie
NOGA_2025,522300,NACE_2.1,5223,broadMatch,ofs-noga2025
NOGA_2025,5224,NACE_2.1,5224,exactMatch,ofs-methodologie
NOGA_2025,522400,NACE_2.1,5224,broadMatch,ofs-noga2025
NOGA_2025,5225,NACE_2.1,5225,exactMatch,ofs-methodologie
NOGA_2025,522500,NACE_2.1,5225,broadMatch,ofs-noga2025
NOGA_2025,5226,NACE_2.1,5226,exactMatch,ofs-methodologie
NOGA_2025,522600,NACE_2.1,5226,broadMatch,ofs-noga2025
NOGA_2025,523,NACE_2.1,523,exactMatch,ofs-methodologie
NOGA_2025,5231,NACE_2.1,5231,exactMatch,ofs-methodologie
NOGA_2025,523100,NACE_2.1,5231,broadMatch,ofs-noga2025
NOGA_2025,5232,NACE_2.1,5232,exactMatch,ofs-methodologie
NOGA_2025,523200,NACE_2.1,5232,broadMatch,ofs-noga2025
NOGA_2025,53,NACE_2.1,53,exactMatch,ofs-methodologie
NOGA_2025,531,NACE_2.1,531,exactMatch,ofs-methodologie
NOGA_2025,5310,NACE_2.1,5310,exactMatch,ofs-methodologie
NOGA_2025,531000,NACE_2.1,5310,broadMatch,ofs-noga2025
NOGA_2025,532,NACE_2.1,532,exactMatch,ofs-methodologie
NOGA_2025,5320,NACE_2.1,5320,exactMatch,ofs-methodologie
NOGA_2025,532000,NACE_2.1,5320,broadMatch,ofs-noga2025
NOGA_2025,533,NACE_2.1,533,exactMatch,ofs-methodologie
NOGA_2025,5330,NACE_2.1,5330,exactMatch,ofs-methodologie
NOGA_2025,533000,NACE_2.1,5330,broadMatch,ofs-noga2025
NOGA_2025,55,NACE_2.1,55,exactMatch,ofs-methodologie
NOGA_2025,551,NACE_2.1,551,exactMatch,ofs-methodologie
NOGA_2025,5510,NACE_2.1,5510,exactMatch,ofs-methodologie
NOGA_2025,551001,NACE_2.1,5510,broadMatch,ofs-noga2025
NOGA_2025,551002,NACE_2.1,5510,broadMatch,ofs-noga2025
NOGA_2025,552,NACE_2.1,552,exactMatch,ofs-methodologie
NOGA_2025,5520,NACE_2.1,5520,exactMatch,ofs-methodologie
NOGA_2025,552001,NACE_2.1,5520,broadMatch,ofs-noga2025
NOGA_2025,552002,NACE_2.1,5520,broadMatch,ofs-noga2025
NOGA_2025,553,NACE_2.1,553,exactMatch,ofs-methodologie
NOGA_2025,5530,NACE_2.1,5530,exactMatch,ofs-methodologie
NOGA_2025,553000,NACE_2.1,5530,broadMatch,ofs-noga2025
NOGA_2025,554,NACE_2.1,554,exactMatch,ofs-methodologie
NOGA_2025,5540,NACE_2.1,5540,exactMatch,ofs-methodologie
NOGA_2025,554000,NACE_2.1,5540,broadMatch,ofs-noga2025
NOGA_2025,559,NACE_2.1,559,exactMatch,ofs-methodologie
NOGA_2025,5590,NACE_2.1,5590,exactMatch,ofs-methodologie
NOGA_2025,559000,NACE_2.1,5590,broadMatch,ofs-noga2025
NOGA_2025,56,NACE_2.1,56,exactMatch,ofs-methodologie
NOGA_2025,561,NACE_2.1,561,exactMatch,ofs-methodologie
NOGA_2025,5611,NACE_2.1,5611,exactMatch,ofs-methodologie
NOGA_2025,561101,NACE_2.1,5611,broadMatch,ofs-noga2025
NOGA_2025,561102,NACE_2.1,5611,broadMatch,ofs-noga2025
NOGA_2025,5612,NACE_2.1,5612,exactMatch,ofs-methodologie
NOGA_2025,561200,NACE_2.1,5612,broadMatch,ofs-noga2025
NOGA_2025,562,NACE_2.1,562,exactMatch,ofs-methodologie
NOGA_2025,5621,NACE_2.1,5621,exactMatch,ofs-methodologie
NOGA_2025,562100,NACE_2.1,5621,broadMatch,ofs-noga2025
NOGA_2025,5622,NACE_2.1,5622,exactMatch,ofs-methodologie
NOGA_2025,562200,NACE_2.1,5622,broadMatch,ofs-noga2025
NOGA_2025,563,NACE_2.1,563,exactMatch,ofs-methodologie
NOGA_2025,5630,NACE_2.1,5630,exactMatch,ofs-methodologie
NOGA_2025,563001,NACE_2.1,5630,broadMatch,ofs-noga2025
NOGA_2025,563002,NACE_2.1,5630,broadMatch,ofs-noga2025
NOGA_2025,564,NACE_2.1,564,exactMatch,ofs-methodologie
NOGA_2025,5640,NACE_2.1,5640,exactMatch,ofs-methodologie
NOGA_2025,564000,NACE_2.1,5640,broadMatch,ofs-noga2025
NOGA_2025,58,NACE_2.1,58,exactMatch,ofs-methodologie
NOGA_2025,581,NACE_2.1,581,exactMatch,ofs-methodologie
NOGA_2025,5811,NACE_2.1,5811,exactMatch,ofs-methodologie
NOGA_2025,581100,NACE_2.1,5811,broadMatch,ofs-noga2025
NOGA_2025,5812,NACE_2.1,5812,exactMatch,ofs-methodologie
NOGA_2025,581200,NACE_2.1,5812,broadMatch,ofs-noga2025
NOGA_2025,5813,NACE_2.1,5813,exactMatch,ofs-methodologie
NOGA_2025,581300,NACE_2.1,5813,broadMatch,ofs-noga2025
NOGA_2025,5819,NACE_2.1,5819,exactMatch,ofs-methodologie
NOGA_2025,581900,NACE_2.1,5819,broadMatch,ofs-noga2025
NOGA_2025,582,NACE_2.1,582,exactMatch,ofs-methodologie
NOGA_2025,5821,NACE_2.1,5821,exactMatch,ofs-methodologie
NOGA_2025,582100,NACE_2.1,5821,broadMatch,ofs-noga2025
NOGA_2025,5829,NACE_2.1,5829,exactMatch,ofs-methodologie
NOGA_2025,582900,NACE_2.1,5829,broadMatch,ofs-noga2025
NOGA_2025,59,NACE_2.1,59,exactMatch,ofs-methodologie
NOGA_2025,591,NACE_2.1,591,exactMatch,ofs-methodologie
NOGA_2025,5911,NACE_2.1,5911,exactMatch,ofs-methodologie
NOGA_2025,591100,NACE_2.1,5911,broadMatch,ofs-noga2025
NOGA_2025,5912,NACE_2.1,5912,exactMatch,ofs-methodologie
NOGA_2025,591200,NACE_2.1,5912,broadMatch,ofs-noga2025
NOGA_2025,5913,NACE_2.1,5913,exactMatch,ofs-methodologie
NOGA_2025,591300,NACE_2.1,5913,broadMatch,ofs-noga2025
NOGA_2025,5914,NACE_2.1,5914,exactMatch,ofs-methodologie
NOGA_2025,591400,NACE_2.1,5914,broadMatch,ofs-noga2025
NOGA_2025,592,NACE_2.1,592,exactMatch,ofs-methodologie
NOGA_2025,5920,NACE_2.1,5920,exactMatch,ofs-methodologie
NOGA_2025,592000,NACE_2.1,5920,broadMatch,ofs-noga2025
NOGA_2025,60,NACE_2.1,60,exactMatch,ofs-methodologie
NOGA_2025,601,NACE_2.1,601,exactMatch,ofs-methodologie
NOGA_2025,6010,NACE_2.1,6010,exactMatch,ofs-methodologie
NOGA_2025,601000,NACE_2.1,6010,broadMatch,ofs-noga2025
NOGA_2025,602,NACE_2.1,602,exactMatch,ofs-methodologie
NOGA_2025,6020,NACE_2.1,6020,exactMatch,ofs-methodologie
NOGA_2025,602000,NACE_2.1,6020,broadMatch,ofs-noga2025
NOGA_2025,603,NACE_2.1,603,exactMatch,ofs-methodologie
NOGA_2025,6031,NACE_2.1,6031,exactMatch,ofs-methodologie
NOGA_2025,603100,NACE_2.1,6031,broadMatch,ofs-noga2025
NOGA_2025,6039,NACE_2.1,6039,exactMatch,ofs-methodologie
NOGA_2025,603900,NACE_2.1,6039,broadMatch,ofs-noga2025
NOGA_2025,61,NACE_2.1,61,exactMatch,ofs-methodologie
NOGA_2025,611,NACE_2.1,611,exactMatch,ofs-methodologie
NOGA_2025,6110,NACE_2.1,6110,exactMatch,ofs-methodologie
NOGA_2025,611000,NACE_2.1,6110,broadMatch,ofs-noga2025
NOGA_2025,612,NACE_2.1,612,exactMatch,ofs-methodologie
NOGA_2025,6120,NACE_2.1,6120,exactMatch,ofs-methodologie
NOGA_2025,612000,NACE_2.1,6120,broadMatch,ofs-noga2025
NOGA_2025,619,NACE_2.1,619,exactMatch,ofs-methodologie
NOGA_2025,6190,NACE_2.1,6190,exactMatch,ofs-methodologie
NOGA_2025,619000,NACE_2.1,6190,broadMatch,ofs-noga2025
NOGA_2025,62,NACE_2.1,62,exactMatch,ofs-methodologie
NOGA_2025,621,NACE_2.1,621,exactMatch,ofs-methodologie
NOGA_2025,6210,NACE_2.1,6210,exactMatch,ofs-methodologie
NOGA_2025,621000,NACE_2.1,6210,broadMatch,ofs-noga2025
NOGA_2025,622,NACE_2.1,622,exactMatch,ofs-methodologie
NOGA_2025,6220,NACE_2.1,6220,exactMatch,ofs-methodologie
NOGA_2025,622000,NACE_2.1,6220,broadMatch,ofs-noga2025
NOGA_2025,629,NACE_2.1,629,exactMatch,ofs-methodologie
NOGA_2025,6290,NACE_2.1,6290,exactMatch,ofs-methodologie
NOGA_2025,629000,NACE_2.1,6290,broadMatch,ofs-noga2025
NOGA_2025,63,NACE_2.1,63,exactMatch,ofs-methodologie
NOGA_2025,631,NACE_2.1,631,exactMatch,ofs-methodologie
NOGA_2025,6310,NACE_2.1,6310,exactMatch,ofs-methodologie
NOGA_2025,631000,NACE_2.1,6310,broadMatch,ofs-noga2025
NOGA_2025,639,NACE_2.1,639,exactMatch,ofs-methodologie
NOGA_2025,6391,NACE_2.1,6391,exactMatch,ofs-methodologie
NOGA_2025,639100,NACE_2.1,6391,broadMatch,ofs-noga2025
NOGA_2025,6392,NACE_2.1,6392,exactMatch,ofs-methodologie
NOGA_2025,639200,NACE_2.1,6392,broadMatch,ofs-noga2025
NOGA_2025,64,NACE_2.1,64,exactMatch,ofs-methodologie
NOGA_2025,641,NACE_2.1,641,exactMatch,ofs-methodologie
NOGA_2025,6411,NACE_2.1,6411,exactMatch,ofs-methodologie
NOGA_2025,641100,NACE_2.1,6411,broadMatch,ofs-noga2025
NOGA_2025,6419,NACE_2.1,6419,exactMatch,ofs-methodologie
NOGA_2025,641901,NACE_2.1,6419,broadMatch,ofs-noga2025
NOGA_2025,641902,NACE_2.1,6419,broadMatch,ofs-noga2025
NOGA_2025,641903,NACE_2.1,6419,broadMatch,ofs-noga2025
NOGA_2025,641904,NACE_2.1,6419,broadMatch,ofs-noga2025
NOGA_2025,641905,NACE_2.1,6419,broadMatch,ofs-noga2025
NOGA_2025,641906,NACE_2.1,6419,broadMatch,ofs-noga2025
NOGA_2025,641907,NACE_2.1,6419,broadMatch,ofs-noga2025
NOGA_2025,641908,NACE_2.1,6419,broadMatch,ofs-noga2025
NOGA_2025,641909,NACE_2.1,6419,broadMatch,ofs-noga2025
NOGA_2025,641919,NACE_2.1,6419,broadMatch,ofs-noga2025
NOGA_2025,642,NACE_2.1,642,exactMatch,ofs-methodologie
NOGA_2025,6421,NACE_2.1,6421,exactMatch,ofs-methodologie
NOGA_2025,642100,NACE_2.1,6421,broadMatch,ofs-noga2025
NOGA_2025,6422,NACE_2.1,6422,exactMatch,ofs-methodologie
NOGA_2025,642200,NACE_2.1,6422,broadMatch,ofs-noga2025
NOGA_2025,643,NACE_2.1,643,exactMatch,ofs-methodologie
NOGA_2025,6431,NACE_2.1,6431,exactMatch,ofs-methodologie
NOGA_2025,643101,NACE_2.1,6431,broadMatch,ofs-noga2025
NOGA_2025,643102,NACE_2.1,6431,broadMatch,ofs-noga2025
NOGA_2025,6432,NACE_2.1,6432,exactMatch,ofs-methodologie
NOGA_2025,643200,NACE_2.1,6432,broadMatch,ofs-noga2025
NOGA_2025,649,NACE_2.1,649,exactMatch,ofs-methodologie
NOGA_2025,6491,NACE_2.1,6491,exactMatch,ofs-methodologie
NOGA_2025,649100,NACE_2.1,6491,broadMatch,ofs-noga2025
NOGA_2025,6492,NACE_2.1,6492,exactMatch,ofs-methodologie
NOGA_2025,649200,NACE_2.1,6492,broadMatch,ofs-noga2025
NOGA_2025,6499,NACE_2.1,6499,exactMatch,ofs-methodologie
NOGA_2025,649900,NACE_2.1,6499,broadMatch,ofs-noga2025
NOGA_2025,65,NACE_2.1,65,exactMatch,ofs-methodologie
NOGA_2025,651,NACE_2.1,651,exactMatch,ofs-methodologie
NOGA_2025,6511,NACE_2.1,6511,exactMatch,ofs-methodologie
NOGA_2025,651100,NACE_2.1,6511,broadMatch,ofs-noga2025
NOGA_2025,6512,NACE_2.1,6512,exactMatch,ofs-methodologie
NOGA_2025,651201,NACE_2.1,6512,broadMatch,ofs-noga2025
NOGA_2025,651202,NACE_2.1,6512,broadMatch,ofs-noga2025
NOGA_2025,651203,NACE_2.1,6512,broadMatch,ofs-noga2025
NOGA_2025,651209,NACE_2.1,6512,broadMatch,ofs-noga2025
NOGA_2025,652,NACE_2.1,652,exactMatch,ofs-methodologie
NOGA_2025,6520,NACE_2.1,6520,exactMatch,ofs-methodologie
NOGA_2025,652000,NACE_2.1,6520,broadMatch,ofs-noga2025
NOGA_2025,653,NACE_2.1,653,exactMatch,ofs-methodologie
NOGA_2025,6530,NACE_2.1,6530,exactMatch,ofs-methodologie
NOGA_2025,653000,NACE_2.1,6530,broadMatch,ofs-noga2025
NOGA_2025,66,NACE_2.1,66,exactMatch,ofs-methodologie
NOGA_2025,661,NACE_2.1,661,exactMatch,ofs-methodologie
NOGA_2025,6611,NACE_2.1,6611,exactMatch,ofs-methodologie
NOGA_2025,661100,NACE_2.1,6611,broadMatch,ofs-noga2025
NOGA_2025,6612,NACE_2.1,6612,exactMatch,ofs-methodologie
NOGA_2025,661200,NACE_2.1,6612,broadMatch,ofs-noga2025
NOGA_2025,6619,NACE_2.1,6619,exactMatch,ofs-methodologie
NOGA_2025,661900,NACE_2.1,6619,broadMatch,ofs-noga2025
NOGA_2025,662,NACE_2.1,662,exactMatch,ofs-methodologie
NOGA_2025,6621,NACE_2.1,6621,exactMatch,ofs-methodologie
NOGA_2025,662100,NACE_2.1,6621,broadMatch,ofs-noga2025
NOGA_2025,6622,NACE_2.1,6622,exactMatch,ofs-methodologie
NOGA_2025,662200,NACE_2.1,6622,broadMatch,ofs-noga2025
NOGA_2025,6629,NACE_2.1,6629,exactMatch,ofs-methodologie
NOGA_2025,662901,NACE_2.1,6629,broadMatch,ofs-noga2025
NOGA_2025,662909,NACE_2.1,6629,broadMatch,ofs-noga2025
NOGA_2025,663,NACE_2.1,663,exactMatch,ofs-methodologie
NOGA_2025,6630,NACE_2.1,6630,exactMatch,ofs-methodologie
NOGA_2025,663000,NACE_2.1,6630,broadMatch,ofs-noga2025
NOGA_2025,68,NACE_2.1,68,exactMatch,ofs-methodologie
NOGA_2025,681,NACE_2.1,681,exactMatch,ofs-methodologie
NOGA_2025,6811,NACE_2.1,6811,exactMatch,ofs-methodologie
NOGA_2025,681100,NACE_2.1,6811,broadMatch,ofs-noga2025
NOGA_2025,6812,NACE_2.1,6812,exactMatch,ofs-methodologie
NOGA_2025,681200,NACE_2.1,6812,broadMatch,ofs-noga2025
NOGA_2025,682,NACE_2.1,682,exactMatch,ofs-methodologie
NOGA_2025,6820,NACE_2.1,6820,exactMatch,ofs-methodologie
NOGA_2025,682001,NACE_2.1,6820,broadMatch,ofs-noga2025
NOGA_2025,682002,NACE_2.1,6820,broadMatch,ofs-noga2025
NOGA_2025,682003,NACE_2.1,6820,broadMatch,ofs-noga2025
NOGA_2025,683,NACE_2.1,683,exactMatch,ofs-methodologie
NOGA_2025,6831,NACE_2.1,6831,exactMatch,ofs-methodologie
NOGA_2025,683100,NACE_2.1,6831,broadMatch,ofs-noga2025
NOGA_2025,6832,NACE_2.1,6832,exactMatch,ofs-methodologie
NOGA_2025,683200,NACE_2.1,6832,broadMatch,ofs-noga2025
NOGA_2025,69,NACE_2.1,69,exactMatch,ofs-methodologie
NOGA_2025,691,NACE_2.1,691,exactMatch,ofs-methodologie
NOGA_2025,6910,NACE_2.1,6910,exactMatch,ofs-methodologie
NOGA_2025,691001,NACE_2.1,6910,broadMatch,ofs-noga2025
NOGA_2025,691002,NACE_2.1,6910,broadMatch,ofs-noga2025
NOGA_2025,692,NACE_2.1,692,exactMatch,ofs-methodologie
NOGA_2025,6920,NACE_2.1,6920,exactMatch,ofs-methodologie
NOGA_2025,692000,NACE_2.1,6920,broadMatch,ofs-noga2025
NOGA_2025,70,NACE_2.1,70,exactMatch,ofs-methodologie
NOGA_2025,701,NACE_2.1,701,exactMatch,ofs-methodologie
NOGA_2025,7010,NACE_2.1,7010,exactMatch,ofs-methodologie
NOGA_2025,701001,NACE_2.1,7010,broadMatch,ofs-noga2025
NOGA_2025,701002,NACE_2.1,7010,broadMatch,ofs-noga2025
NOGA_2025,702,NACE_2.1,702,exactMatch,ofs-methodologie
NOGA_2025,7020,NACE_2.1,7020,exactMatch,ofs-methodologie
NOGA_2025,702000,NACE_2.1,7020,broadMatch,ofs-noga2025
NOGA_2025,71,NACE_2.1,71,exactMatch,ofs-methodologie
NOGA_2025,711,NACE_2.1,711,exactMatch,ofs-methodologie
NOGA_2025,7111,NACE_2.1,7111,exactMatch,ofs-methodologie
NOGA_2025,711101,NACE_2.1,7111,broadMatch,ofs-noga2025
NOGA_2025,711102,NACE_2.1,7111,broadMatch,ofs-noga2025
NOGA_2025,711103,NACE_2.1,7111,broadMatch,ofs-noga2025
NOGA_2025,7112,NACE_2.1,7112,exactMatch,ofs-methodologie
NOGA_2025,711201,NACE_2.1,7112,broadMatch,ofs-noga2025
NOGA_2025,711202,NACE_2.1,7112,broadMatch,ofs-noga2025
NOGA_2025,711203,NACE_2.1,7112,broadMatch,ofs-noga2025
NOGA_2025,711204,NACE_2.1,7112,broadMatch,ofs-noga2025
NOGA_2025,711205,NACE_2.1,7112,broadMatch,ofs-noga2025
NOGA_2025,712,NACE_2.1,712,exactMatch,ofs-methodologie
NOGA_2025,7120,NACE_2.1,7120,exactMatch,ofs-methodologie
NOGA_2025,712000,NACE_2.1,7120,broadMatch,ofs-noga2025
NOGA_2025,72,NACE_2.1,72,exactMatch,ofs-methodologie
NOGA_2025,721,NACE_2.1,721,exactMatch,ofs-methodologie
NOGA_2025,7210,NACE_2.1,7210,exactMatch,ofs-methodologie
NOGA_2025,721001,NACE_2.1,7210,broadMatch,ofs-noga2025
NOGA_2025,721002,NACE_2.1,7210,broadMatch,ofs-noga2025
NOGA_2025,722,NACE_2.1,722,exactMatch,ofs-methodologie
NOGA_2025,7220,NACE_2.1,7220,exactMatch,ofs-methodologie
NOGA_2025,722000,NACE_2.1,7220,broadMatch,ofs-noga2025
NOGA_2025,73,NACE_2.1,73,exactMatch,ofs-methodologie
NOGA_2025,731,NACE_2.1,731,exactMatch,ofs-methodologie
NOGA_2025,7311,NACE_2.1,7311,exactMatch,ofs-methodologie
NOGA_2025,731100,NACE_2.1,7311,broadMatch,ofs-noga2025
NOGA_2025,7312,NACE_2.1,7312,exactMatch,ofs-methodologie
NOGA_2025,731200,NACE_2.1,7312,broadMatch,ofs-noga2025
NOGA_2025,732,NACE_2.1,732,exactMatch,ofs-methodologie
NOGA_2025,7320,NACE_2.1,7320,exactMatch,ofs-methodologie
NOGA_2025,732000,NACE_2.1,7320,broadMatch,ofs-noga2025
NOGA_2025,733,NACE_2.1,733,exactMatch,ofs-methodologie
NOGA_2025,7330,NACE_2.1,7330,exactMatch,ofs-methodologie
NOGA_2025,733000,NACE_2.1,7330,broadMatch,ofs-noga2025
NOGA_2025,74,NACE_2.1,74,exactMatch,ofs-methodologie
NOGA_2025,741,NACE_2.1,741,exactMatch,ofs-methodologie
NOGA_2025,7411,NACE_2.1,7411,exactMatch,ofs-methodologie
NOGA_2025,741100,NACE_2.1,7411,broadMatch,ofs-noga2025
NOGA_2025,7412,NACE_2.1,7412,exactMatch,ofs-methodologie
NOGA_2025,741200,NACE_2.1,7412,broadMatch,ofs-noga2025
NOGA_2025,7413,NACE_2.1,7413,exactMatch,ofs-methodologie
NOGA_2025,741300,NACE_2.1,7413,broadMatch,ofs-noga2025
NOGA_2025,7414,NACE_2.1,7414,exactMatch,ofs-methodologie
NOGA_2025,741400,NACE_2.1,7414,broadMatch,ofs-noga2025
NOGA_2025,742,NACE_2.1,742,exactMatch,ofs-methodologie
NOGA_2025,7420,NACE_2.1,7420,exactMatch,ofs-methodologie
NOGA_2025,742000,NACE_2.1,7420,broadMatch,ofs-noga2025
NOGA_2025,743,NACE_2.1,743,exactMatch,ofs-methodologie
NOGA_2025,7430,NACE_2.1,7430,exactMatch,ofs-methodologie
NOGA_2025,743000,NACE_2.1,7430,broadMatch,ofs-noga2025
NOGA_2025,749,NACE_2.1,749,exactMatch,ofs-methodologie
NOGA_2025,7491,NACE_2.1,7491,exactMatch,ofs-methodologie
NOGA_2025,749100,NACE_2.1,7491,broadMatch,ofs-noga2025
NOGA_2025,7499,NACE_2.1,7499,exactMatch,ofs-methodologie
NOGA_2025,749901,NACE_2.1,7499,broadMatch,ofs-noga2025
NOGA_2025,749909,NACE_2.1,7499,broadMatch,ofs-noga2025
NOGA_2025,75,NACE_2.1,75,exactMatch,ofs-methodologie
NOGA_2025,750,NACE_2.1,750,exactMatch,ofs-methodologie
NOGA_2025,7500,NACE_2.1,7500,exactMatch,ofs-methodologie
NOGA_2025,750000,NACE_2.1,7500,broadMatch,ofs-noga2025
NOGA_2025,77,NACE_2.1,77,exactMatch,ofs-methodologie
NOGA_2025,771,NACE_2.1,771,exactMatch,ofs-methodologie
NOGA_2025,7711,NACE_2.1,7711,exactMatch,ofs-methodologie
NOGA_2025,771100,NACE_2.1,7711,broadMatch,ofs-noga2025
NOGA_2025,7712,NACE_2.1,7712,exactMatch,ofs-methodologie
NOGA_2025,771200,NACE_2.1,7712,broadMatch,ofs-noga2025
NOGA_2025,772,NACE_2.1,772,exactMatch,ofs-methodologie
NOGA_2025,7721,NACE_2.1,7721,exactMatch,ofs-methodologie
NOGA_2025,772100,NACE_2.1,7721,broadMatch,ofs-noga2025
NOGA_2025,7722,NACE_2.1,7722,exactMatch,ofs-methodologie
NOGA_2025,772200,NACE_2.1,7722,broadMatch,ofs-noga2025
NOGA_2025,773,NACE_2.1,773,exactMatch,ofs-methodologie
NOGA_2025,7731,NACE_2.1,7731,exactMatch,ofs-methodologie
NOGA_2025,773100,NACE_2.1,7731,broadMatch,ofs-noga2025
NOGA_2025,7732,NACE_2.1,7732,exactMatch,ofs-methodologie
NOGA_2025,773200,NACE_2.1,7732,broadMatch,ofs-noga2025
NOGA_2025,7733,NACE_2.1,7733,exactMatch,ofs-methodologie
NOGA_2025,773300,NACE_2.1,7733,broadMatch,ofs-noga2025
NOGA_2025,7734,NACE_2.1,7734,exactMatch,ofs-methodologie
NOGA_2025,773400,NACE_2.1,7734,broadMatch,ofs-noga2025
NOGA_2025,7735,NACE_2.1,7735,exactMatch,ofs-methodologie
NOGA_2025,773500,NACE_2.1,7735,broadMatch,ofs-noga2025
NOGA_2025,7739,NACE_2.1,7739,exactMatch,ofs-methodologie
NOGA_2025,773901,NACE_2.1,7739,broadMatch,ofs-noga2025
NOGA_2025,773909,NACE_2.1,7739,broadMatch,ofs-noga2025
NOGA_2025,774,NACE_2.1,774,exactMatch,ofs-methodologie
NOGA_2025,7740,NACE_2.1,7740,exactMatch,ofs-methodologie
NOGA_2025,774000,NACE_2.1,7740,broadMatch,ofs-noga2025
NOGA_2025,775,NACE_2.1,775,exactMatch,ofs-methodologie
NOGA_2025,7751,NACE_2.1,7751,exactMatch,ofs-methodologie
NOGA_2025,775100,NACE_2.1,7751,broadMatch,ofs-noga2025
NOGA_2025,7752,NACE_2.1,7752,exactMatch,ofs-methodologie
NOGA_2025,775200,NACE_2.1,7752,broadMatch,ofs-noga2025
NOGA_2025,78,NACE_2.1,78,exactMatch,ofs-methodologie
NOGA_2025,781,NACE_2.1,781,exactMatch,ofs-methodologie
NOGA_2025,7810,NACE_2.1,7810,exactMatch,ofs-methodologie
NOGA_2025,781000,NACE_2.1,7810,broadMatch,ofs-noga2025
NOGA_2025,782,NACE_2.1,782,exactMatch,ofs-methodologie
NOGA_2025,7820,NACE_2.1,7820,exactMatch,ofs-methodologie
NOGA_2025,782001,NACE_2.1,7820,broadMatch,ofs-noga2025
NOGA_2025,782002,NACE_2.1,7820,broadMatch,ofs-noga2025
NOGA_2025,79,NACE_2.1,79,exactMatch,ofs-methodologie
NOGA_2025,791,NACE_2.1,791,exactMatch,ofs-methodologie
NOGA_2025,7911,NACE_2.1,7911,exactMatch,ofs-methodologie
NOGA_2025,791100,NACE_2.1,7911,broadMatch,ofs-noga2025
NOGA_2025,7912,NACE_2.1,7912,exactMatch,ofs-methodologie
NOGA_2025,791200,NACE_2.1,7912,broadMatch,ofs-noga2025
NOGA_2025,799,NACE_2.1,799,exactMatch,ofs-methodologie
NOGA_2025,7990,NACE_2.1,7990,exactMatch,ofs-methodologie
NOGA_2025,799000,NACE_2.1,7990,broadMatch,ofs-noga2025
NOGA_2025,80,NACE_2.1,80,exactMatch,ofs-methodologie
NOGA_2025,800,NACE_2.1,800,exactMatch,ofs-methodologie
NOGA_2025,8001,NACE_2.1,8001,exactMatch,ofs-methodologie
NOGA_2025,800100,NACE_2.1,8001,broadMatch,ofs-noga2025
NOGA_2025,8009,NACE_2.1,8009,exactMatch,ofs-methodologie
NOGA_2025,800901,NACE_2.1,8009,broadMatch,ofs-noga2025
NOGA_2025,800909,NACE_2.1,8009,broadMatch,ofs-noga2025
NOGA_2025,81,NACE_2.1,81,exactMatch,ofs-methodologie
NOGA_2025,811,NACE_2.1,811,exactMatch,ofs-methodologie
NOGA_2025,8110,NACE_2.1,8110,exactMatch,ofs-methodologie
NOGA_2025,811000,NACE_2.1,8110,broadMatch,ofs-noga2025
NOGA_2025,812,NACE_2.1,812,exactMatch,ofs-methodologie
NOGA_2025,8121,NACE_2.1,8121,exactMatch,ofs-methodologie
NOGA_2025,812100,NACE_2.1,8121,broadMatch,ofs-noga2025
NOGA_2025,8122,NACE_2.1,8122,exactMatch,ofs-methodologie
NOGA_2025,812201,NACE_2.1,8122,broadMatch,ofs-noga2025
NOGA_2025,812202,NACE_2.1,8122,broadMatch,ofs-noga2025
NOGA_2025,8123,NACE_2.1,8123,exactMatch,ofs-methodologie
NOGA_2025,812301,NACE_2.1,8123,broadMatch,ofs-noga2025
NOGA_2025,812302,NACE_2.1,8123,broadMatch,ofs-noga2025
NOGA_2025,812309,NACE_2.1,8123,broadMatch,ofs-noga2025
NOGA_2025,813,NACE_2.1,813,exactMatch,ofs-methodologie
NOGA_2025,8130,NACE_2.1,8130,exactMatch,ofs-methodologie
NOGA_2025,813000,NACE_2.1,8130,broadMatch,ofs-noga2025
NOGA_2025,82,NACE_2.1,82,exactMatch,ofs-methodologie
NOGA_2025,821,NACE_2.1,821,exactMatch,ofs-methodologie
NOGA_2025,8210,NACE_2.1,8210,exactMatch,ofs-methodologie
NOGA_2025,821000,NACE_2.1,8210,broadMatch,ofs-noga2025
NOGA_2025,822,NACE_2.1,822,exactMatch,ofs-methodologie
NOGA_2025,8220,NACE_2.1,8220,exactMatch,ofs-methodologie
NOGA_2025,822000,NACE_2.1,8220,broadMatch,ofs-noga2025
NOGA_2025,823,NACE_2.1,823,exactMatch,ofs-methodologie
NOGA_2025,8230,NACE_2.1,8230,exactMatch,ofs-methodologie
NOGA_2025,823000,NACE_2.1,8230,broadMatch,ofs-noga2025
NOGA_2025,824,NACE_2.1,824,exactMatch,ofs-methodologie
NOGA_2025,8240,NACE_2.1,8240,exactMatch,ofs-methodologie
NOGA_2025,824000,NACE_2.1,8240,broadMatch,ofs-noga2025
NOGA_2025,829,NACE_2.1,829,exactMatch,ofs-methodologie
NOGA_2025,8291,NACE_2.1,8291,exactMatch,ofs-methodologie
NOGA_2025,829100,NACE_2.1,8291,broadMatch,ofs-noga2025
NOGA_2025,8292,NACE_2.1,8292,exactMatch,ofs-methodologie
NOGA_2025,829200,NACE_2.1,8292,broadMatch,ofs-noga2025
NOGA_2025,8299,NACE_2.1,8299,exactMatch,ofs-methodologie
NOGA_2025,829900,NACE_2.1,8299,broadMatch,ofs-noga2025
NOGA_2025,84,NACE_2.1,84,exactMatch,ofs-methodologie
NOGA_2025,841,NACE_2.1,841,exactMatch,ofs-methodologie
NOGA_2025,8411,NACE_2.1,8411,exactMatch,ofs-methodologie
NOGA_2025,841100,NACE_2.1,8411,broadMatch,ofs-noga2025
NOGA_2025,8412,NACE_2.1,8412,exactMatch,ofs-methodologie
NOGA_2025,841200,NACE_2.1,8412,broadMatch,ofs-noga2025
NOGA_2025,8413,NACE_2.1,8413,exactMatch,ofs-methodologie
NOGA_2025,841300,NACE_2.1,8413,broadMatch,ofs-noga2025
NOGA_2025,842,NACE_2.1,842,exactMatch,ofs-methodologie
NOGA_2025,8421,NACE_2.1,8421,exactMatch,ofs-methodologie
NOGA_2025,842100,NACE_2.1,8421,broadMatch,ofs-noga2025
NOGA_2025,8422,NACE_2.1,8422,exactMatch,ofs-methodologie
NOGA_2025,842201,NACE_2.1,8422,broadMatch,ofs-noga2025
NOGA_2025,842202,NACE_2.1,8422,broadMatch,ofs-noga2025
NOGA_2025,8423,NACE_2.1,8423,exactMatch,ofs-methodologie
NOGA_2025,842301,NACE_2.1,8423,broadMatch,ofs-noga2025
NOGA_2025,842302,NACE_2.1,8423,broadMatch,ofs-noga2025
NOGA_2025,8424,NACE_2.1,8424,exactMatch,ofs-methodologie
NOGA_2025,842400,NACE_2.1,8424,broadMatch,ofs-noga2025
NOGA_2025,8425,NACE_2.1,8425,exactMatch,ofs-methodologie
NOGA_2025,842500,NACE_2.1,8425,broadMatch,ofs-noga2025
NOGA_2025,843,NACE_2.1,843,exactMatch,ofs-methodologie
NOGA_2025,8430,NACE_2.1,8430,exactMatch,ofs-methodologie
NOGA_2025,843000,NACE_2.1,8430,broadMatch,ofs-noga2025
NOGA_2025,85,NACE_2.1,85,exactMatch,ofs-methodologie
NOGA_2025,851,NACE_2.1,851,exactMatch,ofs-methodologie
NOGA_2025,8510,NACE_2.1,8510,exactMatch,ofs-methodologie
NOGA_2025,851000,NACE_2.1,8510,broadMatch,ofs-noga2025
NOGA_2025,852,NACE_2.1,852,exactMatch,ofs-methodologie
NOGA_2025,8520,NACE_2.1,8520,exactMatch,ofs-methodologie
NOGA_2025,852001,NACE_2.1,8520,broadMatch,ofs-noga2025
NOGA_2025,852002,NACE_2.1,8520,broadMatch,ofs-noga2025
NOGA_2025,852009,NACE_2.1,8520,broadMatch,ofs-noga2025
NOGA_2025,853,NACE_2.1,853,exactMatch,ofs-methodologie
NOGA_2025,8531,NACE_2.1,8531,exactMatch,ofs-methodologie
NOGA_2025,853101,NACE_2.1,8531,broadMatch,ofs-noga2025
NOGA_2025,853102,NACE_2.1,8531,broadMatch,ofs-noga2025
NOGA_2025,853103,NACE_2.1,8531,broadMatch,ofs-noga2025
NOGA_2025,8532,NACE_2.1,8532,exactMatch,ofs-methodologie
NOGA_2025,853200,NACE_2.1,8532,broadMatch,ofs-noga2025
NOGA_2025,8533,NACE_2.1,8533,exactMatch,ofs-methodologie
NOGA_2025,853300,NACE_2.1,8533,broadMatch,ofs-noga2025
NOGA_2025,854,NACE_2.1,854,exactMatch,ofs-methodologie
NOGA_2025,8540,NACE_2.1,8540,exactMatch,ofs-methodologie
NOGA_2025,854001,NACE_2.1,8540,broadMatch,ofs-noga2025
NOGA_2025,854002,NACE_2.1,8540,broadMatch,ofs-noga2025
NOGA_2025,854003,NACE_2.1,8540,broadMatch,ofs-noga2025
NOGA_2025,855,NACE_2.1,855,exactMatch,ofs-methodologie
NOGA_2025,8551,NACE_2.1,8551,exactMatch,ofs-methodologie
NOGA_2025,855101,NACE_2.1,8551,broadMatch,ofs-noga2025
NOGA_2025,855102,NACE_2.1,8551,broadMatch,ofs-noga2025
NOGA_2025,8552,NACE_2.1,8552,exactMatch,ofs-methodologie
NOGA_2025,855200,NACE_2.1,8552,broadMatch,ofs-noga2025
NOGA_2025,8553,NACE_2.1,8553,exactMatch,ofs-methodologie
NOGA_2025,855300,NACE_2.1,8553,broadMatch,ofs-noga2025
NOGA_2025,8559,NACE_2.1,8559,exactMatch,ofs-methodologie
NOGA_2025,855901,NACE_2.1,8559,broadMatch,ofs-noga2025
NOGA_2025,855902,NACE_2.1,8559,broadMatch,ofs-noga2025
NOGA_2025,855903,NACE_2.1,8559,broadMatch,ofs-noga2025
NOGA_2025,855909,NACE_2.1,8559,broadMatch,ofs-noga2025
NOGA_2025,856,NACE_2.1,856,exactMatch,ofs-methodologie
NOGA_2025,8561,NACE_2.1,8561,exactMatch,ofs-methodologie
NOGA_2025,856100,NACE_2.1,8561,broadMatch,ofs-noga2025
NOGA_2025,8569,NACE_2.1,8569,exactMatch,ofs-methodologie
NOGA_2025,856900,NACE_2.1,8569,broadMatch,ofs-noga2025
NOGA_2025,86,NACE_2.1,86,exactMatch,ofs-methodologie
NOGA_2025,861,NACE_2.1,861,exactMatch,ofs-methodologie
NOGA_2025,8610,NACE_2.1,8610,exactMatch,ofs-methodologie
NOGA_2025,861001,NACE_2.1,8610,broadMatch,ofs-noga2025
NOGA_2025,861002,NACE_2.1,8610,broadMatch,ofs-noga2025
NOGA_2025,862,NACE_2.1,862,exactMatch,ofs-methodologie
NOGA_2025,8621,NACE_2.1,8621,exactMatch,ofs-methodologie
NOGA_2025,862100,NACE_2.1,8621,broadMatch,ofs-noga2025
NOGA_2025,8622,NACE_2.1,8622,exactMatch,ofs-methodologie
NOGA_2025,862200,NACE_2.1,8622,broadMatch,ofs-noga2025
NOGA_2025,8623,NACE_2.1,8623,exactMatch,ofs-methodologie
NOGA_2025,862300,NACE_2.1,8623,broadMatch,ofs-noga2025
NOGA_2025,869,NACE_2.1,869,exactMatch,ofs-methodologie
NOGA_2025,8691,NACE_2.1,8691,exactMatch,ofs-methodologie
NOGA_2025,869101,NACE_2.1,8691,broadMatch,ofs-noga2025
NOGA_2025,869102,NACE_2.1,8691,broadMatch,ofs-noga2025
NOGA_2025,8692,NACE_2.1,8692,exactMatch,ofs-methodologie
NOGA_2025,869200,NACE_2.1,8692,broadMatch,ofs-noga2025
NOGA_2025,8693,NACE_2.1,8693,exactMatch,ofs-methodologie
NOGA_2025,869301,NACE_2.1,8693,broadMatch,ofs-noga2025
NOGA_2025,869302,NACE_2.1,8693,broadMatch,ofs-noga2025
NOGA_2025,869303,NACE_2.1,8693,broadMatch,ofs-noga2025
NOGA_2025,8694,NACE_2.1,8694,exactMatch,ofs-methodologie
NOGA_2025,869401,NACE_2.1,8694,broadMatch,ofs-noga2025
NOGA_2025,869402,NACE_2.1,8694,broadMatch,ofs-noga2025
NOGA_2025,869403,NACE_2.1,8694,broadMatch,ofs-noga2025
NOGA_2025,8695,NACE_2.1,8695,exactMatch,ofs-methodologie
NOGA_2025,869501,NACE_2.1,8695,broadMatch,ofs-noga2025
NOGA_2025,869502,NACE_2.1,8695,broadMatch,ofs-noga2025
NOGA_2025,869503,NACE_2.1,8695,broadMatch,ofs-noga2025
NOGA_2025,8696,NACE_2.1,8696,exactMatch,ofs-methodologie
NOGA_2025,869601,NACE_2.1,8696,broadMatch,ofs-noga2025
NOGA_2025,869602,NACE_2.1,8696,broadMatch,ofs-noga2025
NOGA_2025,8697,NACE_2.1,8697,exactMatch,ofs-methodologie
NOGA_2025,869700,NACE_2.1,8697,broadMatch,ofs-noga2025
NOGA_2025,8699,NACE_2.1,8699,exactMatch,ofs-methodologie
NOGA_2025,869901,NACE_2.1,8699,broadMatch,ofs-noga2025
NOGA_2025,869902,NACE_2.1,8699,broadMatch,ofs-noga2025
NOGA_2025,869903,NACE_2.1,8699,broadMatch,ofs-noga2025
NOGA_2025,869909,NACE_2.1,8699,broadMatch,ofs-noga2025
NOGA_2025,87,NACE_2.1,87,exactMatch,ofs-methodologie
NOGA_2025,871,NACE_2.1,871,exactMatch,ofs-methodologie
NOGA_2025,8710,NACE_2.1,8710,exactMatch,ofs-methodologie
NOGA_2025,871000,NACE_2.1,8710,broadMatch,ofs-noga2025
NOGA_2025,872,NACE_2.1,872,exactMatch,ofs-methodologie
NOGA_2025,8720,NACE_2.1,8720,exactMatch,ofs-methodologie
NOGA_2025,872001,NACE_2.1,8720,broadMatch,ofs-noga2025
NOGA_2025,872002,NACE_2.1,8720,broadMatch,ofs-noga2025
NOGA_2025,873,NACE_2.1,873,exactMatch,ofs-methodologie
NOGA_2025,8730,NACE_2.1,8730,exactMatch,ofs-methodologie
NOGA_2025,873001,NACE_2.1,8730,broadMatch,ofs-noga2025
NOGA_2025,873002,NACE_2.1,8730,broadMatch,ofs-noga2025
NOGA_2025,879,NACE_2.1,879,exactMatch,ofs-methodologie
NOGA_2025,8791,NACE_2.1,8791,exactMatch,ofs-methodologie
NOGA_2025,879100,NACE_2.1,8791,broadMatch,ofs-noga2025
NOGA_2025,8799,NACE_2.1,8799,exactMatch,ofs-methodologie
NOGA_2025,879901,NACE_2.1,8799,broadMatch,ofs-noga2025
NOGA_2025,879909,NACE_2.1,8799,broadMatch,ofs-noga2025
NOGA_2025,88,NACE_2.1,88,exactMatch,ofs-methodologie
NOGA_2025,881,NACE_2.1,881,exactMatch,ofs-methodologie
NOGA_2025,8810,NACE_2.1,8810,exactMatch,ofs-methodologie
NOGA_2025,881000,NACE_2.1,8810,broadMatch,ofs-noga2025
NOGA_2025,889,NACE_2.1,889,exactMatch,ofs-methodologie
NOGA_2025,8891,NACE_2.1,8891,exactMatch,ofs-methodologie
NOGA_2025,889100,NACE_2.1,8891,broadMatch,ofs-noga2025
NOGA_2025,8899,NACE_2.1,8899,exactMatch,ofs-methodologie
NOGA_2025,889901,NACE_2.1,8899,broadMatch,ofs-noga2025
NOGA_2025,889909,NACE_2.1,8899,broadMatch,ofs-noga2025
NOGA_2025,90,NACE_2.1,90,exactMatch,ofs-methodologie
NOGA_2025,901,NACE_2.1,901,exactMatch,ofs-methodologie
NOGA_2025,9011,NACE_2.1,9011,exactMatch,ofs-methodologie
NOGA_2025,901100,NACE_2.1,9011,broadMatch,ofs-noga2025
NOGA_2025,9012,NACE_2.1,9012,exactMatch,ofs-methodologie
NOGA_2025,901200,NACE_2.1,9012,broadMatch,ofs-noga2025
NOGA_2025,9013,NACE_2.1,9013,exactMatch,ofs-methodologie
NOGA_2025,901300,NACE_2.1,9013,broadMatch,ofs-noga2025
NOGA_2025,902,NACE_2.1,902,exactMatch,ofs-methodologie
NOGA_2025,9020,NACE_2.1,9020,exactMatch,ofs-methodologie
NOGA_2025,902001,NACE_2.1,9020,broadMatch,ofs-noga2025
NOGA_2025,902002,NACE_2.1,9020,broadMatch,ofs-noga2025
NOGA_2025,903,NACE_2.1,903,exactMatch,ofs-methodologie
NOGA_2025,9031,NACE_2.1,9031,exactMatch,ofs-methodologie
NOGA_2025,903100,NACE_2.1,9031,broadMatch,ofs-noga2025
NOGA_2025,9039,NACE_2.1,9039,exactMatch,ofs-methodologie
NOGA_2025,903900,NACE_2.1,9039,broadMatch,ofs-noga2025
NOGA_2025,91,NACE_2.1,91,exactMatch,ofs-methodologie
NOGA_2025,911,NACE_2.1,911,exactMatch,ofs-methodologie
NOGA_2025,9111,NACE_2.1,9111,exactMatch,ofs-methodologie
NOGA_2025,911100,NACE_2.1,9111,broadMatch,ofs-noga2025
NOGA_2025,9112,NACE_2.1,9112,exactMatch,ofs-methodologie
NOGA_2025,911200,NACE_2.1,9112,broadMatch,ofs-noga2025
NOGA_2025,912,NACE_2.1,912,exactMatch,ofs-methodologie
NOGA_2025,9121,NACE_2.1,9121,exactMatch,ofs-methodologie
NOGA_2025,912100,NACE_2.1,9121,broadMatch,ofs-noga2025
NOGA_2025,9122,NACE_2.1,9122,exactMatch,ofs-methodologie
NOGA_2025,912200,NACE_2.1,9122,broadMatch,ofs-noga2025
NOGA_2025,913,NACE_2.1,913,exactMatch,ofs-methodologie
NOGA_2025,9130,NACE_2.1,9130,exactMatch,ofs-methodologie
NOGA_2025,913000,NACE_2.1,9130,broadMatch,ofs-noga2025
NOGA_2025,914,NACE_2.1,914,exactMatch,ofs-methodologie
NOGA_2025,9141,NACE_2.1,9141,exactMatch,ofs-methodologie
NOGA_2025,914100,NACE_2.1,9141,broadMatch,ofs-noga2025
NOGA_2025,9142,NACE_2.1,9142,exactMatch,ofs-methodologie
NOGA_2025,914200,NACE_2.1,9142,broadMatch,ofs-noga2025
NOGA_2025,92,NACE_2.1,92,exactMatch,ofs-methodologie
NOGA_2025,920,NACE_2.1,920,exactMatch,ofs-methodologie
NOGA_2025,9200,NACE_2.1,9200,exactMatch,ofs-methodologie
NOGA_2025,920000,NACE_2.1,9200,broadMatch,ofs-noga2025
NOGA_2025,93,NACE_2.1,93,exactMatch,ofs-methodologie
NOGA_2025,931,NACE_2.1,931,exactMatch,ofs-methodologie
NOGA_2025,9311,NACE_2.1,9311,exactMatch,ofs-methodologie
NOGA_2025,931100,NACE_2.1,9311,broadMatch,ofs-noga2025
NOGA_2025,9312,NACE_2.1,9312,exactMatch,ofs-methodologie
NOGA_2025,931200,NACE_2.1,9312,broadMatch,ofs-noga2025
NOGA_2025,9313,NACE_2.1,9313,exactMatch,ofs-methodologie
NOGA_2025,931300,NACE_2.1,9313,broadMatch,ofs-noga2025
NOGA_2025,9319,NACE_2.1,9319,exactMatch,ofs-methodologie
NOGA_2025,931900,NACE_2.1,9319,broadMatch,ofs-noga2025
NOGA_2025,932,NACE_2.1,932,exactMatch,ofs-methodologie
NOGA_2025,9321,NACE_2.1,9321,exactMatch,ofs-methodologie
NOGA_2025,932100,NACE_2.1,9321,broadMatch,ofs-noga2025
NOGA_2025,9329,NACE_2.1,9329,exactMatch,ofs-methodologie
NOGA_2025,932900,NACE_2.1,9329,broadMatch,ofs-noga2025
NOGA_2025,94,NACE_2.1,94,exactMatch,ofs-methodologie
NOGA_2025,941,NACE_2.1,941,exactMatch,ofs-methodologie
NOGA_2025,9411,NACE_2.1,9411,exactMatch,ofs-methodologie
NOGA_2025,941100,NACE_2.1,9411,broadMatch,ofs-noga2025
NOGA_2025,9412,NACE_2.1,9412,exactMatch,ofs-methodologie
NOGA_2025,941200,NACE_2.1,9412,broadMatch,ofs-noga2025
NOGA_2025,942,NACE_2.1,942,exactMatch,ofs-methodologie
NOGA_2025,9420,NACE_2.1,9420,exactMatch,ofs-methodologie
NOGA_2025,942000,NACE_2.1,9420,broadMatch,ofs-noga2025
NOGA_2025,949,NACE_2.1,949,exactMatch,ofs-methodologie
NOGA_2025,9491,NACE_2.1,9491,exactMatch,ofs-methodologie
NOGA_2025,949101,NACE_2.1,9491,broadMatch,ofs-noga2025
NOGA_2025,949102,NACE_2.1,9491,broadMatch,ofs-noga2025
NOGA_2025,9492,NACE_2.1,9492,exactMatch,ofs-methodologie
NOGA_2025,949200,NACE_2.1,9492,broadMatch,ofs-noga2025
NOGA_2025,9499,NACE_2.1,9499,exactMatch,ofs-methodologie
NOGA_2025,949901,NACE_2.1,9499,broadMatch,ofs-noga2025
NOGA_2025,949902,NACE_2.1,9499,broadMatch,ofs-noga2025
NOGA_2025,949903,NACE_2.1,9499,broadMatch,ofs-noga2025
NOGA_2025,949909,NACE_2.1,9499,broadMatch,ofs-noga2025
NOGA_2025,95,NACE_2.1,95,exactMatch,ofs-methodologie
NOGA_2025,951,NACE_2.1,951,exactMatch,ofs-methodologie
NOGA_2025,9510,NACE_2.1,9510,exactMatch,ofs-methodologie
NOGA_2025,951000,NACE_2.1,9510,broadMatch,ofs-noga2025
NOGA_2025,952,NACE_2.1,952,exactMatch,ofs-methodologie
NOGA_2025,9521,NACE_2.1,9521,exactMatch,ofs-methodologie
NOGA_2025,952100,NACE_2.1,9521,broadMatch,ofs-noga2025
NOGA_2025,9522,NACE_2.1,9522,exactMatch,ofs-methodologie
NOGA_2025,952200,NACE_2.1,9522,broadMatch,ofs-noga2025
NOGA_2025,9523,NACE_2.1,9523,exactMatch,ofs-methodologie
NOGA_2025,952300,NACE_2.1,9523,broadMatch,ofs-noga2025
NOGA_2025,9524,NACE_2.1,9524,exactMatch,ofs-methodologie
NOGA_2025,952400,NACE_2.1,9524,broadMatch,ofs-noga2025
NOGA_2025,9525,NACE_2.1,9525,exactMatch,ofs-methodologie
NOGA_2025,952500,NACE_2.1,9525,broadMatch,ofs-noga2025
NOGA_2025,9529,NACE_2.1,9529,exactMatch,ofs-methodologie
NOGA_2025,952900,NACE_2.1,9529,broadMatch,ofs-noga2025
NOGA_2025,953,NACE_2.1,953,exactMatch,ofs-methodologie
NOGA_2025,9531,NACE_2.1,9531,exactMatch,ofs-methodologie
NOGA_2025,953101,NACE_2.1,9531,broadMatch,ofs-noga2025
NOGA_2025,953102,NACE_2.1,9531,broadMatch,ofs-noga2025
NOGA_2025,9532,NACE_2.1,9532,exactMatch,ofs-methodologie
NOGA_2025,953200,NACE_2.1,9532,broadMatch,ofs-noga2025
NOGA_2025,954,NACE_2.1,954,exactMatch,ofs-methodologie
NOGA_2025,9540,NACE_2.1,9540,exactMatch,ofs-methodologie
NOGA_2025,954000,NACE_2.1,9540,broadMatch,ofs-noga2025
NOGA_2025,96,NACE_2.1,96,exactMatch,ofs-methodologie
NOGA_2025,961,NACE_2.1,961,exactMatch,ofs-methodologie
NOGA_2025,9610,NACE_2.1,9610,exactMatch,ofs-methodologie
NOGA_2025,961000,NACE_2.1,9610,broadMatch,ofs-noga2025
NOGA_2025,962,NACE_2.1,962,exactMatch,ofs-methodologie
NOGA_2025,9621,NACE_2.1,9621,exactMatch,ofs-methodologie
NOGA_2025,962100,NACE_2.1,9621,broadMatch,ofs-noga2025
NOGA_2025,9622,NACE_2.1,9622,exactMatch,ofs-methodologie
NOGA_2025,962200,NACE_2.1,9622,broadMatch,ofs-noga2025
NOGA_2025,9623,NACE_2.1,9623,exactMatch,ofs-methodologie
NOGA_2025,962300,NACE_2.1,9623,broadMatch,ofs-noga2025
NOGA_2025,963,NACE_2.1,963,exactMatch,ofs-methodologie
NOGA_2025,9630,NACE_2.1,9630,exactMatch,ofs-methodologie
NOGA_2025,963000,NACE_2.1,9630,broadMatch,ofs-noga2025
NOGA_2025,964,NACE_2.1,964,exactMatch,ofs-methodologie
NOGA_2025,9640,NACE_2.1,9640,exactMatch,ofs-methodologie
NOGA_2025,964000,NACE_2.1,9640,broadMatch,ofs-noga2025
NOGA_2025,969,NACE_2.1,969,exactMatch,ofs-methodologie
NOGA_2025,9691,NACE_2.1,9691,exactMatch,ofs-methodologie
NOGA_2025,969100,NACE_2.1,9691,broadMatch,ofs-noga2025
NOGA_2025,9699,NACE_2.1,9699,exactMatch,ofs-methodologie
NOGA_2025,969900,NACE_2.1,9699,broadMatch,ofs-noga2025
NOGA_2025,97,NACE_2.1,97,exactMatch,ofs-methodologie
NOGA_2025,970,NACE_2.1,970,exactMatch,ofs-methodologie
NOGA_2025,9700,NACE_2.1,9700,exactMatch,ofs-methodologie
NOGA_2025,970000,NACE_2.1,9700,broadMatch,ofs-noga2025
NOGA_2025,98,NACE_2.1,98,exactMatch,ofs-methodologie
NOGA_2025,981,NACE_2.1,981,exactMatch,ofs-methodologie
NOGA_2025,9810,NACE_2.1,9810,exactMatch,ofs-methodologie
NOGA_2025,981000,NACE_2.1,9810,broadMatch,ofs-noga2025
NOGA_2025,982,NACE_2.1,982,exactMatch,ofs-methodologie
NOGA_2025,9820,NACE_2.1,9820,exactMatch,ofs-methodologie
NOGA_2025,982000,NACE_2.1,9820,broadMatch,ofs-noga2025
NOGA_2025,99,NACE_2.1,99,exactMatch,ofs-methodologie
NOGA_2025,990,NACE_2.1,990,exactMatch,ofs-methodologie
NOGA_2025,9900,NACE_2.1,9900,exactMatch,ofs-methodologie
NOGA_2025,990001,NACE_2.1,9900,broadMatch,ofs-noga2025
NOGA_2025,990002,NACE_2.1,9900,broadMatch,ofs-noga2025
NOGA_2025,A,NACE_2.1,A,exactMatch,ofs-methodologie
NOGA_2025,B,NACE_2.1,B,exactMatch,ofs-methodologie
NOGA_2025,C,NACE_2.1,C,exactMatch,ofs-methodologie
NOGA_2025,D,NACE_2.1,D,exactMatch,ofs-methodologie
NOGA_2025,E,NACE_2.1,E,exactMatch,ofs-methodologie
NOGA_2025,F,NACE_2.1,F,exactMatch,ofs-methodologie
NOGA_2025,G,NACE_2.1,G,exactMatch,ofs-methodologie
NOGA_2025,H,NACE_2.1,H,exactMatch,ofs-methodologie
NOGA_2025,I,NACE_2.1,I,exactMatch,ofs-methodologie
NOGA_2025,J,NACE_2.1,J,exactMatch,ofs-methodologie
NOGA_2025,K,NACE_2.1,K,exactMatch,ofs-methodologie
NOGA_2025,L,NACE_2.1,L,exactMatch,ofs-methodologie
NOGA_2025,M,NACE_2.1,M,exactMatch,ofs-methodologie
NOGA_2025,N,NACE_2.1,N,exactMatch,ofs-methodologie
NOGA_2025,O,NACE_2.1,O,exactMatch,ofs-methodologie
NOGA_2025,P,NACE_2.1,P,exactMatch,ofs-methodologie
NOGA_2025,Q,NACE_2.1,Q,exactMatch,ofs-methodologie
NOGA_2025,R,NACE_2.1,R,exactMatch,ofs-methodologie
NOGA_2025,S,NACE_2.1,S,exactMatch,ofs-methodologie
NOGA_2025,T,NACE_2.1,T,exactMatch,ofs-methodologie
NOGA_2025,U,NACE_2.1,U,exactMatch,ofs-methodologie
NOGA_2025,V,NACE_2.1,V,exactMatch,ofs-methodologie
