noga_2008,noga_2025,nace_2_0,nace_2_1,isic_4,mapping_type,notes
,,01,,01,partial,NACE_2.0 → ISIC_4 ; closeMatch ; source=eurostat-nace2-isic4. Validation métier requise ; aucune équivalence exacte affirmée.
,,011,,011,partial,NACE_2.0 → ISIC_4 ; closeMatch ; source=eurostat-nace2-isic4. Validation métier requise ; aucune équivalence exacte affirmée.
,,0111,,0111,partial,NACE_2.0 → ISIC_4 ; closeMatch ; source=eurostat-nace2-isic4. Validation métier requise ; aucune équivalence exacte affirmée.
,,0112,,0112,partial,NACE_2.0 → ISIC_4 ; closeMatch ; source=eurostat-nace2-isic4. Validation métier requise ; aucune équivalence exacte affirmée.
,,0113,,0113,partial,NACE_2.0 → ISIC_4 ; closeMatch ; source=eurostat-nace2-isic4. Validation métier requise ; aucune équivalence exacte affirmée.
,,0114,,0114,partial,NACE_2.0 → ISIC_4 ; closeMatch ; source=eurostat-nace2-isic4. Validation métier requise ; aucune équivalence exacte affirmée.
,,0115,,0115,partial,NACE_2.0 → ISIC_4 ; closeMatch ; source=eurostat-nace2-isic4. Validation métier requise ; aucune équivalence exacte affirmée.
,,0116,,0116,partial,NACE_2.0 → ISIC_4 ; closeMatch ; source=eurostat-nace2-isic4. Validation métier requise ; aucune équivalence exacte affirmée.
,,0119,,0119,partial,NACE_2.0 → ISIC_4 ; closeMatch ; source=eurostat-nace2-isic4. Validation métier requise ; aucune équivalence exacte affirmée.
,,012,,012,partial,NACE_2.0 → ISIC_4 ; closeMatch ; source=eurostat-nace2-isic4. Validation métier requise ; aucune équivalence exacte affirmée.
,,0121,,0121,partial,NACE_2.0 → ISIC_4 ; closeMatch ; source=eurostat-nace2-isic4. Validation métier requise ; aucune équivalence exacte affirmée.
,,0122,,0122,partial,NACE_2.0 → ISIC_4 ; closeMatch ; source=eurostat-nace2-isic4. Validation métier requise ; aucune équivalence exacte affirmée.
,,0123,,0123,partial,NACE_2.0 → ISIC_4 ; closeMatch ; source=eurostat-nace2-isic4. Validation métier requise ; aucune équivalence exacte affirmée.
,,0124,,0124,partial,NACE_2.0 → ISIC_4 ; closeMatch ; source=eurostat-nace2-isic4. Validation métier requise ; aucune équivalence exacte affirmée.
,,0125,,0125,partial,NACE_2.0 → ISIC_4 ; closeMatch ; source=eurostat-nace2-isic4. Validation métier requise ; aucune équivalence exacte affirmée.
,,0126,,0126,partial,NACE_2.0 → ISIC_4 ; closeMatch ; source=eurostat-nace2-isic4. Validation métier requise ; aucune équivalence exacte affirmée.
,,0127,,0127,partial,NACE_2.0 → ISIC_4 ; closeMatch ; source=eurostat-nace2-isic4. Validation métier requise ; aucune équivalence exacte affirmée.
,,0128,,0128,partial,NACE_2.0 → ISIC_4 ; closeMatch ; source=eurostat-nace2-isic4. Validation métier requise ; aucune équivalence exacte affirmée.
,,0129,,0129,partial,NACE_2.0 → ISIC_4 ; closeMatch ; source=eurostat-nace2-isic4. Validation métier requise ; aucune équivalence exacte affirmée.
,,013,,013,partial,NACE_2.0 → ISIC_4 ; closeMatch ; source=eurostat-nace2-isic4. Validation métier requise ; aucune équivalence exacte affirmée.
,,0130,,0130,partial,NACE_2.0 → ISIC_4 ; closeMatch ; source=eurostat-nace2-isic4. Validation métier requise ; aucune équivalence exacte affirmée.
,,014,,014,partial,NACE_2.0 → ISIC_4 ; closeMatch ; source=eurostat-nace2-isic4. Validation métier requise ; aucune équivalence exacte affirmée.
,,0141,,0141,partial,NACE_2.0 → ISIC_4 ; closeMatch ; source=eurostat-nace2-isic4. Validation métier requise ; aucune équivalence exacte affirmée.
,,0142,,0141,partial,NACE_2.0 → ISIC_4 ; closeMatch ; source=eurostat-nace2-isic4. Validation métier requise ; aucune équivalence exacte affirmée.
,,0143,,0142,partial,NACE_2.0 → ISIC_4 ; closeMatch ; source=eurostat-nace2-isic4. Validation métier requise ; aucune équivalence exacte affirmée.
,,0144,,0143,partial,NACE_2.0 → ISIC_4 ; closeMatch ; source=eurostat-nace2-isic4. Validation métier requise ; aucune équivalence exacte affirmée.
,,0145,,0144,partial,NACE_2.0 → ISIC_4 ; closeMatch ; source=eurostat-nace2-isic4. Validation métier requise ; aucune équivalence exacte affirmée.
,,0146,,0145,partial,NACE_2.0 → ISIC_4 ; closeMatch ; source=eurostat-nace2-isic4. Validation métier requise ; aucune équivalence exacte affirmée.
,,0147,,0146,partial,NACE_2.0 → ISIC_4 ; closeMatch ; source=eurostat-nace2-isic4. Validation métier requise ; aucune équivalence exacte affirmée.
,,0149,,0149,partial,NACE_2.0 → ISIC_4 ; closeMatch ; source=eurostat-nace2-isic4. Validation métier requise ; aucune équivalence exacte affirmée.
,,015,,015,partial,NACE_2.0 → ISIC_4 ; closeMatch ; source=eurostat-nace2-isic4. Validation métier requise ; aucune équivalence exacte affirmée.
,,0150,,0150,partial,NACE_2.0 → ISIC_4 ; closeMatch ; source=eurostat-nace2-isic4. Validation métier requise ; aucune équivalence exacte affirmée.
,,016,,016,partial,NACE_2.0 → ISIC_4 ; closeMatch ; source=eurostat-nace2-isic4. Validation métier requise ; aucune équivalence exacte affirmée.
,,0161,,0161,partial,NACE_2.0 → ISIC_4 ; closeMatch ; source=eurostat-nace2-isic4. Validation métier requise ; aucune équivalence exacte affirmée.
,,0162,,0162,partial,NACE_2.0 → ISIC_4 ; closeMatch ; source=eurostat-nace2-isic4. Validation métier requise ; aucune équivalence exacte affirmée.
,,0163,,0163,partial,NACE_2.0 → ISIC_4 ; closeMatch ; source=eurostat-nace2-isic4. Validation métier requise ; aucune équivalence exacte affirmée.
,,0164,,0164,partial,NACE_2.0 → ISIC_4 ; closeMatch ; source=eurostat-nace2-isic4. Validation métier requise ; aucune équivalence exacte affirmée.
,,017,,017,partial,NACE_2.0 → ISIC_4 ; closeMatch ; source=eurostat-nace2-isic4. Validation métier requise ; aucune équivalence exacte affirmée.
,,0170,,0170,partial,NACE_2.0 → ISIC_4 ; closeMatch ; source=eurostat-nace2-isic4. Validation métier requise ; aucune équivalence exacte affirmée.
,,02,,02,partial,NACE_2.0 → ISIC_4 ; closeMatch ; source=eurostat-nace2-isic4. Validation métier requise ; aucune équivalence exacte affirmée.
,,021,,021,partial,NACE_2.0 → ISIC_4 ; closeMatch ; source=eurostat-nace2-isic4. Validation métier requise ; aucune équivalence exacte affirmée.
,,0210,,0210,partial,NACE_2.0 → ISIC_4 ; closeMatch ; source=eurostat-nace2-isic4. Validation métier requise ; aucune équivalence exacte affirmée.
,,022,,022,partial,NACE_2.0 → ISIC_4 ; closeMatch ; source=eurostat-nace2-isic4. Validation métier requise ; aucune équivalence exacte affirmée.
,,0220,,0220,partial,NACE_2.0 → ISIC_4 ; closeMatch ; source=eurostat-nace2-isic4. Validation métier requise ; aucune équivalence exacte affirmée.
,,023,,023,partial,NACE_2.0 → ISIC_4 ; closeMatch ; source=eurostat-nace2-isic4. Validation métier requise ; aucune équivalence exacte affirmée.
,,0230,,0230,partial,NACE_2.0 → ISIC_4 ; closeMatch ; source=eurostat-nace2-isic4. Validation métier requise ; aucune équivalence exacte affirmée.
,,024,,024,partial,NACE_2.0 → ISIC_4 ; closeMatch ; source=eurostat-nace2-isic4. Validation métier requise ; aucune équivalence exacte affirmée.
,,0240,,0240,partial,NACE_2.0 → ISIC_4 ; closeMatch ; source=eurostat-nace2-isic4. Validation métier requise ; aucune équivalence exacte affirmée.
,,03,,03,partial,NACE_2.0 → ISIC_4 ; closeMatch ; source=eurostat-nace2-isic4. Validation métier requise ; aucune équivalence exacte affirmée.
,,031,,031,partial,NACE_2.0 → ISIC_4 ; closeMatch ; source=eurostat-nace2-isic4. Validation métier requise ; aucune équivalence exacte affirmée.
,,0311,,0311,partial,NACE_2.0 → ISIC_4 ; closeMatch ; source=eurostat-nace2-isic4. Validation métier requise ; aucune équivalence exacte affirmée.
,,0312,,0312,partial,NACE_2.0 → ISIC_4 ; closeMatch ; source=eurostat-nace2-isic4. Validation métier requise ; aucune équivalence exacte affirmée.
,,032,,032,partial,NACE_2.0 → ISIC_4 ; closeMatch ; source=eurostat-nace2-isic4. Validation métier requise ; aucune équivalence exacte affirmée.
,,0321,,0321,partial,NACE_2.0 → ISIC_4 ; closeMatch ; source=eurostat-nace2-isic4. Validation métier requise ; aucune équivalence exacte affirmée.
,,0322,,0322,partial,NACE_2.0 → ISIC_4 ; closeMatch ; source=eurostat-nace2-isic4. Validation métier requise ; aucune équivalence exacte affirmée.
,,05,,05,partial,NACE_2.0 → ISIC_4 ; closeMatch ; source=eurostat-nace2-isic4. Validation métier requise ; aucune équivalence exacte affirmée.
,,051,,051,partial,NACE_2.0 → ISIC_4 ; closeMatch ; source=eurostat-nace2-isic4. Validation métier requise ; aucune équivalence exacte affirmée.
,,0510,,0510,partial,NACE_2.0 → ISIC_4 ; closeMatch ; source=eurostat-nace2-isic4. Validation métier requise ; aucune équivalence exacte affirmée.
,,052,,052,partial,NACE_2.0 → ISIC_4 ; closeMatch ; source=eurostat-nace2-isic4. Validation métier requise ; aucune équivalence exacte affirmée.
,,0520,,0520,partial,NACE_2.0 → ISIC_4 ; closeMatch ; source=eurostat-nace2-isic4. Validation métier requise ; aucune équivalence exacte affirmée.
,,06,,06,partial,NACE_2.0 → ISIC_4 ; closeMatch ; source=eurostat-nace2-isic4. Validation métier requise ; aucune équivalence exacte affirmée.
,,061,,061,partial,NACE_2.0 → ISIC_4 ; closeMatch ; source=eurostat-nace2-isic4. Validation métier requise ; aucune équivalence exacte affirmée.
,,0610,,0610,partial,NACE_2.0 → ISIC_4 ; closeMatch ; source=eurostat-nace2-isic4. Validation métier requise ; aucune équivalence exacte affirmée.
,,062,,062,partial,NACE_2.0 → ISIC_4 ; closeMatch ; source=eurostat-nace2-isic4. Validation métier requise ; aucune équivalence exacte affirmée.
,,0620,,0620,partial,NACE_2.0 → ISIC_4 ; closeMatch ; source=eurostat-nace2-isic4. Validation métier requise ; aucune équivalence exacte affirmée.
,,07,,07,partial,NACE_2.0 → ISIC_4 ; closeMatch ; source=eurostat-nace2-isic4. Validation métier requise ; aucune équivalence exacte affirmée.
,,071,,071,partial,NACE_2.0 → ISIC_4 ; closeMatch ; source=eurostat-nace2-isic4. Validation métier requise ; aucune équivalence exacte affirmée.
,,0710,,0710,partial,NACE_2.0 → ISIC_4 ; closeMatch ; source=eurostat-nace2-isic4. Validation métier requise ; aucune équivalence exacte affirmée.
,,072,,072,partial,NACE_2.0 → ISIC_4 ; closeMatch ; source=eurostat-nace2-isic4. Validation métier requise ; aucune équivalence exacte affirmée.
,,0721,,0721,partial,NACE_2.0 → ISIC_4 ; closeMatch ; source=eurostat-nace2-isic4. Validation métier requise ; aucune équivalence exacte affirmée.
,,0729,,0729,partial,NACE_2.0 → ISIC_4 ; closeMatch ; source=eurostat-nace2-isic4. Validation métier requise ; aucune équivalence exacte affirmée.
,,08,,08,partial,NACE_2.0 → ISIC_4 ; closeMatch ; source=eurostat-nace2-isic4. Validation métier requise ; aucune équivalence exacte affirmée.
,,081,,081,partial,NACE_2.0 → ISIC_4 ; closeMatch ; source=eurostat-nace2-isic4. Validation métier requise ; aucune équivalence exacte affirmée.
,,0811,,0810,partial,NACE_2.0 → ISIC_4 ; closeMatch ; source=eurostat-nace2-isic4. Validation métier requise ; aucune équivalence exacte affirmée.
,,0812,,0810,partial,NACE_2.0 → ISIC_4 ; closeMatch ; source=eurostat-nace2-isic4. Validation métier requise ; aucune équivalence exacte affirmée.
,,089,,089,partial,NACE_2.0 → ISIC_4 ; closeMatch ; source=eurostat-nace2-isic4. Validation métier requise ; aucune équivalence exacte affirmée.
,,0891,,0891,partial,NACE_2.0 → ISIC_4 ; closeMatch ; source=eurostat-nace2-isic4. Validation métier requise ; aucune équivalence exacte affirmée.
,,0892,,0892,partial,NACE_2.0 → ISIC_4 ; closeMatch ; source=eurostat-nace2-isic4. Validation métier requise ; aucune équivalence exacte affirmée.
,,0893,,0893,partial,NACE_2.0 → ISIC_4 ; closeMatch ; source=eurostat-nace2-isic4. Validation métier requise ; aucune équivalence exacte affirmée.
,,0899,,0899,partial,NACE_2.0 → ISIC_4 ; closeMatch ; source=eurostat-nace2-isic4. Validation métier requise ; aucune équivalence exacte affirmée.
,,09,,09,partial,NACE_2.0 → ISIC_4 ; closeMatch ; source=eurostat-nace2-isic4. Validation métier requise ; aucune équivalence exacte affirmée.
,,091,,091,partial,NACE_2.0 → ISIC_4 ; closeMatch ; source=eurostat-nace2-isic4. Validation métier requise ; aucune équivalence exacte affirmée.
,,0910,,0910,partial,NACE_2.0 → ISIC_4 ; closeMatch ; source=eurostat-nace2-isic4. Validation métier requise ; aucune équivalence exacte affirmée.
,,099,,099,partial,NACE_2.0 → ISIC_4 ; closeMatch ; source=eurostat-nace2-isic4. Validation métier requise ; aucune équivalence exacte affirmée.
,,0990,,0990,partial,NACE_2.0 → ISIC_4 ; closeMatch ; source=eurostat-nace2-isic4. Validation métier requise ; aucune équivalence exacte affirmée.
,,10,,10,partial,NACE_2.0 → ISIC_4 ; closeMatch ; source=eurostat-nace2-isic4. Validation métier requise ; aucune équivalence exacte affirmée.
,,101,,101,partial,NACE_2.0 → ISIC_4 ; closeMatch ; source=eurostat-nace2-isic4. Validation métier requise ; aucune équivalence exacte affirmée.
,,1011,,1010,partial,NACE_2.0 → ISIC_4 ; closeMatch ; source=eurostat-nace2-isic4. Validation métier requise ; aucune équivalence exacte affirmée.
,,1012,,1010,partial,NACE_2.0 → ISIC_4 ; closeMatch ; source=eurostat-nace2-isic4. Validation métier requise ; aucune équivalence exacte affirmée.
,,1013,,1010,partial,NACE_2.0 → ISIC_4 ; closeMatch ; source=eurostat-nace2-isic4. Validation métier requise ; aucune équivalence exacte affirmée.
,,102,,102,partial,NACE_2.0 → ISIC_4 ; closeMatch ; source=eurostat-nace2-isic4. Validation métier requise ; aucune équivalence exacte affirmée.
,,1020,,1020,partial,NACE_2.0 → ISIC_4 ; closeMatch ; source=eurostat-nace2-isic4. Validation métier requise ; aucune équivalence exacte affirmée.
,,103,,103,partial,NACE_2.0 → ISIC_4 ; closeMatch ; source=eurostat-nace2-isic4. Validation métier requise ; aucune équivalence exacte affirmée.
,,1031,,1030,partial,NACE_2.0 → ISIC_4 ; closeMatch ; source=eurostat-nace2-isic4. Validation métier requise ; aucune équivalence exacte affirmée.
,,1032,,1030,partial,NACE_2.0 → ISIC_4 ; closeMatch ; source=eurostat-nace2-isic4. Validation métier requise ; aucune équivalence exacte affirmée.
,,1039,,1030,partial,NACE_2.0 → ISIC_4 ; closeMatch ; source=eurostat-nace2-isic4. Validation métier requise ; aucune équivalence exacte affirmée.
,,104,,104,partial,NACE_2.0 → ISIC_4 ; closeMatch ; source=eurostat-nace2-isic4. Validation métier requise ; aucune équivalence exacte affirmée.
,,1041,,1040,partial,NACE_2.0 → ISIC_4 ; closeMatch ; source=eurostat-nace2-isic4. Validation métier requise ; aucune équivalence exacte affirmée.
,,1042,,1040,partial,NACE_2.0 → ISIC_4 ; closeMatch ; source=eurostat-nace2-isic4. Validation métier requise ; aucune équivalence exacte affirmée.
,,105,,105,partial,NACE_2.0 → ISIC_4 ; closeMatch ; source=eurostat-nace2-isic4. Validation métier requise ; aucune équivalence exacte affirmée.
,,1051,,1050,partial,NACE_2.0 → ISIC_4 ; closeMatch ; source=eurostat-nace2-isic4. Validation métier requise ; aucune équivalence exacte affirmée.
,,1052,,1050,partial,NACE_2.0 → ISIC_4 ; closeMatch ; source=eurostat-nace2-isic4. Validation métier requise ; aucune équivalence exacte affirmée.
,,106,,106,partial,NACE_2.0 → ISIC_4 ; closeMatch ; source=eurostat-nace2-isic4. Validation métier requise ; aucune équivalence exacte affirmée.
,,1061,,1061,partial,NACE_2.0 → ISIC_4 ; closeMatch ; source=eurostat-nace2-isic4. Validation métier requise ; aucune équivalence exacte affirmée.
,,1062,,1062,partial,NACE_2.0 → ISIC_4 ; closeMatch ; source=eurostat-nace2-isic4. Validation métier requise ; aucune équivalence exacte affirmée.
,,107,,107,partial,NACE_2.0 → ISIC_4 ; closeMatch ; source=eurostat-nace2-isic4. Validation métier requise ; aucune équivalence exacte affirmée.
,,1071,,1071,partial,NACE_2.0 → ISIC_4 ; closeMatch ; source=eurostat-nace2-isic4. Validation métier requise ; aucune équivalence exacte affirmée.
,,1072,,1071,partial,NACE_2.0 → ISIC_4 ; closeMatch ; source=eurostat-nace2-isic4. Validation métier requise ; aucune équivalence exacte affirmée.
,,1073,,1074,partial,NACE_2.0 → ISIC_4 ; closeMatch ; source=eurostat-nace2-isic4. Validation métier requise ; aucune équivalence exacte affirmée.
,,108,,107,partial,NACE_2.0 → ISIC_4 ; closeMatch ; source=eurostat-nace2-isic4. Validation métier requise ; aucune équivalence exacte affirmée.
,,1081,,1072,partial,NACE_2.0 → ISIC_4 ; closeMatch ; source=eurostat-nace2-isic4. Validation métier requise ; aucune équivalence exacte affirmée.
,,1082,,1073,partial,NACE_2.0 → ISIC_4 ; closeMatch ; source=eurostat-nace2-isic4. Validation métier requise ; aucune équivalence exacte affirmée.
,,1083,,1079,partial,NACE_2.0 → ISIC_4 ; closeMatch ; source=eurostat-nace2-isic4. Validation métier requise ; aucune équivalence exacte affirmée.
,,1084,,1079,partial,NACE_2.0 → ISIC_4 ; closeMatch ; source=eurostat-nace2-isic4. Validation métier requise ; aucune équivalence exacte affirmée.
,,1085,,1075,partial,NACE_2.0 → ISIC_4 ; closeMatch ; source=eurostat-nace2-isic4. Validation métier requise ; aucune équivalence exacte affirmée.
,,1086,,1079,partial,NACE_2.0 → ISIC_4 ; closeMatch ; source=eurostat-nace2-isic4. Validation métier requise ; aucune équivalence exacte affirmée.
,,1089,,1079,partial,NACE_2.0 → ISIC_4 ; closeMatch ; source=eurostat-nace2-isic4. Validation métier requise ; aucune équivalence exacte affirmée.
,,109,,108,partial,NACE_2.0 → ISIC_4 ; closeMatch ; source=eurostat-nace2-isic4. Validation métier requise ; aucune équivalence exacte affirmée.
,,1091,,1080,partial,NACE_2.0 → ISIC_4 ; closeMatch ; source=eurostat-nace2-isic4. Validation métier requise ; aucune équivalence exacte affirmée.
,,1092,,1080,partial,NACE_2.0 → ISIC_4 ; closeMatch ; source=eurostat-nace2-isic4. Validation métier requise ; aucune équivalence exacte affirmée.
,,11,,11,partial,NACE_2.0 → ISIC_4 ; closeMatch ; source=eurostat-nace2-isic4. Validation métier requise ; aucune équivalence exacte affirmée.
,,110,,110,partial,NACE_2.0 → ISIC_4 ; closeMatch ; source=eurostat-nace2-isic4. Validation métier requise ; aucune équivalence exacte affirmée.
,,1101,,1101,partial,NACE_2.0 → ISIC_4 ; closeMatch ; source=eurostat-nace2-isic4. Validation métier requise ; aucune équivalence exacte affirmée.
,,1102,,1102,partial,NACE_2.0 → ISIC_4 ; closeMatch ; source=eurostat-nace2-isic4. Validation métier requise ; aucune équivalence exacte affirmée.
,,1103,,1102,partial,NACE_2.0 → ISIC_4 ; closeMatch ; source=eurostat-nace2-isic4. Validation métier requise ; aucune équivalence exacte affirmée.
,,1104,,1102,partial,NACE_2.0 → ISIC_4 ; closeMatch ; source=eurostat-nace2-isic4. Validation métier requise ; aucune équivalence exacte affirmée.
,,1105,,1103,partial,NACE_2.0 → ISIC_4 ; closeMatch ; source=eurostat-nace2-isic4. Validation métier requise ; aucune équivalence exacte affirmée.
,,1106,,1103,partial,NACE_2.0 → ISIC_4 ; closeMatch ; source=eurostat-nace2-isic4. Validation métier requise ; aucune équivalence exacte affirmée.
,,1107,,1104,partial,NACE_2.0 → ISIC_4 ; closeMatch ; source=eurostat-nace2-isic4. Validation métier requise ; aucune équivalence exacte affirmée.
,,12,,12,partial,NACE_2.0 → ISIC_4 ; closeMatch ; source=eurostat-nace2-isic4. Validation métier requise ; aucune équivalence exacte affirmée.
,,120,,120,partial,NACE_2.0 → ISIC_4 ; closeMatch ; source=eurostat-nace2-isic4. Validation métier requise ; aucune équivalence exacte affirmée.
,,1200,,1200,partial,NACE_2.0 → ISIC_4 ; closeMatch ; source=eurostat-nace2-isic4. Validation métier requise ; aucune équivalence exacte affirmée.
,,13,,13,partial,NACE_2.0 → ISIC_4 ; closeMatch ; source=eurostat-nace2-isic4. Validation métier requise ; aucune équivalence exacte affirmée.
,,131,,131,partial,NACE_2.0 → ISIC_4 ; closeMatch ; source=eurostat-nace2-isic4. Validation métier requise ; aucune équivalence exacte affirmée.
,,1310,,1311,partial,NACE_2.0 → ISIC_4 ; closeMatch ; source=eurostat-nace2-isic4. Validation métier requise ; aucune équivalence exacte affirmée.
,,132,,131,partial,NACE_2.0 → ISIC_4 ; closeMatch ; source=eurostat-nace2-isic4. Validation métier requise ; aucune équivalence exacte affirmée.
,,1320,,1312,partial,NACE_2.0 → ISIC_4 ; closeMatch ; source=eurostat-nace2-isic4. Validation métier requise ; aucune équivalence exacte affirmée.
,,133,,131,partial,NACE_2.0 → ISIC_4 ; closeMatch ; source=eurostat-nace2-isic4. Validation métier requise ; aucune équivalence exacte affirmée.
,,1330,,1313,partial,NACE_2.0 → ISIC_4 ; closeMatch ; source=eurostat-nace2-isic4. Validation métier requise ; aucune équivalence exacte affirmée.
,,139,,139,partial,NACE_2.0 → ISIC_4 ; closeMatch ; source=eurostat-nace2-isic4. Validation métier requise ; aucune équivalence exacte affirmée.
,,1391,,1391,partial,NACE_2.0 → ISIC_4 ; closeMatch ; source=eurostat-nace2-isic4. Validation métier requise ; aucune équivalence exacte affirmée.
,,1392,,1392,partial,NACE_2.0 → ISIC_4 ; closeMatch ; source=eurostat-nace2-isic4. Validation métier requise ; aucune équivalence exacte affirmée.
,,1393,,1393,partial,NACE_2.0 → ISIC_4 ; closeMatch ; source=eurostat-nace2-isic4. Validation métier requise ; aucune équivalence exacte affirmée.
,,1394,,1394,partial,NACE_2.0 → ISIC_4 ; closeMatch ; source=eurostat-nace2-isic4. Validation métier requise ; aucune équivalence exacte affirmée.
,,1395,,1399,partial,NACE_2.0 → ISIC_4 ; closeMatch ; source=eurostat-nace2-isic4. Validation métier requise ; aucune équivalence exacte affirmée.
,,1396,,1399,partial,NACE_2.0 → ISIC_4 ; closeMatch ; source=eurostat-nace2-isic4. Validation métier requise ; aucune équivalence exacte affirmée.
,,1399,,1399,partial,NACE_2.0 → ISIC_4 ; closeMatch ; source=eurostat-nace2-isic4. Validation métier requise ; aucune équivalence exacte affirmée.
,,14,,14,partial,NACE_2.0 → ISIC_4 ; closeMatch ; source=eurostat-nace2-isic4. Validation métier requise ; aucune équivalence exacte affirmée.
,,141,,141,partial,NACE_2.0 → ISIC_4 ; closeMatch ; source=eurostat-nace2-isic4. Validation métier requise ; aucune équivalence exacte affirmée.
,,1411,,1410,partial,NACE_2.0 → ISIC_4 ; closeMatch ; source=eurostat-nace2-isic4. Validation métier requise ; aucune équivalence exacte affirmée.
,,1412,,1410,partial,NACE_2.0 → ISIC_4 ; closeMatch ; source=eurostat-nace2-isic4. Validation métier requise ; aucune équivalence exacte affirmée.
,,1413,,1410,partial,NACE_2.0 → ISIC_4 ; closeMatch ; source=eurostat-nace2-isic4. Validation métier requise ; aucune équivalence exacte affirmée.
,,1414,,1410,partial,NACE_2.0 → ISIC_4 ; closeMatch ; source=eurostat-nace2-isic4. Validation métier requise ; aucune équivalence exacte affirmée.
,,1419,,1410,partial,NACE_2.0 → ISIC_4 ; closeMatch ; source=eurostat-nace2-isic4. Validation métier requise ; aucune équivalence exacte affirmée.
,,142,,142,partial,NACE_2.0 → ISIC_4 ; closeMatch ; source=eurostat-nace2-isic4. Validation métier requise ; aucune équivalence exacte affirmée.
,,1420,,1420,partial,NACE_2.0 → ISIC_4 ; closeMatch ; source=eurostat-nace2-isic4. Validation métier requise ; aucune équivalence exacte affirmée.
,,143,,143,partial,NACE_2.0 → ISIC_4 ; closeMatch ; source=eurostat-nace2-isic4. Validation métier requise ; aucune équivalence exacte affirmée.
,,1431,,1430,partial,NACE_2.0 → ISIC_4 ; closeMatch ; source=eurostat-nace2-isic4. Validation métier requise ; aucune équivalence exacte affirmée.
,,1439,,1430,partial,NACE_2.0 → ISIC_4 ; closeMatch ; source=eurostat-nace2-isic4. Validation métier requise ; aucune équivalence exacte affirmée.
,,15,,15,partial,NACE_2.0 → ISIC_4 ; closeMatch ; source=eurostat-nace2-isic4. Validation métier requise ; aucune équivalence exacte affirmée.
,,151,,151,partial,NACE_2.0 → ISIC_4 ; closeMatch ; source=eurostat-nace2-isic4. Validation métier requise ; aucune équivalence exacte affirmée.
,,1511,,1511,partial,NACE_2.0 → ISIC_4 ; closeMatch ; source=eurostat-nace2-isic4. Validation métier requise ; aucune équivalence exacte affirmée.
,,1512,,1512,partial,NACE_2.0 → ISIC_4 ; closeMatch ; source=eurostat-nace2-isic4. Validation métier requise ; aucune équivalence exacte affirmée.
,,152,,152,partial,NACE_2.0 → ISIC_4 ; closeMatch ; source=eurostat-nace2-isic4. Validation métier requise ; aucune équivalence exacte affirmée.
,,1520,,1520,partial,NACE_2.0 → ISIC_4 ; closeMatch ; source=eurostat-nace2-isic4. Validation métier requise ; aucune équivalence exacte affirmée.
,,16,,16,partial,NACE_2.0 → ISIC_4 ; closeMatch ; source=eurostat-nace2-isic4. Validation métier requise ; aucune équivalence exacte affirmée.
,,161,,161,partial,NACE_2.0 → ISIC_4 ; closeMatch ; source=eurostat-nace2-isic4. Validation métier requise ; aucune équivalence exacte affirmée.
,,1610,,1610,partial,NACE_2.0 → ISIC_4 ; closeMatch ; source=eurostat-nace2-isic4. Validation métier requise ; aucune équivalence exacte affirmée.
,,162,,162,partial,NACE_2.0 → ISIC_4 ; closeMatch ; source=eurostat-nace2-isic4. Validation métier requise ; aucune équivalence exacte affirmée.
,,1621,,1621,partial,NACE_2.0 → ISIC_4 ; closeMatch ; source=eurostat-nace2-isic4. Validation métier requise ; aucune équivalence exacte affirmée.
,,1622,,1622,partial,NACE_2.0 → ISIC_4 ; closeMatch ; source=eurostat-nace2-isic4. Validation métier requise ; aucune équivalence exacte affirmée.
,,1623,,1622,partial,NACE_2.0 → ISIC_4 ; closeMatch ; source=eurostat-nace2-isic4. Validation métier requise ; aucune équivalence exacte affirmée.
,,1624,,1623,partial,NACE_2.0 → ISIC_4 ; closeMatch ; source=eurostat-nace2-isic4. Validation métier requise ; aucune équivalence exacte affirmée.
,,1629,,1629,partial,NACE_2.0 → ISIC_4 ; closeMatch ; source=eurostat-nace2-isic4. Validation métier requise ; aucune équivalence exacte affirmée.
,,17,,17,partial,NACE_2.0 → ISIC_4 ; closeMatch ; source=eurostat-nace2-isic4. Validation métier requise ; aucune équivalence exacte affirmée.
,,171,,170,partial,NACE_2.0 → ISIC_4 ; closeMatch ; source=eurostat-nace2-isic4. Validation métier requise ; aucune équivalence exacte affirmée.
,,1711,,1701,partial,NACE_2.0 → ISIC_4 ; closeMatch ; source=eurostat-nace2-isic4. Validation métier requise ; aucune équivalence exacte affirmée.
,,1712,,1701,partial,NACE_2.0 → ISIC_4 ; closeMatch ; source=eurostat-nace2-isic4. Validation métier requise ; aucune équivalence exacte affirmée.
,,172,,170,partial,NACE_2.0 → ISIC_4 ; closeMatch ; source=eurostat-nace2-isic4. Validation métier requise ; aucune équivalence exacte affirmée.
,,1721,,1702,partial,NACE_2.0 → ISIC_4 ; closeMatch ; source=eurostat-nace2-isic4. Validation métier requise ; aucune équivalence exacte affirmée.
,,1722,,1709,partial,NACE_2.0 → ISIC_4 ; closeMatch ; source=eurostat-nace2-isic4. Validation métier requise ; aucune équivalence exacte affirmée.
,,1723,,1709,partial,NACE_2.0 → ISIC_4 ; closeMatch ; source=eurostat-nace2-isic4. Validation métier requise ; aucune équivalence exacte affirmée.
,,1724,,1709,partial,NACE_2.0 → ISIC_4 ; closeMatch ; source=eurostat-nace2-isic4. Validation métier requise ; aucune équivalence exacte affirmée.
,,1729,,1709,partial,NACE_2.0 → ISIC_4 ; closeMatch ; source=eurostat-nace2-isic4. Validation métier requise ; aucune équivalence exacte affirmée.
,,18,,18,partial,NACE_2.0 → ISIC_4 ; closeMatch ; source=eurostat-nace2-isic4. Validation métier requise ; aucune équivalence exacte affirmée.
,,181,,181,partial,NACE_2.0 → ISIC_4 ; closeMatch ; source=eurostat-nace2-isic4. Validation métier requise ; aucune équivalence exacte affirmée.
,,1811,,1811,partial,NACE_2.0 → ISIC_4 ; closeMatch ; source=eurostat-nace2-isic4. Validation métier requise ; aucune équivalence exacte affirmée.
,,1812,,1811,partial,NACE_2.0 → ISIC_4 ; closeMatch ; source=eurostat-nace2-isic4. Validation métier requise ; aucune équivalence exacte affirmée.
,,1813,,1812,partial,NACE_2.0 → ISIC_4 ; closeMatch ; source=eurostat-nace2-isic4. Validation métier requise ; aucune équivalence exacte affirmée.
,,1814,,1812,partial,NACE_2.0 → ISIC_4 ; closeMatch ; source=eurostat-nace2-isic4. Validation métier requise ; aucune équivalence exacte affirmée.
,,182,,182,partial,NACE_2.0 → ISIC_4 ; closeMatch ; source=eurostat-nace2-isic4. Validation métier requise ; aucune équivalence exacte affirmée.
,,1820,,1820,partial,NACE_2.0 → ISIC_4 ; closeMatch ; source=eurostat-nace2-isic4. Validation métier requise ; aucune équivalence exacte affirmée.
,,19,,19,partial,NACE_2.0 → ISIC_4 ; closeMatch ; source=eurostat-nace2-isic4. Validation métier requise ; aucune équivalence exacte affirmée.
,,191,,191,partial,NACE_2.0 → ISIC_4 ; closeMatch ; source=eurostat-nace2-isic4. Validation métier requise ; aucune équivalence exacte affirmée.
,,1910,,1910,partial,NACE_2.0 → ISIC_4 ; closeMatch ; source=eurostat-nace2-isic4. Validation métier requise ; aucune équivalence exacte affirmée.
,,192,,192,partial,NACE_2.0 → ISIC_4 ; closeMatch ; source=eurostat-nace2-isic4. Validation métier requise ; aucune équivalence exacte affirmée.
,,1920,,1920,partial,NACE_2.0 → ISIC_4 ; closeMatch ; source=eurostat-nace2-isic4. Validation métier requise ; aucune équivalence exacte affirmée.
,,20,,20,partial,NACE_2.0 → ISIC_4 ; closeMatch ; source=eurostat-nace2-isic4. Validation métier requise ; aucune équivalence exacte affirmée.
,,201,,201,partial,NACE_2.0 → ISIC_4 ; closeMatch ; source=eurostat-nace2-isic4. Validation métier requise ; aucune équivalence exacte affirmée.
,,2011,,2011,partial,NACE_2.0 → ISIC_4 ; closeMatch ; source=eurostat-nace2-isic4. Validation métier requise ; aucune équivalence exacte affirmée.
,,2012,,2011,partial,NACE_2.0 → ISIC_4 ; closeMatch ; source=eurostat-nace2-isic4. Validation métier requise ; aucune équivalence exacte affirmée.
,,2013,,2011,partial,NACE_2.0 → ISIC_4 ; closeMatch ; source=eurostat-nace2-isic4. Validation métier requise ; aucune équivalence exacte affirmée.
,,2014,,2011,partial,NACE_2.0 → ISIC_4 ; closeMatch ; source=eurostat-nace2-isic4. Validation métier requise ; aucune équivalence exacte affirmée.
,,2015,,2012,partial,NACE_2.0 → ISIC_4 ; closeMatch ; source=eurostat-nace2-isic4. Validation métier requise ; aucune équivalence exacte affirmée.
,,2016,,2013,partial,NACE_2.0 → ISIC_4 ; closeMatch ; source=eurostat-nace2-isic4. Validation métier requise ; aucune équivalence exacte affirmée.
,,2017,,2013,partial,NACE_2.0 → ISIC_4 ; closeMatch ; source=eurostat-nace2-isic4. Validation métier requise ; aucune équivalence exacte affirmée.
,,202,,202,partial,NACE_2.0 → ISIC_4 ; closeMatch ; source=eurostat-nace2-isic4. Validation métier requise ; aucune équivalence exacte affirmée.
,,2020,,2021,partial,NACE_2.0 → ISIC_4 ; closeMatch ; source=eurostat-nace2-isic4. Validation métier requise ; aucune équivalence exacte affirmée.
,,203,,202,partial,NACE_2.0 → ISIC_4 ; closeMatch ; source=eurostat-nace2-isic4. Validation métier requise ; aucune équivalence exacte affirmée.
,,2030,,2022,partial,NACE_2.0 → ISIC_4 ; closeMatch ; source=eurostat-nace2-isic4. Validation métier requise ; aucune équivalence exacte affirmée.
,,204,,202,partial,NACE_2.0 → ISIC_4 ; closeMatch ; source=eurostat-nace2-isic4. Validation métier requise ; aucune équivalence exacte affirmée.
,,2041,,2023,partial,NACE_2.0 → ISIC_4 ; closeMatch ; source=eurostat-nace2-isic4. Validation métier requise ; aucune équivalence exacte affirmée.
,,2042,,2023,partial,NACE_2.0 → ISIC_4 ; closeMatch ; source=eurostat-nace2-isic4. Validation métier requise ; aucune équivalence exacte affirmée.
,,205,,202,partial,NACE_2.0 → ISIC_4 ; closeMatch ; source=eurostat-nace2-isic4. Validation métier requise ; aucune équivalence exacte affirmée.
,,2051,,2029,partial,NACE_2.0 → ISIC_4 ; closeMatch ; source=eurostat-nace2-isic4. Validation métier requise ; aucune équivalence exacte affirmée.
,,2052,,2029,partial,NACE_2.0 → ISIC_4 ; closeMatch ; source=eurostat-nace2-isic4. Validation métier requise ; aucune équivalence exacte affirmée.
,,2053,,2029,partial,NACE_2.0 → ISIC_4 ; closeMatch ; source=eurostat-nace2-isic4. Validation métier requise ; aucune équivalence exacte affirmée.
,,2059,,2029,partial,NACE_2.0 → ISIC_4 ; closeMatch ; source=eurostat-nace2-isic4. Validation métier requise ; aucune équivalence exacte affirmée.
,,206,,203,partial,NACE_2.0 → ISIC_4 ; closeMatch ; source=eurostat-nace2-isic4. Validation métier requise ; aucune équivalence exacte affirmée.
,,2060,,2030,partial,NACE_2.0 → ISIC_4 ; closeMatch ; source=eurostat-nace2-isic4. Validation métier requise ; aucune équivalence exacte affirmée.
,,21,,21,partial,NACE_2.0 → ISIC_4 ; closeMatch ; source=eurostat-nace2-isic4. Validation métier requise ; aucune équivalence exacte affirmée.
,,211,,210,partial,NACE_2.0 → ISIC_4 ; closeMatch ; source=eurostat-nace2-isic4. Validation métier requise ; aucune équivalence exacte affirmée.
,,2110,,2100,partial,NACE_2.0 → ISIC_4 ; closeMatch ; source=eurostat-nace2-isic4. Validation métier requise ; aucune équivalence exacte affirmée.
,,212,,210,partial,NACE_2.0 → ISIC_4 ; closeMatch ; source=eurostat-nace2-isic4. Validation métier requise ; aucune équivalence exacte affirmée.
,,2120,,2100,partial,NACE_2.0 → ISIC_4 ; closeMatch ; source=eurostat-nace2-isic4. Validation métier requise ; aucune équivalence exacte affirmée.
,,22,,22,partial,NACE_2.0 → ISIC_4 ; closeMatch ; source=eurostat-nace2-isic4. Validation métier requise ; aucune équivalence exacte affirmée.
,,221,,221,partial,NACE_2.0 → ISIC_4 ; closeMatch ; source=eurostat-nace2-isic4. Validation métier requise ; aucune équivalence exacte affirmée.
,,2211,,2211,partial,NACE_2.0 → ISIC_4 ; closeMatch ; source=eurostat-nace2-isic4. Validation métier requise ; aucune équivalence exacte affirmée.
,,2219,,2219,partial,NACE_2.0 → ISIC_4 ; closeMatch ; source=eurostat-nace2-isic4. Validation métier requise ; aucune équivalence exacte affirmée.
,,222,,222,partial,NACE_2.0 → ISIC_4 ; closeMatch ; source=eurostat-nace2-isic4. Validation métier requise ; aucune équivalence exacte affirmée.
,,2221,,2220,partial,NACE_2.0 → ISIC_4 ; closeMatch ; source=eurostat-nace2-isic4. Validation métier requise ; aucune équivalence exacte affirmée.
,,2222,,2220,partial,NACE_2.0 → ISIC_4 ; closeMatch ; source=eurostat-nace2-isic4. Validation métier requise ; aucune équivalence exacte affirmée.
,,2223,,2220,partial,NACE_2.0 → ISIC_4 ; closeMatch ; source=eurostat-nace2-isic4. Validation métier requise ; aucune équivalence exacte affirmée.
,,2229,,2220,partial,NACE_2.0 → ISIC_4 ; closeMatch ; source=eurostat-nace2-isic4. Validation métier requise ; aucune équivalence exacte affirmée.
,,23,,23,partial,NACE_2.0 → ISIC_4 ; closeMatch ; source=eurostat-nace2-isic4. Validation métier requise ; aucune équivalence exacte affirmée.
,,231,,231,partial,NACE_2.0 → ISIC_4 ; closeMatch ; source=eurostat-nace2-isic4. Validation métier requise ; aucune équivalence exacte affirmée.
,,2311,,2310,partial,NACE_2.0 → ISIC_4 ; closeMatch ; source=eurostat-nace2-isic4. Validation métier requise ; aucune équivalence exacte affirmée.
,,2312,,2310,partial,NACE_2.0 → ISIC_4 ; closeMatch ; source=eurostat-nace2-isic4. Validation métier requise ; aucune équivalence exacte affirmée.
,,2313,,2310,partial,NACE_2.0 → ISIC_4 ; closeMatch ; source=eurostat-nace2-isic4. Validation métier requise ; aucune équivalence exacte affirmée.
,,2314,,2310,partial,NACE_2.0 → ISIC_4 ; closeMatch ; source=eurostat-nace2-isic4. Validation métier requise ; aucune équivalence exacte affirmée.
,,2319,,2310,partial,NACE_2.0 → ISIC_4 ; closeMatch ; source=eurostat-nace2-isic4. Validation métier requise ; aucune équivalence exacte affirmée.
,,232,,239,partial,NACE_2.0 → ISIC_4 ; closeMatch ; source=eurostat-nace2-isic4. Validation métier requise ; aucune équivalence exacte affirmée.
,,2320,,2391,partial,NACE_2.0 → ISIC_4 ; closeMatch ; source=eurostat-nace2-isic4. Validation métier requise ; aucune équivalence exacte affirmée.
,,233,,239,partial,NACE_2.0 → ISIC_4 ; closeMatch ; source=eurostat-nace2-isic4. Validation métier requise ; aucune équivalence exacte affirmée.
,,2331,,2392,partial,NACE_2.0 → ISIC_4 ; closeMatch ; source=eurostat-nace2-isic4. Validation métier requise ; aucune équivalence exacte affirmée.
,,2332,,2392,partial,NACE_2.0 → ISIC_4 ; closeMatch ; source=eurostat-nace2-isic4. Validation métier requise ; aucune équivalence exacte affirmée.
,,234,,239,partial,NACE_2.0 → ISIC_4 ; closeMatch ; source=eurostat-nace2-isic4. Validation métier requise ; aucune équivalence exacte affirmée.
,,2341,,2393,partial,NACE_2.0 → ISIC_4 ; closeMatch ; source=eurostat-nace2-isic4. Validation métier requise ; aucune équivalence exacte affirmée.
,,2342,,2393,partial,NACE_2.0 → ISIC_4 ; closeMatch ; source=eurostat-nace2-isic4. Validation métier requise ; aucune équivalence exacte affirmée.
,,2343,,2393,partial,NACE_2.0 → ISIC_4 ; closeMatch ; source=eurostat-nace2-isic4. Validation métier requise ; aucune équivalence exacte affirmée.
,,2344,,2393,partial,NACE_2.0 → ISIC_4 ; closeMatch ; source=eurostat-nace2-isic4. Validation métier requise ; aucune équivalence exacte affirmée.
,,2349,,2393,partial,NACE_2.0 → ISIC_4 ; closeMatch ; source=eurostat-nace2-isic4. Validation métier requise ; aucune équivalence exacte affirmée.
,,235,,239,partial,NACE_2.0 → ISIC_4 ; closeMatch ; source=eurostat-nace2-isic4. Validation métier requise ; aucune équivalence exacte affirmée.
,,2351,,2394,partial,NACE_2.0 → ISIC_4 ; closeMatch ; source=eurostat-nace2-isic4. Validation métier requise ; aucune équivalence exacte affirmée.
,,2352,,2394,partial,NACE_2.0 → ISIC_4 ; closeMatch ; source=eurostat-nace2-isic4. Validation métier requise ; aucune équivalence exacte affirmée.
,,236,,239,partial,NACE_2.0 → ISIC_4 ; closeMatch ; source=eurostat-nace2-isic4. Validation métier requise ; aucune équivalence exacte affirmée.
,,2361,,2395,partial,NACE_2.0 → ISIC_4 ; closeMatch ; source=eurostat-nace2-isic4. Validation métier requise ; aucune équivalence exacte affirmée.
,,2362,,2395,partial,NACE_2.0 → ISIC_4 ; closeMatch ; source=eurostat-nace2-isic4. Validation métier requise ; aucune équivalence exacte affirmée.
,,2363,,2395,partial,NACE_2.0 → ISIC_4 ; closeMatch ; source=eurostat-nace2-isic4. Validation métier requise ; aucune équivalence exacte affirmée.
,,2364,,2395,partial,NACE_2.0 → ISIC_4 ; closeMatch ; source=eurostat-nace2-isic4. Validation métier requise ; aucune équivalence exacte affirmée.
,,2365,,2395,partial,NACE_2.0 → ISIC_4 ; closeMatch ; source=eurostat-nace2-isic4. Validation métier requise ; aucune équivalence exacte affirmée.
,,2369,,2395,partial,NACE_2.0 → ISIC_4 ; closeMatch ; source=eurostat-nace2-isic4. Validation métier requise ; aucune équivalence exacte affirmée.
,,237,,239,partial,NACE_2.0 → ISIC_4 ; closeMatch ; source=eurostat-nace2-isic4. Validation métier requise ; aucune équivalence exacte affirmée.
,,2370,,2396,partial,NACE_2.0 → ISIC_4 ; closeMatch ; source=eurostat-nace2-isic4. Validation métier requise ; aucune équivalence exacte affirmée.
,,239,,239,partial,NACE_2.0 → ISIC_4 ; closeMatch ; source=eurostat-nace2-isic4. Validation métier requise ; aucune équivalence exacte affirmée.
,,2391,,2399,partial,NACE_2.0 → ISIC_4 ; closeMatch ; source=eurostat-nace2-isic4. Validation métier requise ; aucune équivalence exacte affirmée.
,,2399,,2399,partial,NACE_2.0 → ISIC_4 ; closeMatch ; source=eurostat-nace2-isic4. Validation métier requise ; aucune équivalence exacte affirmée.
,,24,,24,partial,NACE_2.0 → ISIC_4 ; closeMatch ; source=eurostat-nace2-isic4. Validation métier requise ; aucune équivalence exacte affirmée.
,,241,,241,partial,NACE_2.0 → ISIC_4 ; closeMatch ; source=eurostat-nace2-isic4. Validation métier requise ; aucune équivalence exacte affirmée.
,,2410,,2410,partial,NACE_2.0 → ISIC_4 ; closeMatch ; source=eurostat-nace2-isic4. Validation métier requise ; aucune équivalence exacte affirmée.
,,242,,241,partial,NACE_2.0 → ISIC_4 ; closeMatch ; source=eurostat-nace2-isic4. Validation métier requise ; aucune équivalence exacte affirmée.
,,2420,,2410,partial,NACE_2.0 → ISIC_4 ; closeMatch ; source=eurostat-nace2-isic4. Validation métier requise ; aucune équivalence exacte affirmée.
,,243,,241,partial,NACE_2.0 → ISIC_4 ; closeMatch ; source=eurostat-nace2-isic4. Validation métier requise ; aucune équivalence exacte affirmée.
,,2431,,2410,partial,NACE_2.0 → ISIC_4 ; closeMatch ; source=eurostat-nace2-isic4. Validation métier requise ; aucune équivalence exacte affirmée.
,,2432,,2410,partial,NACE_2.0 → ISIC_4 ; closeMatch ; source=eurostat-nace2-isic4. Validation métier requise ; aucune équivalence exacte affirmée.
,,2433,,2410,partial,NACE_2.0 → ISIC_4 ; closeMatch ; source=eurostat-nace2-isic4. Validation métier requise ; aucune équivalence exacte affirmée.
,,2434,,2410,partial,NACE_2.0 → ISIC_4 ; closeMatch ; source=eurostat-nace2-isic4. Validation métier requise ; aucune équivalence exacte affirmée.
,,244,,242,partial,NACE_2.0 → ISIC_4 ; closeMatch ; source=eurostat-nace2-isic4. Validation métier requise ; aucune équivalence exacte affirmée.
,,2441,,2420,partial,NACE_2.0 → ISIC_4 ; closeMatch ; source=eurostat-nace2-isic4. Validation métier requise ; aucune équivalence exacte affirmée.
,,2442,,2420,partial,NACE_2.0 → ISIC_4 ; closeMatch ; source=eurostat-nace2-isic4. Validation métier requise ; aucune équivalence exacte affirmée.
,,2443,,2420,partial,NACE_2.0 → ISIC_4 ; closeMatch ; source=eurostat-nace2-isic4. Validation métier requise ; aucune équivalence exacte affirmée.
,,2444,,2420,partial,NACE_2.0 → ISIC_4 ; closeMatch ; source=eurostat-nace2-isic4. Validation métier requise ; aucune équivalence exacte affirmée.
,,2445,,2420,partial,NACE_2.0 → ISIC_4 ; closeMatch ; source=eurostat-nace2-isic4. Validation métier requise ; aucune équivalence exacte affirmée.
,,2446,,2420,partial,NACE_2.0 → ISIC_4 ; closeMatch ; source=eurostat-nace2-isic4. Validation métier requise ; aucune équivalence exacte affirmée.
,,245,,243,partial,NACE_2.0 → ISIC_4 ; closeMatch ; source=eurostat-nace2-isic4. Validation métier requise ; aucune équivalence exacte affirmée.
,,2451,,2431,partial,NACE_2.0 → ISIC_4 ; closeMatch ; source=eurostat-nace2-isic4. Validation métier requise ; aucune équivalence exacte affirmée.
,,2452,,2431,partial,NACE_2.0 → ISIC_4 ; closeMatch ; source=eurostat-nace2-isic4. Validation métier requise ; aucune équivalence exacte affirmée.
,,2453,,2432,partial,NACE_2.0 → ISIC_4 ; closeMatch ; source=eurostat-nace2-isic4. Validation métier requise ; aucune équivalence exacte affirmée.
,,2454,,2432,partial,NACE_2.0 → ISIC_4 ; closeMatch ; source=eurostat-nace2-isic4. Validation métier requise ; aucune équivalence exacte affirmée.
,,25,,25,partial,NACE_2.0 → ISIC_4 ; closeMatch ; source=eurostat-nace2-isic4. Validation métier requise ; aucune équivalence exacte affirmée.
,,251,,251,partial,NACE_2.0 → ISIC_4 ; closeMatch ; source=eurostat-nace2-isic4. Validation métier requise ; aucune équivalence exacte affirmée.
,,2511,,2511,partial,NACE_2.0 → ISIC_4 ; closeMatch ; source=eurostat-nace2-isic4. Validation métier requise ; aucune équivalence exacte affirmée.
,,2512,,2511,partial,NACE_2.0 → ISIC_4 ; closeMatch ; source=eurostat-nace2-isic4. Validation métier requise ; aucune équivalence exacte affirmée.
,,252,,251,partial,NACE_2.0 → ISIC_4 ; closeMatch ; source=eurostat-nace2-isic4. Validation métier requise ; aucune équivalence exacte affirmée.
,,2521,,2512,partial,NACE_2.0 → ISIC_4 ; closeMatch ; source=eurostat-nace2-isic4. Validation métier requise ; aucune équivalence exacte affirmée.
,,2529,,2512,partial,NACE_2.0 → ISIC_4 ; closeMatch ; source=eurostat-nace2-isic4. Validation métier requise ; aucune équivalence exacte affirmée.
,,253,,251,partial,NACE_2.0 → ISIC_4 ; closeMatch ; source=eurostat-nace2-isic4. Validation métier requise ; aucune équivalence exacte affirmée.
,,2530,,2513,partial,NACE_2.0 → ISIC_4 ; closeMatch ; source=eurostat-nace2-isic4. Validation métier requise ; aucune équivalence exacte affirmée.
,,254,,252,partial,NACE_2.0 → ISIC_4 ; closeMatch ; source=eurostat-nace2-isic4. Validation métier requise ; aucune équivalence exacte affirmée.
,,2540,,2520,partial,NACE_2.0 → ISIC_4 ; closeMatch ; source=eurostat-nace2-isic4. Validation métier requise ; aucune équivalence exacte affirmée.
,,255,,259,partial,NACE_2.0 → ISIC_4 ; closeMatch ; source=eurostat-nace2-isic4. Validation métier requise ; aucune équivalence exacte affirmée.
,,2550,,2591,partial,NACE_2.0 → ISIC_4 ; closeMatch ; source=eurostat-nace2-isic4. Validation métier requise ; aucune équivalence exacte affirmée.
,,256,,259,partial,NACE_2.0 → ISIC_4 ; closeMatch ; source=eurostat-nace2-isic4. Validation métier requise ; aucune équivalence exacte affirmée.
,,2561,,2592,partial,NACE_2.0 → ISIC_4 ; closeMatch ; source=eurostat-nace2-isic4. Validation métier requise ; aucune équivalence exacte affirmée.
,,2562,,2592,partial,NACE_2.0 → ISIC_4 ; closeMatch ; source=eurostat-nace2-isic4. Validation métier requise ; aucune équivalence exacte affirmée.
,,257,,259,partial,NACE_2.0 → ISIC_4 ; closeMatch ; source=eurostat-nace2-isic4. Validation métier requise ; aucune équivalence exacte affirmée.
,,2571,,2593,partial,NACE_2.0 → ISIC_4 ; closeMatch ; source=eurostat-nace2-isic4. Validation métier requise ; aucune équivalence exacte affirmée.
,,2572,,2593,partial,NACE_2.0 → ISIC_4 ; closeMatch ; source=eurostat-nace2-isic4. Validation métier requise ; aucune équivalence exacte affirmée.
,,2573,,2593,partial,NACE_2.0 → ISIC_4 ; closeMatch ; source=eurostat-nace2-isic4. Validation métier requise ; aucune équivalence exacte affirmée.
,,259,,259,partial,NACE_2.0 → ISIC_4 ; closeMatch ; source=eurostat-nace2-isic4. Validation métier requise ; aucune équivalence exacte affirmée.
,,2591,,2599,partial,NACE_2.0 → ISIC_4 ; closeMatch ; source=eurostat-nace2-isic4. Validation métier requise ; aucune équivalence exacte affirmée.
,,2592,,2599,partial,NACE_2.0 → ISIC_4 ; closeMatch ; source=eurostat-nace2-isic4. Validation métier requise ; aucune équivalence exacte affirmée.
,,2593,,2599,partial,NACE_2.0 → ISIC_4 ; closeMatch ; source=eurostat-nace2-isic4. Validation métier requise ; aucune équivalence exacte affirmée.
,,2594,,2599,partial,NACE_2.0 → ISIC_4 ; closeMatch ; source=eurostat-nace2-isic4. Validation métier requise ; aucune équivalence exacte affirmée.
,,2599,,2599,partial,NACE_2.0 → ISIC_4 ; closeMatch ; source=eurostat-nace2-isic4. Validation métier requise ; aucune équivalence exacte affirmée.
,,26,,26,partial,NACE_2.0 → ISIC_4 ; closeMatch ; source=eurostat-nace2-isic4. Validation métier requise ; aucune équivalence exacte affirmée.
,,261,,261,partial,NACE_2.0 → ISIC_4 ; closeMatch ; source=eurostat-nace2-isic4. Validation métier requise ; aucune équivalence exacte affirmée.
,,2611,,2610,partial,NACE_2.0 → ISIC_4 ; closeMatch ; source=eurostat-nace2-isic4. Validation métier requise ; aucune équivalence exacte affirmée.
,,2612,,2610,partial,NACE_2.0 → ISIC_4 ; closeMatch ; source=eurostat-nace2-isic4. Validation métier requise ; aucune équivalence exacte affirmée.
,,262,,262,partial,NACE_2.0 → ISIC_4 ; closeMatch ; source=eurostat-nace2-isic4. Validation métier requise ; aucune équivalence exacte affirmée.
,,2620,,2620,partial,NACE_2.0 → ISIC_4 ; closeMatch ; source=eurostat-nace2-isic4. Validation métier requise ; aucune équivalence exacte affirmée.
,,263,,263,partial,NACE_2.0 → ISIC_4 ; closeMatch ; source=eurostat-nace2-isic4. Validation métier requise ; aucune équivalence exacte affirmée.
,,2630,,2630,partial,NACE_2.0 → ISIC_4 ; closeMatch ; source=eurostat-nace2-isic4. Validation métier requise ; aucune équivalence exacte affirmée.
,,264,,264,partial,NACE_2.0 → ISIC_4 ; closeMatch ; source=eurostat-nace2-isic4. Validation métier requise ; aucune équivalence exacte affirmée.
,,2640,,2640,partial,NACE_2.0 → ISIC_4 ; closeMatch ; source=eurostat-nace2-isic4. Validation métier requise ; aucune équivalence exacte affirmée.
,,265,,265,partial,NACE_2.0 → ISIC_4 ; closeMatch ; source=eurostat-nace2-isic4. Validation métier requise ; aucune équivalence exacte affirmée.
,,2651,,2651,partial,NACE_2.0 → ISIC_4 ; closeMatch ; source=eurostat-nace2-isic4. Validation métier requise ; aucune équivalence exacte affirmée.
,,2652,,2652,partial,NACE_2.0 → ISIC_4 ; closeMatch ; source=eurostat-nace2-isic4. Validation métier requise ; aucune équivalence exacte affirmée.
,,266,,266,partial,NACE_2.0 → ISIC_4 ; closeMatch ; source=eurostat-nace2-isic4. Validation métier requise ; aucune équivalence exacte affirmée.
,,2660,,2660,partial,NACE_2.0 → ISIC_4 ; closeMatch ; source=eurostat-nace2-isic4. Validation métier requise ; aucune équivalence exacte affirmée.
,,267,,267,partial,NACE_2.0 → ISIC_4 ; closeMatch ; source=eurostat-nace2-isic4. Validation métier requise ; aucune équivalence exacte affirmée.
,,2670,,2670,partial,NACE_2.0 → ISIC_4 ; closeMatch ; source=eurostat-nace2-isic4. Validation métier requise ; aucune équivalence exacte affirmée.
,,268,,268,partial,NACE_2.0 → ISIC_4 ; closeMatch ; source=eurostat-nace2-isic4. Validation métier requise ; aucune équivalence exacte affirmée.
,,2680,,2680,partial,NACE_2.0 → ISIC_4 ; closeMatch ; source=eurostat-nace2-isic4. Validation métier requise ; aucune équivalence exacte affirmée.
,,27,,27,partial,NACE_2.0 → ISIC_4 ; closeMatch ; source=eurostat-nace2-isic4. Validation métier requise ; aucune équivalence exacte affirmée.
,,271,,271,partial,NACE_2.0 → ISIC_4 ; closeMatch ; source=eurostat-nace2-isic4. Validation métier requise ; aucune équivalence exacte affirmée.
,,2711,,2710,partial,NACE_2.0 → ISIC_4 ; closeMatch ; source=eurostat-nace2-isic4. Validation métier requise ; aucune équivalence exacte affirmée.
,,2712,,2710,partial,NACE_2.0 → ISIC_4 ; closeMatch ; source=eurostat-nace2-isic4. Validation métier requise ; aucune équivalence exacte affirmée.
,,272,,272,partial,NACE_2.0 → ISIC_4 ; closeMatch ; source=eurostat-nace2-isic4. Validation métier requise ; aucune équivalence exacte affirmée.
,,2720,,2720,partial,NACE_2.0 → ISIC_4 ; closeMatch ; source=eurostat-nace2-isic4. Validation métier requise ; aucune équivalence exacte affirmée.
,,273,,273,partial,NACE_2.0 → ISIC_4 ; closeMatch ; source=eurostat-nace2-isic4. Validation métier requise ; aucune équivalence exacte affirmée.
,,2731,,2731,partial,NACE_2.0 → ISIC_4 ; closeMatch ; source=eurostat-nace2-isic4. Validation métier requise ; aucune équivalence exacte affirmée.
,,2732,,2732,partial,NACE_2.0 → ISIC_4 ; closeMatch ; source=eurostat-nace2-isic4. Validation métier requise ; aucune équivalence exacte affirmée.
,,2733,,2733,partial,NACE_2.0 → ISIC_4 ; closeMatch ; source=eurostat-nace2-isic4. Validation métier requise ; aucune équivalence exacte affirmée.
,,274,,274,partial,NACE_2.0 → ISIC_4 ; closeMatch ; source=eurostat-nace2-isic4. Validation métier requise ; aucune équivalence exacte affirmée.
,,2740,,2740,partial,NACE_2.0 → ISIC_4 ; closeMatch ; source=eurostat-nace2-isic4. Validation métier requise ; aucune équivalence exacte affirmée.
,,275,,275,partial,NACE_2.0 → ISIC_4 ; closeMatch ; source=eurostat-nace2-isic4. Validation métier requise ; aucune équivalence exacte affirmée.
,,2751,,2750,partial,NACE_2.0 → ISIC_4 ; closeMatch ; source=eurostat-nace2-isic4. Validation métier requise ; aucune équivalence exacte affirmée.
,,2752,,2750,partial,NACE_2.0 → ISIC_4 ; closeMatch ; source=eurostat-nace2-isic4. Validation métier requise ; aucune équivalence exacte affirmée.
,,279,,279,partial,NACE_2.0 → ISIC_4 ; closeMatch ; source=eurostat-nace2-isic4. Validation métier requise ; aucune équivalence exacte affirmée.
,,2790,,2790,partial,NACE_2.0 → ISIC_4 ; closeMatch ; source=eurostat-nace2-isic4. Validation métier requise ; aucune équivalence exacte affirmée.
,,28,,28,partial,NACE_2.0 → ISIC_4 ; closeMatch ; source=eurostat-nace2-isic4. Validation métier requise ; aucune équivalence exacte affirmée.
,,281,,281,partial,NACE_2.0 → ISIC_4 ; closeMatch ; source=eurostat-nace2-isic4. Validation métier requise ; aucune équivalence exacte affirmée.
,,2811,,2811,partial,NACE_2.0 → ISIC_4 ; closeMatch ; source=eurostat-nace2-isic4. Validation métier requise ; aucune équivalence exacte affirmée.
,,2812,,2812,partial,NACE_2.0 → ISIC_4 ; closeMatch ; source=eurostat-nace2-isic4. Validation métier requise ; aucune équivalence exacte affirmée.
,,2813,,2813,partial,NACE_2.0 → ISIC_4 ; closeMatch ; source=eurostat-nace2-isic4. Validation métier requise ; aucune équivalence exacte affirmée.
,,2814,,2813,partial,NACE_2.0 → ISIC_4 ; closeMatch ; source=eurostat-nace2-isic4. Validation métier requise ; aucune équivalence exacte affirmée.
,,2815,,2814,partial,NACE_2.0 → ISIC_4 ; closeMatch ; source=eurostat-nace2-isic4. Validation métier requise ; aucune équivalence exacte affirmée.
,,282,,281,partial,NACE_2.0 → ISIC_4 ; closeMatch ; source=eurostat-nace2-isic4. Validation métier requise ; aucune équivalence exacte affirmée.
,,2821,,2815,partial,NACE_2.0 → ISIC_4 ; closeMatch ; source=eurostat-nace2-isic4. Validation métier requise ; aucune équivalence exacte affirmée.
,,2822,,2816,partial,NACE_2.0 → ISIC_4 ; closeMatch ; source=eurostat-nace2-isic4. Validation métier requise ; aucune équivalence exacte affirmée.
,,2823,,2817,partial,NACE_2.0 → ISIC_4 ; closeMatch ; source=eurostat-nace2-isic4. Validation métier requise ; aucune équivalence exacte affirmée.
,,2824,,2818,partial,NACE_2.0 → ISIC_4 ; closeMatch ; source=eurostat-nace2-isic4. Validation métier requise ; aucune équivalence exacte affirmée.
,,2825,,2819,partial,NACE_2.0 → ISIC_4 ; closeMatch ; source=eurostat-nace2-isic4. Validation métier requise ; aucune équivalence exacte affirmée.
,,2829,,2819,partial,NACE_2.0 → ISIC_4 ; closeMatch ; source=eurostat-nace2-isic4. Validation métier requise ; aucune équivalence exacte affirmée.
,,283,,282,partial,NACE_2.0 → ISIC_4 ; closeMatch ; source=eurostat-nace2-isic4. Validation métier requise ; aucune équivalence exacte affirmée.
,,2830,,2821,partial,NACE_2.0 → ISIC_4 ; closeMatch ; source=eurostat-nace2-isic4. Validation métier requise ; aucune équivalence exacte affirmée.
,,284,,282,partial,NACE_2.0 → ISIC_4 ; closeMatch ; source=eurostat-nace2-isic4. Validation métier requise ; aucune équivalence exacte affirmée.
,,2841,,2822,partial,NACE_2.0 → ISIC_4 ; closeMatch ; source=eurostat-nace2-isic4. Validation métier requise ; aucune équivalence exacte affirmée.
,,2849,,2822,partial,NACE_2.0 → ISIC_4 ; closeMatch ; source=eurostat-nace2-isic4. Validation métier requise ; aucune équivalence exacte affirmée.
,,289,,282,partial,NACE_2.0 → ISIC_4 ; closeMatch ; source=eurostat-nace2-isic4. Validation métier requise ; aucune équivalence exacte affirmée.
,,2891,,2823,partial,NACE_2.0 → ISIC_4 ; closeMatch ; source=eurostat-nace2-isic4. Validation métier requise ; aucune équivalence exacte affirmée.
,,2892,,2824,partial,NACE_2.0 → ISIC_4 ; closeMatch ; source=eurostat-nace2-isic4. Validation métier requise ; aucune équivalence exacte affirmée.
,,2893,,2825,partial,NACE_2.0 → ISIC_4 ; closeMatch ; source=eurostat-nace2-isic4. Validation métier requise ; aucune équivalence exacte affirmée.
,,2894,,2826,partial,NACE_2.0 → ISIC_4 ; closeMatch ; source=eurostat-nace2-isic4. Validation métier requise ; aucune équivalence exacte affirmée.
,,2895,,2829,partial,NACE_2.0 → ISIC_4 ; closeMatch ; source=eurostat-nace2-isic4. Validation métier requise ; aucune équivalence exacte affirmée.
,,2896,,2829,partial,NACE_2.0 → ISIC_4 ; closeMatch ; source=eurostat-nace2-isic4. Validation métier requise ; aucune équivalence exacte affirmée.
,,2899,,2829,partial,NACE_2.0 → ISIC_4 ; closeMatch ; source=eurostat-nace2-isic4. Validation métier requise ; aucune équivalence exacte affirmée.
,,29,,29,partial,NACE_2.0 → ISIC_4 ; closeMatch ; source=eurostat-nace2-isic4. Validation métier requise ; aucune équivalence exacte affirmée.
,,291,,291,partial,NACE_2.0 → ISIC_4 ; closeMatch ; source=eurostat-nace2-isic4. Validation métier requise ; aucune équivalence exacte affirmée.
,,2910,,2910,partial,NACE_2.0 → ISIC_4 ; closeMatch ; source=eurostat-nace2-isic4. Validation métier requise ; aucune équivalence exacte affirmée.
,,292,,292,partial,NACE_2.0 → ISIC_4 ; closeMatch ; source=eurostat-nace2-isic4. Validation métier requise ; aucune équivalence exacte affirmée.
,,2920,,2920,partial,NACE_2.0 → ISIC_4 ; closeMatch ; source=eurostat-nace2-isic4. Validation métier requise ; aucune équivalence exacte affirmée.
,,293,,293,partial,NACE_2.0 → ISIC_4 ; closeMatch ; source=eurostat-nace2-isic4. Validation métier requise ; aucune équivalence exacte affirmée.
,,2931,,2930,partial,NACE_2.0 → ISIC_4 ; closeMatch ; source=eurostat-nace2-isic4. Validation métier requise ; aucune équivalence exacte affirmée.
,,2932,,2930,partial,NACE_2.0 → ISIC_4 ; closeMatch ; source=eurostat-nace2-isic4. Validation métier requise ; aucune équivalence exacte affirmée.
,,30,,30,partial,NACE_2.0 → ISIC_4 ; closeMatch ; source=eurostat-nace2-isic4. Validation métier requise ; aucune équivalence exacte affirmée.
,,301,,301,partial,NACE_2.0 → ISIC_4 ; closeMatch ; source=eurostat-nace2-isic4. Validation métier requise ; aucune équivalence exacte affirmée.
,,3011,,3011,partial,NACE_2.0 → ISIC_4 ; closeMatch ; source=eurostat-nace2-isic4. Validation métier requise ; aucune équivalence exacte affirmée.
,,3012,,3012,partial,NACE_2.0 → ISIC_4 ; closeMatch ; source=eurostat-nace2-isic4. Validation métier requise ; aucune équivalence exacte affirmée.
,,302,,302,partial,NACE_2.0 → ISIC_4 ; closeMatch ; source=eurostat-nace2-isic4. Validation métier requise ; aucune équivalence exacte affirmée.
,,3020,,3020,partial,NACE_2.0 → ISIC_4 ; closeMatch ; source=eurostat-nace2-isic4. Validation métier requise ; aucune équivalence exacte affirmée.
,,303,,303,partial,NACE_2.0 → ISIC_4 ; closeMatch ; source=eurostat-nace2-isic4. Validation métier requise ; aucune équivalence exacte affirmée.
,,3030,,3030,partial,NACE_2.0 → ISIC_4 ; closeMatch ; source=eurostat-nace2-isic4. Validation métier requise ; aucune équivalence exacte affirmée.
,,304,,304,partial,NACE_2.0 → ISIC_4 ; closeMatch ; source=eurostat-nace2-isic4. Validation métier requise ; aucune équivalence exacte affirmée.
,,3040,,3040,partial,NACE_2.0 → ISIC_4 ; closeMatch ; source=eurostat-nace2-isic4. Validation métier requise ; aucune équivalence exacte affirmée.
,,309,,309,partial,NACE_2.0 → ISIC_4 ; closeMatch ; source=eurostat-nace2-isic4. Validation métier requise ; aucune équivalence exacte affirmée.
,,3091,,3091,partial,NACE_2.0 → ISIC_4 ; closeMatch ; source=eurostat-nace2-isic4. Validation métier requise ; aucune équivalence exacte affirmée.
,,3092,,3092,partial,NACE_2.0 → ISIC_4 ; closeMatch ; source=eurostat-nace2-isic4. Validation métier requise ; aucune équivalence exacte affirmée.
,,3099,,3099,partial,NACE_2.0 → ISIC_4 ; closeMatch ; source=eurostat-nace2-isic4. Validation métier requise ; aucune équivalence exacte affirmée.
,,31,,31,partial,NACE_2.0 → ISIC_4 ; closeMatch ; source=eurostat-nace2-isic4. Validation métier requise ; aucune équivalence exacte affirmée.
,,310,,310,partial,NACE_2.0 → ISIC_4 ; closeMatch ; source=eurostat-nace2-isic4. Validation métier requise ; aucune équivalence exacte affirmée.
,,3101,,3100,partial,NACE_2.0 → ISIC_4 ; closeMatch ; source=eurostat-nace2-isic4. Validation métier requise ; aucune équivalence exacte affirmée.
,,3102,,3100,partial,NACE_2.0 → ISIC_4 ; closeMatch ; source=eurostat-nace2-isic4. Validation métier requise ; aucune équivalence exacte affirmée.
,,3103,,3100,partial,NACE_2.0 → ISIC_4 ; closeMatch ; source=eurostat-nace2-isic4. Validation métier requise ; aucune équivalence exacte affirmée.
,,3109,,3100,partial,NACE_2.0 → ISIC_4 ; closeMatch ; source=eurostat-nace2-isic4. Validation métier requise ; aucune équivalence exacte affirmée.
,,32,,32,partial,NACE_2.0 → ISIC_4 ; closeMatch ; source=eurostat-nace2-isic4. Validation métier requise ; aucune équivalence exacte affirmée.
,,321,,321,partial,NACE_2.0 → ISIC_4 ; closeMatch ; source=eurostat-nace2-isic4. Validation métier requise ; aucune équivalence exacte affirmée.
,,3211,,3211,partial,NACE_2.0 → ISIC_4 ; closeMatch ; source=eurostat-nace2-isic4. Validation métier requise ; aucune équivalence exacte affirmée.
,,3212,,3211,partial,NACE_2.0 → ISIC_4 ; closeMatch ; source=eurostat-nace2-isic4. Validation métier requise ; aucune équivalence exacte affirmée.
,,3213,,3212,partial,NACE_2.0 → ISIC_4 ; closeMatch ; source=eurostat-nace2-isic4. Validation métier requise ; aucune équivalence exacte affirmée.
,,322,,322,partial,NACE_2.0 → ISIC_4 ; closeMatch ; source=eurostat-nace2-isic4. Validation métier requise ; aucune équivalence exacte affirmée.
,,3220,,3220,partial,NACE_2.0 → ISIC_4 ; closeMatch ; source=eurostat-nace2-isic4. Validation métier requise ; aucune équivalence exacte affirmée.
,,323,,323,partial,NACE_2.0 → ISIC_4 ; closeMatch ; source=eurostat-nace2-isic4. Validation métier requise ; aucune équivalence exacte affirmée.
,,3230,,3230,partial,NACE_2.0 → ISIC_4 ; closeMatch ; source=eurostat-nace2-isic4. Validation métier requise ; aucune équivalence exacte affirmée.
,,324,,324,partial,NACE_2.0 → ISIC_4 ; closeMatch ; source=eurostat-nace2-isic4. Validation métier requise ; aucune équivalence exacte affirmée.
,,3240,,3240,partial,NACE_2.0 → ISIC_4 ; closeMatch ; source=eurostat-nace2-isic4. Validation métier requise ; aucune équivalence exacte affirmée.
,,325,,325,partial,NACE_2.0 → ISIC_4 ; closeMatch ; source=eurostat-nace2-isic4. Validation métier requise ; aucune équivalence exacte affirmée.
,,3250,,3250,partial,NACE_2.0 → ISIC_4 ; closeMatch ; source=eurostat-nace2-isic4. Validation métier requise ; aucune équivalence exacte affirmée.
,,329,,329,partial,NACE_2.0 → ISIC_4 ; closeMatch ; source=eurostat-nace2-isic4. Validation métier requise ; aucune équivalence exacte affirmée.
,,3291,,3290,partial,NACE_2.0 → ISIC_4 ; closeMatch ; source=eurostat-nace2-isic4. Validation métier requise ; aucune équivalence exacte affirmée.
,,3299,,3290,partial,NACE_2.0 → ISIC_4 ; closeMatch ; source=eurostat-nace2-isic4. Validation métier requise ; aucune équivalence exacte affirmée.
,,33,,33,partial,NACE_2.0 → ISIC_4 ; closeMatch ; source=eurostat-nace2-isic4. Validation métier requise ; aucune équivalence exacte affirmée.
,,331,,331,partial,NACE_2.0 → ISIC_4 ; closeMatch ; source=eurostat-nace2-isic4. Validation métier requise ; aucune équivalence exacte affirmée.
,,3311,,3311,partial,NACE_2.0 → ISIC_4 ; closeMatch ; source=eurostat-nace2-isic4. Validation métier requise ; aucune équivalence exacte affirmée.
,,3312,,3312,partial,NACE_2.0 → ISIC_4 ; closeMatch ; source=eurostat-nace2-isic4. Validation métier requise ; aucune équivalence exacte affirmée.
,,3313,,3313,partial,NACE_2.0 → ISIC_4 ; closeMatch ; source=eurostat-nace2-isic4. Validation métier requise ; aucune équivalence exacte affirmée.
,,3314,,3314,partial,NACE_2.0 → ISIC_4 ; closeMatch ; source=eurostat-nace2-isic4. Validation métier requise ; aucune équivalence exacte affirmée.
,,3315,,3315,partial,NACE_2.0 → ISIC_4 ; closeMatch ; source=eurostat-nace2-isic4. Validation métier requise ; aucune équivalence exacte affirmée.
,,3316,,3315,partial,NACE_2.0 → ISIC_4 ; closeMatch ; source=eurostat-nace2-isic4. Validation métier requise ; aucune équivalence exacte affirmée.
,,3317,,3315,partial,NACE_2.0 → ISIC_4 ; closeMatch ; source=eurostat-nace2-isic4. Validation métier requise ; aucune équivalence exacte affirmée.
,,3319,,3319,partial,NACE_2.0 → ISIC_4 ; closeMatch ; source=eurostat-nace2-isic4. Validation métier requise ; aucune équivalence exacte affirmée.
,,332,,332,partial,NACE_2.0 → ISIC_4 ; closeMatch ; source=eurostat-nace2-isic4. Validation métier requise ; aucune équivalence exacte affirmée.
,,3320,,3320,partial,NACE_2.0 → ISIC_4 ; closeMatch ; source=eurostat-nace2-isic4. Validation métier requise ; aucune équivalence exacte affirmée.
,,35,,35,partial,NACE_2.0 → ISIC_4 ; closeMatch ; source=eurostat-nace2-isic4. Validation métier requise ; aucune équivalence exacte affirmée.
,,351,,351,partial,NACE_2.0 → ISIC_4 ; closeMatch ; source=eurostat-nace2-isic4. Validation métier requise ; aucune équivalence exacte affirmée.
,,3511,,3510,partial,NACE_2.0 → ISIC_4 ; closeMatch ; source=eurostat-nace2-isic4. Validation métier requise ; aucune équivalence exacte affirmée.
,,3512,,3510,partial,NACE_2.0 → ISIC_4 ; closeMatch ; source=eurostat-nace2-isic4. Validation métier requise ; aucune équivalence exacte affirmée.
,,3513,,3510,partial,NACE_2.0 → ISIC_4 ; closeMatch ; source=eurostat-nace2-isic4. Validation métier requise ; aucune équivalence exacte affirmée.
,,3514,,3510,partial,NACE_2.0 → ISIC_4 ; closeMatch ; source=eurostat-nace2-isic4. Validation métier requise ; aucune équivalence exacte affirmée.
,,352,,352,partial,NACE_2.0 → ISIC_4 ; closeMatch ; source=eurostat-nace2-isic4. Validation métier requise ; aucune équivalence exacte affirmée.
,,3521,,3520,partial,NACE_2.0 → ISIC_4 ; closeMatch ; source=eurostat-nace2-isic4. Validation métier requise ; aucune équivalence exacte affirmée.
,,3522,,3520,partial,NACE_2.0 → ISIC_4 ; closeMatch ; source=eurostat-nace2-isic4. Validation métier requise ; aucune équivalence exacte affirmée.
,,3523,,3520,partial,NACE_2.0 → ISIC_4 ; closeMatch ; source=eurostat-nace2-isic4. Validation métier requise ; aucune équivalence exacte affirmée.
,,353,,353,partial,NACE_2.0 → ISIC_4 ; closeMatch ; source=eurostat-nace2-isic4. Validation métier requise ; aucune équivalence exacte affirmée.
,,3530,,3530,partial,NACE_2.0 → ISIC_4 ; closeMatch ; source=eurostat-nace2-isic4. Validation métier requise ; aucune équivalence exacte affirmée.
,,36,,36,partial,NACE_2.0 → ISIC_4 ; closeMatch ; source=eurostat-nace2-isic4. Validation métier requise ; aucune équivalence exacte affirmée.
,,360,,360,partial,NACE_2.0 → ISIC_4 ; closeMatch ; source=eurostat-nace2-isic4. Validation métier requise ; aucune équivalence exacte affirmée.
,,3600,,3600,partial,NACE_2.0 → ISIC_4 ; closeMatch ; source=eurostat-nace2-isic4. Validation métier requise ; aucune équivalence exacte affirmée.
,,37,,37,partial,NACE_2.0 → ISIC_4 ; closeMatch ; source=eurostat-nace2-isic4. Validation métier requise ; aucune équivalence exacte affirmée.
,,370,,370,partial,NACE_2.0 → ISIC_4 ; closeMatch ; source=eurostat-nace2-isic4. Validation métier requise ; aucune équivalence exacte affirmée.
,,3700,,3700,partial,NACE_2.0 → ISIC_4 ; closeMatch ; source=eurostat-nace2-isic4. Validation métier requise ; aucune équivalence exacte affirmée.
,,38,,38,partial,NACE_2.0 → ISIC_4 ; closeMatch ; source=eurostat-nace2-isic4. Validation métier requise ; aucune équivalence exacte affirmée.
,,381,,381,partial,NACE_2.0 → ISIC_4 ; closeMatch ; source=eurostat-nace2-isic4. Validation métier requise ; aucune équivalence exacte affirmée.
,,3811,,3811,partial,NACE_2.0 → ISIC_4 ; closeMatch ; source=eurostat-nace2-isic4. Validation métier requise ; aucune équivalence exacte affirmée.
,,3812,,3812,partial,NACE_2.0 → ISIC_4 ; closeMatch ; source=eurostat-nace2-isic4. Validation métier requise ; aucune équivalence exacte affirmée.
,,382,,382,partial,NACE_2.0 → ISIC_4 ; closeMatch ; source=eurostat-nace2-isic4. Validation métier requise ; aucune équivalence exacte affirmée.
,,3821,,3821,partial,NACE_2.0 → ISIC_4 ; closeMatch ; source=eurostat-nace2-isic4. Validation métier requise ; aucune équivalence exacte affirmée.
,,3822,,3822,partial,NACE_2.0 → ISIC_4 ; closeMatch ; source=eurostat-nace2-isic4. Validation métier requise ; aucune équivalence exacte affirmée.
,,383,,383,partial,NACE_2.0 → ISIC_4 ; closeMatch ; source=eurostat-nace2-isic4. Validation métier requise ; aucune équivalence exacte affirmée.
,,3831,,3830,partial,NACE_2.0 → ISIC_4 ; closeMatch ; source=eurostat-nace2-isic4. Validation métier requise ; aucune équivalence exacte affirmée.
,,3832,,3830,partial,NACE_2.0 → ISIC_4 ; closeMatch ; source=eurostat-nace2-isic4. Validation métier requise ; aucune équivalence exacte affirmée.
,,39,,39,partial,NACE_2.0 → ISIC_4 ; closeMatch ; source=eurostat-nace2-isic4. Validation métier requise ; aucune équivalence exacte affirmée.
,,390,,390,partial,NACE_2.0 → ISIC_4 ; closeMatch ; source=eurostat-nace2-isic4. Validation métier requise ; aucune équivalence exacte affirmée.
,,3900,,3900,partial,NACE_2.0 → ISIC_4 ; closeMatch ; source=eurostat-nace2-isic4. Validation métier requise ; aucune équivalence exacte affirmée.
,,41,,41,partial,NACE_2.0 → ISIC_4 ; closeMatch ; source=eurostat-nace2-isic4. Validation métier requise ; aucune équivalence exacte affirmée.
,,411,,410,partial,NACE_2.0 → ISIC_4 ; closeMatch ; source=eurostat-nace2-isic4. Validation métier requise ; aucune équivalence exacte affirmée.
,,4110,,4100,partial,NACE_2.0 → ISIC_4 ; closeMatch ; source=eurostat-nace2-isic4. Validation métier requise ; aucune équivalence exacte affirmée.
,,412,,410,partial,NACE_2.0 → ISIC_4 ; closeMatch ; source=eurostat-nace2-isic4. Validation métier requise ; aucune équivalence exacte affirmée.
,,4120,,4100,partial,NACE_2.0 → ISIC_4 ; closeMatch ; source=eurostat-nace2-isic4. Validation métier requise ; aucune équivalence exacte affirmée.
,,42,,42,partial,NACE_2.0 → ISIC_4 ; closeMatch ; source=eurostat-nace2-isic4. Validation métier requise ; aucune équivalence exacte affirmée.
,,421,,421,partial,NACE_2.0 → ISIC_4 ; closeMatch ; source=eurostat-nace2-isic4. Validation métier requise ; aucune équivalence exacte affirmée.
,,4211,,4210,partial,NACE_2.0 → ISIC_4 ; closeMatch ; source=eurostat-nace2-isic4. Validation métier requise ; aucune équivalence exacte affirmée.
,,4212,,4210,partial,NACE_2.0 → ISIC_4 ; closeMatch ; source=eurostat-nace2-isic4. Validation métier requise ; aucune équivalence exacte affirmée.
,,4213,,4210,partial,NACE_2.0 → ISIC_4 ; closeMatch ; source=eurostat-nace2-isic4. Validation métier requise ; aucune équivalence exacte affirmée.
,,422,,422,partial,NACE_2.0 → ISIC_4 ; closeMatch ; source=eurostat-nace2-isic4. Validation métier requise ; aucune équivalence exacte affirmée.
,,4221,,4220,partial,NACE_2.0 → ISIC_4 ; closeMatch ; source=eurostat-nace2-isic4. Validation métier requise ; aucune équivalence exacte affirmée.
,,4222,,4220,partial,NACE_2.0 → ISIC_4 ; closeMatch ; source=eurostat-nace2-isic4. Validation métier requise ; aucune équivalence exacte affirmée.
,,429,,429,partial,NACE_2.0 → ISIC_4 ; closeMatch ; source=eurostat-nace2-isic4. Validation métier requise ; aucune équivalence exacte affirmée.
,,4291,,4290,partial,NACE_2.0 → ISIC_4 ; closeMatch ; source=eurostat-nace2-isic4. Validation métier requise ; aucune équivalence exacte affirmée.
,,4299,,4290,partial,NACE_2.0 → ISIC_4 ; closeMatch ; source=eurostat-nace2-isic4. Validation métier requise ; aucune équivalence exacte affirmée.
,,43,,43,partial,NACE_2.0 → ISIC_4 ; closeMatch ; source=eurostat-nace2-isic4. Validation métier requise ; aucune équivalence exacte affirmée.
,,431,,431,partial,NACE_2.0 → ISIC_4 ; closeMatch ; source=eurostat-nace2-isic4. Validation métier requise ; aucune équivalence exacte affirmée.
,,4311,,4311,partial,NACE_2.0 → ISIC_4 ; closeMatch ; source=eurostat-nace2-isic4. Validation métier requise ; aucune équivalence exacte affirmée.
,,4312,,4312,partial,NACE_2.0 → ISIC_4 ; closeMatch ; source=eurostat-nace2-isic4. Validation métier requise ; aucune équivalence exacte affirmée.
,,4313,,4312,partial,NACE_2.0 → ISIC_4 ; closeMatch ; source=eurostat-nace2-isic4. Validation métier requise ; aucune équivalence exacte affirmée.
,,432,,432,partial,NACE_2.0 → ISIC_4 ; closeMatch ; source=eurostat-nace2-isic4. Validation métier requise ; aucune équivalence exacte affirmée.
,,4321,,4321,partial,NACE_2.0 → ISIC_4 ; closeMatch ; source=eurostat-nace2-isic4. Validation métier requise ; aucune équivalence exacte affirmée.
,,4322,,4322,partial,NACE_2.0 → ISIC_4 ; closeMatch ; source=eurostat-nace2-isic4. Validation métier requise ; aucune équivalence exacte affirmée.
,,4329,,4329,partial,NACE_2.0 → ISIC_4 ; closeMatch ; source=eurostat-nace2-isic4. Validation métier requise ; aucune équivalence exacte affirmée.
,,433,,433,partial,NACE_2.0 → ISIC_4 ; closeMatch ; source=eurostat-nace2-isic4. Validation métier requise ; aucune équivalence exacte affirmée.
,,4331,,4330,partial,NACE_2.0 → ISIC_4 ; closeMatch ; source=eurostat-nace2-isic4. Validation métier requise ; aucune équivalence exacte affirmée.
,,4332,,4330,partial,NACE_2.0 → ISIC_4 ; closeMatch ; source=eurostat-nace2-isic4. Validation métier requise ; aucune équivalence exacte affirmée.
,,4333,,4330,partial,NACE_2.0 → ISIC_4 ; closeMatch ; source=eurostat-nace2-isic4. Validation métier requise ; aucune équivalence exacte affirmée.
,,4334,,4330,partial,NACE_2.0 → ISIC_4 ; closeMatch ; source=eurostat-nace2-isic4. Validation métier requise ; aucune équivalence exacte affirmée.
,,4339,,4330,partial,NACE_2.0 → ISIC_4 ; closeMatch ; source=eurostat-nace2-isic4. Validation métier requise ; aucune équivalence exacte affirmée.
,,439,,439,partial,NACE_2.0 → ISIC_4 ; closeMatch ; source=eurostat-nace2-isic4. Validation métier requise ; aucune équivalence exacte affirmée.
,,4391,,4390,partial,NACE_2.0 → ISIC_4 ; closeMatch ; source=eurostat-nace2-isic4. Validation métier requise ; aucune équivalence exacte affirmée.
,,4399,,4390,partial,NACE_2.0 → ISIC_4 ; closeMatch ; source=eurostat-nace2-isic4. Validation métier requise ; aucune équivalence exacte affirmée.
,,45,,45,partial,NACE_2.0 → ISIC_4 ; closeMatch ; source=eurostat-nace2-isic4. Validation métier requise ; aucune équivalence exacte affirmée.
,,451,,451,partial,NACE_2.0 → ISIC_4 ; closeMatch ; source=eurostat-nace2-isic4. Validation métier requise ; aucune équivalence exacte affirmée.
,,4511,,4510,partial,NACE_2.0 → ISIC_4 ; closeMatch ; source=eurostat-nace2-isic4. Validation métier requise ; aucune équivalence exacte affirmée.
,,4519,,4510,partial,NACE_2.0 → ISIC_4 ; closeMatch ; source=eurostat-nace2-isic4. Validation métier requise ; aucune équivalence exacte affirmée.
,,452,,452,partial,NACE_2.0 → ISIC_4 ; closeMatch ; source=eurostat-nace2-isic4. Validation métier requise ; aucune équivalence exacte affirmée.
,,4520,,4520,partial,NACE_2.0 → ISIC_4 ; closeMatch ; source=eurostat-nace2-isic4. Validation métier requise ; aucune équivalence exacte affirmée.
,,453,,453,partial,NACE_2.0 → ISIC_4 ; closeMatch ; source=eurostat-nace2-isic4. Validation métier requise ; aucune équivalence exacte affirmée.
,,4531,,4530,partial,NACE_2.0 → ISIC_4 ; closeMatch ; source=eurostat-nace2-isic4. Validation métier requise ; aucune équivalence exacte affirmée.
,,4532,,4530,partial,NACE_2.0 → ISIC_4 ; closeMatch ; source=eurostat-nace2-isic4. Validation métier requise ; aucune équivalence exacte affirmée.
,,454,,454,partial,NACE_2.0 → ISIC_4 ; closeMatch ; source=eurostat-nace2-isic4. Validation métier requise ; aucune équivalence exacte affirmée.
,,4540,,4540,partial,NACE_2.0 → ISIC_4 ; closeMatch ; source=eurostat-nace2-isic4. Validation métier requise ; aucune équivalence exacte affirmée.
,,46,,46,partial,NACE_2.0 → ISIC_4 ; closeMatch ; source=eurostat-nace2-isic4. Validation métier requise ; aucune équivalence exacte affirmée.
,,461,,461,partial,NACE_2.0 → ISIC_4 ; closeMatch ; source=eurostat-nace2-isic4. Validation métier requise ; aucune équivalence exacte affirmée.
,,4611,,4610,partial,NACE_2.0 → ISIC_4 ; closeMatch ; source=eurostat-nace2-isic4. Validation métier requise ; aucune équivalence exacte affirmée.
,,4612,,4610,partial,NACE_2.0 → ISIC_4 ; closeMatch ; source=eurostat-nace2-isic4. Validation métier requise ; aucune équivalence exacte affirmée.
,,4613,,4610,partial,NACE_2.0 → ISIC_4 ; closeMatch ; source=eurostat-nace2-isic4. Validation métier requise ; aucune équivalence exacte affirmée.
,,4614,,4610,partial,NACE_2.0 → ISIC_4 ; closeMatch ; source=eurostat-nace2-isic4. Validation métier requise ; aucune équivalence exacte affirmée.
,,4615,,4610,partial,NACE_2.0 → ISIC_4 ; closeMatch ; source=eurostat-nace2-isic4. Validation métier requise ; aucune équivalence exacte affirmée.
,,4616,,4610,partial,NACE_2.0 → ISIC_4 ; closeMatch ; source=eurostat-nace2-isic4. Validation métier requise ; aucune équivalence exacte affirmée.
,,4617,,4610,partial,NACE_2.0 → ISIC_4 ; closeMatch ; source=eurostat-nace2-isic4. Validation métier requise ; aucune équivalence exacte affirmée.
,,4618,,4610,partial,NACE_2.0 → ISIC_4 ; closeMatch ; source=eurostat-nace2-isic4. Validation métier requise ; aucune équivalence exacte affirmée.
,,4619,,4610,partial,NACE_2.0 → ISIC_4 ; closeMatch ; source=eurostat-nace2-isic4. Validation métier requise ; aucune équivalence exacte affirmée.
,,462,,462,partial,NACE_2.0 → ISIC_4 ; closeMatch ; source=eurostat-nace2-isic4. Validation métier requise ; aucune équivalence exacte affirmée.
,,4621,,4620,partial,NACE_2.0 → ISIC_4 ; closeMatch ; source=eurostat-nace2-isic4. Validation métier requise ; aucune équivalence exacte affirmée.
,,4622,,4620,partial,NACE_2.0 → ISIC_4 ; closeMatch ; source=eurostat-nace2-isic4. Validation métier requise ; aucune équivalence exacte affirmée.
,,4623,,4620,partial,NACE_2.0 → ISIC_4 ; closeMatch ; source=eurostat-nace2-isic4. Validation métier requise ; aucune équivalence exacte affirmée.
,,4624,,4620,partial,NACE_2.0 → ISIC_4 ; closeMatch ; source=eurostat-nace2-isic4. Validation métier requise ; aucune équivalence exacte affirmée.
,,463,,463,partial,NACE_2.0 → ISIC_4 ; closeMatch ; source=eurostat-nace2-isic4. Validation métier requise ; aucune équivalence exacte affirmée.
,,4631,,4630,partial,NACE_2.0 → ISIC_4 ; closeMatch ; source=eurostat-nace2-isic4. Validation métier requise ; aucune équivalence exacte affirmée.
,,4632,,4630,partial,NACE_2.0 → ISIC_4 ; closeMatch ; source=eurostat-nace2-isic4. Validation métier requise ; aucune équivalence exacte affirmée.
,,4633,,4630,partial,NACE_2.0 → ISIC_4 ; closeMatch ; source=eurostat-nace2-isic4. Validation métier requise ; aucune équivalence exacte affirmée.
,,4634,,4630,partial,NACE_2.0 → ISIC_4 ; closeMatch ; source=eurostat-nace2-isic4. Validation métier requise ; aucune équivalence exacte affirmée.
,,4635,,4630,partial,NACE_2.0 → ISIC_4 ; closeMatch ; source=eurostat-nace2-isic4. Validation métier requise ; aucune équivalence exacte affirmée.
,,4636,,4630,partial,NACE_2.0 → ISIC_4 ; closeMatch ; source=eurostat-nace2-isic4. Validation métier requise ; aucune équivalence exacte affirmée.
,,4637,,4630,partial,NACE_2.0 → ISIC_4 ; closeMatch ; source=eurostat-nace2-isic4. Validation métier requise ; aucune équivalence exacte affirmée.
,,4638,,4630,partial,NACE_2.0 → ISIC_4 ; closeMatch ; source=eurostat-nace2-isic4. Validation métier requise ; aucune équivalence exacte affirmée.
,,4639,,4630,partial,NACE_2.0 → ISIC_4 ; closeMatch ; source=eurostat-nace2-isic4. Validation métier requise ; aucune équivalence exacte affirmée.
,,464,,464,partial,NACE_2.0 → ISIC_4 ; closeMatch ; source=eurostat-nace2-isic4. Validation métier requise ; aucune équivalence exacte affirmée.
,,4641,,4641,partial,NACE_2.0 → ISIC_4 ; closeMatch ; source=eurostat-nace2-isic4. Validation métier requise ; aucune équivalence exacte affirmée.
,,4642,,4641,partial,NACE_2.0 → ISIC_4 ; closeMatch ; source=eurostat-nace2-isic4. Validation métier requise ; aucune équivalence exacte affirmée.
,,4643,,4649,partial,NACE_2.0 → ISIC_4 ; closeMatch ; source=eurostat-nace2-isic4. Validation métier requise ; aucune équivalence exacte affirmée.
,,4644,,4649,partial,NACE_2.0 → ISIC_4 ; closeMatch ; source=eurostat-nace2-isic4. Validation métier requise ; aucune équivalence exacte affirmée.
,,4645,,4649,partial,NACE_2.0 → ISIC_4 ; closeMatch ; source=eurostat-nace2-isic4. Validation métier requise ; aucune équivalence exacte affirmée.
,,4646,,4649,partial,NACE_2.0 → ISIC_4 ; closeMatch ; source=eurostat-nace2-isic4. Validation métier requise ; aucune équivalence exacte affirmée.
,,4647,,4649,partial,NACE_2.0 → ISIC_4 ; closeMatch ; source=eurostat-nace2-isic4. Validation métier requise ; aucune équivalence exacte affirmée.
,,4648,,4649,partial,NACE_2.0 → ISIC_4 ; closeMatch ; source=eurostat-nace2-isic4. Validation métier requise ; aucune équivalence exacte affirmée.
,,4649,,4649,partial,NACE_2.0 → ISIC_4 ; closeMatch ; source=eurostat-nace2-isic4. Validation métier requise ; aucune équivalence exacte affirmée.
,,465,,465,partial,NACE_2.0 → ISIC_4 ; closeMatch ; source=eurostat-nace2-isic4. Validation métier requise ; aucune équivalence exacte affirmée.
,,4651,,4651,partial,NACE_2.0 → ISIC_4 ; closeMatch ; source=eurostat-nace2-isic4. Validation métier requise ; aucune équivalence exacte affirmée.
,,4652,,4652,partial,NACE_2.0 → ISIC_4 ; closeMatch ; source=eurostat-nace2-isic4. Validation métier requise ; aucune équivalence exacte affirmée.
,,466,,466,partial,NACE_2.0 → ISIC_4 ; closeMatch ; source=eurostat-nace2-isic4. Validation métier requise ; aucune équivalence exacte affirmée.
,,4661,,4653,partial,NACE_2.0 → ISIC_4 ; closeMatch ; source=eurostat-nace2-isic4. Validation métier requise ; aucune équivalence exacte affirmée.
,,4662,,4659,partial,NACE_2.0 → ISIC_4 ; closeMatch ; source=eurostat-nace2-isic4. Validation métier requise ; aucune équivalence exacte affirmée.
,,4663,,4659,partial,NACE_2.0 → ISIC_4 ; closeMatch ; source=eurostat-nace2-isic4. Validation métier requise ; aucune équivalence exacte affirmée.
,,4664,,4659,partial,NACE_2.0 → ISIC_4 ; closeMatch ; source=eurostat-nace2-isic4. Validation métier requise ; aucune équivalence exacte affirmée.
,,4665,,4659,partial,NACE_2.0 → ISIC_4 ; closeMatch ; source=eurostat-nace2-isic4. Validation métier requise ; aucune équivalence exacte affirmée.
,,4666,,4659,partial,NACE_2.0 → ISIC_4 ; closeMatch ; source=eurostat-nace2-isic4. Validation métier requise ; aucune équivalence exacte affirmée.
,,4669,,4659,partial,NACE_2.0 → ISIC_4 ; closeMatch ; source=eurostat-nace2-isic4. Validation métier requise ; aucune équivalence exacte affirmée.
,,467,,466,partial,NACE_2.0 → ISIC_4 ; closeMatch ; source=eurostat-nace2-isic4. Validation métier requise ; aucune équivalence exacte affirmée.
,,4671,,4661,partial,NACE_2.0 → ISIC_4 ; closeMatch ; source=eurostat-nace2-isic4. Validation métier requise ; aucune équivalence exacte affirmée.
,,4672,,4662,partial,NACE_2.0 → ISIC_4 ; closeMatch ; source=eurostat-nace2-isic4. Validation métier requise ; aucune équivalence exacte affirmée.
,,4673,,4663,partial,NACE_2.0 → ISIC_4 ; closeMatch ; source=eurostat-nace2-isic4. Validation métier requise ; aucune équivalence exacte affirmée.
,,4674,,4663,partial,NACE_2.0 → ISIC_4 ; closeMatch ; source=eurostat-nace2-isic4. Validation métier requise ; aucune équivalence exacte affirmée.
,,4675,,4669,partial,NACE_2.0 → ISIC_4 ; closeMatch ; source=eurostat-nace2-isic4. Validation métier requise ; aucune équivalence exacte affirmée.
,,4676,,4669,partial,NACE_2.0 → ISIC_4 ; closeMatch ; source=eurostat-nace2-isic4. Validation métier requise ; aucune équivalence exacte affirmée.
,,4677,,4669,partial,NACE_2.0 → ISIC_4 ; closeMatch ; source=eurostat-nace2-isic4. Validation métier requise ; aucune équivalence exacte affirmée.
,,469,,469,partial,NACE_2.0 → ISIC_4 ; closeMatch ; source=eurostat-nace2-isic4. Validation métier requise ; aucune équivalence exacte affirmée.
,,4690,,4690,partial,NACE_2.0 → ISIC_4 ; closeMatch ; source=eurostat-nace2-isic4. Validation métier requise ; aucune équivalence exacte affirmée.
,,47,,47,partial,NACE_2.0 → ISIC_4 ; closeMatch ; source=eurostat-nace2-isic4. Validation métier requise ; aucune équivalence exacte affirmée.
,,471,,471,partial,NACE_2.0 → ISIC_4 ; closeMatch ; source=eurostat-nace2-isic4. Validation métier requise ; aucune équivalence exacte affirmée.
,,4711,,4711,partial,NACE_2.0 → ISIC_4 ; closeMatch ; source=eurostat-nace2-isic4. Validation métier requise ; aucune équivalence exacte affirmée.
,,4719,,4719,partial,NACE_2.0 → ISIC_4 ; closeMatch ; source=eurostat-nace2-isic4. Validation métier requise ; aucune équivalence exacte affirmée.
,,472,,472,partial,NACE_2.0 → ISIC_4 ; closeMatch ; source=eurostat-nace2-isic4. Validation métier requise ; aucune équivalence exacte affirmée.
,,4721,,4721,partial,NACE_2.0 → ISIC_4 ; closeMatch ; source=eurostat-nace2-isic4. Validation métier requise ; aucune équivalence exacte affirmée.
,,4722,,4721,partial,NACE_2.0 → ISIC_4 ; closeMatch ; source=eurostat-nace2-isic4. Validation métier requise ; aucune équivalence exacte affirmée.
,,4723,,4721,partial,NACE_2.0 → ISIC_4 ; closeMatch ; source=eurostat-nace2-isic4. Validation métier requise ; aucune équivalence exacte affirmée.
,,4724,,4721,partial,NACE_2.0 → ISIC_4 ; closeMatch ; source=eurostat-nace2-isic4. Validation métier requise ; aucune équivalence exacte affirmée.
,,4725,,4722,partial,NACE_2.0 → ISIC_4 ; closeMatch ; source=eurostat-nace2-isic4. Validation métier requise ; aucune équivalence exacte affirmée.
,,4726,,4723,partial,NACE_2.0 → ISIC_4 ; closeMatch ; source=eurostat-nace2-isic4. Validation métier requise ; aucune équivalence exacte affirmée.
,,4729,,4721,partial,NACE_2.0 → ISIC_4 ; closeMatch ; source=eurostat-nace2-isic4. Validation métier requise ; aucune équivalence exacte affirmée.
,,473,,473,partial,NACE_2.0 → ISIC_4 ; closeMatch ; source=eurostat-nace2-isic4. Validation métier requise ; aucune équivalence exacte affirmée.
,,4730,,4730,partial,NACE_2.0 → ISIC_4 ; closeMatch ; source=eurostat-nace2-isic4. Validation métier requise ; aucune équivalence exacte affirmée.
,,474,,474,partial,NACE_2.0 → ISIC_4 ; closeMatch ; source=eurostat-nace2-isic4. Validation métier requise ; aucune équivalence exacte affirmée.
,,4741,,4741,partial,NACE_2.0 → ISIC_4 ; closeMatch ; source=eurostat-nace2-isic4. Validation métier requise ; aucune équivalence exacte affirmée.
,,4742,,4741,partial,NACE_2.0 → ISIC_4 ; closeMatch ; source=eurostat-nace2-isic4. Validation métier requise ; aucune équivalence exacte affirmée.
,,4743,,4742,partial,NACE_2.0 → ISIC_4 ; closeMatch ; source=eurostat-nace2-isic4. Validation métier requise ; aucune équivalence exacte affirmée.
,,475,,475,partial,NACE_2.0 → ISIC_4 ; closeMatch ; source=eurostat-nace2-isic4. Validation métier requise ; aucune équivalence exacte affirmée.
,,4751,,4751,partial,NACE_2.0 → ISIC_4 ; closeMatch ; source=eurostat-nace2-isic4. Validation métier requise ; aucune équivalence exacte affirmée.
,,4752,,4752,partial,NACE_2.0 → ISIC_4 ; closeMatch ; source=eurostat-nace2-isic4. Validation métier requise ; aucune équivalence exacte affirmée.
,,4753,,4753,partial,NACE_2.0 → ISIC_4 ; closeMatch ; source=eurostat-nace2-isic4. Validation métier requise ; aucune équivalence exacte affirmée.
,,4754,,4759,partial,NACE_2.0 → ISIC_4 ; closeMatch ; source=eurostat-nace2-isic4. Validation métier requise ; aucune équivalence exacte affirmée.
,,4759,,4759,partial,NACE_2.0 → ISIC_4 ; closeMatch ; source=eurostat-nace2-isic4. Validation métier requise ; aucune équivalence exacte affirmée.
,,476,,476,partial,NACE_2.0 → ISIC_4 ; closeMatch ; source=eurostat-nace2-isic4. Validation métier requise ; aucune équivalence exacte affirmée.
,,4761,,4761,partial,NACE_2.0 → ISIC_4 ; closeMatch ; source=eurostat-nace2-isic4. Validation métier requise ; aucune équivalence exacte affirmée.
,,4762,,4761,partial,NACE_2.0 → ISIC_4 ; closeMatch ; source=eurostat-nace2-isic4. Validation métier requise ; aucune équivalence exacte affirmée.
,,4763,,4762,partial,NACE_2.0 → ISIC_4 ; closeMatch ; source=eurostat-nace2-isic4. Validation métier requise ; aucune équivalence exacte affirmée.
,,4764,,4763,partial,NACE_2.0 → ISIC_4 ; closeMatch ; source=eurostat-nace2-isic4. Validation métier requise ; aucune équivalence exacte affirmée.
,,4765,,4764,partial,NACE_2.0 → ISIC_4 ; closeMatch ; source=eurostat-nace2-isic4. Validation métier requise ; aucune équivalence exacte affirmée.
,,477,,477,partial,NACE_2.0 → ISIC_4 ; closeMatch ; source=eurostat-nace2-isic4. Validation métier requise ; aucune équivalence exacte affirmée.
,,4771,,4771,partial,NACE_2.0 → ISIC_4 ; closeMatch ; source=eurostat-nace2-isic4. Validation métier requise ; aucune équivalence exacte affirmée.
,,4772,,4771,partial,NACE_2.0 → ISIC_4 ; closeMatch ; source=eurostat-nace2-isic4. Validation métier requise ; aucune équivalence exacte affirmée.
,,4773,,4772,partial,NACE_2.0 → ISIC_4 ; closeMatch ; source=eurostat-nace2-isic4. Validation métier requise ; aucune équivalence exacte affirmée.
,,4774,,4772,partial,NACE_2.0 → ISIC_4 ; closeMatch ; source=eurostat-nace2-isic4. Validation métier requise ; aucune équivalence exacte affirmée.
,,4775,,4772,partial,NACE_2.0 → ISIC_4 ; closeMatch ; source=eurostat-nace2-isic4. Validation métier requise ; aucune équivalence exacte affirmée.
,,4776,,4773,partial,NACE_2.0 → ISIC_4 ; closeMatch ; source=eurostat-nace2-isic4. Validation métier requise ; aucune équivalence exacte affirmée.
,,4777,,4773,partial,NACE_2.0 → ISIC_4 ; closeMatch ; source=eurostat-nace2-isic4. Validation métier requise ; aucune équivalence exacte affirmée.
,,4778,,4773,partial,NACE_2.0 → ISIC_4 ; closeMatch ; source=eurostat-nace2-isic4. Validation métier requise ; aucune équivalence exacte affirmée.
,,4779,,4774,partial,NACE_2.0 → ISIC_4 ; closeMatch ; source=eurostat-nace2-isic4. Validation métier requise ; aucune équivalence exacte affirmée.
,,478,,478,partial,NACE_2.0 → ISIC_4 ; closeMatch ; source=eurostat-nace2-isic4. Validation métier requise ; aucune équivalence exacte affirmée.
,,4781,,4781,partial,NACE_2.0 → ISIC_4 ; closeMatch ; source=eurostat-nace2-isic4. Validation métier requise ; aucune équivalence exacte affirmée.
,,4782,,4782,partial,NACE_2.0 → ISIC_4 ; closeMatch ; source=eurostat-nace2-isic4. Validation métier requise ; aucune équivalence exacte affirmée.
,,4789,,4789,partial,NACE_2.0 → ISIC_4 ; closeMatch ; source=eurostat-nace2-isic4. Validation métier requise ; aucune équivalence exacte affirmée.
,,479,,479,partial,NACE_2.0 → ISIC_4 ; closeMatch ; source=eurostat-nace2-isic4. Validation métier requise ; aucune équivalence exacte affirmée.
,,4791,,4791,partial,NACE_2.0 → ISIC_4 ; closeMatch ; source=eurostat-nace2-isic4. Validation métier requise ; aucune équivalence exacte affirmée.
,,4799,,4799,partial,NACE_2.0 → ISIC_4 ; closeMatch ; source=eurostat-nace2-isic4. Validation métier requise ; aucune équivalence exacte affirmée.
,,49,,49,partial,NACE_2.0 → ISIC_4 ; closeMatch ; source=eurostat-nace2-isic4. Validation métier requise ; aucune équivalence exacte affirmée.
,,491,,491,partial,NACE_2.0 → ISIC_4 ; closeMatch ; source=eurostat-nace2-isic4. Validation métier requise ; aucune équivalence exacte affirmée.
,,4910,,4911,partial,NACE_2.0 → ISIC_4 ; closeMatch ; source=eurostat-nace2-isic4. Validation métier requise ; aucune équivalence exacte affirmée.
,,492,,491,partial,NACE_2.0 → ISIC_4 ; closeMatch ; source=eurostat-nace2-isic4. Validation métier requise ; aucune équivalence exacte affirmée.
,,4920,,4912,partial,NACE_2.0 → ISIC_4 ; closeMatch ; source=eurostat-nace2-isic4. Validation métier requise ; aucune équivalence exacte affirmée.
,,493,,492,partial,NACE_2.0 → ISIC_4 ; closeMatch ; source=eurostat-nace2-isic4. Validation métier requise ; aucune équivalence exacte affirmée.
,,4931,,4921,partial,NACE_2.0 → ISIC_4 ; closeMatch ; source=eurostat-nace2-isic4. Validation métier requise ; aucune équivalence exacte affirmée.
,,4932,,4922,partial,NACE_2.0 → ISIC_4 ; closeMatch ; source=eurostat-nace2-isic4. Validation métier requise ; aucune équivalence exacte affirmée.
,,4939,,4922,partial,NACE_2.0 → ISIC_4 ; closeMatch ; source=eurostat-nace2-isic4. Validation métier requise ; aucune équivalence exacte affirmée.
,,494,,492,partial,NACE_2.0 → ISIC_4 ; closeMatch ; source=eurostat-nace2-isic4. Validation métier requise ; aucune équivalence exacte affirmée.
,,4941,,4923,partial,NACE_2.0 → ISIC_4 ; closeMatch ; source=eurostat-nace2-isic4. Validation métier requise ; aucune équivalence exacte affirmée.
,,4942,,4923,partial,NACE_2.0 → ISIC_4 ; closeMatch ; source=eurostat-nace2-isic4. Validation métier requise ; aucune équivalence exacte affirmée.
,,495,,493,partial,NACE_2.0 → ISIC_4 ; closeMatch ; source=eurostat-nace2-isic4. Validation métier requise ; aucune équivalence exacte affirmée.
,,4950,,4930,partial,NACE_2.0 → ISIC_4 ; closeMatch ; source=eurostat-nace2-isic4. Validation métier requise ; aucune équivalence exacte affirmée.
,,50,,50,partial,NACE_2.0 → ISIC_4 ; closeMatch ; source=eurostat-nace2-isic4. Validation métier requise ; aucune équivalence exacte affirmée.
,,501,,501,partial,NACE_2.0 → ISIC_4 ; closeMatch ; source=eurostat-nace2-isic4. Validation métier requise ; aucune équivalence exacte affirmée.
,,5010,,5011,partial,NACE_2.0 → ISIC_4 ; closeMatch ; source=eurostat-nace2-isic4. Validation métier requise ; aucune équivalence exacte affirmée.
,,502,,501,partial,NACE_2.0 → ISIC_4 ; closeMatch ; source=eurostat-nace2-isic4. Validation métier requise ; aucune équivalence exacte affirmée.
,,5020,,5012,partial,NACE_2.0 → ISIC_4 ; closeMatch ; source=eurostat-nace2-isic4. Validation métier requise ; aucune équivalence exacte affirmée.
,,503,,502,partial,NACE_2.0 → ISIC_4 ; closeMatch ; source=eurostat-nace2-isic4. Validation métier requise ; aucune équivalence exacte affirmée.
,,5030,,5021,partial,NACE_2.0 → ISIC_4 ; closeMatch ; source=eurostat-nace2-isic4. Validation métier requise ; aucune équivalence exacte affirmée.
,,504,,502,partial,NACE_2.0 → ISIC_4 ; closeMatch ; source=eurostat-nace2-isic4. Validation métier requise ; aucune équivalence exacte affirmée.
,,5040,,5022,partial,NACE_2.0 → ISIC_4 ; closeMatch ; source=eurostat-nace2-isic4. Validation métier requise ; aucune équivalence exacte affirmée.
,,51,,51,partial,NACE_2.0 → ISIC_4 ; closeMatch ; source=eurostat-nace2-isic4. Validation métier requise ; aucune équivalence exacte affirmée.
,,511,,511,partial,NACE_2.0 → ISIC_4 ; closeMatch ; source=eurostat-nace2-isic4. Validation métier requise ; aucune équivalence exacte affirmée.
,,5110,,5110,partial,NACE_2.0 → ISIC_4 ; closeMatch ; source=eurostat-nace2-isic4. Validation métier requise ; aucune équivalence exacte affirmée.
,,512,,512,partial,NACE_2.0 → ISIC_4 ; closeMatch ; source=eurostat-nace2-isic4. Validation métier requise ; aucune équivalence exacte affirmée.
,,5121,,5120,partial,NACE_2.0 → ISIC_4 ; closeMatch ; source=eurostat-nace2-isic4. Validation métier requise ; aucune équivalence exacte affirmée.
,,5122,,5120,partial,NACE_2.0 → ISIC_4 ; closeMatch ; source=eurostat-nace2-isic4. Validation métier requise ; aucune équivalence exacte affirmée.
,,52,,52,partial,NACE_2.0 → ISIC_4 ; closeMatch ; source=eurostat-nace2-isic4. Validation métier requise ; aucune équivalence exacte affirmée.
,,521,,521,partial,NACE_2.0 → ISIC_4 ; closeMatch ; source=eurostat-nace2-isic4. Validation métier requise ; aucune équivalence exacte affirmée.
,,5210,,5210,partial,NACE_2.0 → ISIC_4 ; closeMatch ; source=eurostat-nace2-isic4. Validation métier requise ; aucune équivalence exacte affirmée.
,,522,,522,partial,NACE_2.0 → ISIC_4 ; closeMatch ; source=eurostat-nace2-isic4. Validation métier requise ; aucune équivalence exacte affirmée.
,,5221,,5221,partial,NACE_2.0 → ISIC_4 ; closeMatch ; source=eurostat-nace2-isic4. Validation métier requise ; aucune équivalence exacte affirmée.
,,5222,,5222,partial,NACE_2.0 → ISIC_4 ; closeMatch ; source=eurostat-nace2-isic4. Validation métier requise ; aucune équivalence exacte affirmée.
,,5223,,5223,partial,NACE_2.0 → ISIC_4 ; closeMatch ; source=eurostat-nace2-isic4. Validation métier requise ; aucune équivalence exacte affirmée.
,,5224,,5224,partial,NACE_2.0 → ISIC_4 ; closeMatch ; source=eurostat-nace2-isic4. Validation métier requise ; aucune équivalence exacte affirmée.
,,5229,,5229,partial,NACE_2.0 → ISIC_4 ; closeMatch ; source=eurostat-nace2-isic4. Validation métier requise ; aucune équivalence exacte affirmée.
,,53,,53,partial,NACE_2.0 → ISIC_4 ; closeMatch ; source=eurostat-nace2-isic4. Validation métier requise ; aucune équivalence exacte affirmée.
,,531,,531,partial,NACE_2.0 → ISIC_4 ; closeMatch ; source=eurostat-nace2-isic4. Validation métier requise ; aucune équivalence exacte affirmée.
,,5310,,5310,partial,NACE_2.0 → ISIC_4 ; closeMatch ; source=eurostat-nace2-isic4. Validation métier requise ; aucune équivalence exacte affirmée.
,,532,,532,partial,NACE_2.0 → ISIC_4 ; closeMatch ; source=eurostat-nace2-isic4. Validation métier requise ; aucune équivalence exacte affirmée.
,,5320,,5320,partial,NACE_2.0 → ISIC_4 ; closeMatch ; source=eurostat-nace2-isic4. Validation métier requise ; aucune équivalence exacte affirmée.
,,55,,55,partial,NACE_2.0 → ISIC_4 ; closeMatch ; source=eurostat-nace2-isic4. Validation métier requise ; aucune équivalence exacte affirmée.
,,551,,551,partial,NACE_2.0 → ISIC_4 ; closeMatch ; source=eurostat-nace2-isic4. Validation métier requise ; aucune équivalence exacte affirmée.
,,5510,,5510,partial,NACE_2.0 → ISIC_4 ; closeMatch ; source=eurostat-nace2-isic4. Validation métier requise ; aucune équivalence exacte affirmée.
,,552,,551,partial,NACE_2.0 → ISIC_4 ; closeMatch ; source=eurostat-nace2-isic4. Validation métier requise ; aucune équivalence exacte affirmée.
,,5520,,5510,partial,NACE_2.0 → ISIC_4 ; closeMatch ; source=eurostat-nace2-isic4. Validation métier requise ; aucune équivalence exacte affirmée.
,,553,,552,partial,NACE_2.0 → ISIC_4 ; closeMatch ; source=eurostat-nace2-isic4. Validation métier requise ; aucune équivalence exacte affirmée.
,,5530,,5520,partial,NACE_2.0 → ISIC_4 ; closeMatch ; source=eurostat-nace2-isic4. Validation métier requise ; aucune équivalence exacte affirmée.
,,559,,559,partial,NACE_2.0 → ISIC_4 ; closeMatch ; source=eurostat-nace2-isic4. Validation métier requise ; aucune équivalence exacte affirmée.
,,5590,,5590,partial,NACE_2.0 → ISIC_4 ; closeMatch ; source=eurostat-nace2-isic4. Validation métier requise ; aucune équivalence exacte affirmée.
,,56,,56,partial,NACE_2.0 → ISIC_4 ; closeMatch ; source=eurostat-nace2-isic4. Validation métier requise ; aucune équivalence exacte affirmée.
,,561,,561,partial,NACE_2.0 → ISIC_4 ; closeMatch ; source=eurostat-nace2-isic4. Validation métier requise ; aucune équivalence exacte affirmée.
,,5610,,5610,partial,NACE_2.0 → ISIC_4 ; closeMatch ; source=eurostat-nace2-isic4. Validation métier requise ; aucune équivalence exacte affirmée.
,,562,,562,partial,NACE_2.0 → ISIC_4 ; closeMatch ; source=eurostat-nace2-isic4. Validation métier requise ; aucune équivalence exacte affirmée.
,,5621,,5621,partial,NACE_2.0 → ISIC_4 ; closeMatch ; source=eurostat-nace2-isic4. Validation métier requise ; aucune équivalence exacte affirmée.
,,5629,,5629,partial,NACE_2.0 → ISIC_4 ; closeMatch ; source=eurostat-nace2-isic4. Validation métier requise ; aucune équivalence exacte affirmée.
,,563,,563,partial,NACE_2.0 → ISIC_4 ; closeMatch ; source=eurostat-nace2-isic4. Validation métier requise ; aucune équivalence exacte affirmée.
,,5630,,5630,partial,NACE_2.0 → ISIC_4 ; closeMatch ; source=eurostat-nace2-isic4. Validation métier requise ; aucune équivalence exacte affirmée.
,,58,,58,partial,NACE_2.0 → ISIC_4 ; closeMatch ; source=eurostat-nace2-isic4. Validation métier requise ; aucune équivalence exacte affirmée.
,,581,,581,partial,NACE_2.0 → ISIC_4 ; closeMatch ; source=eurostat-nace2-isic4. Validation métier requise ; aucune équivalence exacte affirmée.
,,5811,,5811,partial,NACE_2.0 → ISIC_4 ; closeMatch ; source=eurostat-nace2-isic4. Validation métier requise ; aucune équivalence exacte affirmée.
,,5812,,5812,partial,NACE_2.0 → ISIC_4 ; closeMatch ; source=eurostat-nace2-isic4. Validation métier requise ; aucune équivalence exacte affirmée.
,,5813,,5813,partial,NACE_2.0 → ISIC_4 ; closeMatch ; source=eurostat-nace2-isic4. Validation métier requise ; aucune équivalence exacte affirmée.
,,5814,,5813,partial,NACE_2.0 → ISIC_4 ; closeMatch ; source=eurostat-nace2-isic4. Validation métier requise ; aucune équivalence exacte affirmée.
,,5819,,5819,partial,NACE_2.0 → ISIC_4 ; closeMatch ; source=eurostat-nace2-isic4. Validation métier requise ; aucune équivalence exacte affirmée.
,,582,,582,partial,NACE_2.0 → ISIC_4 ; closeMatch ; source=eurostat-nace2-isic4. Validation métier requise ; aucune équivalence exacte affirmée.
,,5821,,5820,partial,NACE_2.0 → ISIC_4 ; closeMatch ; source=eurostat-nace2-isic4. Validation métier requise ; aucune équivalence exacte affirmée.
,,5829,,5820,partial,NACE_2.0 → ISIC_4 ; closeMatch ; source=eurostat-nace2-isic4. Validation métier requise ; aucune équivalence exacte affirmée.
,,59,,59,partial,NACE_2.0 → ISIC_4 ; closeMatch ; source=eurostat-nace2-isic4. Validation métier requise ; aucune équivalence exacte affirmée.
,,591,,591,partial,NACE_2.0 → ISIC_4 ; closeMatch ; source=eurostat-nace2-isic4. Validation métier requise ; aucune équivalence exacte affirmée.
,,5911,,5911,partial,NACE_2.0 → ISIC_4 ; closeMatch ; source=eurostat-nace2-isic4. Validation métier requise ; aucune équivalence exacte affirmée.
,,5912,,5912,partial,NACE_2.0 → ISIC_4 ; closeMatch ; source=eurostat-nace2-isic4. Validation métier requise ; aucune équivalence exacte affirmée.
,,5913,,5913,partial,NACE_2.0 → ISIC_4 ; closeMatch ; source=eurostat-nace2-isic4. Validation métier requise ; aucune équivalence exacte affirmée.
,,5914,,5914,partial,NACE_2.0 → ISIC_4 ; closeMatch ; source=eurostat-nace2-isic4. Validation métier requise ; aucune équivalence exacte affirmée.
,,592,,592,partial,NACE_2.0 → ISIC_4 ; closeMatch ; source=eurostat-nace2-isic4. Validation métier requise ; aucune équivalence exacte affirmée.
,,5920,,5920,partial,NACE_2.0 → ISIC_4 ; closeMatch ; source=eurostat-nace2-isic4. Validation métier requise ; aucune équivalence exacte affirmée.
,,60,,60,partial,NACE_2.0 → ISIC_4 ; closeMatch ; source=eurostat-nace2-isic4. Validation métier requise ; aucune équivalence exacte affirmée.
,,601,,601,partial,NACE_2.0 → ISIC_4 ; closeMatch ; source=eurostat-nace2-isic4. Validation métier requise ; aucune équivalence exacte affirmée.
,,6010,,6010,partial,NACE_2.0 → ISIC_4 ; closeMatch ; source=eurostat-nace2-isic4. Validation métier requise ; aucune équivalence exacte affirmée.
,,602,,602,partial,NACE_2.0 → ISIC_4 ; closeMatch ; source=eurostat-nace2-isic4. Validation métier requise ; aucune équivalence exacte affirmée.
,,6020,,6020,partial,NACE_2.0 → ISIC_4 ; closeMatch ; source=eurostat-nace2-isic4. Validation métier requise ; aucune équivalence exacte affirmée.
,,61,,61,partial,NACE_2.0 → ISIC_4 ; closeMatch ; source=eurostat-nace2-isic4. Validation métier requise ; aucune équivalence exacte affirmée.
,,611,,611,partial,NACE_2.0 → ISIC_4 ; closeMatch ; source=eurostat-nace2-isic4. Validation métier requise ; aucune équivalence exacte affirmée.
,,6110,,6110,partial,NACE_2.0 → ISIC_4 ; closeMatch ; source=eurostat-nace2-isic4. Validation métier requise ; aucune équivalence exacte affirmée.
,,612,,612,partial,NACE_2.0 → ISIC_4 ; closeMatch ; source=eurostat-nace2-isic4. Validation métier requise ; aucune équivalence exacte affirmée.
,,6120,,6120,partial,NACE_2.0 → ISIC_4 ; closeMatch ; source=eurostat-nace2-isic4. Validation métier requise ; aucune équivalence exacte affirmée.
,,613,,613,partial,NACE_2.0 → ISIC_4 ; closeMatch ; source=eurostat-nace2-isic4. Validation métier requise ; aucune équivalence exacte affirmée.
,,6130,,6130,partial,NACE_2.0 → ISIC_4 ; closeMatch ; source=eurostat-nace2-isic4. Validation métier requise ; aucune équivalence exacte affirmée.
,,619,,619,partial,NACE_2.0 → ISIC_4 ; closeMatch ; source=eurostat-nace2-isic4. Validation métier requise ; aucune équivalence exacte affirmée.
,,6190,,6190,partial,NACE_2.0 → ISIC_4 ; closeMatch ; source=eurostat-nace2-isic4. Validation métier requise ; aucune équivalence exacte affirmée.
,,62,,62,partial,NACE_2.0 → ISIC_4 ; closeMatch ; source=eurostat-nace2-isic4. Validation métier requise ; aucune équivalence exacte affirmée.
,,620,,620,partial,NACE_2.0 → ISIC_4 ; closeMatch ; source=eurostat-nace2-isic4. Validation métier requise ; aucune équivalence exacte affirmée.
,,6201,,6201,partial,NACE_2.0 → ISIC_4 ; closeMatch ; source=eurostat-nace2-isic4. Validation métier requise ; aucune équivalence exacte affirmée.
,,6202,,6202,partial,NACE_2.0 → ISIC_4 ; closeMatch ; source=eurostat-nace2-isic4. Validation métier requise ; aucune équivalence exacte affirmée.
,,6203,,6202,partial,NACE_2.0 → ISIC_4 ; closeMatch ; source=eurostat-nace2-isic4. Validation métier requise ; aucune équivalence exacte affirmée.
,,6209,,6209,partial,NACE_2.0 → ISIC_4 ; closeMatch ; source=eurostat-nace2-isic4. Validation métier requise ; aucune équivalence exacte affirmée.
,,63,,63,partial,NACE_2.0 → ISIC_4 ; closeMatch ; source=eurostat-nace2-isic4. Validation métier requise ; aucune équivalence exacte affirmée.
,,631,,631,partial,NACE_2.0 → ISIC_4 ; closeMatch ; source=eurostat-nace2-isic4. Validation métier requise ; aucune équivalence exacte affirmée.
,,6311,,6311,partial,NACE_2.0 → ISIC_4 ; closeMatch ; source=eurostat-nace2-isic4. Validation métier requise ; aucune équivalence exacte affirmée.
,,6312,,6312,partial,NACE_2.0 → ISIC_4 ; closeMatch ; source=eurostat-nace2-isic4. Validation métier requise ; aucune équivalence exacte affirmée.
,,639,,639,partial,NACE_2.0 → ISIC_4 ; closeMatch ; source=eurostat-nace2-isic4. Validation métier requise ; aucune équivalence exacte affirmée.
,,6391,,6391,partial,NACE_2.0 → ISIC_4 ; closeMatch ; source=eurostat-nace2-isic4. Validation métier requise ; aucune équivalence exacte affirmée.
,,6399,,6399,partial,NACE_2.0 → ISIC_4 ; closeMatch ; source=eurostat-nace2-isic4. Validation métier requise ; aucune équivalence exacte affirmée.
,,64,,64,partial,NACE_2.0 → ISIC_4 ; closeMatch ; source=eurostat-nace2-isic4. Validation métier requise ; aucune équivalence exacte affirmée.
,,641,,641,partial,NACE_2.0 → ISIC_4 ; closeMatch ; source=eurostat-nace2-isic4. Validation métier requise ; aucune équivalence exacte affirmée.
,,6411,,6411,partial,NACE_2.0 → ISIC_4 ; closeMatch ; source=eurostat-nace2-isic4. Validation métier requise ; aucune équivalence exacte affirmée.
,,6419,,6419,partial,NACE_2.0 → ISIC_4 ; closeMatch ; source=eurostat-nace2-isic4. Validation métier requise ; aucune équivalence exacte affirmée.
,,642,,642,partial,NACE_2.0 → ISIC_4 ; closeMatch ; source=eurostat-nace2-isic4. Validation métier requise ; aucune équivalence exacte affirmée.
,,6420,,6420,partial,NACE_2.0 → ISIC_4 ; closeMatch ; source=eurostat-nace2-isic4. Validation métier requise ; aucune équivalence exacte affirmée.
,,643,,643,partial,NACE_2.0 → ISIC_4 ; closeMatch ; source=eurostat-nace2-isic4. Validation métier requise ; aucune équivalence exacte affirmée.
,,6430,,6430,partial,NACE_2.0 → ISIC_4 ; closeMatch ; source=eurostat-nace2-isic4. Validation métier requise ; aucune équivalence exacte affirmée.
,,649,,649,partial,NACE_2.0 → ISIC_4 ; closeMatch ; source=eurostat-nace2-isic4. Validation métier requise ; aucune équivalence exacte affirmée.
,,6491,,6491,partial,NACE_2.0 → ISIC_4 ; closeMatch ; source=eurostat-nace2-isic4. Validation métier requise ; aucune équivalence exacte affirmée.
,,6492,,6492,partial,NACE_2.0 → ISIC_4 ; closeMatch ; source=eurostat-nace2-isic4. Validation métier requise ; aucune équivalence exacte affirmée.
,,6499,,6499,partial,NACE_2.0 → ISIC_4 ; closeMatch ; source=eurostat-nace2-isic4. Validation métier requise ; aucune équivalence exacte affirmée.
,,65,,65,partial,NACE_2.0 → ISIC_4 ; closeMatch ; source=eurostat-nace2-isic4. Validation métier requise ; aucune équivalence exacte affirmée.
,,651,,651,partial,NACE_2.0 → ISIC_4 ; closeMatch ; source=eurostat-nace2-isic4. Validation métier requise ; aucune équivalence exacte affirmée.
,,6511,,6511,partial,NACE_2.0 → ISIC_4 ; closeMatch ; source=eurostat-nace2-isic4. Validation métier requise ; aucune équivalence exacte affirmée.
,,6512,,6512,partial,NACE_2.0 → ISIC_4 ; closeMatch ; source=eurostat-nace2-isic4. Validation métier requise ; aucune équivalence exacte affirmée.
,,652,,652,partial,NACE_2.0 → ISIC_4 ; closeMatch ; source=eurostat-nace2-isic4. Validation métier requise ; aucune équivalence exacte affirmée.
,,6520,,6520,partial,NACE_2.0 → ISIC_4 ; closeMatch ; source=eurostat-nace2-isic4. Validation métier requise ; aucune équivalence exacte affirmée.
,,653,,653,partial,NACE_2.0 → ISIC_4 ; closeMatch ; source=eurostat-nace2-isic4. Validation métier requise ; aucune équivalence exacte affirmée.
,,6530,,6530,partial,NACE_2.0 → ISIC_4 ; closeMatch ; source=eurostat-nace2-isic4. Validation métier requise ; aucune équivalence exacte affirmée.
,,66,,66,partial,NACE_2.0 → ISIC_4 ; closeMatch ; source=eurostat-nace2-isic4. Validation métier requise ; aucune équivalence exacte affirmée.
,,661,,661,partial,NACE_2.0 → ISIC_4 ; closeMatch ; source=eurostat-nace2-isic4. Validation métier requise ; aucune équivalence exacte affirmée.
,,6611,,6611,partial,NACE_2.0 → ISIC_4 ; closeMatch ; source=eurostat-nace2-isic4. Validation métier requise ; aucune équivalence exacte affirmée.
,,6612,,6612,partial,NACE_2.0 → ISIC_4 ; closeMatch ; source=eurostat-nace2-isic4. Validation métier requise ; aucune équivalence exacte affirmée.
,,6619,,6619,partial,NACE_2.0 → ISIC_4 ; closeMatch ; source=eurostat-nace2-isic4. Validation métier requise ; aucune équivalence exacte affirmée.
,,662,,662,partial,NACE_2.0 → ISIC_4 ; closeMatch ; source=eurostat-nace2-isic4. Validation métier requise ; aucune équivalence exacte affirmée.
,,6621,,6621,partial,NACE_2.0 → ISIC_4 ; closeMatch ; source=eurostat-nace2-isic4. Validation métier requise ; aucune équivalence exacte affirmée.
,,6622,,6622,partial,NACE_2.0 → ISIC_4 ; closeMatch ; source=eurostat-nace2-isic4. Validation métier requise ; aucune équivalence exacte affirmée.
,,6629,,6629,partial,NACE_2.0 → ISIC_4 ; closeMatch ; source=eurostat-nace2-isic4. Validation métier requise ; aucune équivalence exacte affirmée.
,,663,,663,partial,NACE_2.0 → ISIC_4 ; closeMatch ; source=eurostat-nace2-isic4. Validation métier requise ; aucune équivalence exacte affirmée.
,,6630,,6630,partial,NACE_2.0 → ISIC_4 ; closeMatch ; source=eurostat-nace2-isic4. Validation métier requise ; aucune équivalence exacte affirmée.
,,68,,68,partial,NACE_2.0 → ISIC_4 ; closeMatch ; source=eurostat-nace2-isic4. Validation métier requise ; aucune équivalence exacte affirmée.
,,681,,681,partial,NACE_2.0 → ISIC_4 ; closeMatch ; source=eurostat-nace2-isic4. Validation métier requise ; aucune équivalence exacte affirmée.
,,6810,,6810,partial,NACE_2.0 → ISIC_4 ; closeMatch ; source=eurostat-nace2-isic4. Validation métier requise ; aucune équivalence exacte affirmée.
,,682,,681,partial,NACE_2.0 → ISIC_4 ; closeMatch ; source=eurostat-nace2-isic4. Validation métier requise ; aucune équivalence exacte affirmée.
,,6820,,6810,partial,NACE_2.0 → ISIC_4 ; closeMatch ; source=eurostat-nace2-isic4. Validation métier requise ; aucune équivalence exacte affirmée.
,,683,,682,partial,NACE_2.0 → ISIC_4 ; closeMatch ; source=eurostat-nace2-isic4. Validation métier requise ; aucune équivalence exacte affirmée.
,,6831,,6820,partial,NACE_2.0 → ISIC_4 ; closeMatch ; source=eurostat-nace2-isic4. Validation métier requise ; aucune équivalence exacte affirmée.
,,6832,,6820,partial,NACE_2.0 → ISIC_4 ; closeMatch ; source=eurostat-nace2-isic4. Validation métier requise ; aucune équivalence exacte affirmée.
,,69,,69,partial,NACE_2.0 → ISIC_4 ; closeMatch ; source=eurostat-nace2-isic4. Validation métier requise ; aucune équivalence exacte affirmée.
,,691,,691,partial,NACE_2.0 → ISIC_4 ; closeMatch ; source=eurostat-nace2-isic4. Validation métier requise ; aucune équivalence exacte affirmée.
,,6910,,6910,partial,NACE_2.0 → ISIC_4 ; closeMatch ; source=eurostat-nace2-isic4. Validation métier requise ; aucune équivalence exacte affirmée.
,,692,,692,partial,NACE_2.0 → ISIC_4 ; closeMatch ; source=eurostat-nace2-isic4. Validation métier requise ; aucune équivalence exacte affirmée.
,,6920,,6920,partial,NACE_2.0 → ISIC_4 ; closeMatch ; source=eurostat-nace2-isic4. Validation métier requise ; aucune équivalence exacte affirmée.
,,70,,70,partial,NACE_2.0 → ISIC_4 ; closeMatch ; source=eurostat-nace2-isic4. Validation métier requise ; aucune équivalence exacte affirmée.
,,701,,701,partial,NACE_2.0 → ISIC_4 ; closeMatch ; source=eurostat-nace2-isic4. Validation métier requise ; aucune équivalence exacte affirmée.
,,7010,,7010,partial,NACE_2.0 → ISIC_4 ; closeMatch ; source=eurostat-nace2-isic4. Validation métier requise ; aucune équivalence exacte affirmée.
,,702,,702,partial,NACE_2.0 → ISIC_4 ; closeMatch ; source=eurostat-nace2-isic4. Validation métier requise ; aucune équivalence exacte affirmée.
,,7021,,7020,partial,NACE_2.0 → ISIC_4 ; closeMatch ; source=eurostat-nace2-isic4. Validation métier requise ; aucune équivalence exacte affirmée.
,,7022,,7020,partial,NACE_2.0 → ISIC_4 ; closeMatch ; source=eurostat-nace2-isic4. Validation métier requise ; aucune équivalence exacte affirmée.
,,71,,71,partial,NACE_2.0 → ISIC_4 ; closeMatch ; source=eurostat-nace2-isic4. Validation métier requise ; aucune équivalence exacte affirmée.
,,711,,711,partial,NACE_2.0 → ISIC_4 ; closeMatch ; source=eurostat-nace2-isic4. Validation métier requise ; aucune équivalence exacte affirmée.
,,7111,,7110,partial,NACE_2.0 → ISIC_4 ; closeMatch ; source=eurostat-nace2-isic4. Validation métier requise ; aucune équivalence exacte affirmée.
,,7112,,7110,partial,NACE_2.0 → ISIC_4 ; closeMatch ; source=eurostat-nace2-isic4. Validation métier requise ; aucune équivalence exacte affirmée.
,,712,,712,partial,NACE_2.0 → ISIC_4 ; closeMatch ; source=eurostat-nace2-isic4. Validation métier requise ; aucune équivalence exacte affirmée.
,,7120,,7120,partial,NACE_2.0 → ISIC_4 ; closeMatch ; source=eurostat-nace2-isic4. Validation métier requise ; aucune équivalence exacte affirmée.
,,72,,72,partial,NACE_2.0 → ISIC_4 ; closeMatch ; source=eurostat-nace2-isic4. Validation métier requise ; aucune équivalence exacte affirmée.
,,721,,721,partial,NACE_2.0 → ISIC_4 ; closeMatch ; source=eurostat-nace2-isic4. Validation métier requise ; aucune équivalence exacte affirmée.
,,7211,,7210,partial,NACE_2.0 → ISIC_4 ; closeMatch ; source=eurostat-nace2-isic4. Validation métier requise ; aucune équivalence exacte affirmée.
,,7219,,7210,partial,NACE_2.0 → ISIC_4 ; closeMatch ; source=eurostat-nace2-isic4. Validation métier requise ; aucune équivalence exacte affirmée.
,,722,,722,partial,NACE_2.0 → ISIC_4 ; closeMatch ; source=eurostat-nace2-isic4. Validation métier requise ; aucune équivalence exacte affirmée.
,,7220,,7220,partial,NACE_2.0 → ISIC_4 ; closeMatch ; source=eurostat-nace2-isic4. Validation métier requise ; aucune équivalence exacte affirmée.
,,73,,73,partial,NACE_2.0 → ISIC_4 ; closeMatch ; source=eurostat-nace2-isic4. Validation métier requise ; aucune équivalence exacte affirmée.
,,731,,731,partial,NACE_2.0 → ISIC_4 ; closeMatch ; source=eurostat-nace2-isic4. Validation métier requise ; aucune équivalence exacte affirmée.
,,7311,,7310,partial,NACE_2.0 → ISIC_4 ; closeMatch ; source=eurostat-nace2-isic4. Validation métier requise ; aucune équivalence exacte affirmée.
,,7312,,7310,partial,NACE_2.0 → ISIC_4 ; closeMatch ; source=eurostat-nace2-isic4. Validation métier requise ; aucune équivalence exacte affirmée.
,,732,,732,partial,NACE_2.0 → ISIC_4 ; closeMatch ; source=eurostat-nace2-isic4. Validation métier requise ; aucune équivalence exacte affirmée.
,,7320,,7320,partial,NACE_2.0 → ISIC_4 ; closeMatch ; source=eurostat-nace2-isic4. Validation métier requise ; aucune équivalence exacte affirmée.
,,74,,74,partial,NACE_2.0 → ISIC_4 ; closeMatch ; source=eurostat-nace2-isic4. Validation métier requise ; aucune équivalence exacte affirmée.
,,741,,741,partial,NACE_2.0 → ISIC_4 ; closeMatch ; source=eurostat-nace2-isic4. Validation métier requise ; aucune équivalence exacte affirmée.
,,7410,,7410,partial,NACE_2.0 → ISIC_4 ; closeMatch ; source=eurostat-nace2-isic4. Validation métier requise ; aucune équivalence exacte affirmée.
,,742,,742,partial,NACE_2.0 → ISIC_4 ; closeMatch ; source=eurostat-nace2-isic4. Validation métier requise ; aucune équivalence exacte affirmée.
,,7420,,7420,partial,NACE_2.0 → ISIC_4 ; closeMatch ; source=eurostat-nace2-isic4. Validation métier requise ; aucune équivalence exacte affirmée.
,,743,,749,partial,NACE_2.0 → ISIC_4 ; closeMatch ; source=eurostat-nace2-isic4. Validation métier requise ; aucune équivalence exacte affirmée.
,,7430,,7490,partial,NACE_2.0 → ISIC_4 ; closeMatch ; source=eurostat-nace2-isic4. Validation métier requise ; aucune équivalence exacte affirmée.
,,749,,749,partial,NACE_2.0 → ISIC_4 ; closeMatch ; source=eurostat-nace2-isic4. Validation métier requise ; aucune équivalence exacte affirmée.
,,7490,,7490,partial,NACE_2.0 → ISIC_4 ; closeMatch ; source=eurostat-nace2-isic4. Validation métier requise ; aucune équivalence exacte affirmée.
,,75,,75,partial,NACE_2.0 → ISIC_4 ; closeMatch ; source=eurostat-nace2-isic4. Validation métier requise ; aucune équivalence exacte affirmée.
,,750,,750,partial,NACE_2.0 → ISIC_4 ; closeMatch ; source=eurostat-nace2-isic4. Validation métier requise ; aucune équivalence exacte affirmée.
,,7500,,7500,partial,NACE_2.0 → ISIC_4 ; closeMatch ; source=eurostat-nace2-isic4. Validation métier requise ; aucune équivalence exacte affirmée.
,,77,,77,partial,NACE_2.0 → ISIC_4 ; closeMatch ; source=eurostat-nace2-isic4. Validation métier requise ; aucune équivalence exacte affirmée.
,,771,,771,partial,NACE_2.0 → ISIC_4 ; closeMatch ; source=eurostat-nace2-isic4. Validation métier requise ; aucune équivalence exacte affirmée.
,,7711,,7710,partial,NACE_2.0 → ISIC_4 ; closeMatch ; source=eurostat-nace2-isic4. Validation métier requise ; aucune équivalence exacte affirmée.
,,7712,,7710,partial,NACE_2.0 → ISIC_4 ; closeMatch ; source=eurostat-nace2-isic4. Validation métier requise ; aucune équivalence exacte affirmée.
,,772,,772,partial,NACE_2.0 → ISIC_4 ; closeMatch ; source=eurostat-nace2-isic4. Validation métier requise ; aucune équivalence exacte affirmée.
,,7721,,7721,partial,NACE_2.0 → ISIC_4 ; closeMatch ; source=eurostat-nace2-isic4. Validation métier requise ; aucune équivalence exacte affirmée.
,,7722,,7722,partial,NACE_2.0 → ISIC_4 ; closeMatch ; source=eurostat-nace2-isic4. Validation métier requise ; aucune équivalence exacte affirmée.
,,7729,,7729,partial,NACE_2.0 → ISIC_4 ; closeMatch ; source=eurostat-nace2-isic4. Validation métier requise ; aucune équivalence exacte affirmée.
,,773,,773,partial,NACE_2.0 → ISIC_4 ; closeMatch ; source=eurostat-nace2-isic4. Validation métier requise ; aucune équivalence exacte affirmée.
,,7731,,7730,partial,NACE_2.0 → ISIC_4 ; closeMatch ; source=eurostat-nace2-isic4. Validation métier requise ; aucune équivalence exacte affirmée.
,,7732,,7730,partial,NACE_2.0 → ISIC_4 ; closeMatch ; source=eurostat-nace2-isic4. Validation métier requise ; aucune équivalence exacte affirmée.
,,7733,,7730,partial,NACE_2.0 → ISIC_4 ; closeMatch ; source=eurostat-nace2-isic4. Validation métier requise ; aucune équivalence exacte affirmée.
,,7734,,7730,partial,NACE_2.0 → ISIC_4 ; closeMatch ; source=eurostat-nace2-isic4. Validation métier requise ; aucune équivalence exacte affirmée.
,,7735,,7730,partial,NACE_2.0 → ISIC_4 ; closeMatch ; source=eurostat-nace2-isic4. Validation métier requise ; aucune équivalence exacte affirmée.
,,7739,,7730,partial,NACE_2.0 → ISIC_4 ; closeMatch ; source=eurostat-nace2-isic4. Validation métier requise ; aucune équivalence exacte affirmée.
,,774,,774,partial,NACE_2.0 → ISIC_4 ; closeMatch ; source=eurostat-nace2-isic4. Validation métier requise ; aucune équivalence exacte affirmée.
,,7740,,7740,partial,NACE_2.0 → ISIC_4 ; closeMatch ; source=eurostat-nace2-isic4. Validation métier requise ; aucune équivalence exacte affirmée.
,,78,,78,partial,NACE_2.0 → ISIC_4 ; closeMatch ; source=eurostat-nace2-isic4. Validation métier requise ; aucune équivalence exacte affirmée.
,,781,,781,partial,NACE_2.0 → ISIC_4 ; closeMatch ; source=eurostat-nace2-isic4. Validation métier requise ; aucune équivalence exacte affirmée.
,,7810,,7810,partial,NACE_2.0 → ISIC_4 ; closeMatch ; source=eurostat-nace2-isic4. Validation métier requise ; aucune équivalence exacte affirmée.
,,782,,782,partial,NACE_2.0 → ISIC_4 ; closeMatch ; source=eurostat-nace2-isic4. Validation métier requise ; aucune équivalence exacte affirmée.
,,7820,,7820,partial,NACE_2.0 → ISIC_4 ; closeMatch ; source=eurostat-nace2-isic4. Validation métier requise ; aucune équivalence exacte affirmée.
,,783,,783,partial,NACE_2.0 → ISIC_4 ; closeMatch ; source=eurostat-nace2-isic4. Validation métier requise ; aucune équivalence exacte affirmée.
,,7830,,7830,partial,NACE_2.0 → ISIC_4 ; closeMatch ; source=eurostat-nace2-isic4. Validation métier requise ; aucune équivalence exacte affirmée.
,,79,,79,partial,NACE_2.0 → ISIC_4 ; closeMatch ; source=eurostat-nace2-isic4. Validation métier requise ; aucune équivalence exacte affirmée.
,,791,,791,partial,NACE_2.0 → ISIC_4 ; closeMatch ; source=eurostat-nace2-isic4. Validation métier requise ; aucune équivalence exacte affirmée.
,,7911,,7911,partial,NACE_2.0 → ISIC_4 ; closeMatch ; source=eurostat-nace2-isic4. Validation métier requise ; aucune équivalence exacte affirmée.
,,7912,,7912,partial,NACE_2.0 → ISIC_4 ; closeMatch ; source=eurostat-nace2-isic4. Validation métier requise ; aucune équivalence exacte affirmée.
,,799,,799,partial,NACE_2.0 → ISIC_4 ; closeMatch ; source=eurostat-nace2-isic4. Validation métier requise ; aucune équivalence exacte affirmée.
,,7990,,7990,partial,NACE_2.0 → ISIC_4 ; closeMatch ; source=eurostat-nace2-isic4. Validation métier requise ; aucune équivalence exacte affirmée.
,,80,,80,partial,NACE_2.0 → ISIC_4 ; closeMatch ; source=eurostat-nace2-isic4. Validation métier requise ; aucune équivalence exacte affirmée.
,,801,,801,partial,NACE_2.0 → ISIC_4 ; closeMatch ; source=eurostat-nace2-isic4. Validation métier requise ; aucune équivalence exacte affirmée.
,,8010,,8010,partial,NACE_2.0 → ISIC_4 ; closeMatch ; source=eurostat-nace2-isic4. Validation métier requise ; aucune équivalence exacte affirmée.
,,802,,802,partial,NACE_2.0 → ISIC_4 ; closeMatch ; source=eurostat-nace2-isic4. Validation métier requise ; aucune équivalence exacte affirmée.
,,8020,,8020,partial,NACE_2.0 → ISIC_4 ; closeMatch ; source=eurostat-nace2-isic4. Validation métier requise ; aucune équivalence exacte affirmée.
,,803,,803,partial,NACE_2.0 → ISIC_4 ; closeMatch ; source=eurostat-nace2-isic4. Validation métier requise ; aucune équivalence exacte affirmée.
,,8030,,8030,partial,NACE_2.0 → ISIC_4 ; closeMatch ; source=eurostat-nace2-isic4. Validation métier requise ; aucune équivalence exacte affirmée.
,,81,,81,partial,NACE_2.0 → ISIC_4 ; closeMatch ; source=eurostat-nace2-isic4. Validation métier requise ; aucune équivalence exacte affirmée.
,,811,,811,partial,NACE_2.0 → ISIC_4 ; closeMatch ; source=eurostat-nace2-isic4. Validation métier requise ; aucune équivalence exacte affirmée.
,,8110,,8110,partial,NACE_2.0 → ISIC_4 ; closeMatch ; source=eurostat-nace2-isic4. Validation métier requise ; aucune équivalence exacte affirmée.
,,812,,812,partial,NACE_2.0 → ISIC_4 ; closeMatch ; source=eurostat-nace2-isic4. Validation métier requise ; aucune équivalence exacte affirmée.
,,8121,,8121,partial,NACE_2.0 → ISIC_4 ; closeMatch ; source=eurostat-nace2-isic4. Validation métier requise ; aucune équivalence exacte affirmée.
,,8122,,8129,partial,NACE_2.0 → ISIC_4 ; closeMatch ; source=eurostat-nace2-isic4. Validation métier requise ; aucune équivalence exacte affirmée.
,,8129,,8129,partial,NACE_2.0 → ISIC_4 ; closeMatch ; source=eurostat-nace2-isic4. Validation métier requise ; aucune équivalence exacte affirmée.
,,813,,813,partial,NACE_2.0 → ISIC_4 ; closeMatch ; source=eurostat-nace2-isic4. Validation métier requise ; aucune équivalence exacte affirmée.
,,8130,,8130,partial,NACE_2.0 → ISIC_4 ; closeMatch ; source=eurostat-nace2-isic4. Validation métier requise ; aucune équivalence exacte affirmée.
,,82,,82,partial,NACE_2.0 → ISIC_4 ; closeMatch ; source=eurostat-nace2-isic4. Validation métier requise ; aucune équivalence exacte affirmée.
,,821,,821,partial,NACE_2.0 → ISIC_4 ; closeMatch ; source=eurostat-nace2-isic4. Validation métier requise ; aucune équivalence exacte affirmée.
,,8211,,8211,partial,NACE_2.0 → ISIC_4 ; closeMatch ; source=eurostat-nace2-isic4. Validation métier requise ; aucune équivalence exacte affirmée.
,,8219,,8219,partial,NACE_2.0 → ISIC_4 ; closeMatch ; source=eurostat-nace2-isic4. Validation métier requise ; aucune équivalence exacte affirmée.
,,822,,822,partial,NACE_2.0 → ISIC_4 ; closeMatch ; source=eurostat-nace2-isic4. Validation métier requise ; aucune équivalence exacte affirmée.
,,8220,,8220,partial,NACE_2.0 → ISIC_4 ; closeMatch ; source=eurostat-nace2-isic4. Validation métier requise ; aucune équivalence exacte affirmée.
,,823,,823,partial,NACE_2.0 → ISIC_4 ; closeMatch ; source=eurostat-nace2-isic4. Validation métier requise ; aucune équivalence exacte affirmée.
,,8230,,8230,partial,NACE_2.0 → ISIC_4 ; closeMatch ; source=eurostat-nace2-isic4. Validation métier requise ; aucune équivalence exacte affirmée.
,,829,,829,partial,NACE_2.0 → ISIC_4 ; closeMatch ; source=eurostat-nace2-isic4. Validation métier requise ; aucune équivalence exacte affirmée.
,,8291,,8291,partial,NACE_2.0 → ISIC_4 ; closeMatch ; source=eurostat-nace2-isic4. Validation métier requise ; aucune équivalence exacte affirmée.
,,8292,,8292,partial,NACE_2.0 → ISIC_4 ; closeMatch ; source=eurostat-nace2-isic4. Validation métier requise ; aucune équivalence exacte affirmée.
,,8299,,8299,partial,NACE_2.0 → ISIC_4 ; closeMatch ; source=eurostat-nace2-isic4. Validation métier requise ; aucune équivalence exacte affirmée.
,,84,,84,partial,NACE_2.0 → ISIC_4 ; closeMatch ; source=eurostat-nace2-isic4. Validation métier requise ; aucune équivalence exacte affirmée.
,,841,,841,partial,NACE_2.0 → ISIC_4 ; closeMatch ; source=eurostat-nace2-isic4. Validation métier requise ; aucune équivalence exacte affirmée.
,,8411,,8411,partial,NACE_2.0 → ISIC_4 ; closeMatch ; source=eurostat-nace2-isic4. Validation métier requise ; aucune équivalence exacte affirmée.
,,8412,,8412,partial,NACE_2.0 → ISIC_4 ; closeMatch ; source=eurostat-nace2-isic4. Validation métier requise ; aucune équivalence exacte affirmée.
,,8413,,8413,partial,NACE_2.0 → ISIC_4 ; closeMatch ; source=eurostat-nace2-isic4. Validation métier requise ; aucune équivalence exacte affirmée.
,,842,,842,partial,NACE_2.0 → ISIC_4 ; closeMatch ; source=eurostat-nace2-isic4. Validation métier requise ; aucune équivalence exacte affirmée.
,,8421,,8421,partial,NACE_2.0 → ISIC_4 ; closeMatch ; source=eurostat-nace2-isic4. Validation métier requise ; aucune équivalence exacte affirmée.
,,8422,,8422,partial,NACE_2.0 → ISIC_4 ; closeMatch ; source=eurostat-nace2-isic4. Validation métier requise ; aucune équivalence exacte affirmée.
,,8423,,8423,partial,NACE_2.0 → ISIC_4 ; closeMatch ; source=eurostat-nace2-isic4. Validation métier requise ; aucune équivalence exacte affirmée.
,,8424,,8423,partial,NACE_2.0 → ISIC_4 ; closeMatch ; source=eurostat-nace2-isic4. Validation métier requise ; aucune équivalence exacte affirmée.
,,8425,,8423,partial,NACE_2.0 → ISIC_4 ; closeMatch ; source=eurostat-nace2-isic4. Validation métier requise ; aucune équivalence exacte affirmée.
,,843,,843,partial,NACE_2.0 → ISIC_4 ; closeMatch ; source=eurostat-nace2-isic4. Validation métier requise ; aucune équivalence exacte affirmée.
,,8430,,8430,partial,NACE_2.0 → ISIC_4 ; closeMatch ; source=eurostat-nace2-isic4. Validation métier requise ; aucune équivalence exacte affirmée.
,,85,,85,partial,NACE_2.0 → ISIC_4 ; closeMatch ; source=eurostat-nace2-isic4. Validation métier requise ; aucune équivalence exacte affirmée.
,,851,,851,partial,NACE_2.0 → ISIC_4 ; closeMatch ; source=eurostat-nace2-isic4. Validation métier requise ; aucune équivalence exacte affirmée.
,,8510,,8510,partial,NACE_2.0 → ISIC_4 ; closeMatch ; source=eurostat-nace2-isic4. Validation métier requise ; aucune équivalence exacte affirmée.
,,852,,851,partial,NACE_2.0 → ISIC_4 ; closeMatch ; source=eurostat-nace2-isic4. Validation métier requise ; aucune équivalence exacte affirmée.
,,8520,,8510,partial,NACE_2.0 → ISIC_4 ; closeMatch ; source=eurostat-nace2-isic4. Validation métier requise ; aucune équivalence exacte affirmée.
,,853,,852,partial,NACE_2.0 → ISIC_4 ; closeMatch ; source=eurostat-nace2-isic4. Validation métier requise ; aucune équivalence exacte affirmée.
,,8531,,8521,partial,NACE_2.0 → ISIC_4 ; closeMatch ; source=eurostat-nace2-isic4. Validation métier requise ; aucune équivalence exacte affirmée.
,,8532,,8522,partial,NACE_2.0 → ISIC_4 ; closeMatch ; source=eurostat-nace2-isic4. Validation métier requise ; aucune équivalence exacte affirmée.
,,854,,853,partial,NACE_2.0 → ISIC_4 ; closeMatch ; source=eurostat-nace2-isic4. Validation métier requise ; aucune équivalence exacte affirmée.
,,8541,,8530,partial,NACE_2.0 → ISIC_4 ; closeMatch ; source=eurostat-nace2-isic4. Validation métier requise ; aucune équivalence exacte affirmée.
,,8542,,8530,partial,NACE_2.0 → ISIC_4 ; closeMatch ; source=eurostat-nace2-isic4. Validation métier requise ; aucune équivalence exacte affirmée.
,,855,,854,partial,NACE_2.0 → ISIC_4 ; closeMatch ; source=eurostat-nace2-isic4. Validation métier requise ; aucune équivalence exacte affirmée.
,,8551,,8541,partial,NACE_2.0 → ISIC_4 ; closeMatch ; source=eurostat-nace2-isic4. Validation métier requise ; aucune équivalence exacte affirmée.
,,8552,,8542,partial,NACE_2.0 → ISIC_4 ; closeMatch ; source=eurostat-nace2-isic4. Validation métier requise ; aucune équivalence exacte affirmée.
,,8553,,8549,partial,NACE_2.0 → ISIC_4 ; closeMatch ; source=eurostat-nace2-isic4. Validation métier requise ; aucune équivalence exacte affirmée.
,,8559,,8549,partial,NACE_2.0 → ISIC_4 ; closeMatch ; source=eurostat-nace2-isic4. Validation métier requise ; aucune équivalence exacte affirmée.
,,856,,855,partial,NACE_2.0 → ISIC_4 ; closeMatch ; source=eurostat-nace2-isic4. Validation métier requise ; aucune équivalence exacte affirmée.
,,8560,,8550,partial,NACE_2.0 → ISIC_4 ; closeMatch ; source=eurostat-nace2-isic4. Validation métier requise ; aucune équivalence exacte affirmée.
,,86,,86,partial,NACE_2.0 → ISIC_4 ; closeMatch ; source=eurostat-nace2-isic4. Validation métier requise ; aucune équivalence exacte affirmée.
,,861,,861,partial,NACE_2.0 → ISIC_4 ; closeMatch ; source=eurostat-nace2-isic4. Validation métier requise ; aucune équivalence exacte affirmée.
,,8610,,8610,partial,NACE_2.0 → ISIC_4 ; closeMatch ; source=eurostat-nace2-isic4. Validation métier requise ; aucune équivalence exacte affirmée.
,,862,,862,partial,NACE_2.0 → ISIC_4 ; closeMatch ; source=eurostat-nace2-isic4. Validation métier requise ; aucune équivalence exacte affirmée.
,,8621,,8620,partial,NACE_2.0 → ISIC_4 ; closeMatch ; source=eurostat-nace2-isic4. Validation métier requise ; aucune équivalence exacte affirmée.
,,8622,,8620,partial,NACE_2.0 → ISIC_4 ; closeMatch ; source=eurostat-nace2-isic4. Validation métier requise ; aucune équivalence exacte affirmée.
,,8623,,8620,partial,NACE_2.0 → ISIC_4 ; closeMatch ; source=eurostat-nace2-isic4. Validation métier requise ; aucune équivalence exacte affirmée.
,,869,,869,partial,NACE_2.0 → ISIC_4 ; closeMatch ; source=eurostat-nace2-isic4. Validation métier requise ; aucune équivalence exacte affirmée.
,,8690,,8690,partial,NACE_2.0 → ISIC_4 ; closeMatch ; source=eurostat-nace2-isic4. Validation métier requise ; aucune équivalence exacte affirmée.
,,87,,87,partial,NACE_2.0 → ISIC_4 ; closeMatch ; source=eurostat-nace2-isic4. Validation métier requise ; aucune équivalence exacte affirmée.
,,871,,871,partial,NACE_2.0 → ISIC_4 ; closeMatch ; source=eurostat-nace2-isic4. Validation métier requise ; aucune équivalence exacte affirmée.
,,8710,,8710,partial,NACE_2.0 → ISIC_4 ; closeMatch ; source=eurostat-nace2-isic4. Validation métier requise ; aucune équivalence exacte affirmée.
,,872,,872,partial,NACE_2.0 → ISIC_4 ; closeMatch ; source=eurostat-nace2-isic4. Validation métier requise ; aucune équivalence exacte affirmée.
,,8720,,8720,partial,NACE_2.0 → ISIC_4 ; closeMatch ; source=eurostat-nace2-isic4. Validation métier requise ; aucune équivalence exacte affirmée.
,,873,,873,partial,NACE_2.0 → ISIC_4 ; closeMatch ; source=eurostat-nace2-isic4. Validation métier requise ; aucune équivalence exacte affirmée.
,,8730,,8730,partial,NACE_2.0 → ISIC_4 ; closeMatch ; source=eurostat-nace2-isic4. Validation métier requise ; aucune équivalence exacte affirmée.
,,879,,879,partial,NACE_2.0 → ISIC_4 ; closeMatch ; source=eurostat-nace2-isic4. Validation métier requise ; aucune équivalence exacte affirmée.
,,8790,,8790,partial,NACE_2.0 → ISIC_4 ; closeMatch ; source=eurostat-nace2-isic4. Validation métier requise ; aucune équivalence exacte affirmée.
,,88,,88,partial,NACE_2.0 → ISIC_4 ; closeMatch ; source=eurostat-nace2-isic4. Validation métier requise ; aucune équivalence exacte affirmée.
,,881,,881,partial,NACE_2.0 → ISIC_4 ; closeMatch ; source=eurostat-nace2-isic4. Validation métier requise ; aucune équivalence exacte affirmée.
,,8810,,8810,partial,NACE_2.0 → ISIC_4 ; closeMatch ; source=eurostat-nace2-isic4. Validation métier requise ; aucune équivalence exacte affirmée.
,,889,,889,partial,NACE_2.0 → ISIC_4 ; closeMatch ; source=eurostat-nace2-isic4. Validation métier requise ; aucune équivalence exacte affirmée.
,,8891,,8890,partial,NACE_2.0 → ISIC_4 ; closeMatch ; source=eurostat-nace2-isic4. Validation métier requise ; aucune équivalence exacte affirmée.
,,8899,,8890,partial,NACE_2.0 → ISIC_4 ; closeMatch ; source=eurostat-nace2-isic4. Validation métier requise ; aucune équivalence exacte affirmée.
,,90,,90,partial,NACE_2.0 → ISIC_4 ; closeMatch ; source=eurostat-nace2-isic4. Validation métier requise ; aucune équivalence exacte affirmée.
,,900,,900,partial,NACE_2.0 → ISIC_4 ; closeMatch ; source=eurostat-nace2-isic4. Validation métier requise ; aucune équivalence exacte affirmée.
,,9001,,9000,partial,NACE_2.0 → ISIC_4 ; closeMatch ; source=eurostat-nace2-isic4. Validation métier requise ; aucune équivalence exacte affirmée.
,,9002,,9000,partial,NACE_2.0 → ISIC_4 ; closeMatch ; source=eurostat-nace2-isic4. Validation métier requise ; aucune équivalence exacte affirmée.
,,9003,,9000,partial,NACE_2.0 → ISIC_4 ; closeMatch ; source=eurostat-nace2-isic4. Validation métier requise ; aucune équivalence exacte affirmée.
,,9004,,9000,partial,NACE_2.0 → ISIC_4 ; closeMatch ; source=eurostat-nace2-isic4. Validation métier requise ; aucune équivalence exacte affirmée.
,,91,,91,partial,NACE_2.0 → ISIC_4 ; closeMatch ; source=eurostat-nace2-isic4. Validation métier requise ; aucune équivalence exacte affirmée.
,,910,,910,partial,NACE_2.0 → ISIC_4 ; closeMatch ; source=eurostat-nace2-isic4. Validation métier requise ; aucune équivalence exacte affirmée.
,,9101,,9101,partial,NACE_2.0 → ISIC_4 ; closeMatch ; source=eurostat-nace2-isic4. Validation métier requise ; aucune équivalence exacte affirmée.
,,9102,,9102,partial,NACE_2.0 → ISIC_4 ; closeMatch ; source=eurostat-nace2-isic4. Validation métier requise ; aucune équivalence exacte affirmée.
,,9103,,9102,partial,NACE_2.0 → ISIC_4 ; closeMatch ; source=eurostat-nace2-isic4. Validation métier requise ; aucune équivalence exacte affirmée.
,,9104,,9103,partial,NACE_2.0 → ISIC_4 ; closeMatch ; source=eurostat-nace2-isic4. Validation métier requise ; aucune équivalence exacte affirmée.
,,92,,92,partial,NACE_2.0 → ISIC_4 ; closeMatch ; source=eurostat-nace2-isic4. Validation métier requise ; aucune équivalence exacte affirmée.
,,920,,920,partial,NACE_2.0 → ISIC_4 ; closeMatch ; source=eurostat-nace2-isic4. Validation métier requise ; aucune équivalence exacte affirmée.
,,9200,,9200,partial,NACE_2.0 → ISIC_4 ; closeMatch ; source=eurostat-nace2-isic4. Validation métier requise ; aucune équivalence exacte affirmée.
,,93,,93,partial,NACE_2.0 → ISIC_4 ; closeMatch ; source=eurostat-nace2-isic4. Validation métier requise ; aucune équivalence exacte affirmée.
,,931,,931,partial,NACE_2.0 → ISIC_4 ; closeMatch ; source=eurostat-nace2-isic4. Validation métier requise ; aucune équivalence exacte affirmée.
,,9311,,9311,partial,NACE_2.0 → ISIC_4 ; closeMatch ; source=eurostat-nace2-isic4. Validation métier requise ; aucune équivalence exacte affirmée.
,,9312,,9312,partial,NACE_2.0 → ISIC_4 ; closeMatch ; source=eurostat-nace2-isic4. Validation métier requise ; aucune équivalence exacte affirmée.
,,9313,,9311,partial,NACE_2.0 → ISIC_4 ; closeMatch ; source=eurostat-nace2-isic4. Validation métier requise ; aucune équivalence exacte affirmée.
,,9319,,9319,partial,NACE_2.0 → ISIC_4 ; closeMatch ; source=eurostat-nace2-isic4. Validation métier requise ; aucune équivalence exacte affirmée.
,,932,,932,partial,NACE_2.0 → ISIC_4 ; closeMatch ; source=eurostat-nace2-isic4. Validation métier requise ; aucune équivalence exacte affirmée.
,,9321,,9321,partial,NACE_2.0 → ISIC_4 ; closeMatch ; source=eurostat-nace2-isic4. Validation métier requise ; aucune équivalence exacte affirmée.
,,9329,,9329,partial,NACE_2.0 → ISIC_4 ; closeMatch ; source=eurostat-nace2-isic4. Validation métier requise ; aucune équivalence exacte affirmée.
,,94,,94,partial,NACE_2.0 → ISIC_4 ; closeMatch ; source=eurostat-nace2-isic4. Validation métier requise ; aucune équivalence exacte affirmée.
,,941,,941,partial,NACE_2.0 → ISIC_4 ; closeMatch ; source=eurostat-nace2-isic4. Validation métier requise ; aucune équivalence exacte affirmée.
,,9411,,9411,partial,NACE_2.0 → ISIC_4 ; closeMatch ; source=eurostat-nace2-isic4. Validation métier requise ; aucune équivalence exacte affirmée.
,,9412,,9412,partial,NACE_2.0 → ISIC_4 ; closeMatch ; source=eurostat-nace2-isic4. Validation métier requise ; aucune équivalence exacte affirmée.
,,942,,942,partial,NACE_2.0 → ISIC_4 ; closeMatch ; source=eurostat-nace2-isic4. Validation métier requise ; aucune équivalence exacte affirmée.
,,9420,,9420,partial,NACE_2.0 → ISIC_4 ; closeMatch ; source=eurostat-nace2-isic4. Validation métier requise ; aucune équivalence exacte affirmée.
,,949,,949,partial,NACE_2.0 → ISIC_4 ; closeMatch ; source=eurostat-nace2-isic4. Validation métier requise ; aucune équivalence exacte affirmée.
,,9491,,9491,partial,NACE_2.0 → ISIC_4 ; closeMatch ; source=eurostat-nace2-isic4. Validation métier requise ; aucune équivalence exacte affirmée.
,,9492,,9492,partial,NACE_2.0 → ISIC_4 ; closeMatch ; source=eurostat-nace2-isic4. Validation métier requise ; aucune équivalence exacte affirmée.
,,9499,,9499,partial,NACE_2.0 → ISIC_4 ; closeMatch ; source=eurostat-nace2-isic4. Validation métier requise ; aucune équivalence exacte affirmée.
,,95,,95,partial,NACE_2.0 → ISIC_4 ; closeMatch ; source=eurostat-nace2-isic4. Validation métier requise ; aucune équivalence exacte affirmée.
,,951,,951,partial,NACE_2.0 → ISIC_4 ; closeMatch ; source=eurostat-nace2-isic4. Validation métier requise ; aucune équivalence exacte affirmée.
,,9511,,9511,partial,NACE_2.0 → ISIC_4 ; closeMatch ; source=eurostat-nace2-isic4. Validation métier requise ; aucune équivalence exacte affirmée.
,,9512,,9512,partial,NACE_2.0 → ISIC_4 ; closeMatch ; source=eurostat-nace2-isic4. Validation métier requise ; aucune équivalence exacte affirmée.
,,952,,952,partial,NACE_2.0 → ISIC_4 ; closeMatch ; source=eurostat-nace2-isic4. Validation métier requise ; aucune équivalence exacte affirmée.
,,9521,,9521,partial,NACE_2.0 → ISIC_4 ; closeMatch ; source=eurostat-nace2-isic4. Validation métier requise ; aucune équivalence exacte affirmée.
,,9522,,9522,partial,NACE_2.0 → ISIC_4 ; closeMatch ; source=eurostat-nace2-isic4. Validation métier requise ; aucune équivalence exacte affirmée.
,,9523,,9523,partial,NACE_2.0 → ISIC_4 ; closeMatch ; source=eurostat-nace2-isic4. Validation métier requise ; aucune équivalence exacte affirmée.
,,9524,,9524,partial,NACE_2.0 → ISIC_4 ; closeMatch ; source=eurostat-nace2-isic4. Validation métier requise ; aucune équivalence exacte affirmée.
,,9525,,9529,partial,NACE_2.0 → ISIC_4 ; closeMatch ; source=eurostat-nace2-isic4. Validation métier requise ; aucune équivalence exacte affirmée.
,,9529,,9529,partial,NACE_2.0 → ISIC_4 ; closeMatch ; source=eurostat-nace2-isic4. Validation métier requise ; aucune équivalence exacte affirmée.
,,96,,96,partial,NACE_2.0 → ISIC_4 ; closeMatch ; source=eurostat-nace2-isic4. Validation métier requise ; aucune équivalence exacte affirmée.
,,960,,960,partial,NACE_2.0 → ISIC_4 ; closeMatch ; source=eurostat-nace2-isic4. Validation métier requise ; aucune équivalence exacte affirmée.
,,9601,,9601,partial,NACE_2.0 → ISIC_4 ; closeMatch ; source=eurostat-nace2-isic4. Validation métier requise ; aucune équivalence exacte affirmée.
,,9602,,9602,partial,NACE_2.0 → ISIC_4 ; closeMatch ; source=eurostat-nace2-isic4. Validation métier requise ; aucune équivalence exacte affirmée.
,,9603,,9603,partial,NACE_2.0 → ISIC_4 ; closeMatch ; source=eurostat-nace2-isic4. Validation métier requise ; aucune équivalence exacte affirmée.
,,9604,,9609,partial,NACE_2.0 → ISIC_4 ; closeMatch ; source=eurostat-nace2-isic4. Validation métier requise ; aucune équivalence exacte affirmée.
,,9609,,9609,partial,NACE_2.0 → ISIC_4 ; closeMatch ; source=eurostat-nace2-isic4. Validation métier requise ; aucune équivalence exacte affirmée.
,,97,,97,partial,NACE_2.0 → ISIC_4 ; closeMatch ; source=eurostat-nace2-isic4. Validation métier requise ; aucune équivalence exacte affirmée.
,,970,,970,partial,NACE_2.0 → ISIC_4 ; closeMatch ; source=eurostat-nace2-isic4. Validation métier requise ; aucune équivalence exacte affirmée.
,,9700,,9700,partial,NACE_2.0 → ISIC_4 ; closeMatch ; source=eurostat-nace2-isic4. Validation métier requise ; aucune équivalence exacte affirmée.
,,98,,98,partial,NACE_2.0 → ISIC_4 ; closeMatch ; source=eurostat-nace2-isic4. Validation métier requise ; aucune équivalence exacte affirmée.
,,981,,981,partial,NACE_2.0 → ISIC_4 ; closeMatch ; source=eurostat-nace2-isic4. Validation métier requise ; aucune équivalence exacte affirmée.
,,9810,,9810,partial,NACE_2.0 → ISIC_4 ; closeMatch ; source=eurostat-nace2-isic4. Validation métier requise ; aucune équivalence exacte affirmée.
,,982,,982,partial,NACE_2.0 → ISIC_4 ; closeMatch ; source=eurostat-nace2-isic4. Validation métier requise ; aucune équivalence exacte affirmée.
,,9820,,9820,partial,NACE_2.0 → ISIC_4 ; closeMatch ; source=eurostat-nace2-isic4. Validation métier requise ; aucune équivalence exacte affirmée.
,,99,,99,partial,NACE_2.0 → ISIC_4 ; closeMatch ; source=eurostat-nace2-isic4. Validation métier requise ; aucune équivalence exacte affirmée.
,,990,,990,partial,NACE_2.0 → ISIC_4 ; closeMatch ; source=eurostat-nace2-isic4. Validation métier requise ; aucune équivalence exacte affirmée.
,,9900,,9900,partial,NACE_2.0 → ISIC_4 ; closeMatch ; source=eurostat-nace2-isic4. Validation métier requise ; aucune équivalence exacte affirmée.
,,A,,A,partial,NACE_2.0 → ISIC_4 ; closeMatch ; source=eurostat-nace2-isic4. Validation métier requise ; aucune équivalence exacte affirmée.
,,B,,B,partial,NACE_2.0 → ISIC_4 ; closeMatch ; source=eurostat-nace2-isic4. Validation métier requise ; aucune équivalence exacte affirmée.
,,C,,C,partial,NACE_2.0 → ISIC_4 ; closeMatch ; source=eurostat-nace2-isic4. Validation métier requise ; aucune équivalence exacte affirmée.
,,D,,D,partial,NACE_2.0 → ISIC_4 ; closeMatch ; source=eurostat-nace2-isic4. Validation métier requise ; aucune équivalence exacte affirmée.
,,E,,E,partial,NACE_2.0 → ISIC_4 ; closeMatch ; source=eurostat-nace2-isic4. Validation métier requise ; aucune équivalence exacte affirmée.
,,F,,F,partial,NACE_2.0 → ISIC_4 ; closeMatch ; source=eurostat-nace2-isic4. Validation métier requise ; aucune équivalence exacte affirmée.
,,G,,G,partial,NACE_2.0 → ISIC_4 ; closeMatch ; source=eurostat-nace2-isic4. Validation métier requise ; aucune équivalence exacte affirmée.
,,H,,H,partial,NACE_2.0 → ISIC_4 ; closeMatch ; source=eurostat-nace2-isic4. Validation métier requise ; aucune équivalence exacte affirmée.
,,I,,I,partial,NACE_2.0 → ISIC_4 ; closeMatch ; source=eurostat-nace2-isic4. Validation métier requise ; aucune équivalence exacte affirmée.
,,J,,J,partial,NACE_2.0 → ISIC_4 ; closeMatch ; source=eurostat-nace2-isic4. Validation métier requise ; aucune équivalence exacte affirmée.
,,K,,K,partial,NACE_2.0 → ISIC_4 ; closeMatch ; source=eurostat-nace2-isic4. Validation métier requise ; aucune équivalence exacte affirmée.
,,L,,L,partial,NACE_2.0 → ISIC_4 ; closeMatch ; source=eurostat-nace2-isic4. Validation métier requise ; aucune équivalence exacte affirmée.
,,M,,M,partial,NACE_2.0 → ISIC_4 ; closeMatch ; source=eurostat-nace2-isic4. Validation métier requise ; aucune équivalence exacte affirmée.
,,N,,N,partial,NACE_2.0 → ISIC_4 ; closeMatch ; source=eurostat-nace2-isic4. Validation métier requise ; aucune équivalence exacte affirmée.
,,O,,O,partial,NACE_2.0 → ISIC_4 ; closeMatch ; source=eurostat-nace2-isic4. Validation métier requise ; aucune équivalence exacte affirmée.
,,P,,P,partial,NACE_2.0 → ISIC_4 ; closeMatch ; source=eurostat-nace2-isic4. Validation métier requise ; aucune équivalence exacte affirmée.
,,Q,,Q,partial,NACE_2.0 → ISIC_4 ; closeMatch ; source=eurostat-nace2-isic4. Validation métier requise ; aucune équivalence exacte affirmée.
,,R,,R,partial,NACE_2.0 → ISIC_4 ; closeMatch ; source=eurostat-nace2-isic4. Validation métier requise ; aucune équivalence exacte affirmée.
,,S,,S,partial,NACE_2.0 → ISIC_4 ; closeMatch ; source=eurostat-nace2-isic4. Validation métier requise ; aucune équivalence exacte affirmée.
,,T,,T,partial,NACE_2.0 → ISIC_4 ; closeMatch ; source=eurostat-nace2-isic4. Validation métier requise ; aucune équivalence exacte affirmée.
,,U,,U,partial,NACE_2.0 → ISIC_4 ; closeMatch ; source=eurostat-nace2-isic4. Validation métier requise ; aucune équivalence exacte affirmée.
,,01,01,,partial,NACE_2.1 → NACE_2.0 ; closeMatch ; source=eurostat-nace21. Validation métier requise ; aucune équivalence exacte affirmée.
,,03,01,,partial,NACE_2.1 → NACE_2.0 ; closeMatch ; source=eurostat-nace21. Validation métier requise ; aucune équivalence exacte affirmée.
,,011,011,,partial,NACE_2.1 → NACE_2.0 ; closeMatch ; source=eurostat-nace21. Validation métier requise ; aucune équivalence exacte affirmée.
,,012,011,,partial,NACE_2.1 → NACE_2.0 ; closeMatch ; source=eurostat-nace21. Validation métier requise ; aucune équivalence exacte affirmée.
,,0111,0111,,partial,NACE_2.1 → NACE_2.0 ; closeMatch ; source=eurostat-nace21. Validation métier requise ; aucune équivalence exacte affirmée.
,,0112,0112,,partial,NACE_2.1 → NACE_2.0 ; closeMatch ; source=eurostat-nace21. Validation métier requise ; aucune équivalence exacte affirmée.
,,0113,0113,,partial,NACE_2.1 → NACE_2.0 ; closeMatch ; source=eurostat-nace21. Validation métier requise ; aucune équivalence exacte affirmée.
,,0119,0113,,partial,NACE_2.1 → NACE_2.0 ; closeMatch ; source=eurostat-nace21. Validation métier requise ; aucune équivalence exacte affirmée.
,,0128,0113,,partial,NACE_2.1 → NACE_2.0 ; closeMatch ; source=eurostat-nace21. Validation métier requise ; aucune équivalence exacte affirmée.
,,0114,0114,,partial,NACE_2.1 → NACE_2.0 ; closeMatch ; source=eurostat-nace21. Validation métier requise ; aucune équivalence exacte affirmée.
,,0115,0115,,partial,NACE_2.1 → NACE_2.0 ; closeMatch ; source=eurostat-nace21. Validation métier requise ; aucune équivalence exacte affirmée.
,,0116,0116,,partial,NACE_2.1 → NACE_2.0 ; closeMatch ; source=eurostat-nace21. Validation métier requise ; aucune équivalence exacte affirmée.
,,0119,0119,,partial,NACE_2.1 → NACE_2.0 ; closeMatch ; source=eurostat-nace21. Validation métier requise ; aucune équivalence exacte affirmée.
,,012,012,,partial,NACE_2.1 → NACE_2.0 ; closeMatch ; source=eurostat-nace21. Validation métier requise ; aucune équivalence exacte affirmée.
,,0121,0121,,partial,NACE_2.1 → NACE_2.0 ; closeMatch ; source=eurostat-nace21. Validation métier requise ; aucune équivalence exacte affirmée.
,,0122,0122,,partial,NACE_2.1 → NACE_2.0 ; closeMatch ; source=eurostat-nace21. Validation métier requise ; aucune équivalence exacte affirmée.
,,0123,0123,,partial,NACE_2.1 → NACE_2.0 ; closeMatch ; source=eurostat-nace21. Validation métier requise ; aucune équivalence exacte affirmée.
,,0124,0124,,partial,NACE_2.1 → NACE_2.0 ; closeMatch ; source=eurostat-nace21. Validation métier requise ; aucune équivalence exacte affirmée.
,,0125,0125,,partial,NACE_2.1 → NACE_2.0 ; closeMatch ; source=eurostat-nace21. Validation métier requise ; aucune équivalence exacte affirmée.
,,0126,0126,,partial,NACE_2.1 → NACE_2.0 ; closeMatch ; source=eurostat-nace21. Validation métier requise ; aucune équivalence exacte affirmée.
,,0127,0127,,partial,NACE_2.1 → NACE_2.0 ; closeMatch ; source=eurostat-nace21. Validation métier requise ; aucune équivalence exacte affirmée.
,,0128,0128,,partial,NACE_2.1 → NACE_2.0 ; closeMatch ; source=eurostat-nace21. Validation métier requise ; aucune équivalence exacte affirmée.
,,0129,0129,,partial,NACE_2.1 → NACE_2.0 ; closeMatch ; source=eurostat-nace21. Validation métier requise ; aucune équivalence exacte affirmée.
,,013,013,,partial,NACE_2.1 → NACE_2.0 ; closeMatch ; source=eurostat-nace21. Validation métier requise ; aucune équivalence exacte affirmée.
,,0130,0130,,partial,NACE_2.1 → NACE_2.0 ; closeMatch ; source=eurostat-nace21. Validation métier requise ; aucune équivalence exacte affirmée.
,,014,014,,partial,NACE_2.1 → NACE_2.0 ; closeMatch ; source=eurostat-nace21. Validation métier requise ; aucune équivalence exacte affirmée.
,,016,014,,partial,NACE_2.1 → NACE_2.0 ; closeMatch ; source=eurostat-nace21. Validation métier requise ; aucune équivalence exacte affirmée.
,,032,014,,partial,NACE_2.1 → NACE_2.0 ; closeMatch ; source=eurostat-nace21. Validation métier requise ; aucune équivalence exacte affirmée.
,,0141,0141,,partial,NACE_2.1 → NACE_2.0 ; closeMatch ; source=eurostat-nace21. Validation métier requise ; aucune équivalence exacte affirmée.
,,0142,0141,,partial,NACE_2.1 → NACE_2.0 ; closeMatch ; source=eurostat-nace21. Validation métier requise ; aucune équivalence exacte affirmée.
,,0142,0142,,partial,NACE_2.1 → NACE_2.0 ; closeMatch ; source=eurostat-nace21. Validation métier requise ; aucune équivalence exacte affirmée.
,,0143,0143,,partial,NACE_2.1 → NACE_2.0 ; closeMatch ; source=eurostat-nace21. Validation métier requise ; aucune équivalence exacte affirmée.
,,0144,0144,,partial,NACE_2.1 → NACE_2.0 ; closeMatch ; source=eurostat-nace21. Validation métier requise ; aucune équivalence exacte affirmée.
,,0145,0145,,partial,NACE_2.1 → NACE_2.0 ; closeMatch ; source=eurostat-nace21. Validation métier requise ; aucune équivalence exacte affirmée.
,,0146,0146,,partial,NACE_2.1 → NACE_2.0 ; closeMatch ; source=eurostat-nace21. Validation métier requise ; aucune équivalence exacte affirmée.
,,0147,0147,,partial,NACE_2.1 → NACE_2.0 ; closeMatch ; source=eurostat-nace21. Validation métier requise ; aucune équivalence exacte affirmée.
,,0149,0147,,partial,NACE_2.1 → NACE_2.0 ; closeMatch ; source=eurostat-nace21. Validation métier requise ; aucune équivalence exacte affirmée.
,,0162,0147,,partial,NACE_2.1 → NACE_2.0 ; closeMatch ; source=eurostat-nace21. Validation métier requise ; aucune équivalence exacte affirmée.
,,0149,0148,,partial,NACE_2.1 → NACE_2.0 ; closeMatch ; source=eurostat-nace21. Validation métier requise ; aucune équivalence exacte affirmée.
,,0322,0148,,partial,NACE_2.1 → NACE_2.0 ; closeMatch ; source=eurostat-nace21. Validation métier requise ; aucune équivalence exacte affirmée.
,,015,015,,partial,NACE_2.1 → NACE_2.0 ; closeMatch ; source=eurostat-nace21. Validation métier requise ; aucune équivalence exacte affirmée.
,,0150,0150,,partial,NACE_2.1 → NACE_2.0 ; closeMatch ; source=eurostat-nace21. Validation métier requise ; aucune équivalence exacte affirmée.
,,016,016,,partial,NACE_2.1 → NACE_2.0 ; closeMatch ; source=eurostat-nace21. Validation métier requise ; aucune équivalence exacte affirmée.
,,0161,0161,,partial,NACE_2.1 → NACE_2.0 ; closeMatch ; source=eurostat-nace21. Validation métier requise ; aucune équivalence exacte affirmée.
,,0162,0162,,partial,NACE_2.1 → NACE_2.0 ; closeMatch ; source=eurostat-nace21. Validation métier requise ; aucune équivalence exacte affirmée.
,,0163,0163,,partial,NACE_2.1 → NACE_2.0 ; closeMatch ; source=eurostat-nace21. Validation métier requise ; aucune équivalence exacte affirmée.
,,0164,0163,,partial,NACE_2.1 → NACE_2.0 ; closeMatch ; source=eurostat-nace21. Validation métier requise ; aucune équivalence exacte affirmée.
,,017,017,,partial,NACE_2.1 → NACE_2.0 ; closeMatch ; source=eurostat-nace21. Validation métier requise ; aucune équivalence exacte affirmée.
,,0170,0170,,partial,NACE_2.1 → NACE_2.0 ; closeMatch ; source=eurostat-nace21. Validation métier requise ; aucune équivalence exacte affirmée.
,,02,02,,partial,NACE_2.1 → NACE_2.0 ; closeMatch ; source=eurostat-nace21. Validation métier requise ; aucune équivalence exacte affirmée.
,,021,021,,partial,NACE_2.1 → NACE_2.0 ; closeMatch ; source=eurostat-nace21. Validation métier requise ; aucune équivalence exacte affirmée.
,,0210,0210,,partial,NACE_2.1 → NACE_2.0 ; closeMatch ; source=eurostat-nace21. Validation métier requise ; aucune équivalence exacte affirmée.
,,022,022,,partial,NACE_2.1 → NACE_2.0 ; closeMatch ; source=eurostat-nace21. Validation métier requise ; aucune équivalence exacte affirmée.
,,0220,0220,,partial,NACE_2.1 → NACE_2.0 ; closeMatch ; source=eurostat-nace21. Validation métier requise ; aucune équivalence exacte affirmée.
,,023,023,,partial,NACE_2.1 → NACE_2.0 ; closeMatch ; source=eurostat-nace21. Validation métier requise ; aucune équivalence exacte affirmée.
,,0230,0230,,partial,NACE_2.1 → NACE_2.0 ; closeMatch ; source=eurostat-nace21. Validation métier requise ; aucune équivalence exacte affirmée.
,,024,024,,partial,NACE_2.1 → NACE_2.0 ; closeMatch ; source=eurostat-nace21. Validation métier requise ; aucune équivalence exacte affirmée.
,,0240,0240,,partial,NACE_2.1 → NACE_2.0 ; closeMatch ; source=eurostat-nace21. Validation métier requise ; aucune équivalence exacte affirmée.
,,03,03,,partial,NACE_2.1 → NACE_2.0 ; closeMatch ; source=eurostat-nace21. Validation métier requise ; aucune équivalence exacte affirmée.
,,33,03,,partial,NACE_2.1 → NACE_2.0 ; closeMatch ; source=eurostat-nace21. Validation métier requise ; aucune équivalence exacte affirmée.
,,031,031,,partial,NACE_2.1 → NACE_2.0 ; closeMatch ; source=eurostat-nace21. Validation métier requise ; aucune équivalence exacte affirmée.
,,0311,0311,,partial,NACE_2.1 → NACE_2.0 ; closeMatch ; source=eurostat-nace21. Validation métier requise ; aucune équivalence exacte affirmée.
,,0312,0312,,partial,NACE_2.1 → NACE_2.0 ; closeMatch ; source=eurostat-nace21. Validation métier requise ; aucune équivalence exacte affirmée.
,,032,032,,partial,NACE_2.1 → NACE_2.0 ; closeMatch ; source=eurostat-nace21. Validation métier requise ; aucune équivalence exacte affirmée.
,,0321,0321,,partial,NACE_2.1 → NACE_2.0 ; closeMatch ; source=eurostat-nace21. Validation métier requise ; aucune équivalence exacte affirmée.
,,0322,0322,,partial,NACE_2.1 → NACE_2.0 ; closeMatch ; source=eurostat-nace21. Validation métier requise ; aucune équivalence exacte affirmée.
,,031,033,,partial,NACE_2.1 → NACE_2.0 ; closeMatch ; source=eurostat-nace21. Validation métier requise ; aucune équivalence exacte affirmée.
,,032,033,,partial,NACE_2.1 → NACE_2.0 ; closeMatch ; source=eurostat-nace21. Validation métier requise ; aucune équivalence exacte affirmée.
,,331,033,,partial,NACE_2.1 → NACE_2.0 ; closeMatch ; source=eurostat-nace21. Validation métier requise ; aucune équivalence exacte affirmée.
,,0311,0330,,partial,NACE_2.1 → NACE_2.0 ; closeMatch ; source=eurostat-nace21. Validation métier requise ; aucune équivalence exacte affirmée.
,,0312,0330,,partial,NACE_2.1 → NACE_2.0 ; closeMatch ; source=eurostat-nace21. Validation métier requise ; aucune équivalence exacte affirmée.
,,0321,0330,,partial,NACE_2.1 → NACE_2.0 ; closeMatch ; source=eurostat-nace21. Validation métier requise ; aucune équivalence exacte affirmée.
,,0322,0330,,partial,NACE_2.1 → NACE_2.0 ; closeMatch ; source=eurostat-nace21. Validation métier requise ; aucune équivalence exacte affirmée.
,,3311,0330,,partial,NACE_2.1 → NACE_2.0 ; closeMatch ; source=eurostat-nace21. Validation métier requise ; aucune équivalence exacte affirmée.
,,05,05,,partial,NACE_2.1 → NACE_2.0 ; closeMatch ; source=eurostat-nace21. Validation métier requise ; aucune équivalence exacte affirmée.
,,051,051,,partial,NACE_2.1 → NACE_2.0 ; closeMatch ; source=eurostat-nace21. Validation métier requise ; aucune équivalence exacte affirmée.
,,0510,0510,,partial,NACE_2.1 → NACE_2.0 ; closeMatch ; source=eurostat-nace21. Validation métier requise ; aucune équivalence exacte affirmée.
,,052,052,,partial,NACE_2.1 → NACE_2.0 ; closeMatch ; source=eurostat-nace21. Validation métier requise ; aucune équivalence exacte affirmée.
,,0520,0520,,partial,NACE_2.1 → NACE_2.0 ; closeMatch ; source=eurostat-nace21. Validation métier requise ; aucune équivalence exacte affirmée.
,,06,06,,partial,NACE_2.1 → NACE_2.0 ; closeMatch ; source=eurostat-nace21. Validation métier requise ; aucune équivalence exacte affirmée.
,,061,061,,partial,NACE_2.1 → NACE_2.0 ; closeMatch ; source=eurostat-nace21. Validation métier requise ; aucune équivalence exacte affirmée.
,,0610,0610,,partial,NACE_2.1 → NACE_2.0 ; closeMatch ; source=eurostat-nace21. Validation métier requise ; aucune équivalence exacte affirmée.
,,062,062,,partial,NACE_2.1 → NACE_2.0 ; closeMatch ; source=eurostat-nace21. Validation métier requise ; aucune équivalence exacte affirmée.
,,0620,0620,,partial,NACE_2.1 → NACE_2.0 ; closeMatch ; source=eurostat-nace21. Validation métier requise ; aucune équivalence exacte affirmée.
,,07,07,,partial,NACE_2.1 → NACE_2.0 ; closeMatch ; source=eurostat-nace21. Validation métier requise ; aucune équivalence exacte affirmée.
,,071,071,,partial,NACE_2.1 → NACE_2.0 ; closeMatch ; source=eurostat-nace21. Validation métier requise ; aucune équivalence exacte affirmée.
,,0710,0710,,partial,NACE_2.1 → NACE_2.0 ; closeMatch ; source=eurostat-nace21. Validation métier requise ; aucune équivalence exacte affirmée.
,,072,072,,partial,NACE_2.1 → NACE_2.0 ; closeMatch ; source=eurostat-nace21. Validation métier requise ; aucune équivalence exacte affirmée.
,,0721,0721,,partial,NACE_2.1 → NACE_2.0 ; closeMatch ; source=eurostat-nace21. Validation métier requise ; aucune équivalence exacte affirmée.
,,0729,0729,,partial,NACE_2.1 → NACE_2.0 ; closeMatch ; source=eurostat-nace21. Validation métier requise ; aucune équivalence exacte affirmée.
,,08,08,,partial,NACE_2.1 → NACE_2.0 ; closeMatch ; source=eurostat-nace21. Validation métier requise ; aucune équivalence exacte affirmée.
,,081,081,,partial,NACE_2.1 → NACE_2.0 ; closeMatch ; source=eurostat-nace21. Validation métier requise ; aucune équivalence exacte affirmée.
,,0811,0811,,partial,NACE_2.1 → NACE_2.0 ; closeMatch ; source=eurostat-nace21. Validation métier requise ; aucune équivalence exacte affirmée.
,,0812,0812,,partial,NACE_2.1 → NACE_2.0 ; closeMatch ; source=eurostat-nace21. Validation métier requise ; aucune équivalence exacte affirmée.
,,089,089,,partial,NACE_2.1 → NACE_2.0 ; closeMatch ; source=eurostat-nace21. Validation métier requise ; aucune équivalence exacte affirmée.
,,0891,0891,,partial,NACE_2.1 → NACE_2.0 ; closeMatch ; source=eurostat-nace21. Validation métier requise ; aucune équivalence exacte affirmée.
,,0892,0892,,partial,NACE_2.1 → NACE_2.0 ; closeMatch ; source=eurostat-nace21. Validation métier requise ; aucune équivalence exacte affirmée.
,,0893,0893,,partial,NACE_2.1 → NACE_2.0 ; closeMatch ; source=eurostat-nace21. Validation métier requise ; aucune équivalence exacte affirmée.
,,0899,0899,,partial,NACE_2.1 → NACE_2.0 ; closeMatch ; source=eurostat-nace21. Validation métier requise ; aucune équivalence exacte affirmée.
,,09,09,,partial,NACE_2.1 → NACE_2.0 ; closeMatch ; source=eurostat-nace21. Validation métier requise ; aucune équivalence exacte affirmée.
,,091,091,,partial,NACE_2.1 → NACE_2.0 ; closeMatch ; source=eurostat-nace21. Validation métier requise ; aucune équivalence exacte affirmée.
,,0910,0910,,partial,NACE_2.1 → NACE_2.0 ; closeMatch ; source=eurostat-nace21. Validation métier requise ; aucune équivalence exacte affirmée.
,,099,099,,partial,NACE_2.1 → NACE_2.0 ; closeMatch ; source=eurostat-nace21. Validation métier requise ; aucune équivalence exacte affirmée.
,,0990,0990,,partial,NACE_2.1 → NACE_2.0 ; closeMatch ; source=eurostat-nace21. Validation métier requise ; aucune équivalence exacte affirmée.
,,10,10,,partial,NACE_2.1 → NACE_2.0 ; closeMatch ; source=eurostat-nace21. Validation métier requise ; aucune équivalence exacte affirmée.
,,101,101,,partial,NACE_2.1 → NACE_2.0 ; closeMatch ; source=eurostat-nace21. Validation métier requise ; aucune équivalence exacte affirmée.
,,1011,1011,,partial,NACE_2.1 → NACE_2.0 ; closeMatch ; source=eurostat-nace21. Validation métier requise ; aucune équivalence exacte affirmée.
,,1012,1012,,partial,NACE_2.1 → NACE_2.0 ; closeMatch ; source=eurostat-nace21. Validation métier requise ; aucune équivalence exacte affirmée.
,,1013,1013,,partial,NACE_2.1 → NACE_2.0 ; closeMatch ; source=eurostat-nace21. Validation métier requise ; aucune équivalence exacte affirmée.
,,102,102,,partial,NACE_2.1 → NACE_2.0 ; closeMatch ; source=eurostat-nace21. Validation métier requise ; aucune équivalence exacte affirmée.
,,1020,1020,,partial,NACE_2.1 → NACE_2.0 ; closeMatch ; source=eurostat-nace21. Validation métier requise ; aucune équivalence exacte affirmée.
,,103,103,,partial,NACE_2.1 → NACE_2.0 ; closeMatch ; source=eurostat-nace21. Validation métier requise ; aucune équivalence exacte affirmée.
,,1031,1031,,partial,NACE_2.1 → NACE_2.0 ; closeMatch ; source=eurostat-nace21. Validation métier requise ; aucune équivalence exacte affirmée.
,,1032,1032,,partial,NACE_2.1 → NACE_2.0 ; closeMatch ; source=eurostat-nace21. Validation métier requise ; aucune équivalence exacte affirmée.
,,1039,1039,,partial,NACE_2.1 → NACE_2.0 ; closeMatch ; source=eurostat-nace21. Validation métier requise ; aucune équivalence exacte affirmée.
,,104,104,,partial,NACE_2.1 → NACE_2.0 ; closeMatch ; source=eurostat-nace21. Validation métier requise ; aucune équivalence exacte affirmée.
,,1041,1041,,partial,NACE_2.1 → NACE_2.0 ; closeMatch ; source=eurostat-nace21. Validation métier requise ; aucune équivalence exacte affirmée.
,,1042,1042,,partial,NACE_2.1 → NACE_2.0 ; closeMatch ; source=eurostat-nace21. Validation métier requise ; aucune équivalence exacte affirmée.
,,105,105,,partial,NACE_2.1 → NACE_2.0 ; closeMatch ; source=eurostat-nace21. Validation métier requise ; aucune équivalence exacte affirmée.
,,1051,1051,,partial,NACE_2.1 → NACE_2.0 ; closeMatch ; source=eurostat-nace21. Validation métier requise ; aucune équivalence exacte affirmée.
,,1052,1052,,partial,NACE_2.1 → NACE_2.0 ; closeMatch ; source=eurostat-nace21. Validation métier requise ; aucune équivalence exacte affirmée.
,,106,106,,partial,NACE_2.1 → NACE_2.0 ; closeMatch ; source=eurostat-nace21. Validation métier requise ; aucune équivalence exacte affirmée.
,,108,106,,partial,NACE_2.1 → NACE_2.0 ; closeMatch ; source=eurostat-nace21. Validation métier requise ; aucune équivalence exacte affirmée.
,,1061,1061,,partial,NACE_2.1 → NACE_2.0 ; closeMatch ; source=eurostat-nace21. Validation métier requise ; aucune équivalence exacte affirmée.
,,1086,1061,,partial,NACE_2.1 → NACE_2.0 ; closeMatch ; source=eurostat-nace21. Validation métier requise ; aucune équivalence exacte affirmée.
,,1062,1062,,partial,NACE_2.1 → NACE_2.0 ; closeMatch ; source=eurostat-nace21. Validation métier requise ; aucune équivalence exacte affirmée.
,,1086,1062,,partial,NACE_2.1 → NACE_2.0 ; closeMatch ; source=eurostat-nace21. Validation métier requise ; aucune équivalence exacte affirmée.
,,107,107,,partial,NACE_2.1 → NACE_2.0 ; closeMatch ; source=eurostat-nace21. Validation métier requise ; aucune équivalence exacte affirmée.
,,108,107,,partial,NACE_2.1 → NACE_2.0 ; closeMatch ; source=eurostat-nace21. Validation métier requise ; aucune équivalence exacte affirmée.
,,1071,1071,,partial,NACE_2.1 → NACE_2.0 ; closeMatch ; source=eurostat-nace21. Validation métier requise ; aucune équivalence exacte affirmée.
,,1086,1071,,partial,NACE_2.1 → NACE_2.0 ; closeMatch ; source=eurostat-nace21. Validation métier requise ; aucune équivalence exacte affirmée.
,,1072,1072,,partial,NACE_2.1 → NACE_2.0 ; closeMatch ; source=eurostat-nace21. Validation métier requise ; aucune équivalence exacte affirmée.
,,1086,1072,,partial,NACE_2.1 → NACE_2.0 ; closeMatch ; source=eurostat-nace21. Validation métier requise ; aucune équivalence exacte affirmée.
,,1073,1073,,partial,NACE_2.1 → NACE_2.0 ; closeMatch ; source=eurostat-nace21. Validation métier requise ; aucune équivalence exacte affirmée.
,,1086,1073,,partial,NACE_2.1 → NACE_2.0 ; closeMatch ; source=eurostat-nace21. Validation métier requise ; aucune équivalence exacte affirmée.
,,108,108,,partial,NACE_2.1 → NACE_2.0 ; closeMatch ; source=eurostat-nace21. Validation métier requise ; aucune équivalence exacte affirmée.
,,1081,1081,,partial,NACE_2.1 → NACE_2.0 ; closeMatch ; source=eurostat-nace21. Validation métier requise ; aucune équivalence exacte affirmée.
,,1082,1082,,partial,NACE_2.1 → NACE_2.0 ; closeMatch ; source=eurostat-nace21. Validation métier requise ; aucune équivalence exacte affirmée.
,,1083,1083,,partial,NACE_2.1 → NACE_2.0 ; closeMatch ; source=eurostat-nace21. Validation métier requise ; aucune équivalence exacte affirmée.
,,1084,1084,,partial,NACE_2.1 → NACE_2.0 ; closeMatch ; source=eurostat-nace21. Validation métier requise ; aucune équivalence exacte affirmée.
,,1085,1085,,partial,NACE_2.1 → NACE_2.0 ; closeMatch ; source=eurostat-nace21. Validation métier requise ; aucune équivalence exacte affirmée.
,,1086,1086,,partial,NACE_2.1 → NACE_2.0 ; closeMatch ; source=eurostat-nace21. Validation métier requise ; aucune équivalence exacte affirmée.
,,1089,1089,,partial,NACE_2.1 → NACE_2.0 ; closeMatch ; source=eurostat-nace21. Validation métier requise ; aucune équivalence exacte affirmée.
,,109,109,,partial,NACE_2.1 → NACE_2.0 ; closeMatch ; source=eurostat-nace21. Validation métier requise ; aucune équivalence exacte affirmée.
,,1091,1091,,partial,NACE_2.1 → NACE_2.0 ; closeMatch ; source=eurostat-nace21. Validation métier requise ; aucune équivalence exacte affirmée.
,,1092,1092,,partial,NACE_2.1 → NACE_2.0 ; closeMatch ; source=eurostat-nace21. Validation métier requise ; aucune équivalence exacte affirmée.
,,10,11,,partial,NACE_2.1 → NACE_2.0 ; closeMatch ; source=eurostat-nace21. Validation métier requise ; aucune équivalence exacte affirmée.
,,11,11,,partial,NACE_2.1 → NACE_2.0 ; closeMatch ; source=eurostat-nace21. Validation métier requise ; aucune équivalence exacte affirmée.
,,108,110,,partial,NACE_2.1 → NACE_2.0 ; closeMatch ; source=eurostat-nace21. Validation métier requise ; aucune équivalence exacte affirmée.
,,110,110,,partial,NACE_2.1 → NACE_2.0 ; closeMatch ; source=eurostat-nace21. Validation métier requise ; aucune équivalence exacte affirmée.
,,1101,1101,,partial,NACE_2.1 → NACE_2.0 ; closeMatch ; source=eurostat-nace21. Validation métier requise ; aucune équivalence exacte affirmée.
,,1102,1102,,partial,NACE_2.1 → NACE_2.0 ; closeMatch ; source=eurostat-nace21. Validation métier requise ; aucune équivalence exacte affirmée.
,,1103,1103,,partial,NACE_2.1 → NACE_2.0 ; closeMatch ; source=eurostat-nace21. Validation métier requise ; aucune équivalence exacte affirmée.
,,1104,1104,,partial,NACE_2.1 → NACE_2.0 ; closeMatch ; source=eurostat-nace21. Validation métier requise ; aucune équivalence exacte affirmée.
,,1105,1105,,partial,NACE_2.1 → NACE_2.0 ; closeMatch ; source=eurostat-nace21. Validation métier requise ; aucune équivalence exacte affirmée.
,,1106,1106,,partial,NACE_2.1 → NACE_2.0 ; closeMatch ; source=eurostat-nace21. Validation métier requise ; aucune équivalence exacte affirmée.
,,1089,1107,,partial,NACE_2.1 → NACE_2.0 ; closeMatch ; source=eurostat-nace21. Validation métier requise ; aucune équivalence exacte affirmée.
,,1107,1107,,partial,NACE_2.1 → NACE_2.0 ; closeMatch ; source=eurostat-nace21. Validation métier requise ; aucune équivalence exacte affirmée.
,,12,12,,partial,NACE_2.1 → NACE_2.0 ; closeMatch ; source=eurostat-nace21. Validation métier requise ; aucune équivalence exacte affirmée.
,,120,120,,partial,NACE_2.1 → NACE_2.0 ; closeMatch ; source=eurostat-nace21. Validation métier requise ; aucune équivalence exacte affirmée.
,,1200,1200,,partial,NACE_2.1 → NACE_2.0 ; closeMatch ; source=eurostat-nace21. Validation métier requise ; aucune équivalence exacte affirmée.
,,13,13,,partial,NACE_2.1 → NACE_2.0 ; closeMatch ; source=eurostat-nace21. Validation métier requise ; aucune équivalence exacte affirmée.
,,18,13,,partial,NACE_2.1 → NACE_2.0 ; closeMatch ; source=eurostat-nace21. Validation métier requise ; aucune équivalence exacte affirmée.
,,131,131,,partial,NACE_2.1 → NACE_2.0 ; closeMatch ; source=eurostat-nace21. Validation métier requise ; aucune équivalence exacte affirmée.
,,1310,1310,,partial,NACE_2.1 → NACE_2.0 ; closeMatch ; source=eurostat-nace21. Validation métier requise ; aucune équivalence exacte affirmée.
,,132,132,,partial,NACE_2.1 → NACE_2.0 ; closeMatch ; source=eurostat-nace21. Validation métier requise ; aucune équivalence exacte affirmée.
,,1320,1320,,partial,NACE_2.1 → NACE_2.0 ; closeMatch ; source=eurostat-nace21. Validation métier requise ; aucune équivalence exacte affirmée.
,,133,133,,partial,NACE_2.1 → NACE_2.0 ; closeMatch ; source=eurostat-nace21. Validation métier requise ; aucune équivalence exacte affirmée.
,,181,133,,partial,NACE_2.1 → NACE_2.0 ; closeMatch ; source=eurostat-nace21. Validation métier requise ; aucune équivalence exacte affirmée.
,,1330,1330,,partial,NACE_2.1 → NACE_2.0 ; closeMatch ; source=eurostat-nace21. Validation métier requise ; aucune équivalence exacte affirmée.
,,1812,1330,,partial,NACE_2.1 → NACE_2.0 ; closeMatch ; source=eurostat-nace21. Validation métier requise ; aucune équivalence exacte affirmée.
,,132,139,,partial,NACE_2.1 → NACE_2.0 ; closeMatch ; source=eurostat-nace21. Validation métier requise ; aucune équivalence exacte affirmée.
,,139,139,,partial,NACE_2.1 → NACE_2.0 ; closeMatch ; source=eurostat-nace21. Validation métier requise ; aucune équivalence exacte affirmée.
,,1391,1391,,partial,NACE_2.1 → NACE_2.0 ; closeMatch ; source=eurostat-nace21. Validation métier requise ; aucune équivalence exacte affirmée.
,,1392,1392,,partial,NACE_2.1 → NACE_2.0 ; closeMatch ; source=eurostat-nace21. Validation métier requise ; aucune équivalence exacte affirmée.
,,1393,1393,,partial,NACE_2.1 → NACE_2.0 ; closeMatch ; source=eurostat-nace21. Validation métier requise ; aucune équivalence exacte affirmée.
,,1394,1394,,partial,NACE_2.1 → NACE_2.0 ; closeMatch ; source=eurostat-nace21. Validation métier requise ; aucune équivalence exacte affirmée.
,,1395,1395,,partial,NACE_2.1 → NACE_2.0 ; closeMatch ; source=eurostat-nace21. Validation métier requise ; aucune équivalence exacte affirmée.
,,1320,1396,,partial,NACE_2.1 → NACE_2.0 ; closeMatch ; source=eurostat-nace21. Validation métier requise ; aucune équivalence exacte affirmée.
,,1392,1396,,partial,NACE_2.1 → NACE_2.0 ; closeMatch ; source=eurostat-nace21. Validation métier requise ; aucune équivalence exacte affirmée.
,,1396,1396,,partial,NACE_2.1 → NACE_2.0 ; closeMatch ; source=eurostat-nace21. Validation métier requise ; aucune équivalence exacte affirmée.
,,1399,1399,,partial,NACE_2.1 → NACE_2.0 ; closeMatch ; source=eurostat-nace21. Validation métier requise ; aucune équivalence exacte affirmée.
,,14,14,,partial,NACE_2.1 → NACE_2.0 ; closeMatch ; source=eurostat-nace21. Validation métier requise ; aucune équivalence exacte affirmée.
,,141,141,,partial,NACE_2.1 → NACE_2.0 ; closeMatch ; source=eurostat-nace21. Validation métier requise ; aucune équivalence exacte affirmée.
,,143,141,,partial,NACE_2.1 → NACE_2.0 ; closeMatch ; source=eurostat-nace21. Validation métier requise ; aucune équivalence exacte affirmée.
,,1413,1410,,partial,NACE_2.1 → NACE_2.0 ; closeMatch ; source=eurostat-nace21. Validation métier requise ; aucune équivalence exacte affirmée.
,,1414,1410,,partial,NACE_2.1 → NACE_2.0 ; closeMatch ; source=eurostat-nace21. Validation métier requise ; aucune équivalence exacte affirmée.
,,1419,1410,,partial,NACE_2.1 → NACE_2.0 ; closeMatch ; source=eurostat-nace21. Validation métier requise ; aucune équivalence exacte affirmée.
,,1431,1410,,partial,NACE_2.1 → NACE_2.0 ; closeMatch ; source=eurostat-nace21. Validation métier requise ; aucune équivalence exacte affirmée.
,,1439,1410,,partial,NACE_2.1 → NACE_2.0 ; closeMatch ; source=eurostat-nace21. Validation métier requise ; aucune équivalence exacte affirmée.
,,141,142,,partial,NACE_2.1 → NACE_2.0 ; closeMatch ; source=eurostat-nace21. Validation métier requise ; aucune équivalence exacte affirmée.
,,142,142,,partial,NACE_2.1 → NACE_2.0 ; closeMatch ; source=eurostat-nace21. Validation métier requise ; aucune équivalence exacte affirmée.
,,1413,1421,,partial,NACE_2.1 → NACE_2.0 ; closeMatch ; source=eurostat-nace21. Validation métier requise ; aucune équivalence exacte affirmée.
,,1414,1421,,partial,NACE_2.1 → NACE_2.0 ; closeMatch ; source=eurostat-nace21. Validation métier requise ; aucune équivalence exacte affirmée.
,,1419,1421,,partial,NACE_2.1 → NACE_2.0 ; closeMatch ; source=eurostat-nace21. Validation métier requise ; aucune équivalence exacte affirmée.
,,1414,1422,,partial,NACE_2.1 → NACE_2.0 ; closeMatch ; source=eurostat-nace21. Validation métier requise ; aucune équivalence exacte affirmée.
,,1419,1422,,partial,NACE_2.1 → NACE_2.0 ; closeMatch ; source=eurostat-nace21. Validation métier requise ; aucune équivalence exacte affirmée.
,,1412,1423,,partial,NACE_2.1 → NACE_2.0 ; closeMatch ; source=eurostat-nace21. Validation métier requise ; aucune équivalence exacte affirmée.
,,1411,1424,,partial,NACE_2.1 → NACE_2.0 ; closeMatch ; source=eurostat-nace21. Validation métier requise ; aucune équivalence exacte affirmée.
,,1420,1424,,partial,NACE_2.1 → NACE_2.0 ; closeMatch ; source=eurostat-nace21. Validation métier requise ; aucune équivalence exacte affirmée.
,,1419,1429,,partial,NACE_2.1 → NACE_2.0 ; closeMatch ; source=eurostat-nace21. Validation métier requise ; aucune équivalence exacte affirmée.
,,15,15,,partial,NACE_2.1 → NACE_2.0 ; closeMatch ; source=eurostat-nace21. Validation métier requise ; aucune équivalence exacte affirmée.
,,16,15,,partial,NACE_2.1 → NACE_2.0 ; closeMatch ; source=eurostat-nace21. Validation métier requise ; aucune équivalence exacte affirmée.
,,22,15,,partial,NACE_2.1 → NACE_2.0 ; closeMatch ; source=eurostat-nace21. Validation métier requise ; aucune équivalence exacte affirmée.
,,151,151,,partial,NACE_2.1 → NACE_2.0 ; closeMatch ; source=eurostat-nace21. Validation métier requise ; aucune équivalence exacte affirmée.
,,1511,1511,,partial,NACE_2.1 → NACE_2.0 ; closeMatch ; source=eurostat-nace21. Validation métier requise ; aucune équivalence exacte affirmée.
,,1512,1512,,partial,NACE_2.1 → NACE_2.0 ; closeMatch ; source=eurostat-nace21. Validation métier requise ; aucune équivalence exacte affirmée.
,,152,152,,partial,NACE_2.1 → NACE_2.0 ; closeMatch ; source=eurostat-nace21. Validation métier requise ; aucune équivalence exacte affirmée.
,,162,152,,partial,NACE_2.1 → NACE_2.0 ; closeMatch ; source=eurostat-nace21. Validation métier requise ; aucune équivalence exacte affirmée.
,,221,152,,partial,NACE_2.1 → NACE_2.0 ; closeMatch ; source=eurostat-nace21. Validation métier requise ; aucune équivalence exacte affirmée.
,,222,152,,partial,NACE_2.1 → NACE_2.0 ; closeMatch ; source=eurostat-nace21. Validation métier requise ; aucune équivalence exacte affirmée.
,,1520,1520,,partial,NACE_2.1 → NACE_2.0 ; closeMatch ; source=eurostat-nace21. Validation métier requise ; aucune équivalence exacte affirmée.
,,1629,1520,,partial,NACE_2.1 → NACE_2.0 ; closeMatch ; source=eurostat-nace21. Validation métier requise ; aucune équivalence exacte affirmée.
,,2219,1520,,partial,NACE_2.1 → NACE_2.0 ; closeMatch ; source=eurostat-nace21. Validation métier requise ; aucune équivalence exacte affirmée.
,,2229,1520,,partial,NACE_2.1 → NACE_2.0 ; closeMatch ; source=eurostat-nace21. Validation métier requise ; aucune équivalence exacte affirmée.
,,16,16,,partial,NACE_2.1 → NACE_2.0 ; closeMatch ; source=eurostat-nace21. Validation métier requise ; aucune équivalence exacte affirmée.
,,161,161,,partial,NACE_2.1 → NACE_2.0 ; closeMatch ; source=eurostat-nace21. Validation métier requise ; aucune équivalence exacte affirmée.
,,1610,1611,,partial,NACE_2.1 → NACE_2.0 ; closeMatch ; source=eurostat-nace21. Validation métier requise ; aucune équivalence exacte affirmée.
,,1610,1612,,partial,NACE_2.1 → NACE_2.0 ; closeMatch ; source=eurostat-nace21. Validation métier requise ; aucune équivalence exacte affirmée.
,,162,162,,partial,NACE_2.1 → NACE_2.0 ; closeMatch ; source=eurostat-nace21. Validation métier requise ; aucune équivalence exacte affirmée.
,,1621,1621,,partial,NACE_2.1 → NACE_2.0 ; closeMatch ; source=eurostat-nace21. Validation métier requise ; aucune équivalence exacte affirmée.
,,1622,1622,,partial,NACE_2.1 → NACE_2.0 ; closeMatch ; source=eurostat-nace21. Validation métier requise ; aucune équivalence exacte affirmée.
,,1623,1623,,partial,NACE_2.1 → NACE_2.0 ; closeMatch ; source=eurostat-nace21. Validation métier requise ; aucune équivalence exacte affirmée.
,,1624,1624,,partial,NACE_2.1 → NACE_2.0 ; closeMatch ; source=eurostat-nace21. Validation métier requise ; aucune équivalence exacte affirmée.
,,1623,1625,,partial,NACE_2.1 → NACE_2.0 ; closeMatch ; source=eurostat-nace21. Validation métier requise ; aucune équivalence exacte affirmée.
,,1629,1626,,partial,NACE_2.1 → NACE_2.0 ; closeMatch ; source=eurostat-nace21. Validation métier requise ; aucune équivalence exacte affirmée.
,,1621,1627,,partial,NACE_2.1 → NACE_2.0 ; closeMatch ; source=eurostat-nace21. Validation métier requise ; aucune équivalence exacte affirmée.
,,1622,1627,,partial,NACE_2.1 → NACE_2.0 ; closeMatch ; source=eurostat-nace21. Validation métier requise ; aucune équivalence exacte affirmée.
,,1623,1627,,partial,NACE_2.1 → NACE_2.0 ; closeMatch ; source=eurostat-nace21. Validation métier requise ; aucune équivalence exacte affirmée.
,,1624,1627,,partial,NACE_2.1 → NACE_2.0 ; closeMatch ; source=eurostat-nace21. Validation métier requise ; aucune équivalence exacte affirmée.
,,1629,1627,,partial,NACE_2.1 → NACE_2.0 ; closeMatch ; source=eurostat-nace21. Validation métier requise ; aucune équivalence exacte affirmée.
,,1629,1628,,partial,NACE_2.1 → NACE_2.0 ; closeMatch ; source=eurostat-nace21. Validation métier requise ; aucune équivalence exacte affirmée.
,,17,17,,partial,NACE_2.1 → NACE_2.0 ; closeMatch ; source=eurostat-nace21. Validation métier requise ; aucune équivalence exacte affirmée.
,,171,171,,partial,NACE_2.1 → NACE_2.0 ; closeMatch ; source=eurostat-nace21. Validation métier requise ; aucune équivalence exacte affirmée.
,,1711,1711,,partial,NACE_2.1 → NACE_2.0 ; closeMatch ; source=eurostat-nace21. Validation métier requise ; aucune équivalence exacte affirmée.
,,1712,1712,,partial,NACE_2.1 → NACE_2.0 ; closeMatch ; source=eurostat-nace21. Validation métier requise ; aucune équivalence exacte affirmée.
,,172,172,,partial,NACE_2.1 → NACE_2.0 ; closeMatch ; source=eurostat-nace21. Validation métier requise ; aucune équivalence exacte affirmée.
,,1721,1721,,partial,NACE_2.1 → NACE_2.0 ; closeMatch ; source=eurostat-nace21. Validation métier requise ; aucune équivalence exacte affirmée.
,,1722,1722,,partial,NACE_2.1 → NACE_2.0 ; closeMatch ; source=eurostat-nace21. Validation métier requise ; aucune équivalence exacte affirmée.
,,1723,1723,,partial,NACE_2.1 → NACE_2.0 ; closeMatch ; source=eurostat-nace21. Validation métier requise ; aucune équivalence exacte affirmée.
,,1724,1724,,partial,NACE_2.1 → NACE_2.0 ; closeMatch ; source=eurostat-nace21. Validation métier requise ; aucune équivalence exacte affirmée.
,,1729,1725,,partial,NACE_2.1 → NACE_2.0 ; closeMatch ; source=eurostat-nace21. Validation métier requise ; aucune équivalence exacte affirmée.
,,18,18,,partial,NACE_2.1 → NACE_2.0 ; closeMatch ; source=eurostat-nace21. Validation métier requise ; aucune équivalence exacte affirmée.
,,74,18,,partial,NACE_2.1 → NACE_2.0 ; closeMatch ; source=eurostat-nace21. Validation métier requise ; aucune équivalence exacte affirmée.
,,82,18,,partial,NACE_2.1 → NACE_2.0 ; closeMatch ; source=eurostat-nace21. Validation métier requise ; aucune équivalence exacte affirmée.
,,181,181,,partial,NACE_2.1 → NACE_2.0 ; closeMatch ; source=eurostat-nace21. Validation métier requise ; aucune équivalence exacte affirmée.
,,742,181,,partial,NACE_2.1 → NACE_2.0 ; closeMatch ; source=eurostat-nace21. Validation métier requise ; aucune équivalence exacte affirmée.
,,821,181,,partial,NACE_2.1 → NACE_2.0 ; closeMatch ; source=eurostat-nace21. Validation métier requise ; aucune équivalence exacte affirmée.
,,1811,1811,,partial,NACE_2.1 → NACE_2.0 ; closeMatch ; source=eurostat-nace21. Validation métier requise ; aucune équivalence exacte affirmée.
,,1812,1812,,partial,NACE_2.1 → NACE_2.0 ; closeMatch ; source=eurostat-nace21. Validation métier requise ; aucune équivalence exacte affirmée.
,,7420,1812,,partial,NACE_2.1 → NACE_2.0 ; closeMatch ; source=eurostat-nace21. Validation métier requise ; aucune équivalence exacte affirmée.
,,8219,1812,,partial,NACE_2.1 → NACE_2.0 ; closeMatch ; source=eurostat-nace21. Validation métier requise ; aucune équivalence exacte affirmée.
,,1813,1813,,partial,NACE_2.1 → NACE_2.0 ; closeMatch ; source=eurostat-nace21. Validation métier requise ; aucune équivalence exacte affirmée.
,,1814,1814,,partial,NACE_2.1 → NACE_2.0 ; closeMatch ; source=eurostat-nace21. Validation métier requise ; aucune équivalence exacte affirmée.
,,182,182,,partial,NACE_2.1 → NACE_2.0 ; closeMatch ; source=eurostat-nace21. Validation métier requise ; aucune équivalence exacte affirmée.
,,1820,1820,,partial,NACE_2.1 → NACE_2.0 ; closeMatch ; source=eurostat-nace21. Validation métier requise ; aucune équivalence exacte affirmée.
,,19,19,,partial,NACE_2.1 → NACE_2.0 ; closeMatch ; source=eurostat-nace21. Validation métier requise ; aucune équivalence exacte affirmée.
,,191,191,,partial,NACE_2.1 → NACE_2.0 ; closeMatch ; source=eurostat-nace21. Validation métier requise ; aucune équivalence exacte affirmée.
,,1910,1910,,partial,NACE_2.1 → NACE_2.0 ; closeMatch ; source=eurostat-nace21. Validation métier requise ; aucune équivalence exacte affirmée.
,,192,192,,partial,NACE_2.1 → NACE_2.0 ; closeMatch ; source=eurostat-nace21. Validation métier requise ; aucune équivalence exacte affirmée.
,,1920,1920,,partial,NACE_2.1 → NACE_2.0 ; closeMatch ; source=eurostat-nace21. Validation métier requise ; aucune équivalence exacte affirmée.
,,20,20,,partial,NACE_2.1 → NACE_2.0 ; closeMatch ; source=eurostat-nace21. Validation métier requise ; aucune équivalence exacte affirmée.
,,38,20,,partial,NACE_2.1 → NACE_2.0 ; closeMatch ; source=eurostat-nace21. Validation métier requise ; aucune équivalence exacte affirmée.
,,201,201,,partial,NACE_2.1 → NACE_2.0 ; closeMatch ; source=eurostat-nace21. Validation métier requise ; aucune équivalence exacte affirmée.
,,383,201,,partial,NACE_2.1 → NACE_2.0 ; closeMatch ; source=eurostat-nace21. Validation métier requise ; aucune équivalence exacte affirmée.
,,2011,2011,,partial,NACE_2.1 → NACE_2.0 ; closeMatch ; source=eurostat-nace21. Validation métier requise ; aucune équivalence exacte affirmée.
,,2012,2012,,partial,NACE_2.1 → NACE_2.0 ; closeMatch ; source=eurostat-nace21. Validation métier requise ; aucune équivalence exacte affirmée.
,,2013,2013,,partial,NACE_2.1 → NACE_2.0 ; closeMatch ; source=eurostat-nace21. Validation métier requise ; aucune équivalence exacte affirmée.
,,2011,2014,,partial,NACE_2.1 → NACE_2.0 ; closeMatch ; source=eurostat-nace21. Validation métier requise ; aucune équivalence exacte affirmée.
,,2014,2014,,partial,NACE_2.1 → NACE_2.0 ; closeMatch ; source=eurostat-nace21. Validation métier requise ; aucune équivalence exacte affirmée.
,,2015,2015,,partial,NACE_2.1 → NACE_2.0 ; closeMatch ; source=eurostat-nace21. Validation métier requise ; aucune équivalence exacte affirmée.
,,2016,2016,,partial,NACE_2.1 → NACE_2.0 ; closeMatch ; source=eurostat-nace21. Validation métier requise ; aucune équivalence exacte affirmée.
,,3832,2016,,partial,NACE_2.1 → NACE_2.0 ; closeMatch ; source=eurostat-nace21. Validation métier requise ; aucune équivalence exacte affirmée.
,,2017,2017,,partial,NACE_2.1 → NACE_2.0 ; closeMatch ; source=eurostat-nace21. Validation métier requise ; aucune équivalence exacte affirmée.
,,202,202,,partial,NACE_2.1 → NACE_2.0 ; closeMatch ; source=eurostat-nace21. Validation métier requise ; aucune équivalence exacte affirmée.
,,2020,2020,,partial,NACE_2.1 → NACE_2.0 ; closeMatch ; source=eurostat-nace21. Validation métier requise ; aucune équivalence exacte affirmée.
,,203,203,,partial,NACE_2.1 → NACE_2.0 ; closeMatch ; source=eurostat-nace21. Validation métier requise ; aucune équivalence exacte affirmée.
,,2030,2030,,partial,NACE_2.1 → NACE_2.0 ; closeMatch ; source=eurostat-nace21. Validation métier requise ; aucune équivalence exacte affirmée.
,,204,204,,partial,NACE_2.1 → NACE_2.0 ; closeMatch ; source=eurostat-nace21. Validation métier requise ; aucune équivalence exacte affirmée.
,,2041,2041,,partial,NACE_2.1 → NACE_2.0 ; closeMatch ; source=eurostat-nace21. Validation métier requise ; aucune équivalence exacte affirmée.
,,2042,2042,,partial,NACE_2.1 → NACE_2.0 ; closeMatch ; source=eurostat-nace21. Validation métier requise ; aucune équivalence exacte affirmée.
,,201,205,,partial,NACE_2.1 → NACE_2.0 ; closeMatch ; source=eurostat-nace21. Validation métier requise ; aucune équivalence exacte affirmée.
,,205,205,,partial,NACE_2.1 → NACE_2.0 ; closeMatch ; source=eurostat-nace21. Validation métier requise ; aucune équivalence exacte affirmée.
,,2014,2051,,partial,NACE_2.1 → NACE_2.0 ; closeMatch ; source=eurostat-nace21. Validation métier requise ; aucune équivalence exacte affirmée.
,,2059,2051,,partial,NACE_2.1 → NACE_2.0 ; closeMatch ; source=eurostat-nace21. Validation métier requise ; aucune équivalence exacte affirmée.
,,2051,2059,,partial,NACE_2.1 → NACE_2.0 ; closeMatch ; source=eurostat-nace21. Validation métier requise ; aucune équivalence exacte affirmée.
,,2052,2059,,partial,NACE_2.1 → NACE_2.0 ; closeMatch ; source=eurostat-nace21. Validation métier requise ; aucune équivalence exacte affirmée.
,,2053,2059,,partial,NACE_2.1 → NACE_2.0 ; closeMatch ; source=eurostat-nace21. Validation métier requise ; aucune équivalence exacte affirmée.
,,2059,2059,,partial,NACE_2.1 → NACE_2.0 ; closeMatch ; source=eurostat-nace21. Validation métier requise ; aucune équivalence exacte affirmée.
,,206,206,,partial,NACE_2.1 → NACE_2.0 ; closeMatch ; source=eurostat-nace21. Validation métier requise ; aucune équivalence exacte affirmée.
,,2060,2060,,partial,NACE_2.1 → NACE_2.0 ; closeMatch ; source=eurostat-nace21. Validation métier requise ; aucune équivalence exacte affirmée.
,,21,21,,partial,NACE_2.1 → NACE_2.0 ; closeMatch ; source=eurostat-nace21. Validation métier requise ; aucune équivalence exacte affirmée.
,,211,211,,partial,NACE_2.1 → NACE_2.0 ; closeMatch ; source=eurostat-nace21. Validation métier requise ; aucune équivalence exacte affirmée.
,,2110,2110,,partial,NACE_2.1 → NACE_2.0 ; closeMatch ; source=eurostat-nace21. Validation métier requise ; aucune équivalence exacte affirmée.
,,212,212,,partial,NACE_2.1 → NACE_2.0 ; closeMatch ; source=eurostat-nace21. Validation métier requise ; aucune équivalence exacte affirmée.
,,2120,2120,,partial,NACE_2.1 → NACE_2.0 ; closeMatch ; source=eurostat-nace21. Validation métier requise ; aucune équivalence exacte affirmée.
,,22,22,,partial,NACE_2.1 → NACE_2.0 ; closeMatch ; source=eurostat-nace21. Validation métier requise ; aucune équivalence exacte affirmée.
,,221,221,,partial,NACE_2.1 → NACE_2.0 ; closeMatch ; source=eurostat-nace21. Validation métier requise ; aucune équivalence exacte affirmée.
,,2211,2211,,partial,NACE_2.1 → NACE_2.0 ; closeMatch ; source=eurostat-nace21. Validation métier requise ; aucune équivalence exacte affirmée.
,,2219,2212,,partial,NACE_2.1 → NACE_2.0 ; closeMatch ; source=eurostat-nace21. Validation métier requise ; aucune équivalence exacte affirmée.
,,222,222,,partial,NACE_2.1 → NACE_2.0 ; closeMatch ; source=eurostat-nace21. Validation métier requise ; aucune équivalence exacte affirmée.
,,2221,2221,,partial,NACE_2.1 → NACE_2.0 ; closeMatch ; source=eurostat-nace21. Validation métier requise ; aucune équivalence exacte affirmée.
,,2229,2221,,partial,NACE_2.1 → NACE_2.0 ; closeMatch ; source=eurostat-nace21. Validation métier requise ; aucune équivalence exacte affirmée.
,,2222,2222,,partial,NACE_2.1 → NACE_2.0 ; closeMatch ; source=eurostat-nace21. Validation métier requise ; aucune équivalence exacte affirmée.
,,2223,2223,,partial,NACE_2.1 → NACE_2.0 ; closeMatch ; source=eurostat-nace21. Validation métier requise ; aucune équivalence exacte affirmée.
,,2223,2224,,partial,NACE_2.1 → NACE_2.0 ; closeMatch ; source=eurostat-nace21. Validation métier requise ; aucune équivalence exacte affirmée.
,,2221,2225,,partial,NACE_2.1 → NACE_2.0 ; closeMatch ; source=eurostat-nace21. Validation métier requise ; aucune équivalence exacte affirmée.
,,2222,2225,,partial,NACE_2.1 → NACE_2.0 ; closeMatch ; source=eurostat-nace21. Validation métier requise ; aucune équivalence exacte affirmée.
,,2223,2225,,partial,NACE_2.1 → NACE_2.0 ; closeMatch ; source=eurostat-nace21. Validation métier requise ; aucune équivalence exacte affirmée.
,,2229,2225,,partial,NACE_2.1 → NACE_2.0 ; closeMatch ; source=eurostat-nace21. Validation métier requise ; aucune équivalence exacte affirmée.
,,2229,2226,,partial,NACE_2.1 → NACE_2.0 ; closeMatch ; source=eurostat-nace21. Validation métier requise ; aucune équivalence exacte affirmée.
,,13,23,,partial,NACE_2.1 → NACE_2.0 ; closeMatch ; source=eurostat-nace21. Validation métier requise ; aucune équivalence exacte affirmée.
,,22,23,,partial,NACE_2.1 → NACE_2.0 ; closeMatch ; source=eurostat-nace21. Validation métier requise ; aucune équivalence exacte affirmée.
,,23,23,,partial,NACE_2.1 → NACE_2.0 ; closeMatch ; source=eurostat-nace21. Validation métier requise ; aucune équivalence exacte affirmée.
,,231,231,,partial,NACE_2.1 → NACE_2.0 ; closeMatch ; source=eurostat-nace21. Validation métier requise ; aucune équivalence exacte affirmée.
,,2311,2311,,partial,NACE_2.1 → NACE_2.0 ; closeMatch ; source=eurostat-nace21. Validation métier requise ; aucune équivalence exacte affirmée.
,,2312,2312,,partial,NACE_2.1 → NACE_2.0 ; closeMatch ; source=eurostat-nace21. Validation métier requise ; aucune équivalence exacte affirmée.
,,2313,2313,,partial,NACE_2.1 → NACE_2.0 ; closeMatch ; source=eurostat-nace21. Validation métier requise ; aucune équivalence exacte affirmée.
,,2314,2314,,partial,NACE_2.1 → NACE_2.0 ; closeMatch ; source=eurostat-nace21. Validation métier requise ; aucune équivalence exacte affirmée.
,,2319,2315,,partial,NACE_2.1 → NACE_2.0 ; closeMatch ; source=eurostat-nace21. Validation métier requise ; aucune équivalence exacte affirmée.
,,232,232,,partial,NACE_2.1 → NACE_2.0 ; closeMatch ; source=eurostat-nace21. Validation métier requise ; aucune équivalence exacte affirmée.
,,2320,2320,,partial,NACE_2.1 → NACE_2.0 ; closeMatch ; source=eurostat-nace21. Validation métier requise ; aucune équivalence exacte affirmée.
,,233,233,,partial,NACE_2.1 → NACE_2.0 ; closeMatch ; source=eurostat-nace21. Validation métier requise ; aucune équivalence exacte affirmée.
,,2331,2331,,partial,NACE_2.1 → NACE_2.0 ; closeMatch ; source=eurostat-nace21. Validation métier requise ; aucune équivalence exacte affirmée.
,,2332,2332,,partial,NACE_2.1 → NACE_2.0 ; closeMatch ; source=eurostat-nace21. Validation métier requise ; aucune équivalence exacte affirmée.
,,234,234,,partial,NACE_2.1 → NACE_2.0 ; closeMatch ; source=eurostat-nace21. Validation métier requise ; aucune équivalence exacte affirmée.
,,2341,2341,,partial,NACE_2.1 → NACE_2.0 ; closeMatch ; source=eurostat-nace21. Validation métier requise ; aucune équivalence exacte affirmée.
,,2342,2342,,partial,NACE_2.1 → NACE_2.0 ; closeMatch ; source=eurostat-nace21. Validation métier requise ; aucune équivalence exacte affirmée.
,,2343,2343,,partial,NACE_2.1 → NACE_2.0 ; closeMatch ; source=eurostat-nace21. Validation métier requise ; aucune équivalence exacte affirmée.
,,2344,2344,,partial,NACE_2.1 → NACE_2.0 ; closeMatch ; source=eurostat-nace21. Validation métier requise ; aucune équivalence exacte affirmée.
,,2349,2345,,partial,NACE_2.1 → NACE_2.0 ; closeMatch ; source=eurostat-nace21. Validation métier requise ; aucune équivalence exacte affirmée.
,,235,235,,partial,NACE_2.1 → NACE_2.0 ; closeMatch ; source=eurostat-nace21. Validation métier requise ; aucune équivalence exacte affirmée.
,,2351,2351,,partial,NACE_2.1 → NACE_2.0 ; closeMatch ; source=eurostat-nace21. Validation métier requise ; aucune équivalence exacte affirmée.
,,2352,2352,,partial,NACE_2.1 → NACE_2.0 ; closeMatch ; source=eurostat-nace21. Validation métier requise ; aucune équivalence exacte affirmée.
,,222,236,,partial,NACE_2.1 → NACE_2.0 ; closeMatch ; source=eurostat-nace21. Validation métier requise ; aucune équivalence exacte affirmée.
,,236,236,,partial,NACE_2.1 → NACE_2.0 ; closeMatch ; source=eurostat-nace21. Validation métier requise ; aucune équivalence exacte affirmée.
,,2361,2361,,partial,NACE_2.1 → NACE_2.0 ; closeMatch ; source=eurostat-nace21. Validation métier requise ; aucune équivalence exacte affirmée.
,,2362,2362,,partial,NACE_2.1 → NACE_2.0 ; closeMatch ; source=eurostat-nace21. Validation métier requise ; aucune équivalence exacte affirmée.
,,2363,2363,,partial,NACE_2.1 → NACE_2.0 ; closeMatch ; source=eurostat-nace21. Validation métier requise ; aucune équivalence exacte affirmée.
,,2364,2364,,partial,NACE_2.1 → NACE_2.0 ; closeMatch ; source=eurostat-nace21. Validation métier requise ; aucune équivalence exacte affirmée.
,,2365,2365,,partial,NACE_2.1 → NACE_2.0 ; closeMatch ; source=eurostat-nace21. Validation métier requise ; aucune équivalence exacte affirmée.
,,2223,2366,,partial,NACE_2.1 → NACE_2.0 ; closeMatch ; source=eurostat-nace21. Validation métier requise ; aucune équivalence exacte affirmée.
,,2369,2366,,partial,NACE_2.1 → NACE_2.0 ; closeMatch ; source=eurostat-nace21. Validation métier requise ; aucune équivalence exacte affirmée.
,,237,237,,partial,NACE_2.1 → NACE_2.0 ; closeMatch ; source=eurostat-nace21. Validation métier requise ; aucune équivalence exacte affirmée.
,,2370,2370,,partial,NACE_2.1 → NACE_2.0 ; closeMatch ; source=eurostat-nace21. Validation métier requise ; aucune équivalence exacte affirmée.
,,132,239,,partial,NACE_2.1 → NACE_2.0 ; closeMatch ; source=eurostat-nace21. Validation métier requise ; aucune équivalence exacte affirmée.
,,239,239,,partial,NACE_2.1 → NACE_2.0 ; closeMatch ; source=eurostat-nace21. Validation métier requise ; aucune équivalence exacte affirmée.
,,2391,2391,,partial,NACE_2.1 → NACE_2.0 ; closeMatch ; source=eurostat-nace21. Validation métier requise ; aucune équivalence exacte affirmée.
,,1320,2399,,partial,NACE_2.1 → NACE_2.0 ; closeMatch ; source=eurostat-nace21. Validation métier requise ; aucune équivalence exacte affirmée.
,,2399,2399,,partial,NACE_2.1 → NACE_2.0 ; closeMatch ; source=eurostat-nace21. Validation métier requise ; aucune équivalence exacte affirmée.
,,24,24,,partial,NACE_2.1 → NACE_2.0 ; closeMatch ; source=eurostat-nace21. Validation métier requise ; aucune équivalence exacte affirmée.
,,241,241,,partial,NACE_2.1 → NACE_2.0 ; closeMatch ; source=eurostat-nace21. Validation métier requise ; aucune équivalence exacte affirmée.
,,2410,2410,,partial,NACE_2.1 → NACE_2.0 ; closeMatch ; source=eurostat-nace21. Validation métier requise ; aucune équivalence exacte affirmée.
,,242,242,,partial,NACE_2.1 → NACE_2.0 ; closeMatch ; source=eurostat-nace21. Validation métier requise ; aucune équivalence exacte affirmée.
,,2420,2420,,partial,NACE_2.1 → NACE_2.0 ; closeMatch ; source=eurostat-nace21. Validation métier requise ; aucune équivalence exacte affirmée.
,,243,243,,partial,NACE_2.1 → NACE_2.0 ; closeMatch ; source=eurostat-nace21. Validation métier requise ; aucune équivalence exacte affirmée.
,,2431,2431,,partial,NACE_2.1 → NACE_2.0 ; closeMatch ; source=eurostat-nace21. Validation métier requise ; aucune équivalence exacte affirmée.
,,2432,2432,,partial,NACE_2.1 → NACE_2.0 ; closeMatch ; source=eurostat-nace21. Validation métier requise ; aucune équivalence exacte affirmée.
,,2433,2433,,partial,NACE_2.1 → NACE_2.0 ; closeMatch ; source=eurostat-nace21. Validation métier requise ; aucune équivalence exacte affirmée.
,,2434,2434,,partial,NACE_2.1 → NACE_2.0 ; closeMatch ; source=eurostat-nace21. Validation métier requise ; aucune équivalence exacte affirmée.
,,244,244,,partial,NACE_2.1 → NACE_2.0 ; closeMatch ; source=eurostat-nace21. Validation métier requise ; aucune équivalence exacte affirmée.
,,2441,2441,,partial,NACE_2.1 → NACE_2.0 ; closeMatch ; source=eurostat-nace21. Validation métier requise ; aucune équivalence exacte affirmée.
,,2442,2442,,partial,NACE_2.1 → NACE_2.0 ; closeMatch ; source=eurostat-nace21. Validation métier requise ; aucune équivalence exacte affirmée.
,,2443,2443,,partial,NACE_2.1 → NACE_2.0 ; closeMatch ; source=eurostat-nace21. Validation métier requise ; aucune équivalence exacte affirmée.
,,2444,2444,,partial,NACE_2.1 → NACE_2.0 ; closeMatch ; source=eurostat-nace21. Validation métier requise ; aucune équivalence exacte affirmée.
,,2445,2445,,partial,NACE_2.1 → NACE_2.0 ; closeMatch ; source=eurostat-nace21. Validation métier requise ; aucune équivalence exacte affirmée.
,,2446,2446,,partial,NACE_2.1 → NACE_2.0 ; closeMatch ; source=eurostat-nace21. Validation métier requise ; aucune équivalence exacte affirmée.
,,245,245,,partial,NACE_2.1 → NACE_2.0 ; closeMatch ; source=eurostat-nace21. Validation métier requise ; aucune équivalence exacte affirmée.
,,2451,2451,,partial,NACE_2.1 → NACE_2.0 ; closeMatch ; source=eurostat-nace21. Validation métier requise ; aucune équivalence exacte affirmée.
,,2452,2452,,partial,NACE_2.1 → NACE_2.0 ; closeMatch ; source=eurostat-nace21. Validation métier requise ; aucune équivalence exacte affirmée.
,,2453,2453,,partial,NACE_2.1 → NACE_2.0 ; closeMatch ; source=eurostat-nace21. Validation métier requise ; aucune équivalence exacte affirmée.
,,2453,2454,,partial,NACE_2.1 → NACE_2.0 ; closeMatch ; source=eurostat-nace21. Validation métier requise ; aucune équivalence exacte affirmée.
,,2454,2454,,partial,NACE_2.1 → NACE_2.0 ; closeMatch ; source=eurostat-nace21. Validation métier requise ; aucune équivalence exacte affirmée.
,,25,25,,partial,NACE_2.1 → NACE_2.0 ; closeMatch ; source=eurostat-nace21. Validation métier requise ; aucune équivalence exacte affirmée.
,,251,251,,partial,NACE_2.1 → NACE_2.0 ; closeMatch ; source=eurostat-nace21. Validation métier requise ; aucune équivalence exacte affirmée.
,,2511,2511,,partial,NACE_2.1 → NACE_2.0 ; closeMatch ; source=eurostat-nace21. Validation métier requise ; aucune équivalence exacte affirmée.
,,2512,2512,,partial,NACE_2.1 → NACE_2.0 ; closeMatch ; source=eurostat-nace21. Validation métier requise ; aucune équivalence exacte affirmée.
,,252,252,,partial,NACE_2.1 → NACE_2.0 ; closeMatch ; source=eurostat-nace21. Validation métier requise ; aucune équivalence exacte affirmée.
,,253,252,,partial,NACE_2.1 → NACE_2.0 ; closeMatch ; source=eurostat-nace21. Validation métier requise ; aucune équivalence exacte affirmée.
,,2521,2521,,partial,NACE_2.1 → NACE_2.0 ; closeMatch ; source=eurostat-nace21. Validation métier requise ; aucune équivalence exacte affirmée.
,,2530,2521,,partial,NACE_2.1 → NACE_2.0 ; closeMatch ; source=eurostat-nace21. Validation métier requise ; aucune équivalence exacte affirmée.
,,2529,2522,,partial,NACE_2.1 → NACE_2.0 ; closeMatch ; source=eurostat-nace21. Validation métier requise ; aucune équivalence exacte affirmée.
,,254,253,,partial,NACE_2.1 → NACE_2.0 ; closeMatch ; source=eurostat-nace21. Validation métier requise ; aucune équivalence exacte affirmée.
,,2540,2530,,partial,NACE_2.1 → NACE_2.0 ; closeMatch ; source=eurostat-nace21. Validation métier requise ; aucune équivalence exacte affirmée.
,,255,254,,partial,NACE_2.1 → NACE_2.0 ; closeMatch ; source=eurostat-nace21. Validation métier requise ; aucune équivalence exacte affirmée.
,,2550,2540,,partial,NACE_2.1 → NACE_2.0 ; closeMatch ; source=eurostat-nace21. Validation métier requise ; aucune équivalence exacte affirmée.
,,256,255,,partial,NACE_2.1 → NACE_2.0 ; closeMatch ; source=eurostat-nace21. Validation métier requise ; aucune équivalence exacte affirmée.
,,2561,2551,,partial,NACE_2.1 → NACE_2.0 ; closeMatch ; source=eurostat-nace21. Validation métier requise ; aucune équivalence exacte affirmée.
,,2561,2552,,partial,NACE_2.1 → NACE_2.0 ; closeMatch ; source=eurostat-nace21. Validation métier requise ; aucune équivalence exacte affirmée.
,,2561,2553,,partial,NACE_2.1 → NACE_2.0 ; closeMatch ; source=eurostat-nace21. Validation métier requise ; aucune équivalence exacte affirmée.
,,2562,2553,,partial,NACE_2.1 → NACE_2.0 ; closeMatch ; source=eurostat-nace21. Validation métier requise ; aucune équivalence exacte affirmée.
,,257,256,,partial,NACE_2.1 → NACE_2.0 ; closeMatch ; source=eurostat-nace21. Validation métier requise ; aucune équivalence exacte affirmée.
,,2571,2561,,partial,NACE_2.1 → NACE_2.0 ; closeMatch ; source=eurostat-nace21. Validation métier requise ; aucune équivalence exacte affirmée.
,,2572,2562,,partial,NACE_2.1 → NACE_2.0 ; closeMatch ; source=eurostat-nace21. Validation métier requise ; aucune équivalence exacte affirmée.
,,2573,2563,,partial,NACE_2.1 → NACE_2.0 ; closeMatch ; source=eurostat-nace21. Validation métier requise ; aucune équivalence exacte affirmée.
,,259,259,,partial,NACE_2.1 → NACE_2.0 ; closeMatch ; source=eurostat-nace21. Validation métier requise ; aucune équivalence exacte affirmée.
,,2591,2591,,partial,NACE_2.1 → NACE_2.0 ; closeMatch ; source=eurostat-nace21. Validation métier requise ; aucune équivalence exacte affirmée.
,,2592,2592,,partial,NACE_2.1 → NACE_2.0 ; closeMatch ; source=eurostat-nace21. Validation métier requise ; aucune équivalence exacte affirmée.
,,2593,2593,,partial,NACE_2.1 → NACE_2.0 ; closeMatch ; source=eurostat-nace21. Validation métier requise ; aucune équivalence exacte affirmée.
,,2594,2594,,partial,NACE_2.1 → NACE_2.0 ; closeMatch ; source=eurostat-nace21. Validation métier requise ; aucune équivalence exacte affirmée.
,,2599,2599,,partial,NACE_2.1 → NACE_2.0 ; closeMatch ; source=eurostat-nace21. Validation métier requise ; aucune équivalence exacte affirmée.
,,26,26,,partial,NACE_2.1 → NACE_2.0 ; closeMatch ; source=eurostat-nace21. Validation métier requise ; aucune équivalence exacte affirmée.
,,28,26,,partial,NACE_2.1 → NACE_2.0 ; closeMatch ; source=eurostat-nace21. Validation métier requise ; aucune équivalence exacte affirmée.
,,32,26,,partial,NACE_2.1 → NACE_2.0 ; closeMatch ; source=eurostat-nace21. Validation métier requise ; aucune équivalence exacte affirmée.
,,261,261,,partial,NACE_2.1 → NACE_2.0 ; closeMatch ; source=eurostat-nace21. Validation métier requise ; aucune équivalence exacte affirmée.
,,2611,2611,,partial,NACE_2.1 → NACE_2.0 ; closeMatch ; source=eurostat-nace21. Validation métier requise ; aucune équivalence exacte affirmée.
,,2612,2612,,partial,NACE_2.1 → NACE_2.0 ; closeMatch ; source=eurostat-nace21. Validation métier requise ; aucune équivalence exacte affirmée.
,,262,262,,partial,NACE_2.1 → NACE_2.0 ; closeMatch ; source=eurostat-nace21. Validation métier requise ; aucune équivalence exacte affirmée.
,,282,262,,partial,NACE_2.1 → NACE_2.0 ; closeMatch ; source=eurostat-nace21. Validation métier requise ; aucune équivalence exacte affirmée.
,,2620,2620,,partial,NACE_2.1 → NACE_2.0 ; closeMatch ; source=eurostat-nace21. Validation métier requise ; aucune équivalence exacte affirmée.
,,2823,2620,,partial,NACE_2.1 → NACE_2.0 ; closeMatch ; source=eurostat-nace21. Validation métier requise ; aucune équivalence exacte affirmée.
,,263,263,,partial,NACE_2.1 → NACE_2.0 ; closeMatch ; source=eurostat-nace21. Validation métier requise ; aucune équivalence exacte affirmée.
,,2630,2630,,partial,NACE_2.1 → NACE_2.0 ; closeMatch ; source=eurostat-nace21. Validation métier requise ; aucune équivalence exacte affirmée.
,,262,264,,partial,NACE_2.1 → NACE_2.0 ; closeMatch ; source=eurostat-nace21. Validation métier requise ; aucune équivalence exacte affirmée.
,,264,264,,partial,NACE_2.1 → NACE_2.0 ; closeMatch ; source=eurostat-nace21. Validation métier requise ; aucune équivalence exacte affirmée.
,,2620,2640,,partial,NACE_2.1 → NACE_2.0 ; closeMatch ; source=eurostat-nace21. Validation métier requise ; aucune équivalence exacte affirmée.
,,2640,2640,,partial,NACE_2.1 → NACE_2.0 ; closeMatch ; source=eurostat-nace21. Validation métier requise ; aucune équivalence exacte affirmée.
,,263,265,,partial,NACE_2.1 → NACE_2.0 ; closeMatch ; source=eurostat-nace21. Validation métier requise ; aucune équivalence exacte affirmée.
,,265,265,,partial,NACE_2.1 → NACE_2.0 ; closeMatch ; source=eurostat-nace21. Validation métier requise ; aucune équivalence exacte affirmée.
,,2630,2651,,partial,NACE_2.1 → NACE_2.0 ; closeMatch ; source=eurostat-nace21. Validation métier requise ; aucune équivalence exacte affirmée.
,,2651,2651,,partial,NACE_2.1 → NACE_2.0 ; closeMatch ; source=eurostat-nace21. Validation métier requise ; aucune équivalence exacte affirmée.
,,2652,2652,,partial,NACE_2.1 → NACE_2.0 ; closeMatch ; source=eurostat-nace21. Validation métier requise ; aucune équivalence exacte affirmée.
,,266,266,,partial,NACE_2.1 → NACE_2.0 ; closeMatch ; source=eurostat-nace21. Validation métier requise ; aucune équivalence exacte affirmée.
,,325,266,,partial,NACE_2.1 → NACE_2.0 ; closeMatch ; source=eurostat-nace21. Validation métier requise ; aucune équivalence exacte affirmée.
,,2660,2660,,partial,NACE_2.1 → NACE_2.0 ; closeMatch ; source=eurostat-nace21. Validation métier requise ; aucune équivalence exacte affirmée.
,,3250,2660,,partial,NACE_2.1 → NACE_2.0 ; closeMatch ; source=eurostat-nace21. Validation métier requise ; aucune équivalence exacte affirmée.
,,267,267,,partial,NACE_2.1 → NACE_2.0 ; closeMatch ; source=eurostat-nace21. Validation métier requise ; aucune équivalence exacte affirmée.
,,268,267,,partial,NACE_2.1 → NACE_2.0 ; closeMatch ; source=eurostat-nace21. Validation métier requise ; aucune équivalence exacte affirmée.
,,2670,2670,,partial,NACE_2.1 → NACE_2.0 ; closeMatch ; source=eurostat-nace21. Validation métier requise ; aucune équivalence exacte affirmée.
,,2680,2670,,partial,NACE_2.1 → NACE_2.0 ; closeMatch ; source=eurostat-nace21. Validation métier requise ; aucune équivalence exacte affirmée.
,,27,27,,partial,NACE_2.1 → NACE_2.0 ; closeMatch ; source=eurostat-nace21. Validation métier requise ; aucune équivalence exacte affirmée.
,,28,27,,partial,NACE_2.1 → NACE_2.0 ; closeMatch ; source=eurostat-nace21. Validation métier requise ; aucune équivalence exacte affirmée.
,,271,271,,partial,NACE_2.1 → NACE_2.0 ; closeMatch ; source=eurostat-nace21. Validation métier requise ; aucune équivalence exacte affirmée.
,,279,271,,partial,NACE_2.1 → NACE_2.0 ; closeMatch ; source=eurostat-nace21. Validation métier requise ; aucune équivalence exacte affirmée.
,,2711,2711,,partial,NACE_2.1 → NACE_2.0 ; closeMatch ; source=eurostat-nace21. Validation métier requise ; aucune équivalence exacte affirmée.
,,2712,2711,,partial,NACE_2.1 → NACE_2.0 ; closeMatch ; source=eurostat-nace21. Validation métier requise ; aucune équivalence exacte affirmée.
,,2790,2711,,partial,NACE_2.1 → NACE_2.0 ; closeMatch ; source=eurostat-nace21. Validation métier requise ; aucune équivalence exacte affirmée.
,,2712,2712,,partial,NACE_2.1 → NACE_2.0 ; closeMatch ; source=eurostat-nace21. Validation métier requise ; aucune équivalence exacte affirmée.
,,272,272,,partial,NACE_2.1 → NACE_2.0 ; closeMatch ; source=eurostat-nace21. Validation métier requise ; aucune équivalence exacte affirmée.
,,2720,2720,,partial,NACE_2.1 → NACE_2.0 ; closeMatch ; source=eurostat-nace21. Validation métier requise ; aucune équivalence exacte affirmée.
,,273,273,,partial,NACE_2.1 → NACE_2.0 ; closeMatch ; source=eurostat-nace21. Validation métier requise ; aucune équivalence exacte affirmée.
,,2731,2731,,partial,NACE_2.1 → NACE_2.0 ; closeMatch ; source=eurostat-nace21. Validation métier requise ; aucune équivalence exacte affirmée.
,,2732,2732,,partial,NACE_2.1 → NACE_2.0 ; closeMatch ; source=eurostat-nace21. Validation métier requise ; aucune équivalence exacte affirmée.
,,2733,2733,,partial,NACE_2.1 → NACE_2.0 ; closeMatch ; source=eurostat-nace21. Validation métier requise ; aucune équivalence exacte affirmée.
,,274,274,,partial,NACE_2.1 → NACE_2.0 ; closeMatch ; source=eurostat-nace21. Validation métier requise ; aucune équivalence exacte affirmée.
,,2740,2740,,partial,NACE_2.1 → NACE_2.0 ; closeMatch ; source=eurostat-nace21. Validation métier requise ; aucune équivalence exacte affirmée.
,,275,275,,partial,NACE_2.1 → NACE_2.0 ; closeMatch ; source=eurostat-nace21. Validation métier requise ; aucune équivalence exacte affirmée.
,,2751,2751,,partial,NACE_2.1 → NACE_2.0 ; closeMatch ; source=eurostat-nace21. Validation métier requise ; aucune équivalence exacte affirmée.
,,2752,2752,,partial,NACE_2.1 → NACE_2.0 ; closeMatch ; source=eurostat-nace21. Validation métier requise ; aucune équivalence exacte affirmée.
,,279,279,,partial,NACE_2.1 → NACE_2.0 ; closeMatch ; source=eurostat-nace21. Validation métier requise ; aucune équivalence exacte affirmée.
,,284,279,,partial,NACE_2.1 → NACE_2.0 ; closeMatch ; source=eurostat-nace21. Validation métier requise ; aucune équivalence exacte affirmée.
,,2790,2790,,partial,NACE_2.1 → NACE_2.0 ; closeMatch ; source=eurostat-nace21. Validation métier requise ; aucune équivalence exacte affirmée.
,,2849,2790,,partial,NACE_2.1 → NACE_2.0 ; closeMatch ; source=eurostat-nace21. Validation métier requise ; aucune équivalence exacte affirmée.
,,25,28,,partial,NACE_2.1 → NACE_2.0 ; closeMatch ; source=eurostat-nace21. Validation métier requise ; aucune équivalence exacte affirmée.
,,28,28,,partial,NACE_2.1 → NACE_2.0 ; closeMatch ; source=eurostat-nace21. Validation métier requise ; aucune équivalence exacte affirmée.
,,281,281,,partial,NACE_2.1 → NACE_2.0 ; closeMatch ; source=eurostat-nace21. Validation métier requise ; aucune équivalence exacte affirmée.
,,2811,2811,,partial,NACE_2.1 → NACE_2.0 ; closeMatch ; source=eurostat-nace21. Validation métier requise ; aucune équivalence exacte affirmée.
,,2812,2812,,partial,NACE_2.1 → NACE_2.0 ; closeMatch ; source=eurostat-nace21. Validation métier requise ; aucune équivalence exacte affirmée.
,,2813,2813,,partial,NACE_2.1 → NACE_2.0 ; closeMatch ; source=eurostat-nace21. Validation métier requise ; aucune équivalence exacte affirmée.
,,2814,2814,,partial,NACE_2.1 → NACE_2.0 ; closeMatch ; source=eurostat-nace21. Validation métier requise ; aucune équivalence exacte affirmée.
,,2815,2815,,partial,NACE_2.1 → NACE_2.0 ; closeMatch ; source=eurostat-nace21. Validation métier requise ; aucune équivalence exacte affirmée.
,,252,282,,partial,NACE_2.1 → NACE_2.0 ; closeMatch ; source=eurostat-nace21. Validation métier requise ; aucune équivalence exacte affirmée.
,,282,282,,partial,NACE_2.1 → NACE_2.0 ; closeMatch ; source=eurostat-nace21. Validation métier requise ; aucune équivalence exacte affirmée.
,,2521,2821,,partial,NACE_2.1 → NACE_2.0 ; closeMatch ; source=eurostat-nace21. Validation métier requise ; aucune équivalence exacte affirmée.
,,2821,2821,,partial,NACE_2.1 → NACE_2.0 ; closeMatch ; source=eurostat-nace21. Validation métier requise ; aucune équivalence exacte affirmée.
,,2822,2822,,partial,NACE_2.1 → NACE_2.0 ; closeMatch ; source=eurostat-nace21. Validation métier requise ; aucune équivalence exacte affirmée.
,,2823,2823,,partial,NACE_2.1 → NACE_2.0 ; closeMatch ; source=eurostat-nace21. Validation métier requise ; aucune équivalence exacte affirmée.
,,2824,2824,,partial,NACE_2.1 → NACE_2.0 ; closeMatch ; source=eurostat-nace21. Validation métier requise ; aucune équivalence exacte affirmée.
,,2821,2825,,partial,NACE_2.1 → NACE_2.0 ; closeMatch ; source=eurostat-nace21. Validation métier requise ; aucune équivalence exacte affirmée.
,,2825,2825,,partial,NACE_2.1 → NACE_2.0 ; closeMatch ; source=eurostat-nace21. Validation métier requise ; aucune équivalence exacte affirmée.
,,2829,2829,,partial,NACE_2.1 → NACE_2.0 ; closeMatch ; source=eurostat-nace21. Validation métier requise ; aucune équivalence exacte affirmée.
,,283,283,,partial,NACE_2.1 → NACE_2.0 ; closeMatch ; source=eurostat-nace21. Validation métier requise ; aucune équivalence exacte affirmée.
,,289,283,,partial,NACE_2.1 → NACE_2.0 ; closeMatch ; source=eurostat-nace21. Validation métier requise ; aucune équivalence exacte affirmée.
,,2830,2830,,partial,NACE_2.1 → NACE_2.0 ; closeMatch ; source=eurostat-nace21. Validation métier requise ; aucune équivalence exacte affirmée.
,,2892,2830,,partial,NACE_2.1 → NACE_2.0 ; closeMatch ; source=eurostat-nace21. Validation métier requise ; aucune équivalence exacte affirmée.
,,284,284,,partial,NACE_2.1 → NACE_2.0 ; closeMatch ; source=eurostat-nace21. Validation métier requise ; aucune équivalence exacte affirmée.
,,2841,2841,,partial,NACE_2.1 → NACE_2.0 ; closeMatch ; source=eurostat-nace21. Validation métier requise ; aucune équivalence exacte affirmée.
,,2849,2841,,partial,NACE_2.1 → NACE_2.0 ; closeMatch ; source=eurostat-nace21. Validation métier requise ; aucune équivalence exacte affirmée.
,,2849,2842,,partial,NACE_2.1 → NACE_2.0 ; closeMatch ; source=eurostat-nace21. Validation métier requise ; aucune équivalence exacte affirmée.
,,282,289,,partial,NACE_2.1 → NACE_2.0 ; closeMatch ; source=eurostat-nace21. Validation métier requise ; aucune équivalence exacte affirmée.
,,289,289,,partial,NACE_2.1 → NACE_2.0 ; closeMatch ; source=eurostat-nace21. Validation métier requise ; aucune équivalence exacte affirmée.
,,2891,2891,,partial,NACE_2.1 → NACE_2.0 ; closeMatch ; source=eurostat-nace21. Validation métier requise ; aucune équivalence exacte affirmée.
,,2892,2892,,partial,NACE_2.1 → NACE_2.0 ; closeMatch ; source=eurostat-nace21. Validation métier requise ; aucune équivalence exacte affirmée.
,,2829,2893,,partial,NACE_2.1 → NACE_2.0 ; closeMatch ; source=eurostat-nace21. Validation métier requise ; aucune équivalence exacte affirmée.
,,2893,2893,,partial,NACE_2.1 → NACE_2.0 ; closeMatch ; source=eurostat-nace21. Validation métier requise ; aucune équivalence exacte affirmée.
,,2894,2894,,partial,NACE_2.1 → NACE_2.0 ; closeMatch ; source=eurostat-nace21. Validation métier requise ; aucune équivalence exacte affirmée.
,,2895,2895,,partial,NACE_2.1 → NACE_2.0 ; closeMatch ; source=eurostat-nace21. Validation métier requise ; aucune équivalence exacte affirmée.
,,2896,2896,,partial,NACE_2.1 → NACE_2.0 ; closeMatch ; source=eurostat-nace21. Validation métier requise ; aucune équivalence exacte affirmée.
,,2896,2897,,partial,NACE_2.1 → NACE_2.0 ; closeMatch ; source=eurostat-nace21. Validation métier requise ; aucune équivalence exacte affirmée.
,,2899,2897,,partial,NACE_2.1 → NACE_2.0 ; closeMatch ; source=eurostat-nace21. Validation métier requise ; aucune équivalence exacte affirmée.
,,2899,2899,,partial,NACE_2.1 → NACE_2.0 ; closeMatch ; source=eurostat-nace21. Validation métier requise ; aucune équivalence exacte affirmée.
,,23,29,,partial,NACE_2.1 → NACE_2.0 ; closeMatch ; source=eurostat-nace21. Validation métier requise ; aucune équivalence exacte affirmée.
,,27,29,,partial,NACE_2.1 → NACE_2.0 ; closeMatch ; source=eurostat-nace21. Validation métier requise ; aucune équivalence exacte affirmée.
,,28,29,,partial,NACE_2.1 → NACE_2.0 ; closeMatch ; source=eurostat-nace21. Validation métier requise ; aucune équivalence exacte affirmée.
,,29,29,,partial,NACE_2.1 → NACE_2.0 ; closeMatch ; source=eurostat-nace21. Validation métier requise ; aucune équivalence exacte affirmée.
,,271,291,,partial,NACE_2.1 → NACE_2.0 ; closeMatch ; source=eurostat-nace21. Validation métier requise ; aucune équivalence exacte affirmée.
,,291,291,,partial,NACE_2.1 → NACE_2.0 ; closeMatch ; source=eurostat-nace21. Validation métier requise ; aucune équivalence exacte affirmée.
,,2711,2910,,partial,NACE_2.1 → NACE_2.0 ; closeMatch ; source=eurostat-nace21. Validation métier requise ; aucune équivalence exacte affirmée.
,,2910,2910,,partial,NACE_2.1 → NACE_2.0 ; closeMatch ; source=eurostat-nace21. Validation métier requise ; aucune équivalence exacte affirmée.
,,292,292,,partial,NACE_2.1 → NACE_2.0 ; closeMatch ; source=eurostat-nace21. Validation métier requise ; aucune équivalence exacte affirmée.
,,2920,2920,,partial,NACE_2.1 → NACE_2.0 ; closeMatch ; source=eurostat-nace21. Validation métier requise ; aucune équivalence exacte affirmée.
,,231,293,,partial,NACE_2.1 → NACE_2.0 ; closeMatch ; source=eurostat-nace21. Validation métier requise ; aucune équivalence exacte affirmée.
,,279,293,,partial,NACE_2.1 → NACE_2.0 ; closeMatch ; source=eurostat-nace21. Validation métier requise ; aucune équivalence exacte affirmée.
,,281,293,,partial,NACE_2.1 → NACE_2.0 ; closeMatch ; source=eurostat-nace21. Validation métier requise ; aucune équivalence exacte affirmée.
,,282,293,,partial,NACE_2.1 → NACE_2.0 ; closeMatch ; source=eurostat-nace21. Validation métier requise ; aucune équivalence exacte affirmée.
,,293,293,,partial,NACE_2.1 → NACE_2.0 ; closeMatch ; source=eurostat-nace21. Validation métier requise ; aucune équivalence exacte affirmée.
,,2790,2931,,partial,NACE_2.1 → NACE_2.0 ; closeMatch ; source=eurostat-nace21. Validation métier requise ; aucune équivalence exacte affirmée.
,,2931,2931,,partial,NACE_2.1 → NACE_2.0 ; closeMatch ; source=eurostat-nace21. Validation métier requise ; aucune équivalence exacte affirmée.
,,2312,2932,,partial,NACE_2.1 → NACE_2.0 ; closeMatch ; source=eurostat-nace21. Validation métier requise ; aucune équivalence exacte affirmée.
,,2811,2932,,partial,NACE_2.1 → NACE_2.0 ; closeMatch ; source=eurostat-nace21. Validation métier requise ; aucune équivalence exacte affirmée.
,,2825,2932,,partial,NACE_2.1 → NACE_2.0 ; closeMatch ; source=eurostat-nace21. Validation métier requise ; aucune équivalence exacte affirmée.
,,2932,2932,,partial,NACE_2.1 → NACE_2.0 ; closeMatch ; source=eurostat-nace21. Validation métier requise ; aucune équivalence exacte affirmée.
,,28,30,,partial,NACE_2.1 → NACE_2.0 ; closeMatch ; source=eurostat-nace21. Validation métier requise ; aucune équivalence exacte affirmée.
,,30,30,,partial,NACE_2.1 → NACE_2.0 ; closeMatch ; source=eurostat-nace21. Validation métier requise ; aucune équivalence exacte affirmée.
,,301,301,,partial,NACE_2.1 → NACE_2.0 ; closeMatch ; source=eurostat-nace21. Validation métier requise ; aucune équivalence exacte affirmée.
,,3011,3011,,partial,NACE_2.1 → NACE_2.0 ; closeMatch ; source=eurostat-nace21. Validation métier requise ; aucune équivalence exacte affirmée.
,,3012,3012,,partial,NACE_2.1 → NACE_2.0 ; closeMatch ; source=eurostat-nace21. Validation métier requise ; aucune équivalence exacte affirmée.
,,3011,3013,,partial,NACE_2.1 → NACE_2.0 ; closeMatch ; source=eurostat-nace21. Validation métier requise ; aucune équivalence exacte affirmée.
,,302,302,,partial,NACE_2.1 → NACE_2.0 ; closeMatch ; source=eurostat-nace21. Validation métier requise ; aucune équivalence exacte affirmée.
,,3020,3020,,partial,NACE_2.1 → NACE_2.0 ; closeMatch ; source=eurostat-nace21. Validation métier requise ; aucune équivalence exacte affirmée.
,,303,303,,partial,NACE_2.1 → NACE_2.0 ; closeMatch ; source=eurostat-nace21. Validation métier requise ; aucune équivalence exacte affirmée.
,,3030,3031,,partial,NACE_2.1 → NACE_2.0 ; closeMatch ; source=eurostat-nace21. Validation métier requise ; aucune équivalence exacte affirmée.
,,3030,3032,,partial,NACE_2.1 → NACE_2.0 ; closeMatch ; source=eurostat-nace21. Validation métier requise ; aucune équivalence exacte affirmée.
,,304,304,,partial,NACE_2.1 → NACE_2.0 ; closeMatch ; source=eurostat-nace21. Validation métier requise ; aucune équivalence exacte affirmée.
,,3040,3040,,partial,NACE_2.1 → NACE_2.0 ; closeMatch ; source=eurostat-nace21. Validation métier requise ; aucune équivalence exacte affirmée.
,,281,309,,partial,NACE_2.1 → NACE_2.0 ; closeMatch ; source=eurostat-nace21. Validation métier requise ; aucune équivalence exacte affirmée.
,,309,309,,partial,NACE_2.1 → NACE_2.0 ; closeMatch ; source=eurostat-nace21. Validation métier requise ; aucune équivalence exacte affirmée.
,,2811,3091,,partial,NACE_2.1 → NACE_2.0 ; closeMatch ; source=eurostat-nace21. Validation métier requise ; aucune équivalence exacte affirmée.
,,3091,3091,,partial,NACE_2.1 → NACE_2.0 ; closeMatch ; source=eurostat-nace21. Validation métier requise ; aucune équivalence exacte affirmée.
,,3091,3092,,partial,NACE_2.1 → NACE_2.0 ; closeMatch ; source=eurostat-nace21. Validation métier requise ; aucune équivalence exacte affirmée.
,,3092,3092,,partial,NACE_2.1 → NACE_2.0 ; closeMatch ; source=eurostat-nace21. Validation métier requise ; aucune équivalence exacte affirmée.
,,3099,3099,,partial,NACE_2.1 → NACE_2.0 ; closeMatch ; source=eurostat-nace21. Validation métier requise ; aucune équivalence exacte affirmée.
,,23,31,,partial,NACE_2.1 → NACE_2.0 ; closeMatch ; source=eurostat-nace21. Validation métier requise ; aucune équivalence exacte affirmée.
,,31,31,,partial,NACE_2.1 → NACE_2.0 ; closeMatch ; source=eurostat-nace21. Validation métier requise ; aucune équivalence exacte affirmée.
,,234,310,,partial,NACE_2.1 → NACE_2.0 ; closeMatch ; source=eurostat-nace21. Validation métier requise ; aucune équivalence exacte affirmée.
,,310,310,,partial,NACE_2.1 → NACE_2.0 ; closeMatch ; source=eurostat-nace21. Validation métier requise ; aucune équivalence exacte affirmée.
,,2342,3100,,partial,NACE_2.1 → NACE_2.0 ; closeMatch ; source=eurostat-nace21. Validation métier requise ; aucune équivalence exacte affirmée.
,,3101,3100,,partial,NACE_2.1 → NACE_2.0 ; closeMatch ; source=eurostat-nace21. Validation métier requise ; aucune équivalence exacte affirmée.
,,3102,3100,,partial,NACE_2.1 → NACE_2.0 ; closeMatch ; source=eurostat-nace21. Validation métier requise ; aucune équivalence exacte affirmée.
,,3103,3100,,partial,NACE_2.1 → NACE_2.0 ; closeMatch ; source=eurostat-nace21. Validation métier requise ; aucune équivalence exacte affirmée.
,,3109,3100,,partial,NACE_2.1 → NACE_2.0 ; closeMatch ; source=eurostat-nace21. Validation métier requise ; aucune équivalence exacte affirmée.
,,27,32,,partial,NACE_2.1 → NACE_2.0 ; closeMatch ; source=eurostat-nace21. Validation métier requise ; aucune équivalence exacte affirmée.
,,32,32,,partial,NACE_2.1 → NACE_2.0 ; closeMatch ; source=eurostat-nace21. Validation métier requise ; aucune équivalence exacte affirmée.
,,321,321,,partial,NACE_2.1 → NACE_2.0 ; closeMatch ; source=eurostat-nace21. Validation métier requise ; aucune équivalence exacte affirmée.
,,3211,3211,,partial,NACE_2.1 → NACE_2.0 ; closeMatch ; source=eurostat-nace21. Validation métier requise ; aucune équivalence exacte affirmée.
,,3212,3212,,partial,NACE_2.1 → NACE_2.0 ; closeMatch ; source=eurostat-nace21. Validation métier requise ; aucune équivalence exacte affirmée.
,,3213,3213,,partial,NACE_2.1 → NACE_2.0 ; closeMatch ; source=eurostat-nace21. Validation métier requise ; aucune équivalence exacte affirmée.
,,322,322,,partial,NACE_2.1 → NACE_2.0 ; closeMatch ; source=eurostat-nace21. Validation métier requise ; aucune équivalence exacte affirmée.
,,3220,3220,,partial,NACE_2.1 → NACE_2.0 ; closeMatch ; source=eurostat-nace21. Validation métier requise ; aucune équivalence exacte affirmée.
,,323,323,,partial,NACE_2.1 → NACE_2.0 ; closeMatch ; source=eurostat-nace21. Validation métier requise ; aucune équivalence exacte affirmée.
,,3230,3230,,partial,NACE_2.1 → NACE_2.0 ; closeMatch ; source=eurostat-nace21. Validation métier requise ; aucune équivalence exacte affirmée.
,,324,324,,partial,NACE_2.1 → NACE_2.0 ; closeMatch ; source=eurostat-nace21. Validation métier requise ; aucune équivalence exacte affirmée.
,,3240,3240,,partial,NACE_2.1 → NACE_2.0 ; closeMatch ; source=eurostat-nace21. Validation métier requise ; aucune équivalence exacte affirmée.
,,325,325,,partial,NACE_2.1 → NACE_2.0 ; closeMatch ; source=eurostat-nace21. Validation métier requise ; aucune équivalence exacte affirmée.
,,329,325,,partial,NACE_2.1 → NACE_2.0 ; closeMatch ; source=eurostat-nace21. Validation métier requise ; aucune équivalence exacte affirmée.
,,3250,3250,,partial,NACE_2.1 → NACE_2.0 ; closeMatch ; source=eurostat-nace21. Validation métier requise ; aucune équivalence exacte affirmée.
,,3299,3250,,partial,NACE_2.1 → NACE_2.0 ; closeMatch ; source=eurostat-nace21. Validation métier requise ; aucune équivalence exacte affirmée.
,,279,329,,partial,NACE_2.1 → NACE_2.0 ; closeMatch ; source=eurostat-nace21. Validation métier requise ; aucune équivalence exacte affirmée.
,,323,329,,partial,NACE_2.1 → NACE_2.0 ; closeMatch ; source=eurostat-nace21. Validation métier requise ; aucune équivalence exacte affirmée.
,,329,329,,partial,NACE_2.1 → NACE_2.0 ; closeMatch ; source=eurostat-nace21. Validation métier requise ; aucune équivalence exacte affirmée.
,,3291,3291,,partial,NACE_2.1 → NACE_2.0 ; closeMatch ; source=eurostat-nace21. Validation métier requise ; aucune équivalence exacte affirmée.
,,2790,3299,,partial,NACE_2.1 → NACE_2.0 ; closeMatch ; source=eurostat-nace21. Validation métier requise ; aucune équivalence exacte affirmée.
,,3230,3299,,partial,NACE_2.1 → NACE_2.0 ; closeMatch ; source=eurostat-nace21. Validation métier requise ; aucune équivalence exacte affirmée.
,,3299,3299,,partial,NACE_2.1 → NACE_2.0 ; closeMatch ; source=eurostat-nace21. Validation métier requise ; aucune équivalence exacte affirmée.
,,30,33,,partial,NACE_2.1 → NACE_2.0 ; closeMatch ; source=eurostat-nace21. Validation métier requise ; aucune équivalence exacte affirmée.
,,33,33,,partial,NACE_2.1 → NACE_2.0 ; closeMatch ; source=eurostat-nace21. Validation métier requise ; aucune équivalence exacte affirmée.
,,304,331,,partial,NACE_2.1 → NACE_2.0 ; closeMatch ; source=eurostat-nace21. Validation métier requise ; aucune équivalence exacte affirmée.
,,331,331,,partial,NACE_2.1 → NACE_2.0 ; closeMatch ; source=eurostat-nace21. Validation métier requise ; aucune équivalence exacte affirmée.
,,3311,3311,,partial,NACE_2.1 → NACE_2.0 ; closeMatch ; source=eurostat-nace21. Validation métier requise ; aucune équivalence exacte affirmée.
,,3312,3312,,partial,NACE_2.1 → NACE_2.0 ; closeMatch ; source=eurostat-nace21. Validation métier requise ; aucune équivalence exacte affirmée.
,,3313,3313,,partial,NACE_2.1 → NACE_2.0 ; closeMatch ; source=eurostat-nace21. Validation métier requise ; aucune équivalence exacte affirmée.
,,3314,3314,,partial,NACE_2.1 → NACE_2.0 ; closeMatch ; source=eurostat-nace21. Validation métier requise ; aucune équivalence exacte affirmée.
,,3312,3315,,partial,NACE_2.1 → NACE_2.0 ; closeMatch ; source=eurostat-nace21. Validation métier requise ; aucune équivalence exacte affirmée.
,,3315,3315,,partial,NACE_2.1 → NACE_2.0 ; closeMatch ; source=eurostat-nace21. Validation métier requise ; aucune équivalence exacte affirmée.
,,3316,3316,,partial,NACE_2.1 → NACE_2.0 ; closeMatch ; source=eurostat-nace21. Validation métier requise ; aucune équivalence exacte affirmée.
,,3311,3317,,partial,NACE_2.1 → NACE_2.0 ; closeMatch ; source=eurostat-nace21. Validation métier requise ; aucune équivalence exacte affirmée.
,,3317,3317,,partial,NACE_2.1 → NACE_2.0 ; closeMatch ; source=eurostat-nace21. Validation métier requise ; aucune équivalence exacte affirmée.
,,3040,3318,,partial,NACE_2.1 → NACE_2.0 ; closeMatch ; source=eurostat-nace21. Validation métier requise ; aucune équivalence exacte affirmée.
,,3312,3318,,partial,NACE_2.1 → NACE_2.0 ; closeMatch ; source=eurostat-nace21. Validation métier requise ; aucune équivalence exacte affirmée.
,,3315,3318,,partial,NACE_2.1 → NACE_2.0 ; closeMatch ; source=eurostat-nace21. Validation métier requise ; aucune équivalence exacte affirmée.
,,3316,3318,,partial,NACE_2.1 → NACE_2.0 ; closeMatch ; source=eurostat-nace21. Validation métier requise ; aucune équivalence exacte affirmée.
,,3319,3319,,partial,NACE_2.1 → NACE_2.0 ; closeMatch ; source=eurostat-nace21. Validation métier requise ; aucune équivalence exacte affirmée.
,,332,332,,partial,NACE_2.1 → NACE_2.0 ; closeMatch ; source=eurostat-nace21. Validation métier requise ; aucune équivalence exacte affirmée.
,,3320,3320,,partial,NACE_2.1 → NACE_2.0 ; closeMatch ; source=eurostat-nace21. Validation métier requise ; aucune équivalence exacte affirmée.
,,35,35,,partial,NACE_2.1 → NACE_2.0 ; closeMatch ; source=eurostat-nace21. Validation métier requise ; aucune équivalence exacte affirmée.
,,52,35,,partial,NACE_2.1 → NACE_2.0 ; closeMatch ; source=eurostat-nace21. Validation métier requise ; aucune équivalence exacte affirmée.
,,351,351,,partial,NACE_2.1 → NACE_2.0 ; closeMatch ; source=eurostat-nace21. Validation métier requise ; aucune équivalence exacte affirmée.
,,3511,3511,,partial,NACE_2.1 → NACE_2.0 ; closeMatch ; source=eurostat-nace21. Validation métier requise ; aucune équivalence exacte affirmée.
,,3511,3512,,partial,NACE_2.1 → NACE_2.0 ; closeMatch ; source=eurostat-nace21. Validation métier requise ; aucune équivalence exacte affirmée.
,,3512,3513,,partial,NACE_2.1 → NACE_2.0 ; closeMatch ; source=eurostat-nace21. Validation métier requise ; aucune équivalence exacte affirmée.
,,3513,3514,,partial,NACE_2.1 → NACE_2.0 ; closeMatch ; source=eurostat-nace21. Validation métier requise ; aucune équivalence exacte affirmée.
,,3514,3515,,partial,NACE_2.1 → NACE_2.0 ; closeMatch ; source=eurostat-nace21. Validation métier requise ; aucune équivalence exacte affirmée.
,,3511,3516,,partial,NACE_2.1 → NACE_2.0 ; closeMatch ; source=eurostat-nace21. Validation métier requise ; aucune équivalence exacte affirmée.
,,352,352,,partial,NACE_2.1 → NACE_2.0 ; closeMatch ; source=eurostat-nace21. Validation métier requise ; aucune équivalence exacte affirmée.
,,521,352,,partial,NACE_2.1 → NACE_2.0 ; closeMatch ; source=eurostat-nace21. Validation métier requise ; aucune équivalence exacte affirmée.
,,3521,3521,,partial,NACE_2.1 → NACE_2.0 ; closeMatch ; source=eurostat-nace21. Validation métier requise ; aucune équivalence exacte affirmée.
,,3522,3522,,partial,NACE_2.1 → NACE_2.0 ; closeMatch ; source=eurostat-nace21. Validation métier requise ; aucune équivalence exacte affirmée.
,,3523,3523,,partial,NACE_2.1 → NACE_2.0 ; closeMatch ; source=eurostat-nace21. Validation métier requise ; aucune équivalence exacte affirmée.
,,5210,3524,,partial,NACE_2.1 → NACE_2.0 ; closeMatch ; source=eurostat-nace21. Validation métier requise ; aucune équivalence exacte affirmée.
,,353,353,,partial,NACE_2.1 → NACE_2.0 ; closeMatch ; source=eurostat-nace21. Validation métier requise ; aucune équivalence exacte affirmée.
,,3530,3530,,partial,NACE_2.1 → NACE_2.0 ; closeMatch ; source=eurostat-nace21. Validation métier requise ; aucune équivalence exacte affirmée.
,,351,354,,partial,NACE_2.1 → NACE_2.0 ; closeMatch ; source=eurostat-nace21. Validation métier requise ; aucune équivalence exacte affirmée.
,,352,354,,partial,NACE_2.1 → NACE_2.0 ; closeMatch ; source=eurostat-nace21. Validation métier requise ; aucune équivalence exacte affirmée.
,,3514,3540,,partial,NACE_2.1 → NACE_2.0 ; closeMatch ; source=eurostat-nace21. Validation métier requise ; aucune équivalence exacte affirmée.
,,3523,3540,,partial,NACE_2.1 → NACE_2.0 ; closeMatch ; source=eurostat-nace21. Validation métier requise ; aucune équivalence exacte affirmée.
,,36,36,,partial,NACE_2.1 → NACE_2.0 ; closeMatch ; source=eurostat-nace21. Validation métier requise ; aucune équivalence exacte affirmée.
,,360,360,,partial,NACE_2.1 → NACE_2.0 ; closeMatch ; source=eurostat-nace21. Validation métier requise ; aucune équivalence exacte affirmée.
,,3600,3600,,partial,NACE_2.1 → NACE_2.0 ; closeMatch ; source=eurostat-nace21. Validation métier requise ; aucune équivalence exacte affirmée.
,,37,37,,partial,NACE_2.1 → NACE_2.0 ; closeMatch ; source=eurostat-nace21. Validation métier requise ; aucune équivalence exacte affirmée.
,,370,370,,partial,NACE_2.1 → NACE_2.0 ; closeMatch ; source=eurostat-nace21. Validation métier requise ; aucune équivalence exacte affirmée.
,,3700,3700,,partial,NACE_2.1 → NACE_2.0 ; closeMatch ; source=eurostat-nace21. Validation métier requise ; aucune équivalence exacte affirmée.
,,38,38,,partial,NACE_2.1 → NACE_2.0 ; closeMatch ; source=eurostat-nace21. Validation métier requise ; aucune équivalence exacte affirmée.
,,381,381,,partial,NACE_2.1 → NACE_2.0 ; closeMatch ; source=eurostat-nace21. Validation métier requise ; aucune équivalence exacte affirmée.
,,3811,3811,,partial,NACE_2.1 → NACE_2.0 ; closeMatch ; source=eurostat-nace21. Validation métier requise ; aucune équivalence exacte affirmée.
,,3812,3812,,partial,NACE_2.1 → NACE_2.0 ; closeMatch ; source=eurostat-nace21. Validation métier requise ; aucune équivalence exacte affirmée.
,,382,382,,partial,NACE_2.1 → NACE_2.0 ; closeMatch ; source=eurostat-nace21. Validation métier requise ; aucune équivalence exacte affirmée.
,,383,382,,partial,NACE_2.1 → NACE_2.0 ; closeMatch ; source=eurostat-nace21. Validation métier requise ; aucune équivalence exacte affirmée.
,,3821,3821,,partial,NACE_2.1 → NACE_2.0 ; closeMatch ; source=eurostat-nace21. Validation métier requise ; aucune équivalence exacte affirmée.
,,3831,3821,,partial,NACE_2.1 → NACE_2.0 ; closeMatch ; source=eurostat-nace21. Validation métier requise ; aucune équivalence exacte affirmée.
,,3832,3821,,partial,NACE_2.1 → NACE_2.0 ; closeMatch ; source=eurostat-nace21. Validation métier requise ; aucune équivalence exacte affirmée.
,,3821,3822,,partial,NACE_2.1 → NACE_2.0 ; closeMatch ; source=eurostat-nace21. Validation métier requise ; aucune équivalence exacte affirmée.
,,3822,3822,,partial,NACE_2.1 → NACE_2.0 ; closeMatch ; source=eurostat-nace21. Validation métier requise ; aucune équivalence exacte affirmée.
,,3821,3823,,partial,NACE_2.1 → NACE_2.0 ; closeMatch ; source=eurostat-nace21. Validation métier requise ; aucune équivalence exacte affirmée.
,,3822,3823,,partial,NACE_2.1 → NACE_2.0 ; closeMatch ; source=eurostat-nace21. Validation métier requise ; aucune équivalence exacte affirmée.
,,382,383,,partial,NACE_2.1 → NACE_2.0 ; closeMatch ; source=eurostat-nace21. Validation métier requise ; aucune équivalence exacte affirmée.
,,3821,3831,,partial,NACE_2.1 → NACE_2.0 ; closeMatch ; source=eurostat-nace21. Validation métier requise ; aucune équivalence exacte affirmée.
,,3822,3831,,partial,NACE_2.1 → NACE_2.0 ; closeMatch ; source=eurostat-nace21. Validation métier requise ; aucune équivalence exacte affirmée.
,,3821,3832,,partial,NACE_2.1 → NACE_2.0 ; closeMatch ; source=eurostat-nace21. Validation métier requise ; aucune équivalence exacte affirmée.
,,3822,3832,,partial,NACE_2.1 → NACE_2.0 ; closeMatch ; source=eurostat-nace21. Validation métier requise ; aucune équivalence exacte affirmée.
,,3821,3833,,partial,NACE_2.1 → NACE_2.0 ; closeMatch ; source=eurostat-nace21. Validation métier requise ; aucune équivalence exacte affirmée.
,,3822,3833,,partial,NACE_2.1 → NACE_2.0 ; closeMatch ; source=eurostat-nace21. Validation métier requise ; aucune équivalence exacte affirmée.
,,39,39,,partial,NACE_2.1 → NACE_2.0 ; closeMatch ; source=eurostat-nace21. Validation métier requise ; aucune équivalence exacte affirmée.
,,390,390,,partial,NACE_2.1 → NACE_2.0 ; closeMatch ; source=eurostat-nace21. Validation métier requise ; aucune équivalence exacte affirmée.
,,3900,3900,,partial,NACE_2.1 → NACE_2.0 ; closeMatch ; source=eurostat-nace21. Validation métier requise ; aucune équivalence exacte affirmée.
,,41,41,,partial,NACE_2.1 → NACE_2.0 ; closeMatch ; source=eurostat-nace21. Validation métier requise ; aucune équivalence exacte affirmée.
,,412,410,,partial,NACE_2.1 → NACE_2.0 ; closeMatch ; source=eurostat-nace21. Validation métier requise ; aucune équivalence exacte affirmée.
,,4120,4100,,partial,NACE_2.1 → NACE_2.0 ; closeMatch ; source=eurostat-nace21. Validation métier requise ; aucune équivalence exacte affirmée.
,,42,42,,partial,NACE_2.1 → NACE_2.0 ; closeMatch ; source=eurostat-nace21. Validation métier requise ; aucune équivalence exacte affirmée.
,,43,42,,partial,NACE_2.1 → NACE_2.0 ; closeMatch ; source=eurostat-nace21. Validation métier requise ; aucune équivalence exacte affirmée.
,,421,421,,partial,NACE_2.1 → NACE_2.0 ; closeMatch ; source=eurostat-nace21. Validation métier requise ; aucune équivalence exacte affirmée.
,,4211,4211,,partial,NACE_2.1 → NACE_2.0 ; closeMatch ; source=eurostat-nace21. Validation métier requise ; aucune équivalence exacte affirmée.
,,4212,4212,,partial,NACE_2.1 → NACE_2.0 ; closeMatch ; source=eurostat-nace21. Validation métier requise ; aucune équivalence exacte affirmée.
,,4213,4213,,partial,NACE_2.1 → NACE_2.0 ; closeMatch ; source=eurostat-nace21. Validation métier requise ; aucune équivalence exacte affirmée.
,,422,422,,partial,NACE_2.1 → NACE_2.0 ; closeMatch ; source=eurostat-nace21. Validation métier requise ; aucune équivalence exacte affirmée.
,,4221,4221,,partial,NACE_2.1 → NACE_2.0 ; closeMatch ; source=eurostat-nace21. Validation métier requise ; aucune équivalence exacte affirmée.
,,4222,4222,,partial,NACE_2.1 → NACE_2.0 ; closeMatch ; source=eurostat-nace21. Validation métier requise ; aucune équivalence exacte affirmée.
,,429,429,,partial,NACE_2.1 → NACE_2.0 ; closeMatch ; source=eurostat-nace21. Validation métier requise ; aucune équivalence exacte affirmée.
,,439,429,,partial,NACE_2.1 → NACE_2.0 ; closeMatch ; source=eurostat-nace21. Validation métier requise ; aucune équivalence exacte affirmée.
,,4291,4291,,partial,NACE_2.1 → NACE_2.0 ; closeMatch ; source=eurostat-nace21. Validation métier requise ; aucune équivalence exacte affirmée.
,,4299,4299,,partial,NACE_2.1 → NACE_2.0 ; closeMatch ; source=eurostat-nace21. Validation métier requise ; aucune équivalence exacte affirmée.
,,4399,4299,,partial,NACE_2.1 → NACE_2.0 ; closeMatch ; source=eurostat-nace21. Validation métier requise ; aucune équivalence exacte affirmée.
,,41,43,,partial,NACE_2.1 → NACE_2.0 ; closeMatch ; source=eurostat-nace21. Validation métier requise ; aucune équivalence exacte affirmée.
,,42,43,,partial,NACE_2.1 → NACE_2.0 ; closeMatch ; source=eurostat-nace21. Validation métier requise ; aucune équivalence exacte affirmée.
,,43,43,,partial,NACE_2.1 → NACE_2.0 ; closeMatch ; source=eurostat-nace21. Validation métier requise ; aucune équivalence exacte affirmée.
,,82,43,,partial,NACE_2.1 → NACE_2.0 ; closeMatch ; source=eurostat-nace21. Validation métier requise ; aucune équivalence exacte affirmée.
,,431,431,,partial,NACE_2.1 → NACE_2.0 ; closeMatch ; source=eurostat-nace21. Validation métier requise ; aucune équivalence exacte affirmée.
,,4311,4311,,partial,NACE_2.1 → NACE_2.0 ; closeMatch ; source=eurostat-nace21. Validation métier requise ; aucune équivalence exacte affirmée.
,,4312,4312,,partial,NACE_2.1 → NACE_2.0 ; closeMatch ; source=eurostat-nace21. Validation métier requise ; aucune équivalence exacte affirmée.
,,4313,4313,,partial,NACE_2.1 → NACE_2.0 ; closeMatch ; source=eurostat-nace21. Validation métier requise ; aucune équivalence exacte affirmée.
,,432,432,,partial,NACE_2.1 → NACE_2.0 ; closeMatch ; source=eurostat-nace21. Validation métier requise ; aucune équivalence exacte affirmée.
,,433,432,,partial,NACE_2.1 → NACE_2.0 ; closeMatch ; source=eurostat-nace21. Validation métier requise ; aucune équivalence exacte affirmée.
,,439,432,,partial,NACE_2.1 → NACE_2.0 ; closeMatch ; source=eurostat-nace21. Validation métier requise ; aucune équivalence exacte affirmée.
,,4321,4321,,partial,NACE_2.1 → NACE_2.0 ; closeMatch ; source=eurostat-nace21. Validation métier requise ; aucune équivalence exacte affirmée.
,,4322,4322,,partial,NACE_2.1 → NACE_2.0 ; closeMatch ; source=eurostat-nace21. Validation métier requise ; aucune équivalence exacte affirmée.
,,4399,4322,,partial,NACE_2.1 → NACE_2.0 ; closeMatch ; source=eurostat-nace21. Validation métier requise ; aucune équivalence exacte affirmée.
,,4329,4323,,partial,NACE_2.1 → NACE_2.0 ; closeMatch ; source=eurostat-nace21. Validation métier requise ; aucune équivalence exacte affirmée.
,,4339,4323,,partial,NACE_2.1 → NACE_2.0 ; closeMatch ; source=eurostat-nace21. Validation métier requise ; aucune équivalence exacte affirmée.
,,4399,4323,,partial,NACE_2.1 → NACE_2.0 ; closeMatch ; source=eurostat-nace21. Validation métier requise ; aucune équivalence exacte affirmée.
,,4329,4324,,partial,NACE_2.1 → NACE_2.0 ; closeMatch ; source=eurostat-nace21. Validation métier requise ; aucune équivalence exacte affirmée.
,,433,433,,partial,NACE_2.1 → NACE_2.0 ; closeMatch ; source=eurostat-nace21. Validation métier requise ; aucune équivalence exacte affirmée.
,,439,433,,partial,NACE_2.1 → NACE_2.0 ; closeMatch ; source=eurostat-nace21. Validation métier requise ; aucune équivalence exacte affirmée.
,,4331,4331,,partial,NACE_2.1 → NACE_2.0 ; closeMatch ; source=eurostat-nace21. Validation métier requise ; aucune équivalence exacte affirmée.
,,4339,4331,,partial,NACE_2.1 → NACE_2.0 ; closeMatch ; source=eurostat-nace21. Validation métier requise ; aucune équivalence exacte affirmée.
,,4332,4332,,partial,NACE_2.1 → NACE_2.0 ; closeMatch ; source=eurostat-nace21. Validation métier requise ; aucune équivalence exacte affirmée.
,,4339,4332,,partial,NACE_2.1 → NACE_2.0 ; closeMatch ; source=eurostat-nace21. Validation métier requise ; aucune équivalence exacte affirmée.
,,4333,4333,,partial,NACE_2.1 → NACE_2.0 ; closeMatch ; source=eurostat-nace21. Validation métier requise ; aucune équivalence exacte affirmée.
,,4339,4333,,partial,NACE_2.1 → NACE_2.0 ; closeMatch ; source=eurostat-nace21. Validation métier requise ; aucune équivalence exacte affirmée.
,,4334,4334,,partial,NACE_2.1 → NACE_2.0 ; closeMatch ; source=eurostat-nace21. Validation métier requise ; aucune équivalence exacte affirmée.
,,4339,4334,,partial,NACE_2.1 → NACE_2.0 ; closeMatch ; source=eurostat-nace21. Validation métier requise ; aucune équivalence exacte affirmée.
,,4339,4335,,partial,NACE_2.1 → NACE_2.0 ; closeMatch ; source=eurostat-nace21. Validation métier requise ; aucune équivalence exacte affirmée.
,,4399,4335,,partial,NACE_2.1 → NACE_2.0 ; closeMatch ; source=eurostat-nace21. Validation métier requise ; aucune équivalence exacte affirmée.
,,439,434,,partial,NACE_2.1 → NACE_2.0 ; closeMatch ; source=eurostat-nace21. Validation métier requise ; aucune équivalence exacte affirmée.
,,4391,4341,,partial,NACE_2.1 → NACE_2.0 ; closeMatch ; source=eurostat-nace21. Validation métier requise ; aucune équivalence exacte affirmée.
,,4399,4341,,partial,NACE_2.1 → NACE_2.0 ; closeMatch ; source=eurostat-nace21. Validation métier requise ; aucune équivalence exacte affirmée.
,,4399,4342,,partial,NACE_2.1 → NACE_2.0 ; closeMatch ; source=eurostat-nace21. Validation métier requise ; aucune équivalence exacte affirmée.
,,421,435,,partial,NACE_2.1 → NACE_2.0 ; closeMatch ; source=eurostat-nace21. Validation métier requise ; aucune équivalence exacte affirmée.
,,439,435,,partial,NACE_2.1 → NACE_2.0 ; closeMatch ; source=eurostat-nace21. Validation métier requise ; aucune équivalence exacte affirmée.
,,4211,4350,,partial,NACE_2.1 → NACE_2.0 ; closeMatch ; source=eurostat-nace21. Validation métier requise ; aucune équivalence exacte affirmée.
,,4399,4350,,partial,NACE_2.1 → NACE_2.0 ; closeMatch ; source=eurostat-nace21. Validation métier requise ; aucune équivalence exacte affirmée.
,,829,436,,partial,NACE_2.1 → NACE_2.0 ; closeMatch ; source=eurostat-nace21. Validation métier requise ; aucune équivalence exacte affirmée.
,,8299,4360,,partial,NACE_2.1 → NACE_2.0 ; closeMatch ; source=eurostat-nace21. Validation métier requise ; aucune équivalence exacte affirmée.
,,412,439,,partial,NACE_2.1 → NACE_2.0 ; closeMatch ; source=eurostat-nace21. Validation métier requise ; aucune équivalence exacte affirmée.
,,439,439,,partial,NACE_2.1 → NACE_2.0 ; closeMatch ; source=eurostat-nace21. Validation métier requise ; aucune équivalence exacte affirmée.
,,4399,4391,,partial,NACE_2.1 → NACE_2.0 ; closeMatch ; source=eurostat-nace21. Validation métier requise ; aucune équivalence exacte affirmée.
,,4120,4399,,partial,NACE_2.1 → NACE_2.0 ; closeMatch ; source=eurostat-nace21. Validation métier requise ; aucune équivalence exacte affirmée.
,,4399,4399,,partial,NACE_2.1 → NACE_2.0 ; closeMatch ; source=eurostat-nace21. Validation métier requise ; aucune équivalence exacte affirmée.
,,45,46,,partial,NACE_2.1 → NACE_2.0 ; closeMatch ; source=eurostat-nace21. Validation métier requise ; aucune équivalence exacte affirmée.
,,46,46,,partial,NACE_2.1 → NACE_2.0 ; closeMatch ; source=eurostat-nace21. Validation métier requise ; aucune équivalence exacte affirmée.
,,82,46,,partial,NACE_2.1 → NACE_2.0 ; closeMatch ; source=eurostat-nace21. Validation métier requise ; aucune équivalence exacte affirmée.
,,451,461,,partial,NACE_2.1 → NACE_2.0 ; closeMatch ; source=eurostat-nace21. Validation métier requise ; aucune équivalence exacte affirmée.
,,453,461,,partial,NACE_2.1 → NACE_2.0 ; closeMatch ; source=eurostat-nace21. Validation métier requise ; aucune équivalence exacte affirmée.
,,454,461,,partial,NACE_2.1 → NACE_2.0 ; closeMatch ; source=eurostat-nace21. Validation métier requise ; aucune équivalence exacte affirmée.
,,461,461,,partial,NACE_2.1 → NACE_2.0 ; closeMatch ; source=eurostat-nace21. Validation métier requise ; aucune équivalence exacte affirmée.
,,829,461,,partial,NACE_2.1 → NACE_2.0 ; closeMatch ; source=eurostat-nace21. Validation métier requise ; aucune équivalence exacte affirmée.
,,4611,4611,,partial,NACE_2.1 → NACE_2.0 ; closeMatch ; source=eurostat-nace21. Validation métier requise ; aucune équivalence exacte affirmée.
,,8299,4611,,partial,NACE_2.1 → NACE_2.0 ; closeMatch ; source=eurostat-nace21. Validation métier requise ; aucune équivalence exacte affirmée.
,,4612,4612,,partial,NACE_2.1 → NACE_2.0 ; closeMatch ; source=eurostat-nace21. Validation métier requise ; aucune équivalence exacte affirmée.
,,8299,4612,,partial,NACE_2.1 → NACE_2.0 ; closeMatch ; source=eurostat-nace21. Validation métier requise ; aucune équivalence exacte affirmée.
,,4613,4613,,partial,NACE_2.1 → NACE_2.0 ; closeMatch ; source=eurostat-nace21. Validation métier requise ; aucune équivalence exacte affirmée.
,,8299,4613,,partial,NACE_2.1 → NACE_2.0 ; closeMatch ; source=eurostat-nace21. Validation métier requise ; aucune équivalence exacte affirmée.
,,4614,4614,,partial,NACE_2.1 → NACE_2.0 ; closeMatch ; source=eurostat-nace21. Validation métier requise ; aucune équivalence exacte affirmée.
,,8299,4614,,partial,NACE_2.1 → NACE_2.0 ; closeMatch ; source=eurostat-nace21. Validation métier requise ; aucune équivalence exacte affirmée.
,,4615,4615,,partial,NACE_2.1 → NACE_2.0 ; closeMatch ; source=eurostat-nace21. Validation métier requise ; aucune équivalence exacte affirmée.
,,8299,4615,,partial,NACE_2.1 → NACE_2.0 ; closeMatch ; source=eurostat-nace21. Validation métier requise ; aucune équivalence exacte affirmée.
,,4616,4616,,partial,NACE_2.1 → NACE_2.0 ; closeMatch ; source=eurostat-nace21. Validation métier requise ; aucune équivalence exacte affirmée.
,,8299,4616,,partial,NACE_2.1 → NACE_2.0 ; closeMatch ; source=eurostat-nace21. Validation métier requise ; aucune équivalence exacte affirmée.
,,4617,4617,,partial,NACE_2.1 → NACE_2.0 ; closeMatch ; source=eurostat-nace21. Validation métier requise ; aucune équivalence exacte affirmée.
,,8299,4617,,partial,NACE_2.1 → NACE_2.0 ; closeMatch ; source=eurostat-nace21. Validation métier requise ; aucune équivalence exacte affirmée.
,,4511,4618,,partial,NACE_2.1 → NACE_2.0 ; closeMatch ; source=eurostat-nace21. Validation métier requise ; aucune équivalence exacte affirmée.
,,4519,4618,,partial,NACE_2.1 → NACE_2.0 ; closeMatch ; source=eurostat-nace21. Validation métier requise ; aucune équivalence exacte affirmée.
,,4531,4618,,partial,NACE_2.1 → NACE_2.0 ; closeMatch ; source=eurostat-nace21. Validation métier requise ; aucune équivalence exacte affirmée.
,,4540,4618,,partial,NACE_2.1 → NACE_2.0 ; closeMatch ; source=eurostat-nace21. Validation métier requise ; aucune équivalence exacte affirmée.
,,4618,4618,,partial,NACE_2.1 → NACE_2.0 ; closeMatch ; source=eurostat-nace21. Validation métier requise ; aucune équivalence exacte affirmée.
,,8299,4618,,partial,NACE_2.1 → NACE_2.0 ; closeMatch ; source=eurostat-nace21. Validation métier requise ; aucune équivalence exacte affirmée.
,,4619,4619,,partial,NACE_2.1 → NACE_2.0 ; closeMatch ; source=eurostat-nace21. Validation métier requise ; aucune équivalence exacte affirmée.
,,8299,4619,,partial,NACE_2.1 → NACE_2.0 ; closeMatch ; source=eurostat-nace21. Validation métier requise ; aucune équivalence exacte affirmée.
,,462,462,,partial,NACE_2.1 → NACE_2.0 ; closeMatch ; source=eurostat-nace21. Validation métier requise ; aucune équivalence exacte affirmée.
,,4621,4621,,partial,NACE_2.1 → NACE_2.0 ; closeMatch ; source=eurostat-nace21. Validation métier requise ; aucune équivalence exacte affirmée.
,,4622,4622,,partial,NACE_2.1 → NACE_2.0 ; closeMatch ; source=eurostat-nace21. Validation métier requise ; aucune équivalence exacte affirmée.
,,4623,4623,,partial,NACE_2.1 → NACE_2.0 ; closeMatch ; source=eurostat-nace21. Validation métier requise ; aucune équivalence exacte affirmée.
,,4624,4624,,partial,NACE_2.1 → NACE_2.0 ; closeMatch ; source=eurostat-nace21. Validation métier requise ; aucune équivalence exacte affirmée.
,,463,463,,partial,NACE_2.1 → NACE_2.0 ; closeMatch ; source=eurostat-nace21. Validation métier requise ; aucune équivalence exacte affirmée.
,,4631,4631,,partial,NACE_2.1 → NACE_2.0 ; closeMatch ; source=eurostat-nace21. Validation métier requise ; aucune équivalence exacte affirmée.
,,4632,4632,,partial,NACE_2.1 → NACE_2.0 ; closeMatch ; source=eurostat-nace21. Validation métier requise ; aucune équivalence exacte affirmée.
,,4638,4632,,partial,NACE_2.1 → NACE_2.0 ; closeMatch ; source=eurostat-nace21. Validation métier requise ; aucune équivalence exacte affirmée.
,,4633,4633,,partial,NACE_2.1 → NACE_2.0 ; closeMatch ; source=eurostat-nace21. Validation métier requise ; aucune équivalence exacte affirmée.
,,4634,4634,,partial,NACE_2.1 → NACE_2.0 ; closeMatch ; source=eurostat-nace21. Validation métier requise ; aucune équivalence exacte affirmée.
,,4635,4635,,partial,NACE_2.1 → NACE_2.0 ; closeMatch ; source=eurostat-nace21. Validation métier requise ; aucune équivalence exacte affirmée.
,,4636,4636,,partial,NACE_2.1 → NACE_2.0 ; closeMatch ; source=eurostat-nace21. Validation métier requise ; aucune équivalence exacte affirmée.
,,4637,4637,,partial,NACE_2.1 → NACE_2.0 ; closeMatch ; source=eurostat-nace21. Validation métier requise ; aucune équivalence exacte affirmée.
,,4638,4638,,partial,NACE_2.1 → NACE_2.0 ; closeMatch ; source=eurostat-nace21. Validation métier requise ; aucune équivalence exacte affirmée.
,,4639,4639,,partial,NACE_2.1 → NACE_2.0 ; closeMatch ; source=eurostat-nace21. Validation métier requise ; aucune équivalence exacte affirmée.
,,464,464,,partial,NACE_2.1 → NACE_2.0 ; closeMatch ; source=eurostat-nace21. Validation métier requise ; aucune équivalence exacte affirmée.
,,466,464,,partial,NACE_2.1 → NACE_2.0 ; closeMatch ; source=eurostat-nace21. Validation métier requise ; aucune équivalence exacte affirmée.
,,4641,4641,,partial,NACE_2.1 → NACE_2.0 ; closeMatch ; source=eurostat-nace21. Validation métier requise ; aucune équivalence exacte affirmée.
,,4642,4642,,partial,NACE_2.1 → NACE_2.0 ; closeMatch ; source=eurostat-nace21. Validation métier requise ; aucune équivalence exacte affirmée.
,,4643,4643,,partial,NACE_2.1 → NACE_2.0 ; closeMatch ; source=eurostat-nace21. Validation métier requise ; aucune équivalence exacte affirmée.
,,4644,4644,,partial,NACE_2.1 → NACE_2.0 ; closeMatch ; source=eurostat-nace21. Validation métier requise ; aucune équivalence exacte affirmée.
,,4645,4645,,partial,NACE_2.1 → NACE_2.0 ; closeMatch ; source=eurostat-nace21. Validation métier requise ; aucune équivalence exacte affirmée.
,,4646,4646,,partial,NACE_2.1 → NACE_2.0 ; closeMatch ; source=eurostat-nace21. Validation métier requise ; aucune équivalence exacte affirmée.
,,4647,4647,,partial,NACE_2.1 → NACE_2.0 ; closeMatch ; source=eurostat-nace21. Validation métier requise ; aucune équivalence exacte affirmée.
,,4665,4647,,partial,NACE_2.1 → NACE_2.0 ; closeMatch ; source=eurostat-nace21. Validation métier requise ; aucune équivalence exacte affirmée.
,,4648,4648,,partial,NACE_2.1 → NACE_2.0 ; closeMatch ; source=eurostat-nace21. Validation métier requise ; aucune équivalence exacte affirmée.
,,4643,4649,,partial,NACE_2.1 → NACE_2.0 ; closeMatch ; source=eurostat-nace21. Validation métier requise ; aucune équivalence exacte affirmée.
,,4649,4649,,partial,NACE_2.1 → NACE_2.0 ; closeMatch ; source=eurostat-nace21. Validation métier requise ; aucune équivalence exacte affirmée.
,,465,465,,partial,NACE_2.1 → NACE_2.0 ; closeMatch ; source=eurostat-nace21. Validation métier requise ; aucune équivalence exacte affirmée.
,,466,465,,partial,NACE_2.1 → NACE_2.0 ; closeMatch ; source=eurostat-nace21. Validation métier requise ; aucune équivalence exacte affirmée.
,,4651,4650,,partial,NACE_2.1 → NACE_2.0 ; closeMatch ; source=eurostat-nace21. Validation métier requise ; aucune équivalence exacte affirmée.
,,4652,4650,,partial,NACE_2.1 → NACE_2.0 ; closeMatch ; source=eurostat-nace21. Validation métier requise ; aucune équivalence exacte affirmée.
,,4666,4650,,partial,NACE_2.1 → NACE_2.0 ; closeMatch ; source=eurostat-nace21. Validation métier requise ; aucune équivalence exacte affirmée.
,,464,466,,partial,NACE_2.1 → NACE_2.0 ; closeMatch ; source=eurostat-nace21. Validation métier requise ; aucune équivalence exacte affirmée.
,,466,466,,partial,NACE_2.1 → NACE_2.0 ; closeMatch ; source=eurostat-nace21. Validation métier requise ; aucune équivalence exacte affirmée.
,,4661,4661,,partial,NACE_2.1 → NACE_2.0 ; closeMatch ; source=eurostat-nace21. Validation métier requise ; aucune équivalence exacte affirmée.
,,4662,4662,,partial,NACE_2.1 → NACE_2.0 ; closeMatch ; source=eurostat-nace21. Validation métier requise ; aucune équivalence exacte affirmée.
,,4663,4663,,partial,NACE_2.1 → NACE_2.0 ; closeMatch ; source=eurostat-nace21. Validation métier requise ; aucune équivalence exacte affirmée.
,,4643,4664,,partial,NACE_2.1 → NACE_2.0 ; closeMatch ; source=eurostat-nace21. Validation métier requise ; aucune équivalence exacte affirmée.
,,4664,4664,,partial,NACE_2.1 → NACE_2.0 ; closeMatch ; source=eurostat-nace21. Validation métier requise ; aucune équivalence exacte affirmée.
,,4669,4664,,partial,NACE_2.1 → NACE_2.0 ; closeMatch ; source=eurostat-nace21. Validation métier requise ; aucune équivalence exacte affirmée.
,,451,467,,partial,NACE_2.1 → NACE_2.0 ; closeMatch ; source=eurostat-nace21. Validation métier requise ; aucune équivalence exacte affirmée.
,,453,467,,partial,NACE_2.1 → NACE_2.0 ; closeMatch ; source=eurostat-nace21. Validation métier requise ; aucune équivalence exacte affirmée.
,,454,467,,partial,NACE_2.1 → NACE_2.0 ; closeMatch ; source=eurostat-nace21. Validation métier requise ; aucune équivalence exacte affirmée.
,,4511,4671,,partial,NACE_2.1 → NACE_2.0 ; closeMatch ; source=eurostat-nace21. Validation métier requise ; aucune équivalence exacte affirmée.
,,4519,4671,,partial,NACE_2.1 → NACE_2.0 ; closeMatch ; source=eurostat-nace21. Validation métier requise ; aucune équivalence exacte affirmée.
,,4531,4672,,partial,NACE_2.1 → NACE_2.0 ; closeMatch ; source=eurostat-nace21. Validation métier requise ; aucune équivalence exacte affirmée.
,,4540,4673,,partial,NACE_2.1 → NACE_2.0 ; closeMatch ; source=eurostat-nace21. Validation métier requise ; aucune équivalence exacte affirmée.
,,467,468,,partial,NACE_2.1 → NACE_2.0 ; closeMatch ; source=eurostat-nace21. Validation métier requise ; aucune équivalence exacte affirmée.
,,4671,4681,,partial,NACE_2.1 → NACE_2.0 ; closeMatch ; source=eurostat-nace21. Validation métier requise ; aucune équivalence exacte affirmée.
,,4672,4682,,partial,NACE_2.1 → NACE_2.0 ; closeMatch ; source=eurostat-nace21. Validation métier requise ; aucune équivalence exacte affirmée.
,,4673,4683,,partial,NACE_2.1 → NACE_2.0 ; closeMatch ; source=eurostat-nace21. Validation métier requise ; aucune équivalence exacte affirmée.
,,4674,4684,,partial,NACE_2.1 → NACE_2.0 ; closeMatch ; source=eurostat-nace21. Validation métier requise ; aucune équivalence exacte affirmée.
,,4675,4685,,partial,NACE_2.1 → NACE_2.0 ; closeMatch ; source=eurostat-nace21. Validation métier requise ; aucune équivalence exacte affirmée.
,,4676,4686,,partial,NACE_2.1 → NACE_2.0 ; closeMatch ; source=eurostat-nace21. Validation métier requise ; aucune équivalence exacte affirmée.
,,4677,4687,,partial,NACE_2.1 → NACE_2.0 ; closeMatch ; source=eurostat-nace21. Validation métier requise ; aucune équivalence exacte affirmée.
,,469,469,,partial,NACE_2.1 → NACE_2.0 ; closeMatch ; source=eurostat-nace21. Validation métier requise ; aucune équivalence exacte affirmée.
,,4690,4690,,partial,NACE_2.1 → NACE_2.0 ; closeMatch ; source=eurostat-nace21. Validation métier requise ; aucune équivalence exacte affirmée.
,,45,47,,partial,NACE_2.1 → NACE_2.0 ; closeMatch ; source=eurostat-nace21. Validation métier requise ; aucune équivalence exacte affirmée.
,,47,47,,partial,NACE_2.1 → NACE_2.0 ; closeMatch ; source=eurostat-nace21. Validation métier requise ; aucune équivalence exacte affirmée.
,,82,47,,partial,NACE_2.1 → NACE_2.0 ; closeMatch ; source=eurostat-nace21. Validation métier requise ; aucune équivalence exacte affirmée.
,,471,471,,partial,NACE_2.1 → NACE_2.0 ; closeMatch ; source=eurostat-nace21. Validation métier requise ; aucune équivalence exacte affirmée.
,,478,471,,partial,NACE_2.1 → NACE_2.0 ; closeMatch ; source=eurostat-nace21. Validation métier requise ; aucune équivalence exacte affirmée.
,,479,471,,partial,NACE_2.1 → NACE_2.0 ; closeMatch ; source=eurostat-nace21. Validation métier requise ; aucune équivalence exacte affirmée.
,,4711,4711,,partial,NACE_2.1 → NACE_2.0 ; closeMatch ; source=eurostat-nace21. Validation métier requise ; aucune équivalence exacte affirmée.
,,4781,4711,,partial,NACE_2.1 → NACE_2.0 ; closeMatch ; source=eurostat-nace21. Validation métier requise ; aucune équivalence exacte affirmée.
,,4791,4711,,partial,NACE_2.1 → NACE_2.0 ; closeMatch ; source=eurostat-nace21. Validation métier requise ; aucune équivalence exacte affirmée.
,,4799,4711,,partial,NACE_2.1 → NACE_2.0 ; closeMatch ; source=eurostat-nace21. Validation métier requise ; aucune équivalence exacte affirmée.
,,4719,4712,,partial,NACE_2.1 → NACE_2.0 ; closeMatch ; source=eurostat-nace21. Validation métier requise ; aucune équivalence exacte affirmée.
,,4782,4712,,partial,NACE_2.1 → NACE_2.0 ; closeMatch ; source=eurostat-nace21. Validation métier requise ; aucune équivalence exacte affirmée.
,,4789,4712,,partial,NACE_2.1 → NACE_2.0 ; closeMatch ; source=eurostat-nace21. Validation métier requise ; aucune équivalence exacte affirmée.
,,4791,4712,,partial,NACE_2.1 → NACE_2.0 ; closeMatch ; source=eurostat-nace21. Validation métier requise ; aucune équivalence exacte affirmée.
,,4799,4712,,partial,NACE_2.1 → NACE_2.0 ; closeMatch ; source=eurostat-nace21. Validation métier requise ; aucune équivalence exacte affirmée.
,,472,472,,partial,NACE_2.1 → NACE_2.0 ; closeMatch ; source=eurostat-nace21. Validation métier requise ; aucune équivalence exacte affirmée.
,,478,472,,partial,NACE_2.1 → NACE_2.0 ; closeMatch ; source=eurostat-nace21. Validation métier requise ; aucune équivalence exacte affirmée.
,,479,472,,partial,NACE_2.1 → NACE_2.0 ; closeMatch ; source=eurostat-nace21. Validation métier requise ; aucune équivalence exacte affirmée.
,,4721,4721,,partial,NACE_2.1 → NACE_2.0 ; closeMatch ; source=eurostat-nace21. Validation métier requise ; aucune équivalence exacte affirmée.
,,4781,4721,,partial,NACE_2.1 → NACE_2.0 ; closeMatch ; source=eurostat-nace21. Validation métier requise ; aucune équivalence exacte affirmée.
,,4791,4721,,partial,NACE_2.1 → NACE_2.0 ; closeMatch ; source=eurostat-nace21. Validation métier requise ; aucune équivalence exacte affirmée.
,,4799,4721,,partial,NACE_2.1 → NACE_2.0 ; closeMatch ; source=eurostat-nace21. Validation métier requise ; aucune équivalence exacte affirmée.
,,4722,4722,,partial,NACE_2.1 → NACE_2.0 ; closeMatch ; source=eurostat-nace21. Validation métier requise ; aucune équivalence exacte affirmée.
,,4781,4722,,partial,NACE_2.1 → NACE_2.0 ; closeMatch ; source=eurostat-nace21. Validation métier requise ; aucune équivalence exacte affirmée.
,,4791,4722,,partial,NACE_2.1 → NACE_2.0 ; closeMatch ; source=eurostat-nace21. Validation métier requise ; aucune équivalence exacte affirmée.
,,4799,4722,,partial,NACE_2.1 → NACE_2.0 ; closeMatch ; source=eurostat-nace21. Validation métier requise ; aucune équivalence exacte affirmée.
,,4723,4723,,partial,NACE_2.1 → NACE_2.0 ; closeMatch ; source=eurostat-nace21. Validation métier requise ; aucune équivalence exacte affirmée.
,,4781,4723,,partial,NACE_2.1 → NACE_2.0 ; closeMatch ; source=eurostat-nace21. Validation métier requise ; aucune équivalence exacte affirmée.
,,4791,4723,,partial,NACE_2.1 → NACE_2.0 ; closeMatch ; source=eurostat-nace21. Validation métier requise ; aucune équivalence exacte affirmée.
,,4799,4723,,partial,NACE_2.1 → NACE_2.0 ; closeMatch ; source=eurostat-nace21. Validation métier requise ; aucune équivalence exacte affirmée.
,,4724,4724,,partial,NACE_2.1 → NACE_2.0 ; closeMatch ; source=eurostat-nace21. Validation métier requise ; aucune équivalence exacte affirmée.
,,4781,4724,,partial,NACE_2.1 → NACE_2.0 ; closeMatch ; source=eurostat-nace21. Validation métier requise ; aucune équivalence exacte affirmée.
,,4791,4724,,partial,NACE_2.1 → NACE_2.0 ; closeMatch ; source=eurostat-nace21. Validation métier requise ; aucune équivalence exacte affirmée.
,,4799,4724,,partial,NACE_2.1 → NACE_2.0 ; closeMatch ; source=eurostat-nace21. Validation métier requise ; aucune équivalence exacte affirmée.
,,4725,4725,,partial,NACE_2.1 → NACE_2.0 ; closeMatch ; source=eurostat-nace21. Validation métier requise ; aucune équivalence exacte affirmée.
,,4781,4725,,partial,NACE_2.1 → NACE_2.0 ; closeMatch ; source=eurostat-nace21. Validation métier requise ; aucune équivalence exacte affirmée.
,,4791,4725,,partial,NACE_2.1 → NACE_2.0 ; closeMatch ; source=eurostat-nace21. Validation métier requise ; aucune équivalence exacte affirmée.
,,4799,4725,,partial,NACE_2.1 → NACE_2.0 ; closeMatch ; source=eurostat-nace21. Validation métier requise ; aucune équivalence exacte affirmée.
,,4726,4726,,partial,NACE_2.1 → NACE_2.0 ; closeMatch ; source=eurostat-nace21. Validation métier requise ; aucune équivalence exacte affirmée.
,,4781,4726,,partial,NACE_2.1 → NACE_2.0 ; closeMatch ; source=eurostat-nace21. Validation métier requise ; aucune équivalence exacte affirmée.
,,4791,4726,,partial,NACE_2.1 → NACE_2.0 ; closeMatch ; source=eurostat-nace21. Validation métier requise ; aucune équivalence exacte affirmée.
,,4799,4726,,partial,NACE_2.1 → NACE_2.0 ; closeMatch ; source=eurostat-nace21. Validation métier requise ; aucune équivalence exacte affirmée.
,,4729,4727,,partial,NACE_2.1 → NACE_2.0 ; closeMatch ; source=eurostat-nace21. Validation métier requise ; aucune équivalence exacte affirmée.
,,4781,4727,,partial,NACE_2.1 → NACE_2.0 ; closeMatch ; source=eurostat-nace21. Validation métier requise ; aucune équivalence exacte affirmée.
,,4791,4727,,partial,NACE_2.1 → NACE_2.0 ; closeMatch ; source=eurostat-nace21. Validation métier requise ; aucune équivalence exacte affirmée.
,,4799,4727,,partial,NACE_2.1 → NACE_2.0 ; closeMatch ; source=eurostat-nace21. Validation métier requise ; aucune équivalence exacte affirmée.
,,473,473,,partial,NACE_2.1 → NACE_2.0 ; closeMatch ; source=eurostat-nace21. Validation métier requise ; aucune équivalence exacte affirmée.
,,4730,4730,,partial,NACE_2.1 → NACE_2.0 ; closeMatch ; source=eurostat-nace21. Validation métier requise ; aucune équivalence exacte affirmée.
,,474,474,,partial,NACE_2.1 → NACE_2.0 ; closeMatch ; source=eurostat-nace21. Validation métier requise ; aucune équivalence exacte affirmée.
,,478,474,,partial,NACE_2.1 → NACE_2.0 ; closeMatch ; source=eurostat-nace21. Validation métier requise ; aucune équivalence exacte affirmée.
,,479,474,,partial,NACE_2.1 → NACE_2.0 ; closeMatch ; source=eurostat-nace21. Validation métier requise ; aucune équivalence exacte affirmée.
,,4741,4740,,partial,NACE_2.1 → NACE_2.0 ; closeMatch ; source=eurostat-nace21. Validation métier requise ; aucune équivalence exacte affirmée.
,,4742,4740,,partial,NACE_2.1 → NACE_2.0 ; closeMatch ; source=eurostat-nace21. Validation métier requise ; aucune équivalence exacte affirmée.
,,4743,4740,,partial,NACE_2.1 → NACE_2.0 ; closeMatch ; source=eurostat-nace21. Validation métier requise ; aucune équivalence exacte affirmée.
,,4789,4740,,partial,NACE_2.1 → NACE_2.0 ; closeMatch ; source=eurostat-nace21. Validation métier requise ; aucune équivalence exacte affirmée.
,,4791,4740,,partial,NACE_2.1 → NACE_2.0 ; closeMatch ; source=eurostat-nace21. Validation métier requise ; aucune équivalence exacte affirmée.
,,4799,4740,,partial,NACE_2.1 → NACE_2.0 ; closeMatch ; source=eurostat-nace21. Validation métier requise ; aucune équivalence exacte affirmée.
,,475,475,,partial,NACE_2.1 → NACE_2.0 ; closeMatch ; source=eurostat-nace21. Validation métier requise ; aucune équivalence exacte affirmée.
,,477,475,,partial,NACE_2.1 → NACE_2.0 ; closeMatch ; source=eurostat-nace21. Validation métier requise ; aucune équivalence exacte affirmée.
,,478,475,,partial,NACE_2.1 → NACE_2.0 ; closeMatch ; source=eurostat-nace21. Validation métier requise ; aucune équivalence exacte affirmée.
,,479,475,,partial,NACE_2.1 → NACE_2.0 ; closeMatch ; source=eurostat-nace21. Validation métier requise ; aucune équivalence exacte affirmée.
,,4751,4751,,partial,NACE_2.1 → NACE_2.0 ; closeMatch ; source=eurostat-nace21. Validation métier requise ; aucune équivalence exacte affirmée.
,,4782,4751,,partial,NACE_2.1 → NACE_2.0 ; closeMatch ; source=eurostat-nace21. Validation métier requise ; aucune équivalence exacte affirmée.
,,4791,4751,,partial,NACE_2.1 → NACE_2.0 ; closeMatch ; source=eurostat-nace21. Validation métier requise ; aucune équivalence exacte affirmée.
,,4799,4751,,partial,NACE_2.1 → NACE_2.0 ; closeMatch ; source=eurostat-nace21. Validation métier requise ; aucune équivalence exacte affirmée.
,,4752,4752,,partial,NACE_2.1 → NACE_2.0 ; closeMatch ; source=eurostat-nace21. Validation métier requise ; aucune équivalence exacte affirmée.
,,4759,4752,,partial,NACE_2.1 → NACE_2.0 ; closeMatch ; source=eurostat-nace21. Validation métier requise ; aucune équivalence exacte affirmée.
,,4789,4752,,partial,NACE_2.1 → NACE_2.0 ; closeMatch ; source=eurostat-nace21. Validation métier requise ; aucune équivalence exacte affirmée.
,,4791,4752,,partial,NACE_2.1 → NACE_2.0 ; closeMatch ; source=eurostat-nace21. Validation métier requise ; aucune équivalence exacte affirmée.
,,4799,4752,,partial,NACE_2.1 → NACE_2.0 ; closeMatch ; source=eurostat-nace21. Validation métier requise ; aucune équivalence exacte affirmée.
,,4753,4753,,partial,NACE_2.1 → NACE_2.0 ; closeMatch ; source=eurostat-nace21. Validation métier requise ; aucune équivalence exacte affirmée.
,,4789,4753,,partial,NACE_2.1 → NACE_2.0 ; closeMatch ; source=eurostat-nace21. Validation métier requise ; aucune équivalence exacte affirmée.
,,4791,4753,,partial,NACE_2.1 → NACE_2.0 ; closeMatch ; source=eurostat-nace21. Validation métier requise ; aucune équivalence exacte affirmée.
,,4799,4753,,partial,NACE_2.1 → NACE_2.0 ; closeMatch ; source=eurostat-nace21. Validation métier requise ; aucune équivalence exacte affirmée.
,,4754,4754,,partial,NACE_2.1 → NACE_2.0 ; closeMatch ; source=eurostat-nace21. Validation métier requise ; aucune équivalence exacte affirmée.
,,4789,4754,,partial,NACE_2.1 → NACE_2.0 ; closeMatch ; source=eurostat-nace21. Validation métier requise ; aucune équivalence exacte affirmée.
,,4791,4754,,partial,NACE_2.1 → NACE_2.0 ; closeMatch ; source=eurostat-nace21. Validation métier requise ; aucune équivalence exacte affirmée.
,,4799,4754,,partial,NACE_2.1 → NACE_2.0 ; closeMatch ; source=eurostat-nace21. Validation métier requise ; aucune équivalence exacte affirmée.
,,4759,4755,,partial,NACE_2.1 → NACE_2.0 ; closeMatch ; source=eurostat-nace21. Validation métier requise ; aucune équivalence exacte affirmée.
,,4778,4755,,partial,NACE_2.1 → NACE_2.0 ; closeMatch ; source=eurostat-nace21. Validation métier requise ; aucune équivalence exacte affirmée.
,,4789,4755,,partial,NACE_2.1 → NACE_2.0 ; closeMatch ; source=eurostat-nace21. Validation métier requise ; aucune équivalence exacte affirmée.
,,4791,4755,,partial,NACE_2.1 → NACE_2.0 ; closeMatch ; source=eurostat-nace21. Validation métier requise ; aucune équivalence exacte affirmée.
,,4799,4755,,partial,NACE_2.1 → NACE_2.0 ; closeMatch ; source=eurostat-nace21. Validation métier requise ; aucune équivalence exacte affirmée.
,,475,476,,partial,NACE_2.1 → NACE_2.0 ; closeMatch ; source=eurostat-nace21. Validation métier requise ; aucune équivalence exacte affirmée.
,,476,476,,partial,NACE_2.1 → NACE_2.0 ; closeMatch ; source=eurostat-nace21. Validation métier requise ; aucune équivalence exacte affirmée.
,,477,476,,partial,NACE_2.1 → NACE_2.0 ; closeMatch ; source=eurostat-nace21. Validation métier requise ; aucune équivalence exacte affirmée.
,,478,476,,partial,NACE_2.1 → NACE_2.0 ; closeMatch ; source=eurostat-nace21. Validation métier requise ; aucune équivalence exacte affirmée.
,,479,476,,partial,NACE_2.1 → NACE_2.0 ; closeMatch ; source=eurostat-nace21. Validation métier requise ; aucune équivalence exacte affirmée.
,,4761,4761,,partial,NACE_2.1 → NACE_2.0 ; closeMatch ; source=eurostat-nace21. Validation métier requise ; aucune équivalence exacte affirmée.
,,4789,4761,,partial,NACE_2.1 → NACE_2.0 ; closeMatch ; source=eurostat-nace21. Validation métier requise ; aucune équivalence exacte affirmée.
,,4791,4761,,partial,NACE_2.1 → NACE_2.0 ; closeMatch ; source=eurostat-nace21. Validation métier requise ; aucune équivalence exacte affirmée.
,,4799,4761,,partial,NACE_2.1 → NACE_2.0 ; closeMatch ; source=eurostat-nace21. Validation métier requise ; aucune équivalence exacte affirmée.
,,4762,4762,,partial,NACE_2.1 → NACE_2.0 ; closeMatch ; source=eurostat-nace21. Validation métier requise ; aucune équivalence exacte affirmée.
,,4789,4762,,partial,NACE_2.1 → NACE_2.0 ; closeMatch ; source=eurostat-nace21. Validation métier requise ; aucune équivalence exacte affirmée.
,,4791,4762,,partial,NACE_2.1 → NACE_2.0 ; closeMatch ; source=eurostat-nace21. Validation métier requise ; aucune équivalence exacte affirmée.
,,4799,4762,,partial,NACE_2.1 → NACE_2.0 ; closeMatch ; source=eurostat-nace21. Validation métier requise ; aucune équivalence exacte affirmée.
,,4764,4763,,partial,NACE_2.1 → NACE_2.0 ; closeMatch ; source=eurostat-nace21. Validation métier requise ; aucune équivalence exacte affirmée.
,,4778,4763,,partial,NACE_2.1 → NACE_2.0 ; closeMatch ; source=eurostat-nace21. Validation métier requise ; aucune équivalence exacte affirmée.
,,4789,4763,,partial,NACE_2.1 → NACE_2.0 ; closeMatch ; source=eurostat-nace21. Validation métier requise ; aucune équivalence exacte affirmée.
,,4791,4763,,partial,NACE_2.1 → NACE_2.0 ; closeMatch ; source=eurostat-nace21. Validation métier requise ; aucune équivalence exacte affirmée.
,,4799,4763,,partial,NACE_2.1 → NACE_2.0 ; closeMatch ; source=eurostat-nace21. Validation métier requise ; aucune équivalence exacte affirmée.
,,4765,4764,,partial,NACE_2.1 → NACE_2.0 ; closeMatch ; source=eurostat-nace21. Validation métier requise ; aucune équivalence exacte affirmée.
,,4789,4764,,partial,NACE_2.1 → NACE_2.0 ; closeMatch ; source=eurostat-nace21. Validation métier requise ; aucune équivalence exacte affirmée.
,,4791,4764,,partial,NACE_2.1 → NACE_2.0 ; closeMatch ; source=eurostat-nace21. Validation métier requise ; aucune équivalence exacte affirmée.
,,4799,4764,,partial,NACE_2.1 → NACE_2.0 ; closeMatch ; source=eurostat-nace21. Validation métier requise ; aucune équivalence exacte affirmée.
,,4759,4769,,partial,NACE_2.1 → NACE_2.0 ; closeMatch ; source=eurostat-nace21. Validation métier requise ; aucune équivalence exacte affirmée.
,,4763,4769,,partial,NACE_2.1 → NACE_2.0 ; closeMatch ; source=eurostat-nace21. Validation métier requise ; aucune équivalence exacte affirmée.
,,4778,4769,,partial,NACE_2.1 → NACE_2.0 ; closeMatch ; source=eurostat-nace21. Validation métier requise ; aucune équivalence exacte affirmée.
,,4789,4769,,partial,NACE_2.1 → NACE_2.0 ; closeMatch ; source=eurostat-nace21. Validation métier requise ; aucune équivalence exacte affirmée.
,,4791,4769,,partial,NACE_2.1 → NACE_2.0 ; closeMatch ; source=eurostat-nace21. Validation métier requise ; aucune équivalence exacte affirmée.
,,4799,4769,,partial,NACE_2.1 → NACE_2.0 ; closeMatch ; source=eurostat-nace21. Validation métier requise ; aucune équivalence exacte affirmée.
,,477,477,,partial,NACE_2.1 → NACE_2.0 ; closeMatch ; source=eurostat-nace21. Validation métier requise ; aucune équivalence exacte affirmée.
,,478,477,,partial,NACE_2.1 → NACE_2.0 ; closeMatch ; source=eurostat-nace21. Validation métier requise ; aucune équivalence exacte affirmée.
,,479,477,,partial,NACE_2.1 → NACE_2.0 ; closeMatch ; source=eurostat-nace21. Validation métier requise ; aucune équivalence exacte affirmée.
,,4771,4771,,partial,NACE_2.1 → NACE_2.0 ; closeMatch ; source=eurostat-nace21. Validation métier requise ; aucune équivalence exacte affirmée.
,,4782,4771,,partial,NACE_2.1 → NACE_2.0 ; closeMatch ; source=eurostat-nace21. Validation métier requise ; aucune équivalence exacte affirmée.
,,4791,4771,,partial,NACE_2.1 → NACE_2.0 ; closeMatch ; source=eurostat-nace21. Validation métier requise ; aucune équivalence exacte affirmée.
,,4799,4771,,partial,NACE_2.1 → NACE_2.0 ; closeMatch ; source=eurostat-nace21. Validation métier requise ; aucune équivalence exacte affirmée.
,,4772,4772,,partial,NACE_2.1 → NACE_2.0 ; closeMatch ; source=eurostat-nace21. Validation métier requise ; aucune équivalence exacte affirmée.
,,4782,4772,,partial,NACE_2.1 → NACE_2.0 ; closeMatch ; source=eurostat-nace21. Validation métier requise ; aucune équivalence exacte affirmée.
,,4791,4772,,partial,NACE_2.1 → NACE_2.0 ; closeMatch ; source=eurostat-nace21. Validation métier requise ; aucune équivalence exacte affirmée.
,,4799,4772,,partial,NACE_2.1 → NACE_2.0 ; closeMatch ; source=eurostat-nace21. Validation métier requise ; aucune équivalence exacte affirmée.
,,4773,4773,,partial,NACE_2.1 → NACE_2.0 ; closeMatch ; source=eurostat-nace21. Validation métier requise ; aucune équivalence exacte affirmée.
,,4791,4773,,partial,NACE_2.1 → NACE_2.0 ; closeMatch ; source=eurostat-nace21. Validation métier requise ; aucune équivalence exacte affirmée.
,,4774,4774,,partial,NACE_2.1 → NACE_2.0 ; closeMatch ; source=eurostat-nace21. Validation métier requise ; aucune équivalence exacte affirmée.
,,4778,4774,,partial,NACE_2.1 → NACE_2.0 ; closeMatch ; source=eurostat-nace21. Validation métier requise ; aucune équivalence exacte affirmée.
,,4789,4774,,partial,NACE_2.1 → NACE_2.0 ; closeMatch ; source=eurostat-nace21. Validation métier requise ; aucune équivalence exacte affirmée.
,,4791,4774,,partial,NACE_2.1 → NACE_2.0 ; closeMatch ; source=eurostat-nace21. Validation métier requise ; aucune équivalence exacte affirmée.
,,4799,4774,,partial,NACE_2.1 → NACE_2.0 ; closeMatch ; source=eurostat-nace21. Validation métier requise ; aucune équivalence exacte affirmée.
,,4775,4775,,partial,NACE_2.1 → NACE_2.0 ; closeMatch ; source=eurostat-nace21. Validation métier requise ; aucune équivalence exacte affirmée.
,,4789,4775,,partial,NACE_2.1 → NACE_2.0 ; closeMatch ; source=eurostat-nace21. Validation métier requise ; aucune équivalence exacte affirmée.
,,4791,4775,,partial,NACE_2.1 → NACE_2.0 ; closeMatch ; source=eurostat-nace21. Validation métier requise ; aucune équivalence exacte affirmée.
,,4799,4775,,partial,NACE_2.1 → NACE_2.0 ; closeMatch ; source=eurostat-nace21. Validation métier requise ; aucune équivalence exacte affirmée.
,,4776,4776,,partial,NACE_2.1 → NACE_2.0 ; closeMatch ; source=eurostat-nace21. Validation métier requise ; aucune équivalence exacte affirmée.
,,4789,4776,,partial,NACE_2.1 → NACE_2.0 ; closeMatch ; source=eurostat-nace21. Validation métier requise ; aucune équivalence exacte affirmée.
,,4791,4776,,partial,NACE_2.1 → NACE_2.0 ; closeMatch ; source=eurostat-nace21. Validation métier requise ; aucune équivalence exacte affirmée.
,,4799,4776,,partial,NACE_2.1 → NACE_2.0 ; closeMatch ; source=eurostat-nace21. Validation métier requise ; aucune équivalence exacte affirmée.
,,4777,4777,,partial,NACE_2.1 → NACE_2.0 ; closeMatch ; source=eurostat-nace21. Validation métier requise ; aucune équivalence exacte affirmée.
,,4789,4777,,partial,NACE_2.1 → NACE_2.0 ; closeMatch ; source=eurostat-nace21. Validation métier requise ; aucune équivalence exacte affirmée.
,,4791,4777,,partial,NACE_2.1 → NACE_2.0 ; closeMatch ; source=eurostat-nace21. Validation métier requise ; aucune équivalence exacte affirmée.
,,4799,4777,,partial,NACE_2.1 → NACE_2.0 ; closeMatch ; source=eurostat-nace21. Validation métier requise ; aucune équivalence exacte affirmée.
,,4778,4778,,partial,NACE_2.1 → NACE_2.0 ; closeMatch ; source=eurostat-nace21. Validation métier requise ; aucune équivalence exacte affirmée.
,,4789,4778,,partial,NACE_2.1 → NACE_2.0 ; closeMatch ; source=eurostat-nace21. Validation métier requise ; aucune équivalence exacte affirmée.
,,4791,4778,,partial,NACE_2.1 → NACE_2.0 ; closeMatch ; source=eurostat-nace21. Validation métier requise ; aucune équivalence exacte affirmée.
,,4799,4778,,partial,NACE_2.1 → NACE_2.0 ; closeMatch ; source=eurostat-nace21. Validation métier requise ; aucune équivalence exacte affirmée.
,,4779,4779,,partial,NACE_2.1 → NACE_2.0 ; closeMatch ; source=eurostat-nace21. Validation métier requise ; aucune équivalence exacte affirmée.
,,4782,4779,,partial,NACE_2.1 → NACE_2.0 ; closeMatch ; source=eurostat-nace21. Validation métier requise ; aucune équivalence exacte affirmée.
,,4789,4779,,partial,NACE_2.1 → NACE_2.0 ; closeMatch ; source=eurostat-nace21. Validation métier requise ; aucune équivalence exacte affirmée.
,,4791,4779,,partial,NACE_2.1 → NACE_2.0 ; closeMatch ; source=eurostat-nace21. Validation métier requise ; aucune équivalence exacte affirmée.
,,4799,4779,,partial,NACE_2.1 → NACE_2.0 ; closeMatch ; source=eurostat-nace21. Validation métier requise ; aucune équivalence exacte affirmée.
,,451,478,,partial,NACE_2.1 → NACE_2.0 ; closeMatch ; source=eurostat-nace21. Validation métier requise ; aucune équivalence exacte affirmée.
,,453,478,,partial,NACE_2.1 → NACE_2.0 ; closeMatch ; source=eurostat-nace21. Validation métier requise ; aucune équivalence exacte affirmée.
,,454,478,,partial,NACE_2.1 → NACE_2.0 ; closeMatch ; source=eurostat-nace21. Validation métier requise ; aucune équivalence exacte affirmée.
,,4511,4781,,partial,NACE_2.1 → NACE_2.0 ; closeMatch ; source=eurostat-nace21. Validation métier requise ; aucune équivalence exacte affirmée.
,,4519,4781,,partial,NACE_2.1 → NACE_2.0 ; closeMatch ; source=eurostat-nace21. Validation métier requise ; aucune équivalence exacte affirmée.
,,4532,4782,,partial,NACE_2.1 → NACE_2.0 ; closeMatch ; source=eurostat-nace21. Validation métier requise ; aucune équivalence exacte affirmée.
,,4540,4783,,partial,NACE_2.1 → NACE_2.0 ; closeMatch ; source=eurostat-nace21. Validation métier requise ; aucune équivalence exacte affirmée.
,,451,479,,partial,NACE_2.1 → NACE_2.0 ; closeMatch ; source=eurostat-nace21. Validation métier requise ; aucune équivalence exacte affirmée.
,,453,479,,partial,NACE_2.1 → NACE_2.0 ; closeMatch ; source=eurostat-nace21. Validation métier requise ; aucune équivalence exacte affirmée.
,,454,479,,partial,NACE_2.1 → NACE_2.0 ; closeMatch ; source=eurostat-nace21. Validation métier requise ; aucune équivalence exacte affirmée.
,,471,479,,partial,NACE_2.1 → NACE_2.0 ; closeMatch ; source=eurostat-nace21. Validation métier requise ; aucune équivalence exacte affirmée.
,,472,479,,partial,NACE_2.1 → NACE_2.0 ; closeMatch ; source=eurostat-nace21. Validation métier requise ; aucune équivalence exacte affirmée.
,,473,479,,partial,NACE_2.1 → NACE_2.0 ; closeMatch ; source=eurostat-nace21. Validation métier requise ; aucune équivalence exacte affirmée.
,,474,479,,partial,NACE_2.1 → NACE_2.0 ; closeMatch ; source=eurostat-nace21. Validation métier requise ; aucune équivalence exacte affirmée.
,,475,479,,partial,NACE_2.1 → NACE_2.0 ; closeMatch ; source=eurostat-nace21. Validation métier requise ; aucune équivalence exacte affirmée.
,,476,479,,partial,NACE_2.1 → NACE_2.0 ; closeMatch ; source=eurostat-nace21. Validation métier requise ; aucune équivalence exacte affirmée.
,,477,479,,partial,NACE_2.1 → NACE_2.0 ; closeMatch ; source=eurostat-nace21. Validation métier requise ; aucune équivalence exacte affirmée.
,,479,479,,partial,NACE_2.1 → NACE_2.0 ; closeMatch ; source=eurostat-nace21. Validation métier requise ; aucune équivalence exacte affirmée.
,,829,479,,partial,NACE_2.1 → NACE_2.0 ; closeMatch ; source=eurostat-nace21. Validation métier requise ; aucune équivalence exacte affirmée.
,,4711,4791,,partial,NACE_2.1 → NACE_2.0 ; closeMatch ; source=eurostat-nace21. Validation métier requise ; aucune équivalence exacte affirmée.
,,4719,4791,,partial,NACE_2.1 → NACE_2.0 ; closeMatch ; source=eurostat-nace21. Validation métier requise ; aucune équivalence exacte affirmée.
,,4779,4791,,partial,NACE_2.1 → NACE_2.0 ; closeMatch ; source=eurostat-nace21. Validation métier requise ; aucune équivalence exacte affirmée.
,,4791,4791,,partial,NACE_2.1 → NACE_2.0 ; closeMatch ; source=eurostat-nace21. Validation métier requise ; aucune équivalence exacte affirmée.
,,4799,4791,,partial,NACE_2.1 → NACE_2.0 ; closeMatch ; source=eurostat-nace21. Validation métier requise ; aucune équivalence exacte affirmée.
,,8299,4791,,partial,NACE_2.1 → NACE_2.0 ; closeMatch ; source=eurostat-nace21. Validation métier requise ; aucune équivalence exacte affirmée.
,,4511,4792,,partial,NACE_2.1 → NACE_2.0 ; closeMatch ; source=eurostat-nace21. Validation métier requise ; aucune équivalence exacte affirmée.
,,4519,4792,,partial,NACE_2.1 → NACE_2.0 ; closeMatch ; source=eurostat-nace21. Validation métier requise ; aucune équivalence exacte affirmée.
,,4532,4792,,partial,NACE_2.1 → NACE_2.0 ; closeMatch ; source=eurostat-nace21. Validation métier requise ; aucune équivalence exacte affirmée.
,,4540,4792,,partial,NACE_2.1 → NACE_2.0 ; closeMatch ; source=eurostat-nace21. Validation métier requise ; aucune équivalence exacte affirmée.
,,4721,4792,,partial,NACE_2.1 → NACE_2.0 ; closeMatch ; source=eurostat-nace21. Validation métier requise ; aucune équivalence exacte affirmée.
,,4722,4792,,partial,NACE_2.1 → NACE_2.0 ; closeMatch ; source=eurostat-nace21. Validation métier requise ; aucune équivalence exacte affirmée.
,,4723,4792,,partial,NACE_2.1 → NACE_2.0 ; closeMatch ; source=eurostat-nace21. Validation métier requise ; aucune équivalence exacte affirmée.
,,4724,4792,,partial,NACE_2.1 → NACE_2.0 ; closeMatch ; source=eurostat-nace21. Validation métier requise ; aucune équivalence exacte affirmée.
,,4725,4792,,partial,NACE_2.1 → NACE_2.0 ; closeMatch ; source=eurostat-nace21. Validation métier requise ; aucune équivalence exacte affirmée.
,,4726,4792,,partial,NACE_2.1 → NACE_2.0 ; closeMatch ; source=eurostat-nace21. Validation métier requise ; aucune équivalence exacte affirmée.
,,4729,4792,,partial,NACE_2.1 → NACE_2.0 ; closeMatch ; source=eurostat-nace21. Validation métier requise ; aucune équivalence exacte affirmée.
,,4730,4792,,partial,NACE_2.1 → NACE_2.0 ; closeMatch ; source=eurostat-nace21. Validation métier requise ; aucune équivalence exacte affirmée.
,,4741,4792,,partial,NACE_2.1 → NACE_2.0 ; closeMatch ; source=eurostat-nace21. Validation métier requise ; aucune équivalence exacte affirmée.
,,4742,4792,,partial,NACE_2.1 → NACE_2.0 ; closeMatch ; source=eurostat-nace21. Validation métier requise ; aucune équivalence exacte affirmée.
,,4743,4792,,partial,NACE_2.1 → NACE_2.0 ; closeMatch ; source=eurostat-nace21. Validation métier requise ; aucune équivalence exacte affirmée.
,,4751,4792,,partial,NACE_2.1 → NACE_2.0 ; closeMatch ; source=eurostat-nace21. Validation métier requise ; aucune équivalence exacte affirmée.
,,4752,4792,,partial,NACE_2.1 → NACE_2.0 ; closeMatch ; source=eurostat-nace21. Validation métier requise ; aucune équivalence exacte affirmée.
,,4753,4792,,partial,NACE_2.1 → NACE_2.0 ; closeMatch ; source=eurostat-nace21. Validation métier requise ; aucune équivalence exacte affirmée.
,,4754,4792,,partial,NACE_2.1 → NACE_2.0 ; closeMatch ; source=eurostat-nace21. Validation métier requise ; aucune équivalence exacte affirmée.
,,4759,4792,,partial,NACE_2.1 → NACE_2.0 ; closeMatch ; source=eurostat-nace21. Validation métier requise ; aucune équivalence exacte affirmée.
,,4761,4792,,partial,NACE_2.1 → NACE_2.0 ; closeMatch ; source=eurostat-nace21. Validation métier requise ; aucune équivalence exacte affirmée.
,,4762,4792,,partial,NACE_2.1 → NACE_2.0 ; closeMatch ; source=eurostat-nace21. Validation métier requise ; aucune équivalence exacte affirmée.
,,4763,4792,,partial,NACE_2.1 → NACE_2.0 ; closeMatch ; source=eurostat-nace21. Validation métier requise ; aucune équivalence exacte affirmée.
,,4764,4792,,partial,NACE_2.1 → NACE_2.0 ; closeMatch ; source=eurostat-nace21. Validation métier requise ; aucune équivalence exacte affirmée.
,,4765,4792,,partial,NACE_2.1 → NACE_2.0 ; closeMatch ; source=eurostat-nace21. Validation métier requise ; aucune équivalence exacte affirmée.
,,4771,4792,,partial,NACE_2.1 → NACE_2.0 ; closeMatch ; source=eurostat-nace21. Validation métier requise ; aucune équivalence exacte affirmée.
,,4772,4792,,partial,NACE_2.1 → NACE_2.0 ; closeMatch ; source=eurostat-nace21. Validation métier requise ; aucune équivalence exacte affirmée.
,,4773,4792,,partial,NACE_2.1 → NACE_2.0 ; closeMatch ; source=eurostat-nace21. Validation métier requise ; aucune équivalence exacte affirmée.
,,4774,4792,,partial,NACE_2.1 → NACE_2.0 ; closeMatch ; source=eurostat-nace21. Validation métier requise ; aucune équivalence exacte affirmée.
,,4775,4792,,partial,NACE_2.1 → NACE_2.0 ; closeMatch ; source=eurostat-nace21. Validation métier requise ; aucune équivalence exacte affirmée.
,,4776,4792,,partial,NACE_2.1 → NACE_2.0 ; closeMatch ; source=eurostat-nace21. Validation métier requise ; aucune équivalence exacte affirmée.
,,4777,4792,,partial,NACE_2.1 → NACE_2.0 ; closeMatch ; source=eurostat-nace21. Validation métier requise ; aucune équivalence exacte affirmée.
,,4778,4792,,partial,NACE_2.1 → NACE_2.0 ; closeMatch ; source=eurostat-nace21. Validation métier requise ; aucune équivalence exacte affirmée.
,,4779,4792,,partial,NACE_2.1 → NACE_2.0 ; closeMatch ; source=eurostat-nace21. Validation métier requise ; aucune équivalence exacte affirmée.
,,4791,4792,,partial,NACE_2.1 → NACE_2.0 ; closeMatch ; source=eurostat-nace21. Validation métier requise ; aucune équivalence exacte affirmée.
,,4799,4792,,partial,NACE_2.1 → NACE_2.0 ; closeMatch ; source=eurostat-nace21. Validation métier requise ; aucune équivalence exacte affirmée.
,,8299,4792,,partial,NACE_2.1 → NACE_2.0 ; closeMatch ; source=eurostat-nace21. Validation métier requise ; aucune équivalence exacte affirmée.
,,49,49,,partial,NACE_2.1 → NACE_2.0 ; closeMatch ; source=eurostat-nace21. Validation métier requise ; aucune équivalence exacte affirmée.
,,491,491,,partial,NACE_2.1 → NACE_2.0 ; closeMatch ; source=eurostat-nace21. Validation métier requise ; aucune équivalence exacte affirmée.
,,493,491,,partial,NACE_2.1 → NACE_2.0 ; closeMatch ; source=eurostat-nace21. Validation métier requise ; aucune équivalence exacte affirmée.
,,4910,4911,,partial,NACE_2.1 → NACE_2.0 ; closeMatch ; source=eurostat-nace21. Validation métier requise ; aucune équivalence exacte affirmée.
,,4910,4912,,partial,NACE_2.1 → NACE_2.0 ; closeMatch ; source=eurostat-nace21. Validation métier requise ; aucune équivalence exacte affirmée.
,,4931,4912,,partial,NACE_2.1 → NACE_2.0 ; closeMatch ; source=eurostat-nace21. Validation métier requise ; aucune équivalence exacte affirmée.
,,492,492,,partial,NACE_2.1 → NACE_2.0 ; closeMatch ; source=eurostat-nace21. Validation métier requise ; aucune équivalence exacte affirmée.
,,4920,4920,,partial,NACE_2.1 → NACE_2.0 ; closeMatch ; source=eurostat-nace21. Validation métier requise ; aucune équivalence exacte affirmée.
,,493,493,,partial,NACE_2.1 → NACE_2.0 ; closeMatch ; source=eurostat-nace21. Validation métier requise ; aucune équivalence exacte affirmée.
,,4931,4931,,partial,NACE_2.1 → NACE_2.0 ; closeMatch ; source=eurostat-nace21. Validation métier requise ; aucune équivalence exacte affirmée.
,,4939,4931,,partial,NACE_2.1 → NACE_2.0 ; closeMatch ; source=eurostat-nace21. Validation métier requise ; aucune équivalence exacte affirmée.
,,4939,4932,,partial,NACE_2.1 → NACE_2.0 ; closeMatch ; source=eurostat-nace21. Validation métier requise ; aucune équivalence exacte affirmée.
,,4932,4933,,partial,NACE_2.1 → NACE_2.0 ; closeMatch ; source=eurostat-nace21. Validation métier requise ; aucune équivalence exacte affirmée.
,,4931,4934,,partial,NACE_2.1 → NACE_2.0 ; closeMatch ; source=eurostat-nace21. Validation métier requise ; aucune équivalence exacte affirmée.
,,4939,4934,,partial,NACE_2.1 → NACE_2.0 ; closeMatch ; source=eurostat-nace21. Validation métier requise ; aucune équivalence exacte affirmée.
,,4939,4939,,partial,NACE_2.1 → NACE_2.0 ; closeMatch ; source=eurostat-nace21. Validation métier requise ; aucune équivalence exacte affirmée.
,,494,494,,partial,NACE_2.1 → NACE_2.0 ; closeMatch ; source=eurostat-nace21. Validation métier requise ; aucune équivalence exacte affirmée.
,,4941,4941,,partial,NACE_2.1 → NACE_2.0 ; closeMatch ; source=eurostat-nace21. Validation métier requise ; aucune équivalence exacte affirmée.
,,4942,4942,,partial,NACE_2.1 → NACE_2.0 ; closeMatch ; source=eurostat-nace21. Validation métier requise ; aucune équivalence exacte affirmée.
,,495,495,,partial,NACE_2.1 → NACE_2.0 ; closeMatch ; source=eurostat-nace21. Validation métier requise ; aucune équivalence exacte affirmée.
,,4950,4950,,partial,NACE_2.1 → NACE_2.0 ; closeMatch ; source=eurostat-nace21. Validation métier requise ; aucune équivalence exacte affirmée.
,,50,50,,partial,NACE_2.1 → NACE_2.0 ; closeMatch ; source=eurostat-nace21. Validation métier requise ; aucune équivalence exacte affirmée.
,,501,501,,partial,NACE_2.1 → NACE_2.0 ; closeMatch ; source=eurostat-nace21. Validation métier requise ; aucune équivalence exacte affirmée.
,,5010,5010,,partial,NACE_2.1 → NACE_2.0 ; closeMatch ; source=eurostat-nace21. Validation métier requise ; aucune équivalence exacte affirmée.
,,502,502,,partial,NACE_2.1 → NACE_2.0 ; closeMatch ; source=eurostat-nace21. Validation métier requise ; aucune équivalence exacte affirmée.
,,5020,5020,,partial,NACE_2.1 → NACE_2.0 ; closeMatch ; source=eurostat-nace21. Validation métier requise ; aucune équivalence exacte affirmée.
,,503,503,,partial,NACE_2.1 → NACE_2.0 ; closeMatch ; source=eurostat-nace21. Validation métier requise ; aucune équivalence exacte affirmée.
,,5030,5030,,partial,NACE_2.1 → NACE_2.0 ; closeMatch ; source=eurostat-nace21. Validation métier requise ; aucune équivalence exacte affirmée.
,,504,504,,partial,NACE_2.1 → NACE_2.0 ; closeMatch ; source=eurostat-nace21. Validation métier requise ; aucune équivalence exacte affirmée.
,,5040,5040,,partial,NACE_2.1 → NACE_2.0 ; closeMatch ; source=eurostat-nace21. Validation métier requise ; aucune équivalence exacte affirmée.
,,51,51,,partial,NACE_2.1 → NACE_2.0 ; closeMatch ; source=eurostat-nace21. Validation métier requise ; aucune équivalence exacte affirmée.
,,511,511,,partial,NACE_2.1 → NACE_2.0 ; closeMatch ; source=eurostat-nace21. Validation métier requise ; aucune équivalence exacte affirmée.
,,5110,5110,,partial,NACE_2.1 → NACE_2.0 ; closeMatch ; source=eurostat-nace21. Validation métier requise ; aucune équivalence exacte affirmée.
,,512,512,,partial,NACE_2.1 → NACE_2.0 ; closeMatch ; source=eurostat-nace21. Validation métier requise ; aucune équivalence exacte affirmée.
,,5121,5121,,partial,NACE_2.1 → NACE_2.0 ; closeMatch ; source=eurostat-nace21. Validation métier requise ; aucune équivalence exacte affirmée.
,,5122,5122,,partial,NACE_2.1 → NACE_2.0 ; closeMatch ; source=eurostat-nace21. Validation métier requise ; aucune équivalence exacte affirmée.
,,49,52,,partial,NACE_2.1 → NACE_2.0 ; closeMatch ; source=eurostat-nace21. Validation métier requise ; aucune équivalence exacte affirmée.
,,52,52,,partial,NACE_2.1 → NACE_2.0 ; closeMatch ; source=eurostat-nace21. Validation métier requise ; aucune équivalence exacte affirmée.
,,79,52,,partial,NACE_2.1 → NACE_2.0 ; closeMatch ; source=eurostat-nace21. Validation métier requise ; aucune équivalence exacte affirmée.
,,521,521,,partial,NACE_2.1 → NACE_2.0 ; closeMatch ; source=eurostat-nace21. Validation métier requise ; aucune équivalence exacte affirmée.
,,5210,5210,,partial,NACE_2.1 → NACE_2.0 ; closeMatch ; source=eurostat-nace21. Validation métier requise ; aucune équivalence exacte affirmée.
,,494,522,,partial,NACE_2.1 → NACE_2.0 ; closeMatch ; source=eurostat-nace21. Validation métier requise ; aucune équivalence exacte affirmée.
,,522,522,,partial,NACE_2.1 → NACE_2.0 ; closeMatch ; source=eurostat-nace21. Validation métier requise ; aucune équivalence exacte affirmée.
,,5221,5221,,partial,NACE_2.1 → NACE_2.0 ; closeMatch ; source=eurostat-nace21. Validation métier requise ; aucune équivalence exacte affirmée.
,,5222,5222,,partial,NACE_2.1 → NACE_2.0 ; closeMatch ; source=eurostat-nace21. Validation métier requise ; aucune équivalence exacte affirmée.
,,5223,5223,,partial,NACE_2.1 → NACE_2.0 ; closeMatch ; source=eurostat-nace21. Validation métier requise ; aucune équivalence exacte affirmée.
,,4941,5224,,partial,NACE_2.1 → NACE_2.0 ; closeMatch ; source=eurostat-nace21. Validation métier requise ; aucune équivalence exacte affirmée.
,,5224,5224,,partial,NACE_2.1 → NACE_2.0 ; closeMatch ; source=eurostat-nace21. Validation métier requise ; aucune équivalence exacte affirmée.
,,5229,5225,,partial,NACE_2.1 → NACE_2.0 ; closeMatch ; source=eurostat-nace21. Validation métier requise ; aucune équivalence exacte affirmée.
,,5229,5226,,partial,NACE_2.1 → NACE_2.0 ; closeMatch ; source=eurostat-nace21. Validation métier requise ; aucune équivalence exacte affirmée.
,,493,523,,partial,NACE_2.1 → NACE_2.0 ; closeMatch ; source=eurostat-nace21. Validation métier requise ; aucune équivalence exacte affirmée.
,,522,523,,partial,NACE_2.1 → NACE_2.0 ; closeMatch ; source=eurostat-nace21. Validation métier requise ; aucune équivalence exacte affirmée.
,,791,523,,partial,NACE_2.1 → NACE_2.0 ; closeMatch ; source=eurostat-nace21. Validation métier requise ; aucune équivalence exacte affirmée.
,,799,523,,partial,NACE_2.1 → NACE_2.0 ; closeMatch ; source=eurostat-nace21. Validation métier requise ; aucune équivalence exacte affirmée.
,,5229,5231,,partial,NACE_2.1 → NACE_2.0 ; closeMatch ; source=eurostat-nace21. Validation métier requise ; aucune équivalence exacte affirmée.
,,4932,5232,,partial,NACE_2.1 → NACE_2.0 ; closeMatch ; source=eurostat-nace21. Validation métier requise ; aucune équivalence exacte affirmée.
,,5229,5232,,partial,NACE_2.1 → NACE_2.0 ; closeMatch ; source=eurostat-nace21. Validation métier requise ; aucune équivalence exacte affirmée.
,,7911,5232,,partial,NACE_2.1 → NACE_2.0 ; closeMatch ; source=eurostat-nace21. Validation métier requise ; aucune équivalence exacte affirmée.
,,7990,5232,,partial,NACE_2.1 → NACE_2.0 ; closeMatch ; source=eurostat-nace21. Validation métier requise ; aucune équivalence exacte affirmée.
,,53,53,,partial,NACE_2.1 → NACE_2.0 ; closeMatch ; source=eurostat-nace21. Validation métier requise ; aucune équivalence exacte affirmée.
,,82,53,,partial,NACE_2.1 → NACE_2.0 ; closeMatch ; source=eurostat-nace21. Validation métier requise ; aucune équivalence exacte affirmée.
,,96,53,,partial,NACE_2.1 → NACE_2.0 ; closeMatch ; source=eurostat-nace21. Validation métier requise ; aucune équivalence exacte affirmée.
,,531,531,,partial,NACE_2.1 → NACE_2.0 ; closeMatch ; source=eurostat-nace21. Validation métier requise ; aucune équivalence exacte affirmée.
,,5310,5310,,partial,NACE_2.1 → NACE_2.0 ; closeMatch ; source=eurostat-nace21. Validation métier requise ; aucune équivalence exacte affirmée.
,,532,532,,partial,NACE_2.1 → NACE_2.0 ; closeMatch ; source=eurostat-nace21. Validation métier requise ; aucune équivalence exacte affirmée.
,,960,532,,partial,NACE_2.1 → NACE_2.0 ; closeMatch ; source=eurostat-nace21. Validation métier requise ; aucune équivalence exacte affirmée.
,,5320,5320,,partial,NACE_2.1 → NACE_2.0 ; closeMatch ; source=eurostat-nace21. Validation métier requise ; aucune équivalence exacte affirmée.
,,9601,5320,,partial,NACE_2.1 → NACE_2.0 ; closeMatch ; source=eurostat-nace21. Validation métier requise ; aucune équivalence exacte affirmée.
,,829,533,,partial,NACE_2.1 → NACE_2.0 ; closeMatch ; source=eurostat-nace21. Validation métier requise ; aucune équivalence exacte affirmée.
,,8299,5330,,partial,NACE_2.1 → NACE_2.0 ; closeMatch ; source=eurostat-nace21. Validation métier requise ; aucune équivalence exacte affirmée.
,,55,55,,partial,NACE_2.1 → NACE_2.0 ; closeMatch ; source=eurostat-nace21. Validation métier requise ; aucune équivalence exacte affirmée.
,,68,55,,partial,NACE_2.1 → NACE_2.0 ; closeMatch ; source=eurostat-nace21. Validation métier requise ; aucune équivalence exacte affirmée.
,,79,55,,partial,NACE_2.1 → NACE_2.0 ; closeMatch ; source=eurostat-nace21. Validation métier requise ; aucune équivalence exacte affirmée.
,,551,551,,partial,NACE_2.1 → NACE_2.0 ; closeMatch ; source=eurostat-nace21. Validation métier requise ; aucune équivalence exacte affirmée.
,,5510,5510,,partial,NACE_2.1 → NACE_2.0 ; closeMatch ; source=eurostat-nace21. Validation métier requise ; aucune équivalence exacte affirmée.
,,552,552,,partial,NACE_2.1 → NACE_2.0 ; closeMatch ; source=eurostat-nace21. Validation métier requise ; aucune équivalence exacte affirmée.
,,5520,5520,,partial,NACE_2.1 → NACE_2.0 ; closeMatch ; source=eurostat-nace21. Validation métier requise ; aucune équivalence exacte affirmée.
,,553,553,,partial,NACE_2.1 → NACE_2.0 ; closeMatch ; source=eurostat-nace21. Validation métier requise ; aucune équivalence exacte affirmée.
,,5530,5530,,partial,NACE_2.1 → NACE_2.0 ; closeMatch ; source=eurostat-nace21. Validation métier requise ; aucune équivalence exacte affirmée.
,,791,554,,partial,NACE_2.1 → NACE_2.0 ; closeMatch ; source=eurostat-nace21. Validation métier requise ; aucune équivalence exacte affirmée.
,,799,554,,partial,NACE_2.1 → NACE_2.0 ; closeMatch ; source=eurostat-nace21. Validation métier requise ; aucune équivalence exacte affirmée.
,,7911,5540,,partial,NACE_2.1 → NACE_2.0 ; closeMatch ; source=eurostat-nace21. Validation métier requise ; aucune équivalence exacte affirmée.
,,7990,5540,,partial,NACE_2.1 → NACE_2.0 ; closeMatch ; source=eurostat-nace21. Validation métier requise ; aucune équivalence exacte affirmée.
,,559,559,,partial,NACE_2.1 → NACE_2.0 ; closeMatch ; source=eurostat-nace21. Validation métier requise ; aucune équivalence exacte affirmée.
,,682,559,,partial,NACE_2.1 → NACE_2.0 ; closeMatch ; source=eurostat-nace21. Validation métier requise ; aucune équivalence exacte affirmée.
,,5590,5590,,partial,NACE_2.1 → NACE_2.0 ; closeMatch ; source=eurostat-nace21. Validation métier requise ; aucune équivalence exacte affirmée.
,,6820,5590,,partial,NACE_2.1 → NACE_2.0 ; closeMatch ; source=eurostat-nace21. Validation métier requise ; aucune équivalence exacte affirmée.
,,56,56,,partial,NACE_2.1 → NACE_2.0 ; closeMatch ; source=eurostat-nace21. Validation métier requise ; aucune équivalence exacte affirmée.
,,79,56,,partial,NACE_2.1 → NACE_2.0 ; closeMatch ; source=eurostat-nace21. Validation métier requise ; aucune équivalence exacte affirmée.
,,561,561,,partial,NACE_2.1 → NACE_2.0 ; closeMatch ; source=eurostat-nace21. Validation métier requise ; aucune équivalence exacte affirmée.
,,5610,5611,,partial,NACE_2.1 → NACE_2.0 ; closeMatch ; source=eurostat-nace21. Validation métier requise ; aucune équivalence exacte affirmée.
,,5610,5612,,partial,NACE_2.1 → NACE_2.0 ; closeMatch ; source=eurostat-nace21. Validation métier requise ; aucune équivalence exacte affirmée.
,,562,562,,partial,NACE_2.1 → NACE_2.0 ; closeMatch ; source=eurostat-nace21. Validation métier requise ; aucune équivalence exacte affirmée.
,,5621,5621,,partial,NACE_2.1 → NACE_2.0 ; closeMatch ; source=eurostat-nace21. Validation métier requise ; aucune équivalence exacte affirmée.
,,5629,5622,,partial,NACE_2.1 → NACE_2.0 ; closeMatch ; source=eurostat-nace21. Validation métier requise ; aucune équivalence exacte affirmée.
,,563,563,,partial,NACE_2.1 → NACE_2.0 ; closeMatch ; source=eurostat-nace21. Validation métier requise ; aucune équivalence exacte affirmée.
,,5630,5630,,partial,NACE_2.1 → NACE_2.0 ; closeMatch ; source=eurostat-nace21. Validation métier requise ; aucune équivalence exacte affirmée.
,,799,564,,partial,NACE_2.1 → NACE_2.0 ; closeMatch ; source=eurostat-nace21. Validation métier requise ; aucune équivalence exacte affirmée.
,,7990,5640,,partial,NACE_2.1 → NACE_2.0 ; closeMatch ; source=eurostat-nace21. Validation métier requise ; aucune équivalence exacte affirmée.
,,58,58,,partial,NACE_2.1 → NACE_2.0 ; closeMatch ; source=eurostat-nace21. Validation métier requise ; aucune équivalence exacte affirmée.
,,581,581,,partial,NACE_2.1 → NACE_2.0 ; closeMatch ; source=eurostat-nace21. Validation métier requise ; aucune équivalence exacte affirmée.
,,5811,5811,,partial,NACE_2.1 → NACE_2.0 ; closeMatch ; source=eurostat-nace21. Validation métier requise ; aucune équivalence exacte affirmée.
,,5813,5812,,partial,NACE_2.1 → NACE_2.0 ; closeMatch ; source=eurostat-nace21. Validation métier requise ; aucune équivalence exacte affirmée.
,,5814,5813,,partial,NACE_2.1 → NACE_2.0 ; closeMatch ; source=eurostat-nace21. Validation métier requise ; aucune équivalence exacte affirmée.
,,5812,5819,,partial,NACE_2.1 → NACE_2.0 ; closeMatch ; source=eurostat-nace21. Validation métier requise ; aucune équivalence exacte affirmée.
,,5819,5819,,partial,NACE_2.1 → NACE_2.0 ; closeMatch ; source=eurostat-nace21. Validation métier requise ; aucune équivalence exacte affirmée.
,,582,582,,partial,NACE_2.1 → NACE_2.0 ; closeMatch ; source=eurostat-nace21. Validation métier requise ; aucune équivalence exacte affirmée.
,,5821,5821,,partial,NACE_2.1 → NACE_2.0 ; closeMatch ; source=eurostat-nace21. Validation métier requise ; aucune équivalence exacte affirmée.
,,5829,5829,,partial,NACE_2.1 → NACE_2.0 ; closeMatch ; source=eurostat-nace21. Validation métier requise ; aucune équivalence exacte affirmée.
,,59,59,,partial,NACE_2.1 → NACE_2.0 ; closeMatch ; source=eurostat-nace21. Validation métier requise ; aucune équivalence exacte affirmée.
,,591,591,,partial,NACE_2.1 → NACE_2.0 ; closeMatch ; source=eurostat-nace21. Validation métier requise ; aucune équivalence exacte affirmée.
,,5911,5911,,partial,NACE_2.1 → NACE_2.0 ; closeMatch ; source=eurostat-nace21. Validation métier requise ; aucune équivalence exacte affirmée.
,,5912,5912,,partial,NACE_2.1 → NACE_2.0 ; closeMatch ; source=eurostat-nace21. Validation métier requise ; aucune équivalence exacte affirmée.
,,5913,5913,,partial,NACE_2.1 → NACE_2.0 ; closeMatch ; source=eurostat-nace21. Validation métier requise ; aucune équivalence exacte affirmée.
,,5914,5914,,partial,NACE_2.1 → NACE_2.0 ; closeMatch ; source=eurostat-nace21. Validation métier requise ; aucune équivalence exacte affirmée.
,,592,592,,partial,NACE_2.1 → NACE_2.0 ; closeMatch ; source=eurostat-nace21. Validation métier requise ; aucune équivalence exacte affirmée.
,,5920,5920,,partial,NACE_2.1 → NACE_2.0 ; closeMatch ; source=eurostat-nace21. Validation métier requise ; aucune équivalence exacte affirmée.
,,47,60,,partial,NACE_2.1 → NACE_2.0 ; closeMatch ; source=eurostat-nace21. Validation métier requise ; aucune équivalence exacte affirmée.
,,60,60,,partial,NACE_2.1 → NACE_2.0 ; closeMatch ; source=eurostat-nace21. Validation métier requise ; aucune équivalence exacte affirmée.
,,63,60,,partial,NACE_2.1 → NACE_2.0 ; closeMatch ; source=eurostat-nace21. Validation métier requise ; aucune équivalence exacte affirmée.
,,601,601,,partial,NACE_2.1 → NACE_2.0 ; closeMatch ; source=eurostat-nace21. Validation métier requise ; aucune équivalence exacte affirmée.
,,6010,6010,,partial,NACE_2.1 → NACE_2.0 ; closeMatch ; source=eurostat-nace21. Validation métier requise ; aucune équivalence exacte affirmée.
,,602,602,,partial,NACE_2.1 → NACE_2.0 ; closeMatch ; source=eurostat-nace21. Validation métier requise ; aucune équivalence exacte affirmée.
,,631,602,,partial,NACE_2.1 → NACE_2.0 ; closeMatch ; source=eurostat-nace21. Validation métier requise ; aucune équivalence exacte affirmée.
,,6020,6020,,partial,NACE_2.1 → NACE_2.0 ; closeMatch ; source=eurostat-nace21. Validation métier requise ; aucune équivalence exacte affirmée.
,,6311,6020,,partial,NACE_2.1 → NACE_2.0 ; closeMatch ; source=eurostat-nace21. Validation métier requise ; aucune équivalence exacte affirmée.
,,479,603,,partial,NACE_2.1 → NACE_2.0 ; closeMatch ; source=eurostat-nace21. Validation métier requise ; aucune équivalence exacte affirmée.
,,631,603,,partial,NACE_2.1 → NACE_2.0 ; closeMatch ; source=eurostat-nace21. Validation métier requise ; aucune équivalence exacte affirmée.
,,639,603,,partial,NACE_2.1 → NACE_2.0 ; closeMatch ; source=eurostat-nace21. Validation métier requise ; aucune équivalence exacte affirmée.
,,6391,6031,,partial,NACE_2.1 → NACE_2.0 ; closeMatch ; source=eurostat-nace21. Validation métier requise ; aucune équivalence exacte affirmée.
,,4791,6039,,partial,NACE_2.1 → NACE_2.0 ; closeMatch ; source=eurostat-nace21. Validation métier requise ; aucune équivalence exacte affirmée.
,,6311,6039,,partial,NACE_2.1 → NACE_2.0 ; closeMatch ; source=eurostat-nace21. Validation métier requise ; aucune équivalence exacte affirmée.
,,6312,6039,,partial,NACE_2.1 → NACE_2.0 ; closeMatch ; source=eurostat-nace21. Validation métier requise ; aucune équivalence exacte affirmée.
,,61,61,,partial,NACE_2.1 → NACE_2.0 ; closeMatch ; source=eurostat-nace21. Validation métier requise ; aucune équivalence exacte affirmée.
,,82,61,,partial,NACE_2.1 → NACE_2.0 ; closeMatch ; source=eurostat-nace21. Validation métier requise ; aucune équivalence exacte affirmée.
,,611,611,,partial,NACE_2.1 → NACE_2.0 ; closeMatch ; source=eurostat-nace21. Validation métier requise ; aucune équivalence exacte affirmée.
,,612,611,,partial,NACE_2.1 → NACE_2.0 ; closeMatch ; source=eurostat-nace21. Validation métier requise ; aucune équivalence exacte affirmée.
,,613,611,,partial,NACE_2.1 → NACE_2.0 ; closeMatch ; source=eurostat-nace21. Validation métier requise ; aucune équivalence exacte affirmée.
,,6110,6110,,partial,NACE_2.1 → NACE_2.0 ; closeMatch ; source=eurostat-nace21. Validation métier requise ; aucune équivalence exacte affirmée.
,,6120,6110,,partial,NACE_2.1 → NACE_2.0 ; closeMatch ; source=eurostat-nace21. Validation métier requise ; aucune équivalence exacte affirmée.
,,6130,6110,,partial,NACE_2.1 → NACE_2.0 ; closeMatch ; source=eurostat-nace21. Validation métier requise ; aucune équivalence exacte affirmée.
,,619,612,,partial,NACE_2.1 → NACE_2.0 ; closeMatch ; source=eurostat-nace21. Validation métier requise ; aucune équivalence exacte affirmée.
,,829,612,,partial,NACE_2.1 → NACE_2.0 ; closeMatch ; source=eurostat-nace21. Validation métier requise ; aucune équivalence exacte affirmée.
,,6190,6120,,partial,NACE_2.1 → NACE_2.0 ; closeMatch ; source=eurostat-nace21. Validation métier requise ; aucune équivalence exacte affirmée.
,,8299,6120,,partial,NACE_2.1 → NACE_2.0 ; closeMatch ; source=eurostat-nace21. Validation métier requise ; aucune équivalence exacte affirmée.
,,612,619,,partial,NACE_2.1 → NACE_2.0 ; closeMatch ; source=eurostat-nace21. Validation métier requise ; aucune équivalence exacte affirmée.
,,619,619,,partial,NACE_2.1 → NACE_2.0 ; closeMatch ; source=eurostat-nace21. Validation métier requise ; aucune équivalence exacte affirmée.
,,6120,6190,,partial,NACE_2.1 → NACE_2.0 ; closeMatch ; source=eurostat-nace21. Validation métier requise ; aucune équivalence exacte affirmée.
,,6190,6190,,partial,NACE_2.1 → NACE_2.0 ; closeMatch ; source=eurostat-nace21. Validation métier requise ; aucune équivalence exacte affirmée.
,,62,62,,partial,NACE_2.1 → NACE_2.0 ; closeMatch ; source=eurostat-nace21. Validation métier requise ; aucune équivalence exacte affirmée.
,,620,621,,partial,NACE_2.1 → NACE_2.0 ; closeMatch ; source=eurostat-nace21. Validation métier requise ; aucune équivalence exacte affirmée.
,,6201,6210,,partial,NACE_2.1 → NACE_2.0 ; closeMatch ; source=eurostat-nace21. Validation métier requise ; aucune équivalence exacte affirmée.
,,620,622,,partial,NACE_2.1 → NACE_2.0 ; closeMatch ; source=eurostat-nace21. Validation métier requise ; aucune équivalence exacte affirmée.
,,6202,6220,,partial,NACE_2.1 → NACE_2.0 ; closeMatch ; source=eurostat-nace21. Validation métier requise ; aucune équivalence exacte affirmée.
,,6203,6220,,partial,NACE_2.1 → NACE_2.0 ; closeMatch ; source=eurostat-nace21. Validation métier requise ; aucune équivalence exacte affirmée.
,,620,629,,partial,NACE_2.1 → NACE_2.0 ; closeMatch ; source=eurostat-nace21. Validation métier requise ; aucune équivalence exacte affirmée.
,,6209,6290,,partial,NACE_2.1 → NACE_2.0 ; closeMatch ; source=eurostat-nace21. Validation métier requise ; aucune équivalence exacte affirmée.
,,52,63,,partial,NACE_2.1 → NACE_2.0 ; closeMatch ; source=eurostat-nace21. Validation métier requise ; aucune équivalence exacte affirmée.
,,63,63,,partial,NACE_2.1 → NACE_2.0 ; closeMatch ; source=eurostat-nace21. Validation métier requise ; aucune équivalence exacte affirmée.
,,521,631,,partial,NACE_2.1 → NACE_2.0 ; closeMatch ; source=eurostat-nace21. Validation métier requise ; aucune équivalence exacte affirmée.
,,631,631,,partial,NACE_2.1 → NACE_2.0 ; closeMatch ; source=eurostat-nace21. Validation métier requise ; aucune équivalence exacte affirmée.
,,5210,6310,,partial,NACE_2.1 → NACE_2.0 ; closeMatch ; source=eurostat-nace21. Validation métier requise ; aucune équivalence exacte affirmée.
,,6311,6310,,partial,NACE_2.1 → NACE_2.0 ; closeMatch ; source=eurostat-nace21. Validation métier requise ; aucune équivalence exacte affirmée.
,,631,639,,partial,NACE_2.1 → NACE_2.0 ; closeMatch ; source=eurostat-nace21. Validation métier requise ; aucune équivalence exacte affirmée.
,,639,639,,partial,NACE_2.1 → NACE_2.0 ; closeMatch ; source=eurostat-nace21. Validation métier requise ; aucune équivalence exacte affirmée.
,,6312,6391,,partial,NACE_2.1 → NACE_2.0 ; closeMatch ; source=eurostat-nace21. Validation métier requise ; aucune équivalence exacte affirmée.
,,6399,6392,,partial,NACE_2.1 → NACE_2.0 ; closeMatch ; source=eurostat-nace21. Validation métier requise ; aucune équivalence exacte affirmée.
,,64,64,,partial,NACE_2.1 → NACE_2.0 ; closeMatch ; source=eurostat-nace21. Validation métier requise ; aucune équivalence exacte affirmée.
,,641,641,,partial,NACE_2.1 → NACE_2.0 ; closeMatch ; source=eurostat-nace21. Validation métier requise ; aucune équivalence exacte affirmée.
,,6411,6411,,partial,NACE_2.1 → NACE_2.0 ; closeMatch ; source=eurostat-nace21. Validation métier requise ; aucune équivalence exacte affirmée.
,,6419,6419,,partial,NACE_2.1 → NACE_2.0 ; closeMatch ; source=eurostat-nace21. Validation métier requise ; aucune équivalence exacte affirmée.
,,642,642,,partial,NACE_2.1 → NACE_2.0 ; closeMatch ; source=eurostat-nace21. Validation métier requise ; aucune équivalence exacte affirmée.
,,649,642,,partial,NACE_2.1 → NACE_2.0 ; closeMatch ; source=eurostat-nace21. Validation métier requise ; aucune équivalence exacte affirmée.
,,6420,6421,,partial,NACE_2.1 → NACE_2.0 ; closeMatch ; source=eurostat-nace21. Validation métier requise ; aucune équivalence exacte affirmée.
,,6420,6422,,partial,NACE_2.1 → NACE_2.0 ; closeMatch ; source=eurostat-nace21. Validation métier requise ; aucune équivalence exacte affirmée.
,,6499,6422,,partial,NACE_2.1 → NACE_2.0 ; closeMatch ; source=eurostat-nace21. Validation métier requise ; aucune équivalence exacte affirmée.
,,643,643,,partial,NACE_2.1 → NACE_2.0 ; closeMatch ; source=eurostat-nace21. Validation métier requise ; aucune équivalence exacte affirmée.
,,6430,6431,,partial,NACE_2.1 → NACE_2.0 ; closeMatch ; source=eurostat-nace21. Validation métier requise ; aucune équivalence exacte affirmée.
,,6430,6432,,partial,NACE_2.1 → NACE_2.0 ; closeMatch ; source=eurostat-nace21. Validation métier requise ; aucune équivalence exacte affirmée.
,,649,649,,partial,NACE_2.1 → NACE_2.0 ; closeMatch ; source=eurostat-nace21. Validation métier requise ; aucune équivalence exacte affirmée.
,,6491,6491,,partial,NACE_2.1 → NACE_2.0 ; closeMatch ; source=eurostat-nace21. Validation métier requise ; aucune équivalence exacte affirmée.
,,6492,6492,,partial,NACE_2.1 → NACE_2.0 ; closeMatch ; source=eurostat-nace21. Validation métier requise ; aucune équivalence exacte affirmée.
,,6499,6492,,partial,NACE_2.1 → NACE_2.0 ; closeMatch ; source=eurostat-nace21. Validation métier requise ; aucune équivalence exacte affirmée.
,,6499,6499,,partial,NACE_2.1 → NACE_2.0 ; closeMatch ; source=eurostat-nace21. Validation métier requise ; aucune équivalence exacte affirmée.
,,65,65,,partial,NACE_2.1 → NACE_2.0 ; closeMatch ; source=eurostat-nace21. Validation métier requise ; aucune équivalence exacte affirmée.
,,651,651,,partial,NACE_2.1 → NACE_2.0 ; closeMatch ; source=eurostat-nace21. Validation métier requise ; aucune équivalence exacte affirmée.
,,6511,6511,,partial,NACE_2.1 → NACE_2.0 ; closeMatch ; source=eurostat-nace21. Validation métier requise ; aucune équivalence exacte affirmée.
,,6512,6512,,partial,NACE_2.1 → NACE_2.0 ; closeMatch ; source=eurostat-nace21. Validation métier requise ; aucune équivalence exacte affirmée.
,,652,652,,partial,NACE_2.1 → NACE_2.0 ; closeMatch ; source=eurostat-nace21. Validation métier requise ; aucune équivalence exacte affirmée.
,,6520,6520,,partial,NACE_2.1 → NACE_2.0 ; closeMatch ; source=eurostat-nace21. Validation métier requise ; aucune équivalence exacte affirmée.
,,653,653,,partial,NACE_2.1 → NACE_2.0 ; closeMatch ; source=eurostat-nace21. Validation métier requise ; aucune équivalence exacte affirmée.
,,6530,6530,,partial,NACE_2.1 → NACE_2.0 ; closeMatch ; source=eurostat-nace21. Validation métier requise ; aucune équivalence exacte affirmée.
,,66,66,,partial,NACE_2.1 → NACE_2.0 ; closeMatch ; source=eurostat-nace21. Validation métier requise ; aucune équivalence exacte affirmée.
,,661,661,,partial,NACE_2.1 → NACE_2.0 ; closeMatch ; source=eurostat-nace21. Validation métier requise ; aucune équivalence exacte affirmée.
,,6611,6611,,partial,NACE_2.1 → NACE_2.0 ; closeMatch ; source=eurostat-nace21. Validation métier requise ; aucune équivalence exacte affirmée.
,,6612,6612,,partial,NACE_2.1 → NACE_2.0 ; closeMatch ; source=eurostat-nace21. Validation métier requise ; aucune équivalence exacte affirmée.
,,6619,6619,,partial,NACE_2.1 → NACE_2.0 ; closeMatch ; source=eurostat-nace21. Validation métier requise ; aucune équivalence exacte affirmée.
,,662,662,,partial,NACE_2.1 → NACE_2.0 ; closeMatch ; source=eurostat-nace21. Validation métier requise ; aucune équivalence exacte affirmée.
,,6621,6621,,partial,NACE_2.1 → NACE_2.0 ; closeMatch ; source=eurostat-nace21. Validation métier requise ; aucune équivalence exacte affirmée.
,,6622,6622,,partial,NACE_2.1 → NACE_2.0 ; closeMatch ; source=eurostat-nace21. Validation métier requise ; aucune équivalence exacte affirmée.
,,6629,6629,,partial,NACE_2.1 → NACE_2.0 ; closeMatch ; source=eurostat-nace21. Validation métier requise ; aucune équivalence exacte affirmée.
,,661,663,,partial,NACE_2.1 → NACE_2.0 ; closeMatch ; source=eurostat-nace21. Validation métier requise ; aucune équivalence exacte affirmée.
,,663,663,,partial,NACE_2.1 → NACE_2.0 ; closeMatch ; source=eurostat-nace21. Validation métier requise ; aucune équivalence exacte affirmée.
,,6619,6630,,partial,NACE_2.1 → NACE_2.0 ; closeMatch ; source=eurostat-nace21. Validation métier requise ; aucune équivalence exacte affirmée.
,,6630,6630,,partial,NACE_2.1 → NACE_2.0 ; closeMatch ; source=eurostat-nace21. Validation métier requise ; aucune équivalence exacte affirmée.
,,41,68,,partial,NACE_2.1 → NACE_2.0 ; closeMatch ; source=eurostat-nace21. Validation métier requise ; aucune équivalence exacte affirmée.
,,42,68,,partial,NACE_2.1 → NACE_2.0 ; closeMatch ; source=eurostat-nace21. Validation métier requise ; aucune équivalence exacte affirmée.
,,68,68,,partial,NACE_2.1 → NACE_2.0 ; closeMatch ; source=eurostat-nace21. Validation métier requise ; aucune équivalence exacte affirmée.
,,411,681,,partial,NACE_2.1 → NACE_2.0 ; closeMatch ; source=eurostat-nace21. Validation métier requise ; aucune équivalence exacte affirmée.
,,429,681,,partial,NACE_2.1 → NACE_2.0 ; closeMatch ; source=eurostat-nace21. Validation métier requise ; aucune équivalence exacte affirmée.
,,681,681,,partial,NACE_2.1 → NACE_2.0 ; closeMatch ; source=eurostat-nace21. Validation métier requise ; aucune équivalence exacte affirmée.
,,6810,6811,,partial,NACE_2.1 → NACE_2.0 ; closeMatch ; source=eurostat-nace21. Validation métier requise ; aucune équivalence exacte affirmée.
,,4110,6812,,partial,NACE_2.1 → NACE_2.0 ; closeMatch ; source=eurostat-nace21. Validation métier requise ; aucune équivalence exacte affirmée.
,,4299,6812,,partial,NACE_2.1 → NACE_2.0 ; closeMatch ; source=eurostat-nace21. Validation métier requise ; aucune équivalence exacte affirmée.
,,682,682,,partial,NACE_2.1 → NACE_2.0 ; closeMatch ; source=eurostat-nace21. Validation métier requise ; aucune équivalence exacte affirmée.
,,6820,6820,,partial,NACE_2.1 → NACE_2.0 ; closeMatch ; source=eurostat-nace21. Validation métier requise ; aucune équivalence exacte affirmée.
,,683,683,,partial,NACE_2.1 → NACE_2.0 ; closeMatch ; source=eurostat-nace21. Validation métier requise ; aucune équivalence exacte affirmée.
,,6831,6831,,partial,NACE_2.1 → NACE_2.0 ; closeMatch ; source=eurostat-nace21. Validation métier requise ; aucune équivalence exacte affirmée.
,,6831,6832,,partial,NACE_2.1 → NACE_2.0 ; closeMatch ; source=eurostat-nace21. Validation métier requise ; aucune équivalence exacte affirmée.
,,6832,6832,,partial,NACE_2.1 → NACE_2.0 ; closeMatch ; source=eurostat-nace21. Validation métier requise ; aucune équivalence exacte affirmée.
,,69,69,,partial,NACE_2.1 → NACE_2.0 ; closeMatch ; source=eurostat-nace21. Validation métier requise ; aucune équivalence exacte affirmée.
,,691,691,,partial,NACE_2.1 → NACE_2.0 ; closeMatch ; source=eurostat-nace21. Validation métier requise ; aucune équivalence exacte affirmée.
,,6910,6910,,partial,NACE_2.1 → NACE_2.0 ; closeMatch ; source=eurostat-nace21. Validation métier requise ; aucune équivalence exacte affirmée.
,,692,692,,partial,NACE_2.1 → NACE_2.0 ; closeMatch ; source=eurostat-nace21. Validation métier requise ; aucune équivalence exacte affirmée.
,,6920,6920,,partial,NACE_2.1 → NACE_2.0 ; closeMatch ; source=eurostat-nace21. Validation métier requise ; aucune équivalence exacte affirmée.
,,70,70,,partial,NACE_2.1 → NACE_2.0 ; closeMatch ; source=eurostat-nace21. Validation métier requise ; aucune équivalence exacte affirmée.
,,701,701,,partial,NACE_2.1 → NACE_2.0 ; closeMatch ; source=eurostat-nace21. Validation métier requise ; aucune équivalence exacte affirmée.
,,7010,7010,,partial,NACE_2.1 → NACE_2.0 ; closeMatch ; source=eurostat-nace21. Validation métier requise ; aucune équivalence exacte affirmée.
,,702,702,,partial,NACE_2.1 → NACE_2.0 ; closeMatch ; source=eurostat-nace21. Validation métier requise ; aucune équivalence exacte affirmée.
,,7022,7020,,partial,NACE_2.1 → NACE_2.0 ; closeMatch ; source=eurostat-nace21. Validation métier requise ; aucune équivalence exacte affirmée.
,,71,71,,partial,NACE_2.1 → NACE_2.0 ; closeMatch ; source=eurostat-nace21. Validation métier requise ; aucune équivalence exacte affirmée.
,,711,711,,partial,NACE_2.1 → NACE_2.0 ; closeMatch ; source=eurostat-nace21. Validation métier requise ; aucune équivalence exacte affirmée.
,,7111,7111,,partial,NACE_2.1 → NACE_2.0 ; closeMatch ; source=eurostat-nace21. Validation métier requise ; aucune équivalence exacte affirmée.
,,7112,7112,,partial,NACE_2.1 → NACE_2.0 ; closeMatch ; source=eurostat-nace21. Validation métier requise ; aucune équivalence exacte affirmée.
,,712,712,,partial,NACE_2.1 → NACE_2.0 ; closeMatch ; source=eurostat-nace21. Validation métier requise ; aucune équivalence exacte affirmée.
,,7120,7120,,partial,NACE_2.1 → NACE_2.0 ; closeMatch ; source=eurostat-nace21. Validation métier requise ; aucune équivalence exacte affirmée.
,,72,72,,partial,NACE_2.1 → NACE_2.0 ; closeMatch ; source=eurostat-nace21. Validation métier requise ; aucune équivalence exacte affirmée.
,,721,721,,partial,NACE_2.1 → NACE_2.0 ; closeMatch ; source=eurostat-nace21. Validation métier requise ; aucune équivalence exacte affirmée.
,,7211,7210,,partial,NACE_2.1 → NACE_2.0 ; closeMatch ; source=eurostat-nace21. Validation métier requise ; aucune équivalence exacte affirmée.
,,7219,7210,,partial,NACE_2.1 → NACE_2.0 ; closeMatch ; source=eurostat-nace21. Validation métier requise ; aucune équivalence exacte affirmée.
,,722,722,,partial,NACE_2.1 → NACE_2.0 ; closeMatch ; source=eurostat-nace21. Validation métier requise ; aucune équivalence exacte affirmée.
,,7220,7220,,partial,NACE_2.1 → NACE_2.0 ; closeMatch ; source=eurostat-nace21. Validation métier requise ; aucune équivalence exacte affirmée.
,,70,73,,partial,NACE_2.1 → NACE_2.0 ; closeMatch ; source=eurostat-nace21. Validation métier requise ; aucune équivalence exacte affirmée.
,,73,73,,partial,NACE_2.1 → NACE_2.0 ; closeMatch ; source=eurostat-nace21. Validation métier requise ; aucune équivalence exacte affirmée.
,,731,731,,partial,NACE_2.1 → NACE_2.0 ; closeMatch ; source=eurostat-nace21. Validation métier requise ; aucune équivalence exacte affirmée.
,,7311,7311,,partial,NACE_2.1 → NACE_2.0 ; closeMatch ; source=eurostat-nace21. Validation métier requise ; aucune équivalence exacte affirmée.
,,7312,7312,,partial,NACE_2.1 → NACE_2.0 ; closeMatch ; source=eurostat-nace21. Validation métier requise ; aucune équivalence exacte affirmée.
,,732,732,,partial,NACE_2.1 → NACE_2.0 ; closeMatch ; source=eurostat-nace21. Validation métier requise ; aucune équivalence exacte affirmée.
,,7320,7320,,partial,NACE_2.1 → NACE_2.0 ; closeMatch ; source=eurostat-nace21. Validation métier requise ; aucune équivalence exacte affirmée.
,,702,733,,partial,NACE_2.1 → NACE_2.0 ; closeMatch ; source=eurostat-nace21. Validation métier requise ; aucune équivalence exacte affirmée.
,,7021,7330,,partial,NACE_2.1 → NACE_2.0 ; closeMatch ; source=eurostat-nace21. Validation métier requise ; aucune équivalence exacte affirmée.
,,74,74,,partial,NACE_2.1 → NACE_2.0 ; closeMatch ; source=eurostat-nace21. Validation métier requise ; aucune équivalence exacte affirmée.
,,741,741,,partial,NACE_2.1 → NACE_2.0 ; closeMatch ; source=eurostat-nace21. Validation métier requise ; aucune équivalence exacte affirmée.
,,7410,7411,,partial,NACE_2.1 → NACE_2.0 ; closeMatch ; source=eurostat-nace21. Validation métier requise ; aucune équivalence exacte affirmée.
,,7410,7412,,partial,NACE_2.1 → NACE_2.0 ; closeMatch ; source=eurostat-nace21. Validation métier requise ; aucune équivalence exacte affirmée.
,,7410,7413,,partial,NACE_2.1 → NACE_2.0 ; closeMatch ; source=eurostat-nace21. Validation métier requise ; aucune équivalence exacte affirmée.
,,7410,7414,,partial,NACE_2.1 → NACE_2.0 ; closeMatch ; source=eurostat-nace21. Validation métier requise ; aucune équivalence exacte affirmée.
,,742,742,,partial,NACE_2.1 → NACE_2.0 ; closeMatch ; source=eurostat-nace21. Validation métier requise ; aucune équivalence exacte affirmée.
,,7420,7420,,partial,NACE_2.1 → NACE_2.0 ; closeMatch ; source=eurostat-nace21. Validation métier requise ; aucune équivalence exacte affirmée.
,,743,743,,partial,NACE_2.1 → NACE_2.0 ; closeMatch ; source=eurostat-nace21. Validation métier requise ; aucune équivalence exacte affirmée.
,,7430,7430,,partial,NACE_2.1 → NACE_2.0 ; closeMatch ; source=eurostat-nace21. Validation métier requise ; aucune équivalence exacte affirmée.
,,749,749,,partial,NACE_2.1 → NACE_2.0 ; closeMatch ; source=eurostat-nace21. Validation métier requise ; aucune équivalence exacte affirmée.
,,7490,7491,,partial,NACE_2.1 → NACE_2.0 ; closeMatch ; source=eurostat-nace21. Validation métier requise ; aucune équivalence exacte affirmée.
,,7490,7499,,partial,NACE_2.1 → NACE_2.0 ; closeMatch ; source=eurostat-nace21. Validation métier requise ; aucune équivalence exacte affirmée.
,,75,75,,partial,NACE_2.1 → NACE_2.0 ; closeMatch ; source=eurostat-nace21. Validation métier requise ; aucune équivalence exacte affirmée.
,,750,750,,partial,NACE_2.1 → NACE_2.0 ; closeMatch ; source=eurostat-nace21. Validation métier requise ; aucune équivalence exacte affirmée.
,,7500,7500,,partial,NACE_2.1 → NACE_2.0 ; closeMatch ; source=eurostat-nace21. Validation métier requise ; aucune équivalence exacte affirmée.
,,77,77,,partial,NACE_2.1 → NACE_2.0 ; closeMatch ; source=eurostat-nace21. Validation métier requise ; aucune équivalence exacte affirmée.
,,79,77,,partial,NACE_2.1 → NACE_2.0 ; closeMatch ; source=eurostat-nace21. Validation métier requise ; aucune équivalence exacte affirmée.
,,82,77,,partial,NACE_2.1 → NACE_2.0 ; closeMatch ; source=eurostat-nace21. Validation métier requise ; aucune équivalence exacte affirmée.
,,771,771,,partial,NACE_2.1 → NACE_2.0 ; closeMatch ; source=eurostat-nace21. Validation métier requise ; aucune équivalence exacte affirmée.
,,773,771,,partial,NACE_2.1 → NACE_2.0 ; closeMatch ; source=eurostat-nace21. Validation métier requise ; aucune équivalence exacte affirmée.
,,7711,7711,,partial,NACE_2.1 → NACE_2.0 ; closeMatch ; source=eurostat-nace21. Validation métier requise ; aucune équivalence exacte affirmée.
,,7712,7711,,partial,NACE_2.1 → NACE_2.0 ; closeMatch ; source=eurostat-nace21. Validation métier requise ; aucune équivalence exacte affirmée.
,,7739,7711,,partial,NACE_2.1 → NACE_2.0 ; closeMatch ; source=eurostat-nace21. Validation métier requise ; aucune équivalence exacte affirmée.
,,7712,7712,,partial,NACE_2.1 → NACE_2.0 ; closeMatch ; source=eurostat-nace21. Validation métier requise ; aucune équivalence exacte affirmée.
,,7739,7712,,partial,NACE_2.1 → NACE_2.0 ; closeMatch ; source=eurostat-nace21. Validation métier requise ; aucune équivalence exacte affirmée.
,,772,772,,partial,NACE_2.1 → NACE_2.0 ; closeMatch ; source=eurostat-nace21. Validation métier requise ; aucune équivalence exacte affirmée.
,,7721,7721,,partial,NACE_2.1 → NACE_2.0 ; closeMatch ; source=eurostat-nace21. Validation métier requise ; aucune équivalence exacte affirmée.
,,7722,7722,,partial,NACE_2.1 → NACE_2.0 ; closeMatch ; source=eurostat-nace21. Validation métier requise ; aucune équivalence exacte affirmée.
,,7729,7722,,partial,NACE_2.1 → NACE_2.0 ; closeMatch ; source=eurostat-nace21. Validation métier requise ; aucune équivalence exacte affirmée.
,,773,773,,partial,NACE_2.1 → NACE_2.0 ; closeMatch ; source=eurostat-nace21. Validation métier requise ; aucune équivalence exacte affirmée.
,,7731,7731,,partial,NACE_2.1 → NACE_2.0 ; closeMatch ; source=eurostat-nace21. Validation métier requise ; aucune équivalence exacte affirmée.
,,7732,7732,,partial,NACE_2.1 → NACE_2.0 ; closeMatch ; source=eurostat-nace21. Validation métier requise ; aucune équivalence exacte affirmée.
,,7733,7733,,partial,NACE_2.1 → NACE_2.0 ; closeMatch ; source=eurostat-nace21. Validation métier requise ; aucune équivalence exacte affirmée.
,,7734,7734,,partial,NACE_2.1 → NACE_2.0 ; closeMatch ; source=eurostat-nace21. Validation métier requise ; aucune équivalence exacte affirmée.
,,7735,7735,,partial,NACE_2.1 → NACE_2.0 ; closeMatch ; source=eurostat-nace21. Validation métier requise ; aucune équivalence exacte affirmée.
,,7739,7739,,partial,NACE_2.1 → NACE_2.0 ; closeMatch ; source=eurostat-nace21. Validation métier requise ; aucune équivalence exacte affirmée.
,,774,774,,partial,NACE_2.1 → NACE_2.0 ; closeMatch ; source=eurostat-nace21. Validation métier requise ; aucune équivalence exacte affirmée.
,,7740,7740,,partial,NACE_2.1 → NACE_2.0 ; closeMatch ; source=eurostat-nace21. Validation métier requise ; aucune équivalence exacte affirmée.
,,791,775,,partial,NACE_2.1 → NACE_2.0 ; closeMatch ; source=eurostat-nace21. Validation métier requise ; aucune équivalence exacte affirmée.
,,799,775,,partial,NACE_2.1 → NACE_2.0 ; closeMatch ; source=eurostat-nace21. Validation métier requise ; aucune équivalence exacte affirmée.
,,829,775,,partial,NACE_2.1 → NACE_2.0 ; closeMatch ; source=eurostat-nace21. Validation métier requise ; aucune équivalence exacte affirmée.
,,7911,7751,,partial,NACE_2.1 → NACE_2.0 ; closeMatch ; source=eurostat-nace21. Validation métier requise ; aucune équivalence exacte affirmée.
,,7990,7751,,partial,NACE_2.1 → NACE_2.0 ; closeMatch ; source=eurostat-nace21. Validation métier requise ; aucune équivalence exacte affirmée.
,,8299,7751,,partial,NACE_2.1 → NACE_2.0 ; closeMatch ; source=eurostat-nace21. Validation métier requise ; aucune équivalence exacte affirmée.
,,8299,7752,,partial,NACE_2.1 → NACE_2.0 ; closeMatch ; source=eurostat-nace21. Validation métier requise ; aucune équivalence exacte affirmée.
,,78,78,,partial,NACE_2.1 → NACE_2.0 ; closeMatch ; source=eurostat-nace21. Validation métier requise ; aucune équivalence exacte affirmée.
,,781,781,,partial,NACE_2.1 → NACE_2.0 ; closeMatch ; source=eurostat-nace21. Validation métier requise ; aucune équivalence exacte affirmée.
,,7810,7810,,partial,NACE_2.1 → NACE_2.0 ; closeMatch ; source=eurostat-nace21. Validation métier requise ; aucune équivalence exacte affirmée.
,,782,782,,partial,NACE_2.1 → NACE_2.0 ; closeMatch ; source=eurostat-nace21. Validation métier requise ; aucune équivalence exacte affirmée.
,,783,782,,partial,NACE_2.1 → NACE_2.0 ; closeMatch ; source=eurostat-nace21. Validation métier requise ; aucune équivalence exacte affirmée.
,,7820,7820,,partial,NACE_2.1 → NACE_2.0 ; closeMatch ; source=eurostat-nace21. Validation métier requise ; aucune équivalence exacte affirmée.
,,7830,7820,,partial,NACE_2.1 → NACE_2.0 ; closeMatch ; source=eurostat-nace21. Validation métier requise ; aucune équivalence exacte affirmée.
,,79,79,,partial,NACE_2.1 → NACE_2.0 ; closeMatch ; source=eurostat-nace21. Validation métier requise ; aucune équivalence exacte affirmée.
,,791,791,,partial,NACE_2.1 → NACE_2.0 ; closeMatch ; source=eurostat-nace21. Validation métier requise ; aucune équivalence exacte affirmée.
,,7911,7911,,partial,NACE_2.1 → NACE_2.0 ; closeMatch ; source=eurostat-nace21. Validation métier requise ; aucune équivalence exacte affirmée.
,,7912,7912,,partial,NACE_2.1 → NACE_2.0 ; closeMatch ; source=eurostat-nace21. Validation métier requise ; aucune équivalence exacte affirmée.
,,799,799,,partial,NACE_2.1 → NACE_2.0 ; closeMatch ; source=eurostat-nace21. Validation métier requise ; aucune équivalence exacte affirmée.
,,7990,7990,,partial,NACE_2.1 → NACE_2.0 ; closeMatch ; source=eurostat-nace21. Validation métier requise ; aucune équivalence exacte affirmée.
,,74,80,,partial,NACE_2.1 → NACE_2.0 ; closeMatch ; source=eurostat-nace21. Validation métier requise ; aucune équivalence exacte affirmée.
,,80,80,,partial,NACE_2.1 → NACE_2.0 ; closeMatch ; source=eurostat-nace21. Validation métier requise ; aucune équivalence exacte affirmée.
,,749,800,,partial,NACE_2.1 → NACE_2.0 ; closeMatch ; source=eurostat-nace21. Validation métier requise ; aucune équivalence exacte affirmée.
,,801,800,,partial,NACE_2.1 → NACE_2.0 ; closeMatch ; source=eurostat-nace21. Validation métier requise ; aucune équivalence exacte affirmée.
,,802,800,,partial,NACE_2.1 → NACE_2.0 ; closeMatch ; source=eurostat-nace21. Validation métier requise ; aucune équivalence exacte affirmée.
,,803,800,,partial,NACE_2.1 → NACE_2.0 ; closeMatch ; source=eurostat-nace21. Validation métier requise ; aucune équivalence exacte affirmée.
,,8010,8001,,partial,NACE_2.1 → NACE_2.0 ; closeMatch ; source=eurostat-nace21. Validation métier requise ; aucune équivalence exacte affirmée.
,,8030,8001,,partial,NACE_2.1 → NACE_2.0 ; closeMatch ; source=eurostat-nace21. Validation métier requise ; aucune équivalence exacte affirmée.
,,7490,8009,,partial,NACE_2.1 → NACE_2.0 ; closeMatch ; source=eurostat-nace21. Validation métier requise ; aucune équivalence exacte affirmée.
,,8020,8009,,partial,NACE_2.1 → NACE_2.0 ; closeMatch ; source=eurostat-nace21. Validation métier requise ; aucune équivalence exacte affirmée.
,,43,81,,partial,NACE_2.1 → NACE_2.0 ; closeMatch ; source=eurostat-nace21. Validation métier requise ; aucune équivalence exacte affirmée.
,,81,81,,partial,NACE_2.1 → NACE_2.0 ; closeMatch ; source=eurostat-nace21. Validation métier requise ; aucune équivalence exacte affirmée.
,,811,811,,partial,NACE_2.1 → NACE_2.0 ; closeMatch ; source=eurostat-nace21. Validation métier requise ; aucune équivalence exacte affirmée.
,,8110,8110,,partial,NACE_2.1 → NACE_2.0 ; closeMatch ; source=eurostat-nace21. Validation métier requise ; aucune équivalence exacte affirmée.
,,433,812,,partial,NACE_2.1 → NACE_2.0 ; closeMatch ; source=eurostat-nace21. Validation métier requise ; aucune équivalence exacte affirmée.
,,439,812,,partial,NACE_2.1 → NACE_2.0 ; closeMatch ; source=eurostat-nace21. Validation métier requise ; aucune équivalence exacte affirmée.
,,812,812,,partial,NACE_2.1 → NACE_2.0 ; closeMatch ; source=eurostat-nace21. Validation métier requise ; aucune équivalence exacte affirmée.
,,8121,8121,,partial,NACE_2.1 → NACE_2.0 ; closeMatch ; source=eurostat-nace21. Validation métier requise ; aucune équivalence exacte affirmée.
,,4339,8122,,partial,NACE_2.1 → NACE_2.0 ; closeMatch ; source=eurostat-nace21. Validation métier requise ; aucune équivalence exacte affirmée.
,,4399,8122,,partial,NACE_2.1 → NACE_2.0 ; closeMatch ; source=eurostat-nace21. Validation métier requise ; aucune équivalence exacte affirmée.
,,8122,8122,,partial,NACE_2.1 → NACE_2.0 ; closeMatch ; source=eurostat-nace21. Validation métier requise ; aucune équivalence exacte affirmée.
,,8129,8123,,partial,NACE_2.1 → NACE_2.0 ; closeMatch ; source=eurostat-nace21. Validation métier requise ; aucune équivalence exacte affirmée.
,,813,813,,partial,NACE_2.1 → NACE_2.0 ; closeMatch ; source=eurostat-nace21. Validation métier requise ; aucune équivalence exacte affirmée.
,,8130,8130,,partial,NACE_2.1 → NACE_2.0 ; closeMatch ; source=eurostat-nace21. Validation métier requise ; aucune équivalence exacte affirmée.
,,79,82,,partial,NACE_2.1 → NACE_2.0 ; closeMatch ; source=eurostat-nace21. Validation métier requise ; aucune équivalence exacte affirmée.
,,82,82,,partial,NACE_2.1 → NACE_2.0 ; closeMatch ; source=eurostat-nace21. Validation métier requise ; aucune équivalence exacte affirmée.
,,821,821,,partial,NACE_2.1 → NACE_2.0 ; closeMatch ; source=eurostat-nace21. Validation métier requise ; aucune équivalence exacte affirmée.
,,8211,8210,,partial,NACE_2.1 → NACE_2.0 ; closeMatch ; source=eurostat-nace21. Validation métier requise ; aucune équivalence exacte affirmée.
,,8219,8210,,partial,NACE_2.1 → NACE_2.0 ; closeMatch ; source=eurostat-nace21. Validation métier requise ; aucune équivalence exacte affirmée.
,,822,822,,partial,NACE_2.1 → NACE_2.0 ; closeMatch ; source=eurostat-nace21. Validation métier requise ; aucune équivalence exacte affirmée.
,,8220,8220,,partial,NACE_2.1 → NACE_2.0 ; closeMatch ; source=eurostat-nace21. Validation métier requise ; aucune équivalence exacte affirmée.
,,823,823,,partial,NACE_2.1 → NACE_2.0 ; closeMatch ; source=eurostat-nace21. Validation métier requise ; aucune équivalence exacte affirmée.
,,8230,8230,,partial,NACE_2.1 → NACE_2.0 ; closeMatch ; source=eurostat-nace21. Validation métier requise ; aucune équivalence exacte affirmée.
,,799,824,,partial,NACE_2.1 → NACE_2.0 ; closeMatch ; source=eurostat-nace21. Validation métier requise ; aucune équivalence exacte affirmée.
,,829,824,,partial,NACE_2.1 → NACE_2.0 ; closeMatch ; source=eurostat-nace21. Validation métier requise ; aucune équivalence exacte affirmée.
,,7990,8240,,partial,NACE_2.1 → NACE_2.0 ; closeMatch ; source=eurostat-nace21. Validation métier requise ; aucune équivalence exacte affirmée.
,,8299,8240,,partial,NACE_2.1 → NACE_2.0 ; closeMatch ; source=eurostat-nace21. Validation métier requise ; aucune équivalence exacte affirmée.
,,829,829,,partial,NACE_2.1 → NACE_2.0 ; closeMatch ; source=eurostat-nace21. Validation métier requise ; aucune équivalence exacte affirmée.
,,8291,8291,,partial,NACE_2.1 → NACE_2.0 ; closeMatch ; source=eurostat-nace21. Validation métier requise ; aucune équivalence exacte affirmée.
,,8299,8291,,partial,NACE_2.1 → NACE_2.0 ; closeMatch ; source=eurostat-nace21. Validation métier requise ; aucune équivalence exacte affirmée.
,,8292,8292,,partial,NACE_2.1 → NACE_2.0 ; closeMatch ; source=eurostat-nace21. Validation métier requise ; aucune équivalence exacte affirmée.
,,8299,8299,,partial,NACE_2.1 → NACE_2.0 ; closeMatch ; source=eurostat-nace21. Validation métier requise ; aucune équivalence exacte affirmée.
,,84,84,,partial,NACE_2.1 → NACE_2.0 ; closeMatch ; source=eurostat-nace21. Validation métier requise ; aucune équivalence exacte affirmée.
,,93,84,,partial,NACE_2.1 → NACE_2.0 ; closeMatch ; source=eurostat-nace21. Validation métier requise ; aucune équivalence exacte affirmée.
,,841,841,,partial,NACE_2.1 → NACE_2.0 ; closeMatch ; source=eurostat-nace21. Validation métier requise ; aucune équivalence exacte affirmée.
,,8411,8411,,partial,NACE_2.1 → NACE_2.0 ; closeMatch ; source=eurostat-nace21. Validation métier requise ; aucune équivalence exacte affirmée.
,,8412,8412,,partial,NACE_2.1 → NACE_2.0 ; closeMatch ; source=eurostat-nace21. Validation métier requise ; aucune équivalence exacte affirmée.
,,8413,8413,,partial,NACE_2.1 → NACE_2.0 ; closeMatch ; source=eurostat-nace21. Validation métier requise ; aucune équivalence exacte affirmée.
,,842,842,,partial,NACE_2.1 → NACE_2.0 ; closeMatch ; source=eurostat-nace21. Validation métier requise ; aucune équivalence exacte affirmée.
,,932,842,,partial,NACE_2.1 → NACE_2.0 ; closeMatch ; source=eurostat-nace21. Validation métier requise ; aucune équivalence exacte affirmée.
,,8421,8421,,partial,NACE_2.1 → NACE_2.0 ; closeMatch ; source=eurostat-nace21. Validation métier requise ; aucune équivalence exacte affirmée.
,,8422,8422,,partial,NACE_2.1 → NACE_2.0 ; closeMatch ; source=eurostat-nace21. Validation métier requise ; aucune équivalence exacte affirmée.
,,8423,8423,,partial,NACE_2.1 → NACE_2.0 ; closeMatch ; source=eurostat-nace21. Validation métier requise ; aucune équivalence exacte affirmée.
,,8424,8424,,partial,NACE_2.1 → NACE_2.0 ; closeMatch ; source=eurostat-nace21. Validation métier requise ; aucune équivalence exacte affirmée.
,,8425,8425,,partial,NACE_2.1 → NACE_2.0 ; closeMatch ; source=eurostat-nace21. Validation métier requise ; aucune équivalence exacte affirmée.
,,9329,8425,,partial,NACE_2.1 → NACE_2.0 ; closeMatch ; source=eurostat-nace21. Validation métier requise ; aucune équivalence exacte affirmée.
,,843,843,,partial,NACE_2.1 → NACE_2.0 ; closeMatch ; source=eurostat-nace21. Validation métier requise ; aucune équivalence exacte affirmée.
,,8430,8430,,partial,NACE_2.1 → NACE_2.0 ; closeMatch ; source=eurostat-nace21. Validation métier requise ; aucune équivalence exacte affirmée.
,,82,85,,partial,NACE_2.1 → NACE_2.0 ; closeMatch ; source=eurostat-nace21. Validation métier requise ; aucune équivalence exacte affirmée.
,,85,85,,partial,NACE_2.1 → NACE_2.0 ; closeMatch ; source=eurostat-nace21. Validation métier requise ; aucune équivalence exacte affirmée.
,,88,85,,partial,NACE_2.1 → NACE_2.0 ; closeMatch ; source=eurostat-nace21. Validation métier requise ; aucune équivalence exacte affirmée.
,,851,851,,partial,NACE_2.1 → NACE_2.0 ; closeMatch ; source=eurostat-nace21. Validation métier requise ; aucune équivalence exacte affirmée.
,,889,851,,partial,NACE_2.1 → NACE_2.0 ; closeMatch ; source=eurostat-nace21. Validation métier requise ; aucune équivalence exacte affirmée.
,,8510,8510,,partial,NACE_2.1 → NACE_2.0 ; closeMatch ; source=eurostat-nace21. Validation métier requise ; aucune équivalence exacte affirmée.
,,8891,8510,,partial,NACE_2.1 → NACE_2.0 ; closeMatch ; source=eurostat-nace21. Validation métier requise ; aucune équivalence exacte affirmée.
,,852,852,,partial,NACE_2.1 → NACE_2.0 ; closeMatch ; source=eurostat-nace21. Validation métier requise ; aucune équivalence exacte affirmée.
,,8520,8520,,partial,NACE_2.1 → NACE_2.0 ; closeMatch ; source=eurostat-nace21. Validation métier requise ; aucune équivalence exacte affirmée.
,,853,853,,partial,NACE_2.1 → NACE_2.0 ; closeMatch ; source=eurostat-nace21. Validation métier requise ; aucune équivalence exacte affirmée.
,,854,853,,partial,NACE_2.1 → NACE_2.0 ; closeMatch ; source=eurostat-nace21. Validation métier requise ; aucune équivalence exacte affirmée.
,,8531,8531,,partial,NACE_2.1 → NACE_2.0 ; closeMatch ; source=eurostat-nace21. Validation métier requise ; aucune équivalence exacte affirmée.
,,8532,8532,,partial,NACE_2.1 → NACE_2.0 ; closeMatch ; source=eurostat-nace21. Validation métier requise ; aucune équivalence exacte affirmée.
,,8541,8533,,partial,NACE_2.1 → NACE_2.0 ; closeMatch ; source=eurostat-nace21. Validation métier requise ; aucune équivalence exacte affirmée.
,,854,854,,partial,NACE_2.1 → NACE_2.0 ; closeMatch ; source=eurostat-nace21. Validation métier requise ; aucune équivalence exacte affirmée.
,,8542,8540,,partial,NACE_2.1 → NACE_2.0 ; closeMatch ; source=eurostat-nace21. Validation métier requise ; aucune équivalence exacte affirmée.
,,855,855,,partial,NACE_2.1 → NACE_2.0 ; closeMatch ; source=eurostat-nace21. Validation métier requise ; aucune équivalence exacte affirmée.
,,8551,8551,,partial,NACE_2.1 → NACE_2.0 ; closeMatch ; source=eurostat-nace21. Validation métier requise ; aucune équivalence exacte affirmée.
,,8552,8552,,partial,NACE_2.1 → NACE_2.0 ; closeMatch ; source=eurostat-nace21. Validation métier requise ; aucune équivalence exacte affirmée.
,,8553,8553,,partial,NACE_2.1 → NACE_2.0 ; closeMatch ; source=eurostat-nace21. Validation métier requise ; aucune équivalence exacte affirmée.
,,8559,8559,,partial,NACE_2.1 → NACE_2.0 ; closeMatch ; source=eurostat-nace21. Validation métier requise ; aucune équivalence exacte affirmée.
,,829,856,,partial,NACE_2.1 → NACE_2.0 ; closeMatch ; source=eurostat-nace21. Validation métier requise ; aucune équivalence exacte affirmée.
,,856,856,,partial,NACE_2.1 → NACE_2.0 ; closeMatch ; source=eurostat-nace21. Validation métier requise ; aucune équivalence exacte affirmée.
,,8299,8561,,partial,NACE_2.1 → NACE_2.0 ; closeMatch ; source=eurostat-nace21. Validation métier requise ; aucune équivalence exacte affirmée.
,,8560,8569,,partial,NACE_2.1 → NACE_2.0 ; closeMatch ; source=eurostat-nace21. Validation métier requise ; aucune équivalence exacte affirmée.
,,82,86,,partial,NACE_2.1 → NACE_2.0 ; closeMatch ; source=eurostat-nace21. Validation métier requise ; aucune équivalence exacte affirmée.
,,86,86,,partial,NACE_2.1 → NACE_2.0 ; closeMatch ; source=eurostat-nace21. Validation métier requise ; aucune équivalence exacte affirmée.
,,861,861,,partial,NACE_2.1 → NACE_2.0 ; closeMatch ; source=eurostat-nace21. Validation métier requise ; aucune équivalence exacte affirmée.
,,8610,8610,,partial,NACE_2.1 → NACE_2.0 ; closeMatch ; source=eurostat-nace21. Validation métier requise ; aucune équivalence exacte affirmée.
,,862,862,,partial,NACE_2.1 → NACE_2.0 ; closeMatch ; source=eurostat-nace21. Validation métier requise ; aucune équivalence exacte affirmée.
,,8621,8621,,partial,NACE_2.1 → NACE_2.0 ; closeMatch ; source=eurostat-nace21. Validation métier requise ; aucune équivalence exacte affirmée.
,,8622,8622,,partial,NACE_2.1 → NACE_2.0 ; closeMatch ; source=eurostat-nace21. Validation métier requise ; aucune équivalence exacte affirmée.
,,8623,8623,,partial,NACE_2.1 → NACE_2.0 ; closeMatch ; source=eurostat-nace21. Validation métier requise ; aucune équivalence exacte affirmée.
,,829,869,,partial,NACE_2.1 → NACE_2.0 ; closeMatch ; source=eurostat-nace21. Validation métier requise ; aucune équivalence exacte affirmée.
,,869,869,,partial,NACE_2.1 → NACE_2.0 ; closeMatch ; source=eurostat-nace21. Validation métier requise ; aucune équivalence exacte affirmée.
,,8690,8691,,partial,NACE_2.1 → NACE_2.0 ; closeMatch ; source=eurostat-nace21. Validation métier requise ; aucune équivalence exacte affirmée.
,,8690,8692,,partial,NACE_2.1 → NACE_2.0 ; closeMatch ; source=eurostat-nace21. Validation métier requise ; aucune équivalence exacte affirmée.
,,8690,8693,,partial,NACE_2.1 → NACE_2.0 ; closeMatch ; source=eurostat-nace21. Validation métier requise ; aucune équivalence exacte affirmée.
,,8690,8694,,partial,NACE_2.1 → NACE_2.0 ; closeMatch ; source=eurostat-nace21. Validation métier requise ; aucune équivalence exacte affirmée.
,,8690,8695,,partial,NACE_2.1 → NACE_2.0 ; closeMatch ; source=eurostat-nace21. Validation métier requise ; aucune équivalence exacte affirmée.
,,8690,8696,,partial,NACE_2.1 → NACE_2.0 ; closeMatch ; source=eurostat-nace21. Validation métier requise ; aucune équivalence exacte affirmée.
,,8299,8697,,partial,NACE_2.1 → NACE_2.0 ; closeMatch ; source=eurostat-nace21. Validation métier requise ; aucune équivalence exacte affirmée.
,,8690,8699,,partial,NACE_2.1 → NACE_2.0 ; closeMatch ; source=eurostat-nace21. Validation métier requise ; aucune équivalence exacte affirmée.
,,82,87,,partial,NACE_2.1 → NACE_2.0 ; closeMatch ; source=eurostat-nace21. Validation métier requise ; aucune équivalence exacte affirmée.
,,87,87,,partial,NACE_2.1 → NACE_2.0 ; closeMatch ; source=eurostat-nace21. Validation métier requise ; aucune équivalence exacte affirmée.
,,871,871,,partial,NACE_2.1 → NACE_2.0 ; closeMatch ; source=eurostat-nace21. Validation métier requise ; aucune équivalence exacte affirmée.
,,8710,8710,,partial,NACE_2.1 → NACE_2.0 ; closeMatch ; source=eurostat-nace21. Validation métier requise ; aucune équivalence exacte affirmée.
,,872,872,,partial,NACE_2.1 → NACE_2.0 ; closeMatch ; source=eurostat-nace21. Validation métier requise ; aucune équivalence exacte affirmée.
,,8720,8720,,partial,NACE_2.1 → NACE_2.0 ; closeMatch ; source=eurostat-nace21. Validation métier requise ; aucune équivalence exacte affirmée.
,,873,873,,partial,NACE_2.1 → NACE_2.0 ; closeMatch ; source=eurostat-nace21. Validation métier requise ; aucune équivalence exacte affirmée.
,,8730,8730,,partial,NACE_2.1 → NACE_2.0 ; closeMatch ; source=eurostat-nace21. Validation métier requise ; aucune équivalence exacte affirmée.
,,829,879,,partial,NACE_2.1 → NACE_2.0 ; closeMatch ; source=eurostat-nace21. Validation métier requise ; aucune équivalence exacte affirmée.
,,879,879,,partial,NACE_2.1 → NACE_2.0 ; closeMatch ; source=eurostat-nace21. Validation métier requise ; aucune équivalence exacte affirmée.
,,8299,8791,,partial,NACE_2.1 → NACE_2.0 ; closeMatch ; source=eurostat-nace21. Validation métier requise ; aucune équivalence exacte affirmée.
,,8790,8799,,partial,NACE_2.1 → NACE_2.0 ; closeMatch ; source=eurostat-nace21. Validation métier requise ; aucune équivalence exacte affirmée.
,,88,88,,partial,NACE_2.1 → NACE_2.0 ; closeMatch ; source=eurostat-nace21. Validation métier requise ; aucune équivalence exacte affirmée.
,,881,881,,partial,NACE_2.1 → NACE_2.0 ; closeMatch ; source=eurostat-nace21. Validation métier requise ; aucune équivalence exacte affirmée.
,,8810,8810,,partial,NACE_2.1 → NACE_2.0 ; closeMatch ; source=eurostat-nace21. Validation métier requise ; aucune équivalence exacte affirmée.
,,889,889,,partial,NACE_2.1 → NACE_2.0 ; closeMatch ; source=eurostat-nace21. Validation métier requise ; aucune équivalence exacte affirmée.
,,8891,8891,,partial,NACE_2.1 → NACE_2.0 ; closeMatch ; source=eurostat-nace21. Validation métier requise ; aucune équivalence exacte affirmée.
,,8899,8899,,partial,NACE_2.1 → NACE_2.0 ; closeMatch ; source=eurostat-nace21. Validation métier requise ; aucune équivalence exacte affirmée.
,,90,90,,partial,NACE_2.1 → NACE_2.0 ; closeMatch ; source=eurostat-nace21. Validation métier requise ; aucune équivalence exacte affirmée.
,,900,901,,partial,NACE_2.1 → NACE_2.0 ; closeMatch ; source=eurostat-nace21. Validation métier requise ; aucune équivalence exacte affirmée.
,,9003,9011,,partial,NACE_2.1 → NACE_2.0 ; closeMatch ; source=eurostat-nace21. Validation métier requise ; aucune équivalence exacte affirmée.
,,9003,9012,,partial,NACE_2.1 → NACE_2.0 ; closeMatch ; source=eurostat-nace21. Validation métier requise ; aucune équivalence exacte affirmée.
,,9003,9013,,partial,NACE_2.1 → NACE_2.0 ; closeMatch ; source=eurostat-nace21. Validation métier requise ; aucune équivalence exacte affirmée.
,,900,902,,partial,NACE_2.1 → NACE_2.0 ; closeMatch ; source=eurostat-nace21. Validation métier requise ; aucune équivalence exacte affirmée.
,,9001,9020,,partial,NACE_2.1 → NACE_2.0 ; closeMatch ; source=eurostat-nace21. Validation métier requise ; aucune équivalence exacte affirmée.
,,900,903,,partial,NACE_2.1 → NACE_2.0 ; closeMatch ; source=eurostat-nace21. Validation métier requise ; aucune équivalence exacte affirmée.
,,9004,9031,,partial,NACE_2.1 → NACE_2.0 ; closeMatch ; source=eurostat-nace21. Validation métier requise ; aucune équivalence exacte affirmée.
,,9002,9039,,partial,NACE_2.1 → NACE_2.0 ; closeMatch ; source=eurostat-nace21. Validation métier requise ; aucune équivalence exacte affirmée.
,,33,91,,partial,NACE_2.1 → NACE_2.0 ; closeMatch ; source=eurostat-nace21. Validation métier requise ; aucune équivalence exacte affirmée.
,,41,91,,partial,NACE_2.1 → NACE_2.0 ; closeMatch ; source=eurostat-nace21. Validation métier requise ; aucune équivalence exacte affirmée.
,,90,91,,partial,NACE_2.1 → NACE_2.0 ; closeMatch ; source=eurostat-nace21. Validation métier requise ; aucune équivalence exacte affirmée.
,,91,91,,partial,NACE_2.1 → NACE_2.0 ; closeMatch ; source=eurostat-nace21. Validation métier requise ; aucune équivalence exacte affirmée.
,,910,911,,partial,NACE_2.1 → NACE_2.0 ; closeMatch ; source=eurostat-nace21. Validation métier requise ; aucune équivalence exacte affirmée.
,,9101,9111,,partial,NACE_2.1 → NACE_2.0 ; closeMatch ; source=eurostat-nace21. Validation métier requise ; aucune équivalence exacte affirmée.
,,9101,9112,,partial,NACE_2.1 → NACE_2.0 ; closeMatch ; source=eurostat-nace21. Validation métier requise ; aucune équivalence exacte affirmée.
,,910,912,,partial,NACE_2.1 → NACE_2.0 ; closeMatch ; source=eurostat-nace21. Validation métier requise ; aucune équivalence exacte affirmée.
,,9102,9121,,partial,NACE_2.1 → NACE_2.0 ; closeMatch ; source=eurostat-nace21. Validation métier requise ; aucune équivalence exacte affirmée.
,,9103,9122,,partial,NACE_2.1 → NACE_2.0 ; closeMatch ; source=eurostat-nace21. Validation métier requise ; aucune équivalence exacte affirmée.
,,331,913,,partial,NACE_2.1 → NACE_2.0 ; closeMatch ; source=eurostat-nace21. Validation métier requise ; aucune équivalence exacte affirmée.
,,412,913,,partial,NACE_2.1 → NACE_2.0 ; closeMatch ; source=eurostat-nace21. Validation métier requise ; aucune équivalence exacte affirmée.
,,900,913,,partial,NACE_2.1 → NACE_2.0 ; closeMatch ; source=eurostat-nace21. Validation métier requise ; aucune équivalence exacte affirmée.
,,3319,9130,,partial,NACE_2.1 → NACE_2.0 ; closeMatch ; source=eurostat-nace21. Validation métier requise ; aucune équivalence exacte affirmée.
,,4120,9130,,partial,NACE_2.1 → NACE_2.0 ; closeMatch ; source=eurostat-nace21. Validation métier requise ; aucune équivalence exacte affirmée.
,,9003,9130,,partial,NACE_2.1 → NACE_2.0 ; closeMatch ; source=eurostat-nace21. Validation métier requise ; aucune équivalence exacte affirmée.
,,910,914,,partial,NACE_2.1 → NACE_2.0 ; closeMatch ; source=eurostat-nace21. Validation métier requise ; aucune équivalence exacte affirmée.
,,9104,9141,,partial,NACE_2.1 → NACE_2.0 ; closeMatch ; source=eurostat-nace21. Validation métier requise ; aucune équivalence exacte affirmée.
,,9104,9142,,partial,NACE_2.1 → NACE_2.0 ; closeMatch ; source=eurostat-nace21. Validation métier requise ; aucune équivalence exacte affirmée.
,,92,92,,partial,NACE_2.1 → NACE_2.0 ; closeMatch ; source=eurostat-nace21. Validation métier requise ; aucune équivalence exacte affirmée.
,,920,920,,partial,NACE_2.1 → NACE_2.0 ; closeMatch ; source=eurostat-nace21. Validation métier requise ; aucune équivalence exacte affirmée.
,,9200,9200,,partial,NACE_2.1 → NACE_2.0 ; closeMatch ; source=eurostat-nace21. Validation métier requise ; aucune équivalence exacte affirmée.
,,82,93,,partial,NACE_2.1 → NACE_2.0 ; closeMatch ; source=eurostat-nace21. Validation métier requise ; aucune équivalence exacte affirmée.
,,85,93,,partial,NACE_2.1 → NACE_2.0 ; closeMatch ; source=eurostat-nace21. Validation métier requise ; aucune équivalence exacte affirmée.
,,93,93,,partial,NACE_2.1 → NACE_2.0 ; closeMatch ; source=eurostat-nace21. Validation métier requise ; aucune équivalence exacte affirmée.
,,855,931,,partial,NACE_2.1 → NACE_2.0 ; closeMatch ; source=eurostat-nace21. Validation métier requise ; aucune équivalence exacte affirmée.
,,931,931,,partial,NACE_2.1 → NACE_2.0 ; closeMatch ; source=eurostat-nace21. Validation métier requise ; aucune équivalence exacte affirmée.
,,932,931,,partial,NACE_2.1 → NACE_2.0 ; closeMatch ; source=eurostat-nace21. Validation métier requise ; aucune équivalence exacte affirmée.
,,9311,9311,,partial,NACE_2.1 → NACE_2.0 ; closeMatch ; source=eurostat-nace21. Validation métier requise ; aucune équivalence exacte affirmée.
,,9329,9311,,partial,NACE_2.1 → NACE_2.0 ; closeMatch ; source=eurostat-nace21. Validation métier requise ; aucune équivalence exacte affirmée.
,,9311,9312,,partial,NACE_2.1 → NACE_2.0 ; closeMatch ; source=eurostat-nace21. Validation métier requise ; aucune équivalence exacte affirmée.
,,9312,9312,,partial,NACE_2.1 → NACE_2.0 ; closeMatch ; source=eurostat-nace21. Validation métier requise ; aucune équivalence exacte affirmée.
,,9329,9312,,partial,NACE_2.1 → NACE_2.0 ; closeMatch ; source=eurostat-nace21. Validation métier requise ; aucune équivalence exacte affirmée.
,,8551,9313,,partial,NACE_2.1 → NACE_2.0 ; closeMatch ; source=eurostat-nace21. Validation métier requise ; aucune équivalence exacte affirmée.
,,9313,9313,,partial,NACE_2.1 → NACE_2.0 ; closeMatch ; source=eurostat-nace21. Validation métier requise ; aucune équivalence exacte affirmée.
,,9319,9319,,partial,NACE_2.1 → NACE_2.0 ; closeMatch ; source=eurostat-nace21. Validation métier requise ; aucune équivalence exacte affirmée.
,,9329,9319,,partial,NACE_2.1 → NACE_2.0 ; closeMatch ; source=eurostat-nace21. Validation métier requise ; aucune équivalence exacte affirmée.
,,823,932,,partial,NACE_2.1 → NACE_2.0 ; closeMatch ; source=eurostat-nace21. Validation métier requise ; aucune équivalence exacte affirmée.
,,931,932,,partial,NACE_2.1 → NACE_2.0 ; closeMatch ; source=eurostat-nace21. Validation métier requise ; aucune équivalence exacte affirmée.
,,932,932,,partial,NACE_2.1 → NACE_2.0 ; closeMatch ; source=eurostat-nace21. Validation métier requise ; aucune équivalence exacte affirmée.
,,9321,9321,,partial,NACE_2.1 → NACE_2.0 ; closeMatch ; source=eurostat-nace21. Validation métier requise ; aucune équivalence exacte affirmée.
,,8230,9329,,partial,NACE_2.1 → NACE_2.0 ; closeMatch ; source=eurostat-nace21. Validation métier requise ; aucune équivalence exacte affirmée.
,,9311,9329,,partial,NACE_2.1 → NACE_2.0 ; closeMatch ; source=eurostat-nace21. Validation métier requise ; aucune équivalence exacte affirmée.
,,9319,9329,,partial,NACE_2.1 → NACE_2.0 ; closeMatch ; source=eurostat-nace21. Validation métier requise ; aucune équivalence exacte affirmée.
,,9321,9329,,partial,NACE_2.1 → NACE_2.0 ; closeMatch ; source=eurostat-nace21. Validation métier requise ; aucune équivalence exacte affirmée.
,,9329,9329,,partial,NACE_2.1 → NACE_2.0 ; closeMatch ; source=eurostat-nace21. Validation métier requise ; aucune équivalence exacte affirmée.
,,94,94,,partial,NACE_2.1 → NACE_2.0 ; closeMatch ; source=eurostat-nace21. Validation métier requise ; aucune équivalence exacte affirmée.
,,941,941,,partial,NACE_2.1 → NACE_2.0 ; closeMatch ; source=eurostat-nace21. Validation métier requise ; aucune équivalence exacte affirmée.
,,9411,9411,,partial,NACE_2.1 → NACE_2.0 ; closeMatch ; source=eurostat-nace21. Validation métier requise ; aucune équivalence exacte affirmée.
,,9412,9412,,partial,NACE_2.1 → NACE_2.0 ; closeMatch ; source=eurostat-nace21. Validation métier requise ; aucune équivalence exacte affirmée.
,,942,942,,partial,NACE_2.1 → NACE_2.0 ; closeMatch ; source=eurostat-nace21. Validation métier requise ; aucune équivalence exacte affirmée.
,,9420,9420,,partial,NACE_2.1 → NACE_2.0 ; closeMatch ; source=eurostat-nace21. Validation métier requise ; aucune équivalence exacte affirmée.
,,949,949,,partial,NACE_2.1 → NACE_2.0 ; closeMatch ; source=eurostat-nace21. Validation métier requise ; aucune équivalence exacte affirmée.
,,9491,9491,,partial,NACE_2.1 → NACE_2.0 ; closeMatch ; source=eurostat-nace21. Validation métier requise ; aucune équivalence exacte affirmée.
,,9492,9492,,partial,NACE_2.1 → NACE_2.0 ; closeMatch ; source=eurostat-nace21. Validation métier requise ; aucune équivalence exacte affirmée.
,,9499,9499,,partial,NACE_2.1 → NACE_2.0 ; closeMatch ; source=eurostat-nace21. Validation métier requise ; aucune équivalence exacte affirmée.
,,45,95,,partial,NACE_2.1 → NACE_2.0 ; closeMatch ; source=eurostat-nace21. Validation métier requise ; aucune équivalence exacte affirmée.
,,82,95,,partial,NACE_2.1 → NACE_2.0 ; closeMatch ; source=eurostat-nace21. Validation métier requise ; aucune équivalence exacte affirmée.
,,95,95,,partial,NACE_2.1 → NACE_2.0 ; closeMatch ; source=eurostat-nace21. Validation métier requise ; aucune équivalence exacte affirmée.
,,951,951,,partial,NACE_2.1 → NACE_2.0 ; closeMatch ; source=eurostat-nace21. Validation métier requise ; aucune équivalence exacte affirmée.
,,9511,9510,,partial,NACE_2.1 → NACE_2.0 ; closeMatch ; source=eurostat-nace21. Validation métier requise ; aucune équivalence exacte affirmée.
,,9512,9510,,partial,NACE_2.1 → NACE_2.0 ; closeMatch ; source=eurostat-nace21. Validation métier requise ; aucune équivalence exacte affirmée.
,,952,952,,partial,NACE_2.1 → NACE_2.0 ; closeMatch ; source=eurostat-nace21. Validation métier requise ; aucune équivalence exacte affirmée.
,,9521,9521,,partial,NACE_2.1 → NACE_2.0 ; closeMatch ; source=eurostat-nace21. Validation métier requise ; aucune équivalence exacte affirmée.
,,9522,9522,,partial,NACE_2.1 → NACE_2.0 ; closeMatch ; source=eurostat-nace21. Validation métier requise ; aucune équivalence exacte affirmée.
,,9523,9523,,partial,NACE_2.1 → NACE_2.0 ; closeMatch ; source=eurostat-nace21. Validation métier requise ; aucune équivalence exacte affirmée.
,,9524,9524,,partial,NACE_2.1 → NACE_2.0 ; closeMatch ; source=eurostat-nace21. Validation métier requise ; aucune équivalence exacte affirmée.
,,9525,9525,,partial,NACE_2.1 → NACE_2.0 ; closeMatch ; source=eurostat-nace21. Validation métier requise ; aucune équivalence exacte affirmée.
,,9529,9529,,partial,NACE_2.1 → NACE_2.0 ; closeMatch ; source=eurostat-nace21. Validation métier requise ; aucune équivalence exacte affirmée.
,,452,953,,partial,NACE_2.1 → NACE_2.0 ; closeMatch ; source=eurostat-nace21. Validation métier requise ; aucune équivalence exacte affirmée.
,,454,953,,partial,NACE_2.1 → NACE_2.0 ; closeMatch ; source=eurostat-nace21. Validation métier requise ; aucune équivalence exacte affirmée.
,,4520,9531,,partial,NACE_2.1 → NACE_2.0 ; closeMatch ; source=eurostat-nace21. Validation métier requise ; aucune équivalence exacte affirmée.
,,4540,9532,,partial,NACE_2.1 → NACE_2.0 ; closeMatch ; source=eurostat-nace21. Validation métier requise ; aucune équivalence exacte affirmée.
,,829,954,,partial,NACE_2.1 → NACE_2.0 ; closeMatch ; source=eurostat-nace21. Validation métier requise ; aucune équivalence exacte affirmée.
,,8299,9540,,partial,NACE_2.1 → NACE_2.0 ; closeMatch ; source=eurostat-nace21. Validation métier requise ; aucune équivalence exacte affirmée.
,,81,96,,partial,NACE_2.1 → NACE_2.0 ; closeMatch ; source=eurostat-nace21. Validation métier requise ; aucune équivalence exacte affirmée.
,,82,96,,partial,NACE_2.1 → NACE_2.0 ; closeMatch ; source=eurostat-nace21. Validation métier requise ; aucune équivalence exacte affirmée.
,,96,96,,partial,NACE_2.1 → NACE_2.0 ; closeMatch ; source=eurostat-nace21. Validation métier requise ; aucune équivalence exacte affirmée.
,,960,961,,partial,NACE_2.1 → NACE_2.0 ; closeMatch ; source=eurostat-nace21. Validation métier requise ; aucune équivalence exacte affirmée.
,,9601,9610,,partial,NACE_2.1 → NACE_2.0 ; closeMatch ; source=eurostat-nace21. Validation métier requise ; aucune équivalence exacte affirmée.
,,960,962,,partial,NACE_2.1 → NACE_2.0 ; closeMatch ; source=eurostat-nace21. Validation métier requise ; aucune équivalence exacte affirmée.
,,9602,9621,,partial,NACE_2.1 → NACE_2.0 ; closeMatch ; source=eurostat-nace21. Validation métier requise ; aucune équivalence exacte affirmée.
,,9602,9622,,partial,NACE_2.1 → NACE_2.0 ; closeMatch ; source=eurostat-nace21. Validation métier requise ; aucune équivalence exacte affirmée.
,,9604,9623,,partial,NACE_2.1 → NACE_2.0 ; closeMatch ; source=eurostat-nace21. Validation métier requise ; aucune équivalence exacte affirmée.
,,960,963,,partial,NACE_2.1 → NACE_2.0 ; closeMatch ; source=eurostat-nace21. Validation métier requise ; aucune équivalence exacte affirmée.
,,9603,9630,,partial,NACE_2.1 → NACE_2.0 ; closeMatch ; source=eurostat-nace21. Validation métier requise ; aucune équivalence exacte affirmée.
,,829,964,,partial,NACE_2.1 → NACE_2.0 ; closeMatch ; source=eurostat-nace21. Validation métier requise ; aucune équivalence exacte affirmée.
,,8299,9640,,partial,NACE_2.1 → NACE_2.0 ; closeMatch ; source=eurostat-nace21. Validation métier requise ; aucune équivalence exacte affirmée.
,,812,969,,partial,NACE_2.1 → NACE_2.0 ; closeMatch ; source=eurostat-nace21. Validation métier requise ; aucune équivalence exacte affirmée.
,,960,969,,partial,NACE_2.1 → NACE_2.0 ; closeMatch ; source=eurostat-nace21. Validation métier requise ; aucune équivalence exacte affirmée.
,,8121,9691,,partial,NACE_2.1 → NACE_2.0 ; closeMatch ; source=eurostat-nace21. Validation métier requise ; aucune équivalence exacte affirmée.
,,9601,9691,,partial,NACE_2.1 → NACE_2.0 ; closeMatch ; source=eurostat-nace21. Validation métier requise ; aucune équivalence exacte affirmée.
,,9609,9699,,partial,NACE_2.1 → NACE_2.0 ; closeMatch ; source=eurostat-nace21. Validation métier requise ; aucune équivalence exacte affirmée.
,,97,97,,partial,NACE_2.1 → NACE_2.0 ; closeMatch ; source=eurostat-nace21. Validation métier requise ; aucune équivalence exacte affirmée.
,,970,970,,partial,NACE_2.1 → NACE_2.0 ; closeMatch ; source=eurostat-nace21. Validation métier requise ; aucune équivalence exacte affirmée.
,,9700,9700,,partial,NACE_2.1 → NACE_2.0 ; closeMatch ; source=eurostat-nace21. Validation métier requise ; aucune équivalence exacte affirmée.
,,98,98,,partial,NACE_2.1 → NACE_2.0 ; closeMatch ; source=eurostat-nace21. Validation métier requise ; aucune équivalence exacte affirmée.
,,981,981,,partial,NACE_2.1 → NACE_2.0 ; closeMatch ; source=eurostat-nace21. Validation métier requise ; aucune équivalence exacte affirmée.
,,9810,9810,,partial,NACE_2.1 → NACE_2.0 ; closeMatch ; source=eurostat-nace21. Validation métier requise ; aucune équivalence exacte affirmée.
,,982,982,,partial,NACE_2.1 → NACE_2.0 ; closeMatch ; source=eurostat-nace21. Validation métier requise ; aucune équivalence exacte affirmée.
,,9820,9820,,partial,NACE_2.1 → NACE_2.0 ; closeMatch ; source=eurostat-nace21. Validation métier requise ; aucune équivalence exacte affirmée.
,,99,99,,partial,NACE_2.1 → NACE_2.0 ; closeMatch ; source=eurostat-nace21. Validation métier requise ; aucune équivalence exacte affirmée.
,,990,990,,partial,NACE_2.1 → NACE_2.0 ; closeMatch ; source=eurostat-nace21. Validation métier requise ; aucune équivalence exacte affirmée.
,,9900,9900,,partial,NACE_2.1 → NACE_2.0 ; closeMatch ; source=eurostat-nace21. Validation métier requise ; aucune équivalence exacte affirmée.
,,A,A,,partial,NACE_2.1 → NACE_2.0 ; closeMatch ; source=eurostat-nace21. Validation métier requise ; aucune équivalence exacte affirmée.
,,C,A,,partial,NACE_2.1 → NACE_2.0 ; closeMatch ; source=eurostat-nace21. Validation métier requise ; aucune équivalence exacte affirmée.
,,B,B,,partial,NACE_2.1 → NACE_2.0 ; closeMatch ; source=eurostat-nace21. Validation métier requise ; aucune équivalence exacte affirmée.
,,C,C,,partial,NACE_2.1 → NACE_2.0 ; closeMatch ; source=eurostat-nace21. Validation métier requise ; aucune équivalence exacte affirmée.
,,E,C,,partial,NACE_2.1 → NACE_2.0 ; closeMatch ; source=eurostat-nace21. Validation métier requise ; aucune équivalence exacte affirmée.
,,M,C,,partial,NACE_2.1 → NACE_2.0 ; closeMatch ; source=eurostat-nace21. Validation métier requise ; aucune équivalence exacte affirmée.
,,N,C,,partial,NACE_2.1 → NACE_2.0 ; closeMatch ; source=eurostat-nace21. Validation métier requise ; aucune équivalence exacte affirmée.
,,D,D,,partial,NACE_2.1 → NACE_2.0 ; closeMatch ; source=eurostat-nace21. Validation métier requise ; aucune équivalence exacte affirmée.
,,H,D,,partial,NACE_2.1 → NACE_2.0 ; closeMatch ; source=eurostat-nace21. Validation métier requise ; aucune équivalence exacte affirmée.
,,E,E,,partial,NACE_2.1 → NACE_2.0 ; closeMatch ; source=eurostat-nace21. Validation métier requise ; aucune équivalence exacte affirmée.
,,F,F,,partial,NACE_2.1 → NACE_2.0 ; closeMatch ; source=eurostat-nace21. Validation métier requise ; aucune équivalence exacte affirmée.
,,N,F,,partial,NACE_2.1 → NACE_2.0 ; closeMatch ; source=eurostat-nace21. Validation métier requise ; aucune équivalence exacte affirmée.
,,G,G,,partial,NACE_2.1 → NACE_2.0 ; closeMatch ; source=eurostat-nace21. Validation métier requise ; aucune équivalence exacte affirmée.
,,N,G,,partial,NACE_2.1 → NACE_2.0 ; closeMatch ; source=eurostat-nace21. Validation métier requise ; aucune équivalence exacte affirmée.
,,H,H,,partial,NACE_2.1 → NACE_2.0 ; closeMatch ; source=eurostat-nace21. Validation métier requise ; aucune équivalence exacte affirmée.
,,N,H,,partial,NACE_2.1 → NACE_2.0 ; closeMatch ; source=eurostat-nace21. Validation métier requise ; aucune équivalence exacte affirmée.
,,S,H,,partial,NACE_2.1 → NACE_2.0 ; closeMatch ; source=eurostat-nace21. Validation métier requise ; aucune équivalence exacte affirmée.
,,I,I,,partial,NACE_2.1 → NACE_2.0 ; closeMatch ; source=eurostat-nace21. Validation métier requise ; aucune équivalence exacte affirmée.
,,L,I,,partial,NACE_2.1 → NACE_2.0 ; closeMatch ; source=eurostat-nace21. Validation métier requise ; aucune équivalence exacte affirmée.
,,N,I,,partial,NACE_2.1 → NACE_2.0 ; closeMatch ; source=eurostat-nace21. Validation métier requise ; aucune équivalence exacte affirmée.
,,G,J,,partial,NACE_2.1 → NACE_2.0 ; closeMatch ; source=eurostat-nace21. Validation métier requise ; aucune équivalence exacte affirmée.
,,J,J,,partial,NACE_2.1 → NACE_2.0 ; closeMatch ; source=eurostat-nace21. Validation métier requise ; aucune équivalence exacte affirmée.
,,H,K,,partial,NACE_2.1 → NACE_2.0 ; closeMatch ; source=eurostat-nace21. Validation métier requise ; aucune équivalence exacte affirmée.
,,J,K,,partial,NACE_2.1 → NACE_2.0 ; closeMatch ; source=eurostat-nace21. Validation métier requise ; aucune équivalence exacte affirmée.
,,N,K,,partial,NACE_2.1 → NACE_2.0 ; closeMatch ; source=eurostat-nace21. Validation métier requise ; aucune équivalence exacte affirmée.
,,K,L,,partial,NACE_2.1 → NACE_2.0 ; closeMatch ; source=eurostat-nace21. Validation métier requise ; aucune équivalence exacte affirmée.
,,F,M,,partial,NACE_2.1 → NACE_2.0 ; closeMatch ; source=eurostat-nace21. Validation métier requise ; aucune équivalence exacte affirmée.
,,L,M,,partial,NACE_2.1 → NACE_2.0 ; closeMatch ; source=eurostat-nace21. Validation métier requise ; aucune équivalence exacte affirmée.
,,M,N,,partial,NACE_2.1 → NACE_2.0 ; closeMatch ; source=eurostat-nace21. Validation métier requise ; aucune équivalence exacte affirmée.
,,F,O,,partial,NACE_2.1 → NACE_2.0 ; closeMatch ; source=eurostat-nace21. Validation métier requise ; aucune équivalence exacte affirmée.
,,M,O,,partial,NACE_2.1 → NACE_2.0 ; closeMatch ; source=eurostat-nace21. Validation métier requise ; aucune équivalence exacte affirmée.
,,N,O,,partial,NACE_2.1 → NACE_2.0 ; closeMatch ; source=eurostat-nace21. Validation métier requise ; aucune équivalence exacte affirmée.
,,O,P,,partial,NACE_2.1 → NACE_2.0 ; closeMatch ; source=eurostat-nace21. Validation métier requise ; aucune équivalence exacte affirmée.
,,R,P,,partial,NACE_2.1 → NACE_2.0 ; closeMatch ; source=eurostat-nace21. Validation métier requise ; aucune équivalence exacte affirmée.
,,N,Q,,partial,NACE_2.1 → NACE_2.0 ; closeMatch ; source=eurostat-nace21. Validation métier requise ; aucune équivalence exacte affirmée.
,,P,Q,,partial,NACE_2.1 → NACE_2.0 ; closeMatch ; source=eurostat-nace21. Validation métier requise ; aucune équivalence exacte affirmée.
,,Q,Q,,partial,NACE_2.1 → NACE_2.0 ; closeMatch ; source=eurostat-nace21. Validation métier requise ; aucune équivalence exacte affirmée.
,,N,R,,partial,NACE_2.1 → NACE_2.0 ; closeMatch ; source=eurostat-nace21. Validation métier requise ; aucune équivalence exacte affirmée.
,,Q,R,,partial,NACE_2.1 → NACE_2.0 ; closeMatch ; source=eurostat-nace21. Validation métier requise ; aucune équivalence exacte affirmée.
,,C,S,,partial,NACE_2.1 → NACE_2.0 ; closeMatch ; source=eurostat-nace21. Validation métier requise ; aucune équivalence exacte affirmée.
,,F,S,,partial,NACE_2.1 → NACE_2.0 ; closeMatch ; source=eurostat-nace21. Validation métier requise ; aucune équivalence exacte affirmée.
,,N,S,,partial,NACE_2.1 → NACE_2.0 ; closeMatch ; source=eurostat-nace21. Validation métier requise ; aucune équivalence exacte affirmée.
,,P,S,,partial,NACE_2.1 → NACE_2.0 ; closeMatch ; source=eurostat-nace21. Validation métier requise ; aucune équivalence exacte affirmée.
,,R,S,,partial,NACE_2.1 → NACE_2.0 ; closeMatch ; source=eurostat-nace21. Validation métier requise ; aucune équivalence exacte affirmée.
,,G,T,,partial,NACE_2.1 → NACE_2.0 ; closeMatch ; source=eurostat-nace21. Validation métier requise ; aucune équivalence exacte affirmée.
,,N,T,,partial,NACE_2.1 → NACE_2.0 ; closeMatch ; source=eurostat-nace21. Validation métier requise ; aucune équivalence exacte affirmée.
,,S,T,,partial,NACE_2.1 → NACE_2.0 ; closeMatch ; source=eurostat-nace21. Validation métier requise ; aucune équivalence exacte affirmée.
,,T,U,,partial,NACE_2.1 → NACE_2.0 ; closeMatch ; source=eurostat-nace21. Validation métier requise ; aucune équivalence exacte affirmée.
,,U,V,,partial,NACE_2.1 → NACE_2.0 ; closeMatch ; source=eurostat-nace21. Validation métier requise ; aucune équivalence exacte affirmée.
01,,01,,,exact,NOGA_2008 → NACE_2.0 ; exactMatch ; source=ofs-methodologie. Identité documentée.
011,,011,,,exact,NOGA_2008 → NACE_2.0 ; exactMatch ; source=ofs-methodologie. Identité documentée.
0111,,0111,,,exact,NOGA_2008 → NACE_2.0 ; exactMatch ; source=ofs-methodologie. Identité documentée.
011100,,0111,,,aggregated,NOGA_2008 → NACE_2.0 ; broadMatch ; source=ofs-noga2008. Validation métier requise ; aucune équivalence exacte affirmée.
0112,,0112,,,exact,NOGA_2008 → NACE_2.0 ; exactMatch ; source=ofs-methodologie. Identité documentée.
011200,,0112,,,aggregated,NOGA_2008 → NACE_2.0 ; broadMatch ; source=ofs-noga2008. Validation métier requise ; aucune équivalence exacte affirmée.
0113,,0113,,,exact,NOGA_2008 → NACE_2.0 ; exactMatch ; source=ofs-methodologie. Identité documentée.
011300,,0113,,,aggregated,NOGA_2008 → NACE_2.0 ; broadMatch ; source=ofs-noga2008. Validation métier requise ; aucune équivalence exacte affirmée.
0114,,0114,,,exact,NOGA_2008 → NACE_2.0 ; exactMatch ; source=ofs-methodologie. Identité documentée.
011400,,0114,,,aggregated,NOGA_2008 → NACE_2.0 ; broadMatch ; source=ofs-noga2008. Validation métier requise ; aucune équivalence exacte affirmée.
0115,,0115,,,exact,NOGA_2008 → NACE_2.0 ; exactMatch ; source=ofs-methodologie. Identité documentée.
011500,,0115,,,aggregated,NOGA_2008 → NACE_2.0 ; broadMatch ; source=ofs-noga2008. Validation métier requise ; aucune équivalence exacte affirmée.
0116,,0116,,,exact,NOGA_2008 → NACE_2.0 ; exactMatch ; source=ofs-methodologie. Identité documentée.
011600,,0116,,,aggregated,NOGA_2008 → NACE_2.0 ; broadMatch ; source=ofs-noga2008. Validation métier requise ; aucune équivalence exacte affirmée.
0119,,0119,,,exact,NOGA_2008 → NACE_2.0 ; exactMatch ; source=ofs-methodologie. Identité documentée.
011900,,0119,,,aggregated,NOGA_2008 → NACE_2.0 ; broadMatch ; source=ofs-noga2008. Validation métier requise ; aucune équivalence exacte affirmée.
012,,012,,,exact,NOGA_2008 → NACE_2.0 ; exactMatch ; source=ofs-methodologie. Identité documentée.
0121,,0121,,,exact,NOGA_2008 → NACE_2.0 ; exactMatch ; source=ofs-methodologie. Identité documentée.
012101,,0121,,,aggregated,NOGA_2008 → NACE_2.0 ; broadMatch ; source=ofs-noga2008. Validation métier requise ; aucune équivalence exacte affirmée.
012102,,0121,,,aggregated,NOGA_2008 → NACE_2.0 ; broadMatch ; source=ofs-noga2008. Validation métier requise ; aucune équivalence exacte affirmée.
0122,,0122,,,exact,NOGA_2008 → NACE_2.0 ; exactMatch ; source=ofs-methodologie. Identité documentée.
012200,,0122,,,aggregated,NOGA_2008 → NACE_2.0 ; broadMatch ; source=ofs-noga2008. Validation métier requise ; aucune équivalence exacte affirmée.
0123,,0123,,,exact,NOGA_2008 → NACE_2.0 ; exactMatch ; source=ofs-methodologie. Identité documentée.
012300,,0123,,,aggregated,NOGA_2008 → NACE_2.0 ; broadMatch ; source=ofs-noga2008. Validation métier requise ; aucune équivalence exacte affirmée.
0124,,0124,,,exact,NOGA_2008 → NACE_2.0 ; exactMatch ; source=ofs-methodologie. Identité documentée.
012400,,0124,,,aggregated,NOGA_2008 → NACE_2.0 ; broadMatch ; source=ofs-noga2008. Validation métier requise ; aucune équivalence exacte affirmée.
0125,,0125,,,exact,NOGA_2008 → NACE_2.0 ; exactMatch ; source=ofs-methodologie. Identité documentée.
012500,,0125,,,aggregated,NOGA_2008 → NACE_2.0 ; broadMatch ; source=ofs-noga2008. Validation métier requise ; aucune équivalence exacte affirmée.
0126,,0126,,,exact,NOGA_2008 → NACE_2.0 ; exactMatch ; source=ofs-methodologie. Identité documentée.
012600,,0126,,,aggregated,NOGA_2008 → NACE_2.0 ; broadMatch ; source=ofs-noga2008. Validation métier requise ; aucune équivalence exacte affirmée.
0127,,0127,,,exact,NOGA_2008 → NACE_2.0 ; exactMatch ; source=ofs-methodologie. Identité documentée.
012700,,0127,,,aggregated,NOGA_2008 → NACE_2.0 ; broadMatch ; source=ofs-noga2008. Validation métier requise ; aucune équivalence exacte affirmée.
0128,,0128,,,exact,NOGA_2008 → NACE_2.0 ; exactMatch ; source=ofs-methodologie. Identité documentée.
012800,,0128,,,aggregated,NOGA_2008 → NACE_2.0 ; broadMatch ; source=ofs-noga2008. Validation métier requise ; aucune équivalence exacte affirmée.
0129,,0129,,,exact,NOGA_2008 → NACE_2.0 ; exactMatch ; source=ofs-methodologie. Identité documentée.
012900,,0129,,,aggregated,NOGA_2008 → NACE_2.0 ; broadMatch ; source=ofs-noga2008. Validation métier requise ; aucune équivalence exacte affirmée.
013,,013,,,exact,NOGA_2008 → NACE_2.0 ; exactMatch ; source=ofs-methodologie. Identité documentée.
0130,,0130,,,exact,NOGA_2008 → NACE_2.0 ; exactMatch ; source=ofs-methodologie. Identité documentée.
013000,,0130,,,aggregated,NOGA_2008 → NACE_2.0 ; broadMatch ; source=ofs-noga2008. Validation métier requise ; aucune équivalence exacte affirmée.
014,,014,,,exact,NOGA_2008 → NACE_2.0 ; exactMatch ; source=ofs-methodologie. Identité documentée.
0141,,0141,,,exact,NOGA_2008 → NACE_2.0 ; exactMatch ; source=ofs-methodologie. Identité documentée.
014100,,0141,,,aggregated,NOGA_2008 → NACE_2.0 ; broadMatch ; source=ofs-noga2008. Validation métier requise ; aucune équivalence exacte affirmée.
0142,,0142,,,exact,NOGA_2008 → NACE_2.0 ; exactMatch ; source=ofs-methodologie. Identité documentée.
014200,,0142,,,aggregated,NOGA_2008 → NACE_2.0 ; broadMatch ; source=ofs-noga2008. Validation métier requise ; aucune équivalence exacte affirmée.
0143,,0143,,,exact,NOGA_2008 → NACE_2.0 ; exactMatch ; source=ofs-methodologie. Identité documentée.
014300,,0143,,,aggregated,NOGA_2008 → NACE_2.0 ; broadMatch ; source=ofs-noga2008. Validation métier requise ; aucune équivalence exacte affirmée.
0144,,0144,,,exact,NOGA_2008 → NACE_2.0 ; exactMatch ; source=ofs-methodologie. Identité documentée.
014400,,0144,,,aggregated,NOGA_2008 → NACE_2.0 ; broadMatch ; source=ofs-noga2008. Validation métier requise ; aucune équivalence exacte affirmée.
0145,,0145,,,exact,NOGA_2008 → NACE_2.0 ; exactMatch ; source=ofs-methodologie. Identité documentée.
014500,,0145,,,aggregated,NOGA_2008 → NACE_2.0 ; broadMatch ; source=ofs-noga2008. Validation métier requise ; aucune équivalence exacte affirmée.
0146,,0146,,,exact,NOGA_2008 → NACE_2.0 ; exactMatch ; source=ofs-methodologie. Identité documentée.
014600,,0146,,,aggregated,NOGA_2008 → NACE_2.0 ; broadMatch ; source=ofs-noga2008. Validation métier requise ; aucune équivalence exacte affirmée.
0147,,0147,,,exact,NOGA_2008 → NACE_2.0 ; exactMatch ; source=ofs-methodologie. Identité documentée.
014700,,0147,,,aggregated,NOGA_2008 → NACE_2.0 ; broadMatch ; source=ofs-noga2008. Validation métier requise ; aucune équivalence exacte affirmée.
0149,,0149,,,exact,NOGA_2008 → NACE_2.0 ; exactMatch ; source=ofs-methodologie. Identité documentée.
014900,,0149,,,aggregated,NOGA_2008 → NACE_2.0 ; broadMatch ; source=ofs-noga2008. Validation métier requise ; aucune équivalence exacte affirmée.
015,,015,,,exact,NOGA_2008 → NACE_2.0 ; exactMatch ; source=ofs-methodologie. Identité documentée.
0150,,0150,,,exact,NOGA_2008 → NACE_2.0 ; exactMatch ; source=ofs-methodologie. Identité documentée.
015000,,0150,,,aggregated,NOGA_2008 → NACE_2.0 ; broadMatch ; source=ofs-noga2008. Validation métier requise ; aucune équivalence exacte affirmée.
016,,016,,,exact,NOGA_2008 → NACE_2.0 ; exactMatch ; source=ofs-methodologie. Identité documentée.
0161,,0161,,,exact,NOGA_2008 → NACE_2.0 ; exactMatch ; source=ofs-methodologie. Identité documentée.
016100,,0161,,,aggregated,NOGA_2008 → NACE_2.0 ; broadMatch ; source=ofs-noga2008. Validation métier requise ; aucune équivalence exacte affirmée.
0162,,0162,,,exact,NOGA_2008 → NACE_2.0 ; exactMatch ; source=ofs-methodologie. Identité documentée.
016200,,0162,,,aggregated,NOGA_2008 → NACE_2.0 ; broadMatch ; source=ofs-noga2008. Validation métier requise ; aucune équivalence exacte affirmée.
0163,,0163,,,exact,NOGA_2008 → NACE_2.0 ; exactMatch ; source=ofs-methodologie. Identité documentée.
016300,,0163,,,aggregated,NOGA_2008 → NACE_2.0 ; broadMatch ; source=ofs-noga2008. Validation métier requise ; aucune équivalence exacte affirmée.
0164,,0164,,,exact,NOGA_2008 → NACE_2.0 ; exactMatch ; source=ofs-methodologie. Identité documentée.
016400,,0164,,,aggregated,NOGA_2008 → NACE_2.0 ; broadMatch ; source=ofs-noga2008. Validation métier requise ; aucune équivalence exacte affirmée.
017,,017,,,exact,NOGA_2008 → NACE_2.0 ; exactMatch ; source=ofs-methodologie. Identité documentée.
0170,,0170,,,exact,NOGA_2008 → NACE_2.0 ; exactMatch ; source=ofs-methodologie. Identité documentée.
017000,,0170,,,aggregated,NOGA_2008 → NACE_2.0 ; broadMatch ; source=ofs-noga2008. Validation métier requise ; aucune équivalence exacte affirmée.
02,,02,,,exact,NOGA_2008 → NACE_2.0 ; exactMatch ; source=ofs-methodologie. Identité documentée.
021,,021,,,exact,NOGA_2008 → NACE_2.0 ; exactMatch ; source=ofs-methodologie. Identité documentée.
0210,,0210,,,exact,NOGA_2008 → NACE_2.0 ; exactMatch ; source=ofs-methodologie. Identité documentée.
021000,,0210,,,aggregated,NOGA_2008 → NACE_2.0 ; broadMatch ; source=ofs-noga2008. Validation métier requise ; aucune équivalence exacte affirmée.
022,,022,,,exact,NOGA_2008 → NACE_2.0 ; exactMatch ; source=ofs-methodologie. Identité documentée.
0220,,0220,,,exact,NOGA_2008 → NACE_2.0 ; exactMatch ; source=ofs-methodologie. Identité documentée.
022000,,0220,,,aggregated,NOGA_2008 → NACE_2.0 ; broadMatch ; source=ofs-noga2008. Validation métier requise ; aucune équivalence exacte affirmée.
023,,023,,,exact,NOGA_2008 → NACE_2.0 ; exactMatch ; source=ofs-methodologie. Identité documentée.
0230,,0230,,,exact,NOGA_2008 → NACE_2.0 ; exactMatch ; source=ofs-methodologie. Identité documentée.
023000,,0230,,,aggregated,NOGA_2008 → NACE_2.0 ; broadMatch ; source=ofs-noga2008. Validation métier requise ; aucune équivalence exacte affirmée.
024,,024,,,exact,NOGA_2008 → NACE_2.0 ; exactMatch ; source=ofs-methodologie. Identité documentée.
0240,,0240,,,exact,NOGA_2008 → NACE_2.0 ; exactMatch ; source=ofs-methodologie. Identité documentée.
024000,,0240,,,aggregated,NOGA_2008 → NACE_2.0 ; broadMatch ; source=ofs-noga2008. Validation métier requise ; aucune équivalence exacte affirmée.
03,,03,,,exact,NOGA_2008 → NACE_2.0 ; exactMatch ; source=ofs-methodologie. Identité documentée.
031,,031,,,exact,NOGA_2008 → NACE_2.0 ; exactMatch ; source=ofs-methodologie. Identité documentée.
0311,,0311,,,exact,NOGA_2008 → NACE_2.0 ; exactMatch ; source=ofs-methodologie. Identité documentée.
031100,,0311,,,aggregated,NOGA_2008 → NACE_2.0 ; broadMatch ; source=ofs-noga2008. Validation métier requise ; aucune équivalence exacte affirmée.
0312,,0312,,,exact,NOGA_2008 → NACE_2.0 ; exactMatch ; source=ofs-methodologie. Identité documentée.
031200,,0312,,,aggregated,NOGA_2008 → NACE_2.0 ; broadMatch ; source=ofs-noga2008. Validation métier requise ; aucune équivalence exacte affirmée.
032,,032,,,exact,NOGA_2008 → NACE_2.0 ; exactMatch ; source=ofs-methodologie. Identité documentée.
0321,,0321,,,exact,NOGA_2008 → NACE_2.0 ; exactMatch ; source=ofs-methodologie. Identité documentée.
032100,,0321,,,aggregated,NOGA_2008 → NACE_2.0 ; broadMatch ; source=ofs-noga2008. Validation métier requise ; aucune équivalence exacte affirmée.
0322,,0322,,,exact,NOGA_2008 → NACE_2.0 ; exactMatch ; source=ofs-methodologie. Identité documentée.
032200,,0322,,,aggregated,NOGA_2008 → NACE_2.0 ; broadMatch ; source=ofs-noga2008. Validation métier requise ; aucune équivalence exacte affirmée.
05,,05,,,exact,NOGA_2008 → NACE_2.0 ; exactMatch ; source=ofs-methodologie. Identité documentée.
051,,051,,,exact,NOGA_2008 → NACE_2.0 ; exactMatch ; source=ofs-methodologie. Identité documentée.
0510,,0510,,,exact,NOGA_2008 → NACE_2.0 ; exactMatch ; source=ofs-methodologie. Identité documentée.
051000,,0510,,,aggregated,NOGA_2008 → NACE_2.0 ; broadMatch ; source=ofs-noga2008. Validation métier requise ; aucune équivalence exacte affirmée.
052,,052,,,exact,NOGA_2008 → NACE_2.0 ; exactMatch ; source=ofs-methodologie. Identité documentée.
0520,,0520,,,exact,NOGA_2008 → NACE_2.0 ; exactMatch ; source=ofs-methodologie. Identité documentée.
052000,,0520,,,aggregated,NOGA_2008 → NACE_2.0 ; broadMatch ; source=ofs-noga2008. Validation métier requise ; aucune équivalence exacte affirmée.
06,,06,,,exact,NOGA_2008 → NACE_2.0 ; exactMatch ; source=ofs-methodologie. Identité documentée.
061,,061,,,exact,NOGA_2008 → NACE_2.0 ; exactMatch ; source=ofs-methodologie. Identité documentée.
0610,,0610,,,exact,NOGA_2008 → NACE_2.0 ; exactMatch ; source=ofs-methodologie. Identité documentée.
061000,,0610,,,aggregated,NOGA_2008 → NACE_2.0 ; broadMatch ; source=ofs-noga2008. Validation métier requise ; aucune équivalence exacte affirmée.
062,,062,,,exact,NOGA_2008 → NACE_2.0 ; exactMatch ; source=ofs-methodologie. Identité documentée.
0620,,0620,,,exact,NOGA_2008 → NACE_2.0 ; exactMatch ; source=ofs-methodologie. Identité documentée.
062000,,0620,,,aggregated,NOGA_2008 → NACE_2.0 ; broadMatch ; source=ofs-noga2008. Validation métier requise ; aucune équivalence exacte affirmée.
07,,07,,,exact,NOGA_2008 → NACE_2.0 ; exactMatch ; source=ofs-methodologie. Identité documentée.
071,,071,,,exact,NOGA_2008 → NACE_2.0 ; exactMatch ; source=ofs-methodologie. Identité documentée.
0710,,0710,,,exact,NOGA_2008 → NACE_2.0 ; exactMatch ; source=ofs-methodologie. Identité documentée.
071000,,0710,,,aggregated,NOGA_2008 → NACE_2.0 ; broadMatch ; source=ofs-noga2008. Validation métier requise ; aucune équivalence exacte affirmée.
072,,072,,,exact,NOGA_2008 → NACE_2.0 ; exactMatch ; source=ofs-methodologie. Identité documentée.
0721,,0721,,,exact,NOGA_2008 → NACE_2.0 ; exactMatch ; source=ofs-methodologie. Identité documentée.
072100,,0721,,,aggregated,NOGA_2008 → NACE_2.0 ; broadMatch ; source=ofs-noga2008. Validation métier requise ; aucune équivalence exacte affirmée.
0729,,0729,,,exact,NOGA_2008 → NACE_2.0 ; exactMatch ; source=ofs-methodologie. Identité documentée.
072900,,0729,,,aggregated,NOGA_2008 → NACE_2.0 ; broadMatch ; source=ofs-noga2008. Validation métier requise ; aucune équivalence exacte affirmée.
08,,08,,,exact,NOGA_2008 → NACE_2.0 ; exactMatch ; source=ofs-methodologie. Identité documentée.
081,,081,,,exact,NOGA_2008 → NACE_2.0 ; exactMatch ; source=ofs-methodologie. Identité documentée.
0811,,0811,,,exact,NOGA_2008 → NACE_2.0 ; exactMatch ; source=ofs-methodologie. Identité documentée.
081100,,0811,,,aggregated,NOGA_2008 → NACE_2.0 ; broadMatch ; source=ofs-noga2008. Validation métier requise ; aucune équivalence exacte affirmée.
0812,,0812,,,exact,NOGA_2008 → NACE_2.0 ; exactMatch ; source=ofs-methodologie. Identité documentée.
081200,,0812,,,aggregated,NOGA_2008 → NACE_2.0 ; broadMatch ; source=ofs-noga2008. Validation métier requise ; aucune équivalence exacte affirmée.
089,,089,,,exact,NOGA_2008 → NACE_2.0 ; exactMatch ; source=ofs-methodologie. Identité documentée.
0891,,0891,,,exact,NOGA_2008 → NACE_2.0 ; exactMatch ; source=ofs-methodologie. Identité documentée.
089100,,0891,,,aggregated,NOGA_2008 → NACE_2.0 ; broadMatch ; source=ofs-noga2008. Validation métier requise ; aucune équivalence exacte affirmée.
0892,,0892,,,exact,NOGA_2008 → NACE_2.0 ; exactMatch ; source=ofs-methodologie. Identité documentée.
089200,,0892,,,aggregated,NOGA_2008 → NACE_2.0 ; broadMatch ; source=ofs-noga2008. Validation métier requise ; aucune équivalence exacte affirmée.
0893,,0893,,,exact,NOGA_2008 → NACE_2.0 ; exactMatch ; source=ofs-methodologie. Identité documentée.
089300,,0893,,,aggregated,NOGA_2008 → NACE_2.0 ; broadMatch ; source=ofs-noga2008. Validation métier requise ; aucune équivalence exacte affirmée.
0899,,0899,,,exact,NOGA_2008 → NACE_2.0 ; exactMatch ; source=ofs-methodologie. Identité documentée.
089900,,0899,,,aggregated,NOGA_2008 → NACE_2.0 ; broadMatch ; source=ofs-noga2008. Validation métier requise ; aucune équivalence exacte affirmée.
09,,09,,,exact,NOGA_2008 → NACE_2.0 ; exactMatch ; source=ofs-methodologie. Identité documentée.
091,,091,,,exact,NOGA_2008 → NACE_2.0 ; exactMatch ; source=ofs-methodologie. Identité documentée.
0910,,0910,,,exact,NOGA_2008 → NACE_2.0 ; exactMatch ; source=ofs-methodologie. Identité documentée.
091000,,0910,,,aggregated,NOGA_2008 → NACE_2.0 ; broadMatch ; source=ofs-noga2008. Validation métier requise ; aucune équivalence exacte affirmée.
099,,099,,,exact,NOGA_2008 → NACE_2.0 ; exactMatch ; source=ofs-methodologie. Identité documentée.
0990,,0990,,,exact,NOGA_2008 → NACE_2.0 ; exactMatch ; source=ofs-methodologie. Identité documentée.
099000,,0990,,,aggregated,NOGA_2008 → NACE_2.0 ; broadMatch ; source=ofs-noga2008. Validation métier requise ; aucune équivalence exacte affirmée.
10,,10,,,exact,NOGA_2008 → NACE_2.0 ; exactMatch ; source=ofs-methodologie. Identité documentée.
101,,101,,,exact,NOGA_2008 → NACE_2.0 ; exactMatch ; source=ofs-methodologie. Identité documentée.
1011,,1011,,,exact,NOGA_2008 → NACE_2.0 ; exactMatch ; source=ofs-methodologie. Identité documentée.
101100,,1011,,,aggregated,NOGA_2008 → NACE_2.0 ; broadMatch ; source=ofs-noga2008. Validation métier requise ; aucune équivalence exacte affirmée.
1012,,1012,,,exact,NOGA_2008 → NACE_2.0 ; exactMatch ; source=ofs-methodologie. Identité documentée.
101200,,1012,,,aggregated,NOGA_2008 → NACE_2.0 ; broadMatch ; source=ofs-noga2008. Validation métier requise ; aucune équivalence exacte affirmée.
1013,,1013,,,exact,NOGA_2008 → NACE_2.0 ; exactMatch ; source=ofs-methodologie. Identité documentée.
101300,,1013,,,aggregated,NOGA_2008 → NACE_2.0 ; broadMatch ; source=ofs-noga2008. Validation métier requise ; aucune équivalence exacte affirmée.
102,,102,,,exact,NOGA_2008 → NACE_2.0 ; exactMatch ; source=ofs-methodologie. Identité documentée.
1020,,1020,,,exact,NOGA_2008 → NACE_2.0 ; exactMatch ; source=ofs-methodologie. Identité documentée.
102000,,1020,,,aggregated,NOGA_2008 → NACE_2.0 ; broadMatch ; source=ofs-noga2008. Validation métier requise ; aucune équivalence exacte affirmée.
103,,103,,,exact,NOGA_2008 → NACE_2.0 ; exactMatch ; source=ofs-methodologie. Identité documentée.
1031,,1031,,,exact,NOGA_2008 → NACE_2.0 ; exactMatch ; source=ofs-methodologie. Identité documentée.
103100,,1031,,,aggregated,NOGA_2008 → NACE_2.0 ; broadMatch ; source=ofs-noga2008. Validation métier requise ; aucune équivalence exacte affirmée.
1032,,1032,,,exact,NOGA_2008 → NACE_2.0 ; exactMatch ; source=ofs-methodologie. Identité documentée.
103200,,1032,,,aggregated,NOGA_2008 → NACE_2.0 ; broadMatch ; source=ofs-noga2008. Validation métier requise ; aucune équivalence exacte affirmée.
1039,,1039,,,exact,NOGA_2008 → NACE_2.0 ; exactMatch ; source=ofs-methodologie. Identité documentée.
103900,,1039,,,aggregated,NOGA_2008 → NACE_2.0 ; broadMatch ; source=ofs-noga2008. Validation métier requise ; aucune équivalence exacte affirmée.
104,,104,,,exact,NOGA_2008 → NACE_2.0 ; exactMatch ; source=ofs-methodologie. Identité documentée.
1041,,1041,,,exact,NOGA_2008 → NACE_2.0 ; exactMatch ; source=ofs-methodologie. Identité documentée.
104100,,1041,,,aggregated,NOGA_2008 → NACE_2.0 ; broadMatch ; source=ofs-noga2008. Validation métier requise ; aucune équivalence exacte affirmée.
1042,,1042,,,exact,NOGA_2008 → NACE_2.0 ; exactMatch ; source=ofs-methodologie. Identité documentée.
104200,,1042,,,aggregated,NOGA_2008 → NACE_2.0 ; broadMatch ; source=ofs-noga2008. Validation métier requise ; aucune équivalence exacte affirmée.
105,,105,,,exact,NOGA_2008 → NACE_2.0 ; exactMatch ; source=ofs-methodologie. Identité documentée.
1051,,1051,,,exact,NOGA_2008 → NACE_2.0 ; exactMatch ; source=ofs-methodologie. Identité documentée.
105101,,1051,,,aggregated,NOGA_2008 → NACE_2.0 ; broadMatch ; source=ofs-noga2008. Validation métier requise ; aucune équivalence exacte affirmée.
105102,,1051,,,aggregated,NOGA_2008 → NACE_2.0 ; broadMatch ; source=ofs-noga2008. Validation métier requise ; aucune équivalence exacte affirmée.
105103,,1051,,,aggregated,NOGA_2008 → NACE_2.0 ; broadMatch ; source=ofs-noga2008. Validation métier requise ; aucune équivalence exacte affirmée.
1052,,1052,,,exact,NOGA_2008 → NACE_2.0 ; exactMatch ; source=ofs-methodologie. Identité documentée.
105200,,1052,,,aggregated,NOGA_2008 → NACE_2.0 ; broadMatch ; source=ofs-noga2008. Validation métier requise ; aucune équivalence exacte affirmée.
106,,106,,,exact,NOGA_2008 → NACE_2.0 ; exactMatch ; source=ofs-methodologie. Identité documentée.
1061,,1061,,,exact,NOGA_2008 → NACE_2.0 ; exactMatch ; source=ofs-methodologie. Identité documentée.
106100,,1061,,,aggregated,NOGA_2008 → NACE_2.0 ; broadMatch ; source=ofs-noga2008. Validation métier requise ; aucune équivalence exacte affirmée.
1062,,1062,,,exact,NOGA_2008 → NACE_2.0 ; exactMatch ; source=ofs-methodologie. Identité documentée.
106200,,1062,,,aggregated,NOGA_2008 → NACE_2.0 ; broadMatch ; source=ofs-noga2008. Validation métier requise ; aucune équivalence exacte affirmée.
107,,107,,,exact,NOGA_2008 → NACE_2.0 ; exactMatch ; source=ofs-methodologie. Identité documentée.
1071,,1071,,,exact,NOGA_2008 → NACE_2.0 ; exactMatch ; source=ofs-methodologie. Identité documentée.
107100,,1071,,,aggregated,NOGA_2008 → NACE_2.0 ; broadMatch ; source=ofs-noga2008. Validation métier requise ; aucune équivalence exacte affirmée.
1072,,1072,,,exact,NOGA_2008 → NACE_2.0 ; exactMatch ; source=ofs-methodologie. Identité documentée.
107200,,1072,,,aggregated,NOGA_2008 → NACE_2.0 ; broadMatch ; source=ofs-noga2008. Validation métier requise ; aucune équivalence exacte affirmée.
1073,,1073,,,exact,NOGA_2008 → NACE_2.0 ; exactMatch ; source=ofs-methodologie. Identité documentée.
107300,,1073,,,aggregated,NOGA_2008 → NACE_2.0 ; broadMatch ; source=ofs-noga2008. Validation métier requise ; aucune équivalence exacte affirmée.
108,,108,,,exact,NOGA_2008 → NACE_2.0 ; exactMatch ; source=ofs-methodologie. Identité documentée.
1081,,1081,,,exact,NOGA_2008 → NACE_2.0 ; exactMatch ; source=ofs-methodologie. Identité documentée.
108100,,1081,,,aggregated,NOGA_2008 → NACE_2.0 ; broadMatch ; source=ofs-noga2008. Validation métier requise ; aucune équivalence exacte affirmée.
1082,,1082,,,exact,NOGA_2008 → NACE_2.0 ; exactMatch ; source=ofs-methodologie. Identité documentée.
108201,,1082,,,aggregated,NOGA_2008 → NACE_2.0 ; broadMatch ; source=ofs-noga2008. Validation métier requise ; aucune équivalence exacte affirmée.
108202,,1082,,,aggregated,NOGA_2008 → NACE_2.0 ; broadMatch ; source=ofs-noga2008. Validation métier requise ; aucune équivalence exacte affirmée.
1083,,1083,,,exact,NOGA_2008 → NACE_2.0 ; exactMatch ; source=ofs-methodologie. Identité documentée.
108300,,1083,,,aggregated,NOGA_2008 → NACE_2.0 ; broadMatch ; source=ofs-noga2008. Validation métier requise ; aucune équivalence exacte affirmée.
1084,,1084,,,exact,NOGA_2008 → NACE_2.0 ; exactMatch ; source=ofs-methodologie. Identité documentée.
108400,,1084,,,aggregated,NOGA_2008 → NACE_2.0 ; broadMatch ; source=ofs-noga2008. Validation métier requise ; aucune équivalence exacte affirmée.
1085,,1085,,,exact,NOGA_2008 → NACE_2.0 ; exactMatch ; source=ofs-methodologie. Identité documentée.
108500,,1085,,,aggregated,NOGA_2008 → NACE_2.0 ; broadMatch ; source=ofs-noga2008. Validation métier requise ; aucune équivalence exacte affirmée.
1086,,1086,,,exact,NOGA_2008 → NACE_2.0 ; exactMatch ; source=ofs-methodologie. Identité documentée.
108600,,1086,,,aggregated,NOGA_2008 → NACE_2.0 ; broadMatch ; source=ofs-noga2008. Validation métier requise ; aucune équivalence exacte affirmée.
1089,,1089,,,exact,NOGA_2008 → NACE_2.0 ; exactMatch ; source=ofs-methodologie. Identité documentée.
108900,,1089,,,aggregated,NOGA_2008 → NACE_2.0 ; broadMatch ; source=ofs-noga2008. Validation métier requise ; aucune équivalence exacte affirmée.
109,,109,,,exact,NOGA_2008 → NACE_2.0 ; exactMatch ; source=ofs-methodologie. Identité documentée.
1091,,1091,,,exact,NOGA_2008 → NACE_2.0 ; exactMatch ; source=ofs-methodologie. Identité documentée.
109100,,1091,,,aggregated,NOGA_2008 → NACE_2.0 ; broadMatch ; source=ofs-noga2008. Validation métier requise ; aucune équivalence exacte affirmée.
1092,,1092,,,exact,NOGA_2008 → NACE_2.0 ; exactMatch ; source=ofs-methodologie. Identité documentée.
109200,,1092,,,aggregated,NOGA_2008 → NACE_2.0 ; broadMatch ; source=ofs-noga2008. Validation métier requise ; aucune équivalence exacte affirmée.
11,,11,,,exact,NOGA_2008 → NACE_2.0 ; exactMatch ; source=ofs-methodologie. Identité documentée.
110,,110,,,exact,NOGA_2008 → NACE_2.0 ; exactMatch ; source=ofs-methodologie. Identité documentée.
1101,,1101,,,exact,NOGA_2008 → NACE_2.0 ; exactMatch ; source=ofs-methodologie. Identité documentée.
110100,,1101,,,aggregated,NOGA_2008 → NACE_2.0 ; broadMatch ; source=ofs-noga2008. Validation métier requise ; aucune équivalence exacte affirmée.
1102,,1102,,,exact,NOGA_2008 → NACE_2.0 ; exactMatch ; source=ofs-methodologie. Identité documentée.
110200,,1102,,,aggregated,NOGA_2008 → NACE_2.0 ; broadMatch ; source=ofs-noga2008. Validation métier requise ; aucune équivalence exacte affirmée.
1103,,1103,,,exact,NOGA_2008 → NACE_2.0 ; exactMatch ; source=ofs-methodologie. Identité documentée.
110300,,1103,,,aggregated,NOGA_2008 → NACE_2.0 ; broadMatch ; source=ofs-noga2008. Validation métier requise ; aucune équivalence exacte affirmée.
1104,,1104,,,exact,NOGA_2008 → NACE_2.0 ; exactMatch ; source=ofs-methodologie. Identité documentée.
110400,,1104,,,aggregated,NOGA_2008 → NACE_2.0 ; broadMatch ; source=ofs-noga2008. Validation métier requise ; aucune équivalence exacte affirmée.
1105,,1105,,,exact,NOGA_2008 → NACE_2.0 ; exactMatch ; source=ofs-methodologie. Identité documentée.
110500,,1105,,,aggregated,NOGA_2008 → NACE_2.0 ; broadMatch ; source=ofs-noga2008. Validation métier requise ; aucune équivalence exacte affirmée.
1106,,1106,,,exact,NOGA_2008 → NACE_2.0 ; exactMatch ; source=ofs-methodologie. Identité documentée.
110600,,1106,,,aggregated,NOGA_2008 → NACE_2.0 ; broadMatch ; source=ofs-noga2008. Validation métier requise ; aucune équivalence exacte affirmée.
1107,,1107,,,exact,NOGA_2008 → NACE_2.0 ; exactMatch ; source=ofs-methodologie. Identité documentée.
110700,,1107,,,aggregated,NOGA_2008 → NACE_2.0 ; broadMatch ; source=ofs-noga2008. Validation métier requise ; aucune équivalence exacte affirmée.
12,,12,,,exact,NOGA_2008 → NACE_2.0 ; exactMatch ; source=ofs-methodologie. Identité documentée.
120,,120,,,exact,NOGA_2008 → NACE_2.0 ; exactMatch ; source=ofs-methodologie. Identité documentée.
1200,,1200,,,exact,NOGA_2008 → NACE_2.0 ; exactMatch ; source=ofs-methodologie. Identité documentée.
120000,,1200,,,aggregated,NOGA_2008 → NACE_2.0 ; broadMatch ; source=ofs-noga2008. Validation métier requise ; aucune équivalence exacte affirmée.
13,,13,,,exact,NOGA_2008 → NACE_2.0 ; exactMatch ; source=ofs-methodologie. Identité documentée.
131,,131,,,exact,NOGA_2008 → NACE_2.0 ; exactMatch ; source=ofs-methodologie. Identité documentée.
1310,,1310,,,exact,NOGA_2008 → NACE_2.0 ; exactMatch ; source=ofs-methodologie. Identité documentée.
131001,,1310,,,aggregated,NOGA_2008 → NACE_2.0 ; broadMatch ; source=ofs-noga2008. Validation métier requise ; aucune équivalence exacte affirmée.
131002,,1310,,,aggregated,NOGA_2008 → NACE_2.0 ; broadMatch ; source=ofs-noga2008. Validation métier requise ; aucune équivalence exacte affirmée.
131003,,1310,,,aggregated,NOGA_2008 → NACE_2.0 ; broadMatch ; source=ofs-noga2008. Validation métier requise ; aucune équivalence exacte affirmée.
131004,,1310,,,aggregated,NOGA_2008 → NACE_2.0 ; broadMatch ; source=ofs-noga2008. Validation métier requise ; aucune équivalence exacte affirmée.
132,,132,,,exact,NOGA_2008 → NACE_2.0 ; exactMatch ; source=ofs-methodologie. Identité documentée.
1320,,1320,,,exact,NOGA_2008 → NACE_2.0 ; exactMatch ; source=ofs-methodologie. Identité documentée.
132001,,1320,,,aggregated,NOGA_2008 → NACE_2.0 ; broadMatch ; source=ofs-noga2008. Validation métier requise ; aucune équivalence exacte affirmée.
132002,,1320,,,aggregated,NOGA_2008 → NACE_2.0 ; broadMatch ; source=ofs-noga2008. Validation métier requise ; aucune équivalence exacte affirmée.
132003,,1320,,,aggregated,NOGA_2008 → NACE_2.0 ; broadMatch ; source=ofs-noga2008. Validation métier requise ; aucune équivalence exacte affirmée.
133,,133,,,exact,NOGA_2008 → NACE_2.0 ; exactMatch ; source=ofs-methodologie. Identité documentée.
1330,,1330,,,exact,NOGA_2008 → NACE_2.0 ; exactMatch ; source=ofs-methodologie. Identité documentée.
133000,,1330,,,aggregated,NOGA_2008 → NACE_2.0 ; broadMatch ; source=ofs-noga2008. Validation métier requise ; aucune équivalence exacte affirmée.
139,,139,,,exact,NOGA_2008 → NACE_2.0 ; exactMatch ; source=ofs-methodologie. Identité documentée.
1391,,1391,,,exact,NOGA_2008 → NACE_2.0 ; exactMatch ; source=ofs-methodologie. Identité documentée.
139100,,1391,,,aggregated,NOGA_2008 → NACE_2.0 ; broadMatch ; source=ofs-noga2008. Validation métier requise ; aucune équivalence exacte affirmée.
1392,,1392,,,exact,NOGA_2008 → NACE_2.0 ; exactMatch ; source=ofs-methodologie. Identité documentée.
139201,,1392,,,aggregated,NOGA_2008 → NACE_2.0 ; broadMatch ; source=ofs-noga2008. Validation métier requise ; aucune équivalence exacte affirmée.
139202,,1392,,,aggregated,NOGA_2008 → NACE_2.0 ; broadMatch ; source=ofs-noga2008. Validation métier requise ; aucune équivalence exacte affirmée.
139203,,1392,,,aggregated,NOGA_2008 → NACE_2.0 ; broadMatch ; source=ofs-noga2008. Validation métier requise ; aucune équivalence exacte affirmée.
1393,,1393,,,exact,NOGA_2008 → NACE_2.0 ; exactMatch ; source=ofs-methodologie. Identité documentée.
139300,,1393,,,aggregated,NOGA_2008 → NACE_2.0 ; broadMatch ; source=ofs-noga2008. Validation métier requise ; aucune équivalence exacte affirmée.
1394,,1394,,,exact,NOGA_2008 → NACE_2.0 ; exactMatch ; source=ofs-methodologie. Identité documentée.
139400,,1394,,,aggregated,NOGA_2008 → NACE_2.0 ; broadMatch ; source=ofs-noga2008. Validation métier requise ; aucune équivalence exacte affirmée.
1395,,1395,,,exact,NOGA_2008 → NACE_2.0 ; exactMatch ; source=ofs-methodologie. Identité documentée.
139500,,1395,,,aggregated,NOGA_2008 → NACE_2.0 ; broadMatch ; source=ofs-noga2008. Validation métier requise ; aucune équivalence exacte affirmée.
1396,,1396,,,exact,NOGA_2008 → NACE_2.0 ; exactMatch ; source=ofs-methodologie. Identité documentée.
139600,,1396,,,aggregated,NOGA_2008 → NACE_2.0 ; broadMatch ; source=ofs-noga2008. Validation métier requise ; aucune équivalence exacte affirmée.
1399,,1399,,,exact,NOGA_2008 → NACE_2.0 ; exactMatch ; source=ofs-methodologie. Identité documentée.
139901,,1399,,,aggregated,NOGA_2008 → NACE_2.0 ; broadMatch ; source=ofs-noga2008. Validation métier requise ; aucune équivalence exacte affirmée.
139902,,1399,,,aggregated,NOGA_2008 → NACE_2.0 ; broadMatch ; source=ofs-noga2008. Validation métier requise ; aucune équivalence exacte affirmée.
139903,,1399,,,aggregated,NOGA_2008 → NACE_2.0 ; broadMatch ; source=ofs-noga2008. Validation métier requise ; aucune équivalence exacte affirmée.
14,,14,,,exact,NOGA_2008 → NACE_2.0 ; exactMatch ; source=ofs-methodologie. Identité documentée.
141,,141,,,exact,NOGA_2008 → NACE_2.0 ; exactMatch ; source=ofs-methodologie. Identité documentée.
1411,,1411,,,exact,NOGA_2008 → NACE_2.0 ; exactMatch ; source=ofs-methodologie. Identité documentée.
141100,,1411,,,aggregated,NOGA_2008 → NACE_2.0 ; broadMatch ; source=ofs-noga2008. Validation métier requise ; aucune équivalence exacte affirmée.
1412,,1412,,,exact,NOGA_2008 → NACE_2.0 ; exactMatch ; source=ofs-methodologie. Identité documentée.
141200,,1412,,,aggregated,NOGA_2008 → NACE_2.0 ; broadMatch ; source=ofs-noga2008. Validation métier requise ; aucune équivalence exacte affirmée.
1413,,1413,,,exact,NOGA_2008 → NACE_2.0 ; exactMatch ; source=ofs-methodologie. Identité documentée.
141301,,1413,,,aggregated,NOGA_2008 → NACE_2.0 ; broadMatch ; source=ofs-noga2008. Validation métier requise ; aucune équivalence exacte affirmée.
141302,,1413,,,aggregated,NOGA_2008 → NACE_2.0 ; broadMatch ; source=ofs-noga2008. Validation métier requise ; aucune équivalence exacte affirmée.
141303,,1413,,,aggregated,NOGA_2008 → NACE_2.0 ; broadMatch ; source=ofs-noga2008. Validation métier requise ; aucune équivalence exacte affirmée.
1414,,1414,,,exact,NOGA_2008 → NACE_2.0 ; exactMatch ; source=ofs-methodologie. Identité documentée.
141401,,1414,,,aggregated,NOGA_2008 → NACE_2.0 ; broadMatch ; source=ofs-noga2008. Validation métier requise ; aucune équivalence exacte affirmée.
141402,,1414,,,aggregated,NOGA_2008 → NACE_2.0 ; broadMatch ; source=ofs-noga2008. Validation métier requise ; aucune équivalence exacte affirmée.
141403,,1414,,,aggregated,NOGA_2008 → NACE_2.0 ; broadMatch ; source=ofs-noga2008. Validation métier requise ; aucune équivalence exacte affirmée.
1419,,1419,,,exact,NOGA_2008 → NACE_2.0 ; exactMatch ; source=ofs-methodologie. Identité documentée.
141900,,1419,,,aggregated,NOGA_2008 → NACE_2.0 ; broadMatch ; source=ofs-noga2008. Validation métier requise ; aucune équivalence exacte affirmée.
142,,142,,,exact,NOGA_2008 → NACE_2.0 ; exactMatch ; source=ofs-methodologie. Identité documentée.
1420,,1420,,,exact,NOGA_2008 → NACE_2.0 ; exactMatch ; source=ofs-methodologie. Identité documentée.
142000,,1420,,,aggregated,NOGA_2008 → NACE_2.0 ; broadMatch ; source=ofs-noga2008. Validation métier requise ; aucune équivalence exacte affirmée.
143,,143,,,exact,NOGA_2008 → NACE_2.0 ; exactMatch ; source=ofs-methodologie. Identité documentée.
1431,,1431,,,exact,NOGA_2008 → NACE_2.0 ; exactMatch ; source=ofs-methodologie. Identité documentée.
143100,,1431,,,aggregated,NOGA_2008 → NACE_2.0 ; broadMatch ; source=ofs-noga2008. Validation métier requise ; aucune équivalence exacte affirmée.
1439,,1439,,,exact,NOGA_2008 → NACE_2.0 ; exactMatch ; source=ofs-methodologie. Identité documentée.
143900,,1439,,,aggregated,NOGA_2008 → NACE_2.0 ; broadMatch ; source=ofs-noga2008. Validation métier requise ; aucune équivalence exacte affirmée.
15,,15,,,exact,NOGA_2008 → NACE_2.0 ; exactMatch ; source=ofs-methodologie. Identité documentée.
151,,151,,,exact,NOGA_2008 → NACE_2.0 ; exactMatch ; source=ofs-methodologie. Identité documentée.
1511,,1511,,,exact,NOGA_2008 → NACE_2.0 ; exactMatch ; source=ofs-methodologie. Identité documentée.
151100,,1511,,,aggregated,NOGA_2008 → NACE_2.0 ; broadMatch ; source=ofs-noga2008. Validation métier requise ; aucune équivalence exacte affirmée.
1512,,1512,,,exact,NOGA_2008 → NACE_2.0 ; exactMatch ; source=ofs-methodologie. Identité documentée.
151200,,1512,,,aggregated,NOGA_2008 → NACE_2.0 ; broadMatch ; source=ofs-noga2008. Validation métier requise ; aucune équivalence exacte affirmée.
152,,152,,,exact,NOGA_2008 → NACE_2.0 ; exactMatch ; source=ofs-methodologie. Identité documentée.
1520,,1520,,,exact,NOGA_2008 → NACE_2.0 ; exactMatch ; source=ofs-methodologie. Identité documentée.
152000,,1520,,,aggregated,NOGA_2008 → NACE_2.0 ; broadMatch ; source=ofs-noga2008. Validation métier requise ; aucune équivalence exacte affirmée.
16,,16,,,exact,NOGA_2008 → NACE_2.0 ; exactMatch ; source=ofs-methodologie. Identité documentée.
161,,161,,,exact,NOGA_2008 → NACE_2.0 ; exactMatch ; source=ofs-methodologie. Identité documentée.
1610,,1610,,,exact,NOGA_2008 → NACE_2.0 ; exactMatch ; source=ofs-methodologie. Identité documentée.
161001,,1610,,,aggregated,NOGA_2008 → NACE_2.0 ; broadMatch ; source=ofs-noga2008. Validation métier requise ; aucune équivalence exacte affirmée.
161002,,1610,,,aggregated,NOGA_2008 → NACE_2.0 ; broadMatch ; source=ofs-noga2008. Validation métier requise ; aucune équivalence exacte affirmée.
161003,,1610,,,aggregated,NOGA_2008 → NACE_2.0 ; broadMatch ; source=ofs-noga2008. Validation métier requise ; aucune équivalence exacte affirmée.
162,,162,,,exact,NOGA_2008 → NACE_2.0 ; exactMatch ; source=ofs-methodologie. Identité documentée.
1621,,1621,,,exact,NOGA_2008 → NACE_2.0 ; exactMatch ; source=ofs-methodologie. Identité documentée.
162100,,1621,,,aggregated,NOGA_2008 → NACE_2.0 ; broadMatch ; source=ofs-noga2008. Validation métier requise ; aucune équivalence exacte affirmée.
1622,,1622,,,exact,NOGA_2008 → NACE_2.0 ; exactMatch ; source=ofs-methodologie. Identité documentée.
162200,,1622,,,aggregated,NOGA_2008 → NACE_2.0 ; broadMatch ; source=ofs-noga2008. Validation métier requise ; aucune équivalence exacte affirmée.
1623,,1623,,,exact,NOGA_2008 → NACE_2.0 ; exactMatch ; source=ofs-methodologie. Identité documentée.
162301,,1623,,,aggregated,NOGA_2008 → NACE_2.0 ; broadMatch ; source=ofs-noga2008. Validation métier requise ; aucune équivalence exacte affirmée.
162302,,1623,,,aggregated,NOGA_2008 → NACE_2.0 ; broadMatch ; source=ofs-noga2008. Validation métier requise ; aucune équivalence exacte affirmée.
162303,,1623,,,aggregated,NOGA_2008 → NACE_2.0 ; broadMatch ; source=ofs-noga2008. Validation métier requise ; aucune équivalence exacte affirmée.
1624,,1624,,,exact,NOGA_2008 → NACE_2.0 ; exactMatch ; source=ofs-methodologie. Identité documentée.
162400,,1624,,,aggregated,NOGA_2008 → NACE_2.0 ; broadMatch ; source=ofs-noga2008. Validation métier requise ; aucune équivalence exacte affirmée.
1629,,1629,,,exact,NOGA_2008 → NACE_2.0 ; exactMatch ; source=ofs-methodologie. Identité documentée.
162900,,1629,,,aggregated,NOGA_2008 → NACE_2.0 ; broadMatch ; source=ofs-noga2008. Validation métier requise ; aucune équivalence exacte affirmée.
17,,17,,,exact,NOGA_2008 → NACE_2.0 ; exactMatch ; source=ofs-methodologie. Identité documentée.
171,,171,,,exact,NOGA_2008 → NACE_2.0 ; exactMatch ; source=ofs-methodologie. Identité documentée.
1711,,1711,,,exact,NOGA_2008 → NACE_2.0 ; exactMatch ; source=ofs-methodologie. Identité documentée.
171100,,1711,,,aggregated,NOGA_2008 → NACE_2.0 ; broadMatch ; source=ofs-noga2008. Validation métier requise ; aucune équivalence exacte affirmée.
1712,,1712,,,exact,NOGA_2008 → NACE_2.0 ; exactMatch ; source=ofs-methodologie. Identité documentée.
171200,,1712,,,aggregated,NOGA_2008 → NACE_2.0 ; broadMatch ; source=ofs-noga2008. Validation métier requise ; aucune équivalence exacte affirmée.
172,,172,,,exact,NOGA_2008 → NACE_2.0 ; exactMatch ; source=ofs-methodologie. Identité documentée.
1721,,1721,,,exact,NOGA_2008 → NACE_2.0 ; exactMatch ; source=ofs-methodologie. Identité documentée.
172100,,1721,,,aggregated,NOGA_2008 → NACE_2.0 ; broadMatch ; source=ofs-noga2008. Validation métier requise ; aucune équivalence exacte affirmée.
1722,,1722,,,exact,NOGA_2008 → NACE_2.0 ; exactMatch ; source=ofs-methodologie. Identité documentée.
172200,,1722,,,aggregated,NOGA_2008 → NACE_2.0 ; broadMatch ; source=ofs-noga2008. Validation métier requise ; aucune équivalence exacte affirmée.
1723,,1723,,,exact,NOGA_2008 → NACE_2.0 ; exactMatch ; source=ofs-methodologie. Identité documentée.
172300,,1723,,,aggregated,NOGA_2008 → NACE_2.0 ; broadMatch ; source=ofs-noga2008. Validation métier requise ; aucune équivalence exacte affirmée.
1724,,1724,,,exact,NOGA_2008 → NACE_2.0 ; exactMatch ; source=ofs-methodologie. Identité documentée.
172400,,1724,,,aggregated,NOGA_2008 → NACE_2.0 ; broadMatch ; source=ofs-noga2008. Validation métier requise ; aucune équivalence exacte affirmée.
1729,,1729,,,exact,NOGA_2008 → NACE_2.0 ; exactMatch ; source=ofs-methodologie. Identité documentée.
172900,,1729,,,aggregated,NOGA_2008 → NACE_2.0 ; broadMatch ; source=ofs-noga2008. Validation métier requise ; aucune équivalence exacte affirmée.
18,,18,,,exact,NOGA_2008 → NACE_2.0 ; exactMatch ; source=ofs-methodologie. Identité documentée.
181,,181,,,exact,NOGA_2008 → NACE_2.0 ; exactMatch ; source=ofs-methodologie. Identité documentée.
1811,,1811,,,exact,NOGA_2008 → NACE_2.0 ; exactMatch ; source=ofs-methodologie. Identité documentée.
181100,,1811,,,aggregated,NOGA_2008 → NACE_2.0 ; broadMatch ; source=ofs-noga2008. Validation métier requise ; aucune équivalence exacte affirmée.
1812,,1812,,,exact,NOGA_2008 → NACE_2.0 ; exactMatch ; source=ofs-methodologie. Identité documentée.
181201,,1812,,,aggregated,NOGA_2008 → NACE_2.0 ; broadMatch ; source=ofs-noga2008. Validation métier requise ; aucune équivalence exacte affirmée.
181202,,1812,,,aggregated,NOGA_2008 → NACE_2.0 ; broadMatch ; source=ofs-noga2008. Validation métier requise ; aucune équivalence exacte affirmée.
181203,,1812,,,aggregated,NOGA_2008 → NACE_2.0 ; broadMatch ; source=ofs-noga2008. Validation métier requise ; aucune équivalence exacte affirmée.
181204,,1812,,,aggregated,NOGA_2008 → NACE_2.0 ; broadMatch ; source=ofs-noga2008. Validation métier requise ; aucune équivalence exacte affirmée.
1813,,1813,,,exact,NOGA_2008 → NACE_2.0 ; exactMatch ; source=ofs-methodologie. Identité documentée.
181301,,1813,,,aggregated,NOGA_2008 → NACE_2.0 ; broadMatch ; source=ofs-noga2008. Validation métier requise ; aucune équivalence exacte affirmée.
181302,,1813,,,aggregated,NOGA_2008 → NACE_2.0 ; broadMatch ; source=ofs-noga2008. Validation métier requise ; aucune équivalence exacte affirmée.
1814,,1814,,,exact,NOGA_2008 → NACE_2.0 ; exactMatch ; source=ofs-methodologie. Identité documentée.
181400,,1814,,,aggregated,NOGA_2008 → NACE_2.0 ; broadMatch ; source=ofs-noga2008. Validation métier requise ; aucune équivalence exacte affirmée.
182,,182,,,exact,NOGA_2008 → NACE_2.0 ; exactMatch ; source=ofs-methodologie. Identité documentée.
1820,,1820,,,exact,NOGA_2008 → NACE_2.0 ; exactMatch ; source=ofs-methodologie. Identité documentée.
182000,,1820,,,aggregated,NOGA_2008 → NACE_2.0 ; broadMatch ; source=ofs-noga2008. Validation métier requise ; aucune équivalence exacte affirmée.
19,,19,,,exact,NOGA_2008 → NACE_2.0 ; exactMatch ; source=ofs-methodologie. Identité documentée.
191,,191,,,exact,NOGA_2008 → NACE_2.0 ; exactMatch ; source=ofs-methodologie. Identité documentée.
1910,,1910,,,exact,NOGA_2008 → NACE_2.0 ; exactMatch ; source=ofs-methodologie. Identité documentée.
191000,,1910,,,aggregated,NOGA_2008 → NACE_2.0 ; broadMatch ; source=ofs-noga2008. Validation métier requise ; aucune équivalence exacte affirmée.
192,,192,,,exact,NOGA_2008 → NACE_2.0 ; exactMatch ; source=ofs-methodologie. Identité documentée.
1920,,1920,,,exact,NOGA_2008 → NACE_2.0 ; exactMatch ; source=ofs-methodologie. Identité documentée.
192000,,1920,,,aggregated,NOGA_2008 → NACE_2.0 ; broadMatch ; source=ofs-noga2008. Validation métier requise ; aucune équivalence exacte affirmée.
20,,20,,,exact,NOGA_2008 → NACE_2.0 ; exactMatch ; source=ofs-methodologie. Identité documentée.
201,,201,,,exact,NOGA_2008 → NACE_2.0 ; exactMatch ; source=ofs-methodologie. Identité documentée.
2011,,2011,,,exact,NOGA_2008 → NACE_2.0 ; exactMatch ; source=ofs-methodologie. Identité documentée.
201100,,2011,,,aggregated,NOGA_2008 → NACE_2.0 ; broadMatch ; source=ofs-noga2008. Validation métier requise ; aucune équivalence exacte affirmée.
2012,,2012,,,exact,NOGA_2008 → NACE_2.0 ; exactMatch ; source=ofs-methodologie. Identité documentée.
201200,,2012,,,aggregated,NOGA_2008 → NACE_2.0 ; broadMatch ; source=ofs-noga2008. Validation métier requise ; aucune équivalence exacte affirmée.
2013,,2013,,,exact,NOGA_2008 → NACE_2.0 ; exactMatch ; source=ofs-methodologie. Identité documentée.
201300,,2013,,,aggregated,NOGA_2008 → NACE_2.0 ; broadMatch ; source=ofs-noga2008. Validation métier requise ; aucune équivalence exacte affirmée.
2014,,2014,,,exact,NOGA_2008 → NACE_2.0 ; exactMatch ; source=ofs-methodologie. Identité documentée.
201400,,2014,,,aggregated,NOGA_2008 → NACE_2.0 ; broadMatch ; source=ofs-noga2008. Validation métier requise ; aucune équivalence exacte affirmée.
2015,,2015,,,exact,NOGA_2008 → NACE_2.0 ; exactMatch ; source=ofs-methodologie. Identité documentée.
201500,,2015,,,aggregated,NOGA_2008 → NACE_2.0 ; broadMatch ; source=ofs-noga2008. Validation métier requise ; aucune équivalence exacte affirmée.
2016,,2016,,,exact,NOGA_2008 → NACE_2.0 ; exactMatch ; source=ofs-methodologie. Identité documentée.
201600,,2016,,,aggregated,NOGA_2008 → NACE_2.0 ; broadMatch ; source=ofs-noga2008. Validation métier requise ; aucune équivalence exacte affirmée.
2017,,2017,,,exact,NOGA_2008 → NACE_2.0 ; exactMatch ; source=ofs-methodologie. Identité documentée.
201700,,2017,,,aggregated,NOGA_2008 → NACE_2.0 ; broadMatch ; source=ofs-noga2008. Validation métier requise ; aucune équivalence exacte affirmée.
202,,202,,,exact,NOGA_2008 → NACE_2.0 ; exactMatch ; source=ofs-methodologie. Identité documentée.
2020,,2020,,,exact,NOGA_2008 → NACE_2.0 ; exactMatch ; source=ofs-methodologie. Identité documentée.
202000,,2020,,,aggregated,NOGA_2008 → NACE_2.0 ; broadMatch ; source=ofs-noga2008. Validation métier requise ; aucune équivalence exacte affirmée.
203,,203,,,exact,NOGA_2008 → NACE_2.0 ; exactMatch ; source=ofs-methodologie. Identité documentée.
2030,,2030,,,exact,NOGA_2008 → NACE_2.0 ; exactMatch ; source=ofs-methodologie. Identité documentée.
203000,,2030,,,aggregated,NOGA_2008 → NACE_2.0 ; broadMatch ; source=ofs-noga2008. Validation métier requise ; aucune équivalence exacte affirmée.
204,,204,,,exact,NOGA_2008 → NACE_2.0 ; exactMatch ; source=ofs-methodologie. Identité documentée.
2041,,2041,,,exact,NOGA_2008 → NACE_2.0 ; exactMatch ; source=ofs-methodologie. Identité documentée.
204100,,2041,,,aggregated,NOGA_2008 → NACE_2.0 ; broadMatch ; source=ofs-noga2008. Validation métier requise ; aucune équivalence exacte affirmée.
2042,,2042,,,exact,NOGA_2008 → NACE_2.0 ; exactMatch ; source=ofs-methodologie. Identité documentée.
204200,,2042,,,aggregated,NOGA_2008 → NACE_2.0 ; broadMatch ; source=ofs-noga2008. Validation métier requise ; aucune équivalence exacte affirmée.
205,,205,,,exact,NOGA_2008 → NACE_2.0 ; exactMatch ; source=ofs-methodologie. Identité documentée.
2051,,2051,,,exact,NOGA_2008 → NACE_2.0 ; exactMatch ; source=ofs-methodologie. Identité documentée.
205100,,2051,,,aggregated,NOGA_2008 → NACE_2.0 ; broadMatch ; source=ofs-noga2008. Validation métier requise ; aucune équivalence exacte affirmée.
2052,,2052,,,exact,NOGA_2008 → NACE_2.0 ; exactMatch ; source=ofs-methodologie. Identité documentée.
205200,,2052,,,aggregated,NOGA_2008 → NACE_2.0 ; broadMatch ; source=ofs-noga2008. Validation métier requise ; aucune équivalence exacte affirmée.
2053,,2053,,,exact,NOGA_2008 → NACE_2.0 ; exactMatch ; source=ofs-methodologie. Identité documentée.
205300,,2053,,,aggregated,NOGA_2008 → NACE_2.0 ; broadMatch ; source=ofs-noga2008. Validation métier requise ; aucune équivalence exacte affirmée.
2059,,2059,,,exact,NOGA_2008 → NACE_2.0 ; exactMatch ; source=ofs-methodologie. Identité documentée.
205900,,2059,,,aggregated,NOGA_2008 → NACE_2.0 ; broadMatch ; source=ofs-noga2008. Validation métier requise ; aucune équivalence exacte affirmée.
206,,206,,,exact,NOGA_2008 → NACE_2.0 ; exactMatch ; source=ofs-methodologie. Identité documentée.
2060,,2060,,,exact,NOGA_2008 → NACE_2.0 ; exactMatch ; source=ofs-methodologie. Identité documentée.
206000,,2060,,,aggregated,NOGA_2008 → NACE_2.0 ; broadMatch ; source=ofs-noga2008. Validation métier requise ; aucune équivalence exacte affirmée.
21,,21,,,exact,NOGA_2008 → NACE_2.0 ; exactMatch ; source=ofs-methodologie. Identité documentée.
211,,211,,,exact,NOGA_2008 → NACE_2.0 ; exactMatch ; source=ofs-methodologie. Identité documentée.
2110,,2110,,,exact,NOGA_2008 → NACE_2.0 ; exactMatch ; source=ofs-methodologie. Identité documentée.
211000,,2110,,,aggregated,NOGA_2008 → NACE_2.0 ; broadMatch ; source=ofs-noga2008. Validation métier requise ; aucune équivalence exacte affirmée.
212,,212,,,exact,NOGA_2008 → NACE_2.0 ; exactMatch ; source=ofs-methodologie. Identité documentée.
2120,,2120,,,exact,NOGA_2008 → NACE_2.0 ; exactMatch ; source=ofs-methodologie. Identité documentée.
212000,,2120,,,aggregated,NOGA_2008 → NACE_2.0 ; broadMatch ; source=ofs-noga2008. Validation métier requise ; aucune équivalence exacte affirmée.
22,,22,,,exact,NOGA_2008 → NACE_2.0 ; exactMatch ; source=ofs-methodologie. Identité documentée.
221,,221,,,exact,NOGA_2008 → NACE_2.0 ; exactMatch ; source=ofs-methodologie. Identité documentée.
2211,,2211,,,exact,NOGA_2008 → NACE_2.0 ; exactMatch ; source=ofs-methodologie. Identité documentée.
221100,,2211,,,aggregated,NOGA_2008 → NACE_2.0 ; broadMatch ; source=ofs-noga2008. Validation métier requise ; aucune équivalence exacte affirmée.
2219,,2219,,,exact,NOGA_2008 → NACE_2.0 ; exactMatch ; source=ofs-methodologie. Identité documentée.
221900,,2219,,,aggregated,NOGA_2008 → NACE_2.0 ; broadMatch ; source=ofs-noga2008. Validation métier requise ; aucune équivalence exacte affirmée.
222,,222,,,exact,NOGA_2008 → NACE_2.0 ; exactMatch ; source=ofs-methodologie. Identité documentée.
2221,,2221,,,exact,NOGA_2008 → NACE_2.0 ; exactMatch ; source=ofs-methodologie. Identité documentée.
222100,,2221,,,aggregated,NOGA_2008 → NACE_2.0 ; broadMatch ; source=ofs-noga2008. Validation métier requise ; aucune équivalence exacte affirmée.
2222,,2222,,,exact,NOGA_2008 → NACE_2.0 ; exactMatch ; source=ofs-methodologie. Identité documentée.
222200,,2222,,,aggregated,NOGA_2008 → NACE_2.0 ; broadMatch ; source=ofs-noga2008. Validation métier requise ; aucune équivalence exacte affirmée.
2223,,2223,,,exact,NOGA_2008 → NACE_2.0 ; exactMatch ; source=ofs-methodologie. Identité documentée.
222300,,2223,,,aggregated,NOGA_2008 → NACE_2.0 ; broadMatch ; source=ofs-noga2008. Validation métier requise ; aucune équivalence exacte affirmée.
2229,,2229,,,exact,NOGA_2008 → NACE_2.0 ; exactMatch ; source=ofs-methodologie. Identité documentée.
222900,,2229,,,aggregated,NOGA_2008 → NACE_2.0 ; broadMatch ; source=ofs-noga2008. Validation métier requise ; aucune équivalence exacte affirmée.
23,,23,,,exact,NOGA_2008 → NACE_2.0 ; exactMatch ; source=ofs-methodologie. Identité documentée.
231,,231,,,exact,NOGA_2008 → NACE_2.0 ; exactMatch ; source=ofs-methodologie. Identité documentée.
2311,,2311,,,exact,NOGA_2008 → NACE_2.0 ; exactMatch ; source=ofs-methodologie. Identité documentée.
231100,,2311,,,aggregated,NOGA_2008 → NACE_2.0 ; broadMatch ; source=ofs-noga2008. Validation métier requise ; aucune équivalence exacte affirmée.
2312,,2312,,,exact,NOGA_2008 → NACE_2.0 ; exactMatch ; source=ofs-methodologie. Identité documentée.
231200,,2312,,,aggregated,NOGA_2008 → NACE_2.0 ; broadMatch ; source=ofs-noga2008. Validation métier requise ; aucune équivalence exacte affirmée.
2313,,2313,,,exact,NOGA_2008 → NACE_2.0 ; exactMatch ; source=ofs-methodologie. Identité documentée.
231300,,2313,,,aggregated,NOGA_2008 → NACE_2.0 ; broadMatch ; source=ofs-noga2008. Validation métier requise ; aucune équivalence exacte affirmée.
2314,,2314,,,exact,NOGA_2008 → NACE_2.0 ; exactMatch ; source=ofs-methodologie. Identité documentée.
231400,,2314,,,aggregated,NOGA_2008 → NACE_2.0 ; broadMatch ; source=ofs-noga2008. Validation métier requise ; aucune équivalence exacte affirmée.
2319,,2319,,,exact,NOGA_2008 → NACE_2.0 ; exactMatch ; source=ofs-methodologie. Identité documentée.
231900,,2319,,,aggregated,NOGA_2008 → NACE_2.0 ; broadMatch ; source=ofs-noga2008. Validation métier requise ; aucune équivalence exacte affirmée.
232,,232,,,exact,NOGA_2008 → NACE_2.0 ; exactMatch ; source=ofs-methodologie. Identité documentée.
2320,,2320,,,exact,NOGA_2008 → NACE_2.0 ; exactMatch ; source=ofs-methodologie. Identité documentée.
232000,,2320,,,aggregated,NOGA_2008 → NACE_2.0 ; broadMatch ; source=ofs-noga2008. Validation métier requise ; aucune équivalence exacte affirmée.
233,,233,,,exact,NOGA_2008 → NACE_2.0 ; exactMatch ; source=ofs-methodologie. Identité documentée.
2331,,2331,,,exact,NOGA_2008 → NACE_2.0 ; exactMatch ; source=ofs-methodologie. Identité documentée.
233100,,2331,,,aggregated,NOGA_2008 → NACE_2.0 ; broadMatch ; source=ofs-noga2008. Validation métier requise ; aucune équivalence exacte affirmée.
2332,,2332,,,exact,NOGA_2008 → NACE_2.0 ; exactMatch ; source=ofs-methodologie. Identité documentée.
233200,,2332,,,aggregated,NOGA_2008 → NACE_2.0 ; broadMatch ; source=ofs-noga2008. Validation métier requise ; aucune équivalence exacte affirmée.
234,,234,,,exact,NOGA_2008 → NACE_2.0 ; exactMatch ; source=ofs-methodologie. Identité documentée.
2341,,2341,,,exact,NOGA_2008 → NACE_2.0 ; exactMatch ; source=ofs-methodologie. Identité documentée.
234100,,2341,,,aggregated,NOGA_2008 → NACE_2.0 ; broadMatch ; source=ofs-noga2008. Validation métier requise ; aucune équivalence exacte affirmée.
2342,,2342,,,exact,NOGA_2008 → NACE_2.0 ; exactMatch ; source=ofs-methodologie. Identité documentée.
234200,,2342,,,aggregated,NOGA_2008 → NACE_2.0 ; broadMatch ; source=ofs-noga2008. Validation métier requise ; aucune équivalence exacte affirmée.
2343,,2343,,,exact,NOGA_2008 → NACE_2.0 ; exactMatch ; source=ofs-methodologie. Identité documentée.
234300,,2343,,,aggregated,NOGA_2008 → NACE_2.0 ; broadMatch ; source=ofs-noga2008. Validation métier requise ; aucune équivalence exacte affirmée.
2344,,2344,,,exact,NOGA_2008 → NACE_2.0 ; exactMatch ; source=ofs-methodologie. Identité documentée.
234400,,2344,,,aggregated,NOGA_2008 → NACE_2.0 ; broadMatch ; source=ofs-noga2008. Validation métier requise ; aucune équivalence exacte affirmée.
2349,,2349,,,exact,NOGA_2008 → NACE_2.0 ; exactMatch ; source=ofs-methodologie. Identité documentée.
234900,,2349,,,aggregated,NOGA_2008 → NACE_2.0 ; broadMatch ; source=ofs-noga2008. Validation métier requise ; aucune équivalence exacte affirmée.
235,,235,,,exact,NOGA_2008 → NACE_2.0 ; exactMatch ; source=ofs-methodologie. Identité documentée.
2351,,2351,,,exact,NOGA_2008 → NACE_2.0 ; exactMatch ; source=ofs-methodologie. Identité documentée.
235100,,2351,,,aggregated,NOGA_2008 → NACE_2.0 ; broadMatch ; source=ofs-noga2008. Validation métier requise ; aucune équivalence exacte affirmée.
2352,,2352,,,exact,NOGA_2008 → NACE_2.0 ; exactMatch ; source=ofs-methodologie. Identité documentée.
235200,,2352,,,aggregated,NOGA_2008 → NACE_2.0 ; broadMatch ; source=ofs-noga2008. Validation métier requise ; aucune équivalence exacte affirmée.
236,,236,,,exact,NOGA_2008 → NACE_2.0 ; exactMatch ; source=ofs-methodologie. Identité documentée.
2361,,2361,,,exact,NOGA_2008 → NACE_2.0 ; exactMatch ; source=ofs-methodologie. Identité documentée.
236100,,2361,,,aggregated,NOGA_2008 → NACE_2.0 ; broadMatch ; source=ofs-noga2008. Validation métier requise ; aucune équivalence exacte affirmée.
2362,,2362,,,exact,NOGA_2008 → NACE_2.0 ; exactMatch ; source=ofs-methodologie. Identité documentée.
236200,,2362,,,aggregated,NOGA_2008 → NACE_2.0 ; broadMatch ; source=ofs-noga2008. Validation métier requise ; aucune équivalence exacte affirmée.
2363,,2363,,,exact,NOGA_2008 → NACE_2.0 ; exactMatch ; source=ofs-methodologie. Identité documentée.
236300,,2363,,,aggregated,NOGA_2008 → NACE_2.0 ; broadMatch ; source=ofs-noga2008. Validation métier requise ; aucune équivalence exacte affirmée.
2364,,2364,,,exact,NOGA_2008 → NACE_2.0 ; exactMatch ; source=ofs-methodologie. Identité documentée.
236400,,2364,,,aggregated,NOGA_2008 → NACE_2.0 ; broadMatch ; source=ofs-noga2008. Validation métier requise ; aucune équivalence exacte affirmée.
2365,,2365,,,exact,NOGA_2008 → NACE_2.0 ; exactMatch ; source=ofs-methodologie. Identité documentée.
236500,,2365,,,aggregated,NOGA_2008 → NACE_2.0 ; broadMatch ; source=ofs-noga2008. Validation métier requise ; aucune équivalence exacte affirmée.
2369,,2369,,,exact,NOGA_2008 → NACE_2.0 ; exactMatch ; source=ofs-methodologie. Identité documentée.
236900,,2369,,,aggregated,NOGA_2008 → NACE_2.0 ; broadMatch ; source=ofs-noga2008. Validation métier requise ; aucune équivalence exacte affirmée.
237,,237,,,exact,NOGA_2008 → NACE_2.0 ; exactMatch ; source=ofs-methodologie. Identité documentée.
2370,,2370,,,exact,NOGA_2008 → NACE_2.0 ; exactMatch ; source=ofs-methodologie. Identité documentée.
237000,,2370,,,aggregated,NOGA_2008 → NACE_2.0 ; broadMatch ; source=ofs-noga2008. Validation métier requise ; aucune équivalence exacte affirmée.
239,,239,,,exact,NOGA_2008 → NACE_2.0 ; exactMatch ; source=ofs-methodologie. Identité documentée.
2391,,2391,,,exact,NOGA_2008 → NACE_2.0 ; exactMatch ; source=ofs-methodologie. Identité documentée.
239100,,2391,,,aggregated,NOGA_2008 → NACE_2.0 ; broadMatch ; source=ofs-noga2008. Validation métier requise ; aucune équivalence exacte affirmée.
2399,,2399,,,exact,NOGA_2008 → NACE_2.0 ; exactMatch ; source=ofs-methodologie. Identité documentée.
239901,,2399,,,aggregated,NOGA_2008 → NACE_2.0 ; broadMatch ; source=ofs-noga2008. Validation métier requise ; aucune équivalence exacte affirmée.
239902,,2399,,,aggregated,NOGA_2008 → NACE_2.0 ; broadMatch ; source=ofs-noga2008. Validation métier requise ; aucune équivalence exacte affirmée.
24,,24,,,exact,NOGA_2008 → NACE_2.0 ; exactMatch ; source=ofs-methodologie. Identité documentée.
241,,241,,,exact,NOGA_2008 → NACE_2.0 ; exactMatch ; source=ofs-methodologie. Identité documentée.
2410,,2410,,,exact,NOGA_2008 → NACE_2.0 ; exactMatch ; source=ofs-methodologie. Identité documentée.
241000,,2410,,,aggregated,NOGA_2008 → NACE_2.0 ; broadMatch ; source=ofs-noga2008. Validation métier requise ; aucune équivalence exacte affirmée.
242,,242,,,exact,NOGA_2008 → NACE_2.0 ; exactMatch ; source=ofs-methodologie. Identité documentée.
2420,,2420,,,exact,NOGA_2008 → NACE_2.0 ; exactMatch ; source=ofs-methodologie. Identité documentée.
242000,,2420,,,aggregated,NOGA_2008 → NACE_2.0 ; broadMatch ; source=ofs-noga2008. Validation métier requise ; aucune équivalence exacte affirmée.
243,,243,,,exact,NOGA_2008 → NACE_2.0 ; exactMatch ; source=ofs-methodologie. Identité documentée.
2431,,2431,,,exact,NOGA_2008 → NACE_2.0 ; exactMatch ; source=ofs-methodologie. Identité documentée.
243100,,2431,,,aggregated,NOGA_2008 → NACE_2.0 ; broadMatch ; source=ofs-noga2008. Validation métier requise ; aucune équivalence exacte affirmée.
2432,,2432,,,exact,NOGA_2008 → NACE_2.0 ; exactMatch ; source=ofs-methodologie. Identité documentée.
243200,,2432,,,aggregated,NOGA_2008 → NACE_2.0 ; broadMatch ; source=ofs-noga2008. Validation métier requise ; aucune équivalence exacte affirmée.
2433,,2433,,,exact,NOGA_2008 → NACE_2.0 ; exactMatch ; source=ofs-methodologie. Identité documentée.
243300,,2433,,,aggregated,NOGA_2008 → NACE_2.0 ; broadMatch ; source=ofs-noga2008. Validation métier requise ; aucune équivalence exacte affirmée.
2434,,2434,,,exact,NOGA_2008 → NACE_2.0 ; exactMatch ; source=ofs-methodologie. Identité documentée.
243400,,2434,,,aggregated,NOGA_2008 → NACE_2.0 ; broadMatch ; source=ofs-noga2008. Validation métier requise ; aucune équivalence exacte affirmée.
244,,244,,,exact,NOGA_2008 → NACE_2.0 ; exactMatch ; source=ofs-methodologie. Identité documentée.
2441,,2441,,,exact,NOGA_2008 → NACE_2.0 ; exactMatch ; source=ofs-methodologie. Identité documentée.
244100,,2441,,,aggregated,NOGA_2008 → NACE_2.0 ; broadMatch ; source=ofs-noga2008. Validation métier requise ; aucune équivalence exacte affirmée.
2442,,2442,,,exact,NOGA_2008 → NACE_2.0 ; exactMatch ; source=ofs-methodologie. Identité documentée.
244200,,2442,,,aggregated,NOGA_2008 → NACE_2.0 ; broadMatch ; source=ofs-noga2008. Validation métier requise ; aucune équivalence exacte affirmée.
2443,,2443,,,exact,NOGA_2008 → NACE_2.0 ; exactMatch ; source=ofs-methodologie. Identité documentée.
244300,,2443,,,aggregated,NOGA_2008 → NACE_2.0 ; broadMatch ; source=ofs-noga2008. Validation métier requise ; aucune équivalence exacte affirmée.
2444,,2444,,,exact,NOGA_2008 → NACE_2.0 ; exactMatch ; source=ofs-methodologie. Identité documentée.
244400,,2444,,,aggregated,NOGA_2008 → NACE_2.0 ; broadMatch ; source=ofs-noga2008. Validation métier requise ; aucune équivalence exacte affirmée.
2445,,2445,,,exact,NOGA_2008 → NACE_2.0 ; exactMatch ; source=ofs-methodologie. Identité documentée.
244500,,2445,,,aggregated,NOGA_2008 → NACE_2.0 ; broadMatch ; source=ofs-noga2008. Validation métier requise ; aucune équivalence exacte affirmée.
2446,,2446,,,exact,NOGA_2008 → NACE_2.0 ; exactMatch ; source=ofs-methodologie. Identité documentée.
244600,,2446,,,aggregated,NOGA_2008 → NACE_2.0 ; broadMatch ; source=ofs-noga2008. Validation métier requise ; aucune équivalence exacte affirmée.
245,,245,,,exact,NOGA_2008 → NACE_2.0 ; exactMatch ; source=ofs-methodologie. Identité documentée.
2451,,2451,,,exact,NOGA_2008 → NACE_2.0 ; exactMatch ; source=ofs-methodologie. Identité documentée.
245100,,2451,,,aggregated,NOGA_2008 → NACE_2.0 ; broadMatch ; source=ofs-noga2008. Validation métier requise ; aucune équivalence exacte affirmée.
2452,,2452,,,exact,NOGA_2008 → NACE_2.0 ; exactMatch ; source=ofs-methodologie. Identité documentée.
245200,,2452,,,aggregated,NOGA_2008 → NACE_2.0 ; broadMatch ; source=ofs-noga2008. Validation métier requise ; aucune équivalence exacte affirmée.
2453,,2453,,,exact,NOGA_2008 → NACE_2.0 ; exactMatch ; source=ofs-methodologie. Identité documentée.
245300,,2453,,,aggregated,NOGA_2008 → NACE_2.0 ; broadMatch ; source=ofs-noga2008. Validation métier requise ; aucune équivalence exacte affirmée.
2454,,2454,,,exact,NOGA_2008 → NACE_2.0 ; exactMatch ; source=ofs-methodologie. Identité documentée.
245400,,2454,,,aggregated,NOGA_2008 → NACE_2.0 ; broadMatch ; source=ofs-noga2008. Validation métier requise ; aucune équivalence exacte affirmée.
25,,25,,,exact,NOGA_2008 → NACE_2.0 ; exactMatch ; source=ofs-methodologie. Identité documentée.
251,,251,,,exact,NOGA_2008 → NACE_2.0 ; exactMatch ; source=ofs-methodologie. Identité documentée.
2511,,2511,,,exact,NOGA_2008 → NACE_2.0 ; exactMatch ; source=ofs-methodologie. Identité documentée.
251100,,2511,,,aggregated,NOGA_2008 → NACE_2.0 ; broadMatch ; source=ofs-noga2008. Validation métier requise ; aucune équivalence exacte affirmée.
2512,,2512,,,exact,NOGA_2008 → NACE_2.0 ; exactMatch ; source=ofs-methodologie. Identité documentée.
251200,,2512,,,aggregated,NOGA_2008 → NACE_2.0 ; broadMatch ; source=ofs-noga2008. Validation métier requise ; aucune équivalence exacte affirmée.
252,,252,,,exact,NOGA_2008 → NACE_2.0 ; exactMatch ; source=ofs-methodologie. Identité documentée.
2521,,2521,,,exact,NOGA_2008 → NACE_2.0 ; exactMatch ; source=ofs-methodologie. Identité documentée.
252100,,2521,,,aggregated,NOGA_2008 → NACE_2.0 ; broadMatch ; source=ofs-noga2008. Validation métier requise ; aucune équivalence exacte affirmée.
2529,,2529,,,exact,NOGA_2008 → NACE_2.0 ; exactMatch ; source=ofs-methodologie. Identité documentée.
252900,,2529,,,aggregated,NOGA_2008 → NACE_2.0 ; broadMatch ; source=ofs-noga2008. Validation métier requise ; aucune équivalence exacte affirmée.
253,,253,,,exact,NOGA_2008 → NACE_2.0 ; exactMatch ; source=ofs-methodologie. Identité documentée.
2530,,2530,,,exact,NOGA_2008 → NACE_2.0 ; exactMatch ; source=ofs-methodologie. Identité documentée.
253000,,2530,,,aggregated,NOGA_2008 → NACE_2.0 ; broadMatch ; source=ofs-noga2008. Validation métier requise ; aucune équivalence exacte affirmée.
254,,254,,,exact,NOGA_2008 → NACE_2.0 ; exactMatch ; source=ofs-methodologie. Identité documentée.
2540,,2540,,,exact,NOGA_2008 → NACE_2.0 ; exactMatch ; source=ofs-methodologie. Identité documentée.
254000,,2540,,,aggregated,NOGA_2008 → NACE_2.0 ; broadMatch ; source=ofs-noga2008. Validation métier requise ; aucune équivalence exacte affirmée.
255,,255,,,exact,NOGA_2008 → NACE_2.0 ; exactMatch ; source=ofs-methodologie. Identité documentée.
2550,,2550,,,exact,NOGA_2008 → NACE_2.0 ; exactMatch ; source=ofs-methodologie. Identité documentée.
255000,,2550,,,aggregated,NOGA_2008 → NACE_2.0 ; broadMatch ; source=ofs-noga2008. Validation métier requise ; aucune équivalence exacte affirmée.
256,,256,,,exact,NOGA_2008 → NACE_2.0 ; exactMatch ; source=ofs-methodologie. Identité documentée.
2561,,2561,,,exact,NOGA_2008 → NACE_2.0 ; exactMatch ; source=ofs-methodologie. Identité documentée.
256100,,2561,,,aggregated,NOGA_2008 → NACE_2.0 ; broadMatch ; source=ofs-noga2008. Validation métier requise ; aucune équivalence exacte affirmée.
2562,,2562,,,exact,NOGA_2008 → NACE_2.0 ; exactMatch ; source=ofs-methodologie. Identité documentée.
256201,,2562,,,aggregated,NOGA_2008 → NACE_2.0 ; broadMatch ; source=ofs-noga2008. Validation métier requise ; aucune équivalence exacte affirmée.
256202,,2562,,,aggregated,NOGA_2008 → NACE_2.0 ; broadMatch ; source=ofs-noga2008. Validation métier requise ; aucune équivalence exacte affirmée.
256203,,2562,,,aggregated,NOGA_2008 → NACE_2.0 ; broadMatch ; source=ofs-noga2008. Validation métier requise ; aucune équivalence exacte affirmée.
257,,257,,,exact,NOGA_2008 → NACE_2.0 ; exactMatch ; source=ofs-methodologie. Identité documentée.
2571,,2571,,,exact,NOGA_2008 → NACE_2.0 ; exactMatch ; source=ofs-methodologie. Identité documentée.
257100,,2571,,,aggregated,NOGA_2008 → NACE_2.0 ; broadMatch ; source=ofs-noga2008. Validation métier requise ; aucune équivalence exacte affirmée.
2572,,2572,,,exact,NOGA_2008 → NACE_2.0 ; exactMatch ; source=ofs-methodologie. Identité documentée.
257200,,2572,,,aggregated,NOGA_2008 → NACE_2.0 ; broadMatch ; source=ofs-noga2008. Validation métier requise ; aucune équivalence exacte affirmée.
2573,,2573,,,exact,NOGA_2008 → NACE_2.0 ; exactMatch ; source=ofs-methodologie. Identité documentée.
257300,,2573,,,aggregated,NOGA_2008 → NACE_2.0 ; broadMatch ; source=ofs-noga2008. Validation métier requise ; aucune équivalence exacte affirmée.
259,,259,,,exact,NOGA_2008 → NACE_2.0 ; exactMatch ; source=ofs-methodologie. Identité documentée.
2591,,2591,,,exact,NOGA_2008 → NACE_2.0 ; exactMatch ; source=ofs-methodologie. Identité documentée.
259100,,2591,,,aggregated,NOGA_2008 → NACE_2.0 ; broadMatch ; source=ofs-noga2008. Validation métier requise ; aucune équivalence exacte affirmée.
2592,,2592,,,exact,NOGA_2008 → NACE_2.0 ; exactMatch ; source=ofs-methodologie. Identité documentée.
259200,,2592,,,aggregated,NOGA_2008 → NACE_2.0 ; broadMatch ; source=ofs-noga2008. Validation métier requise ; aucune équivalence exacte affirmée.
2593,,2593,,,exact,NOGA_2008 → NACE_2.0 ; exactMatch ; source=ofs-methodologie. Identité documentée.
259300,,2593,,,aggregated,NOGA_2008 → NACE_2.0 ; broadMatch ; source=ofs-noga2008. Validation métier requise ; aucune équivalence exacte affirmée.
2594,,2594,,,exact,NOGA_2008 → NACE_2.0 ; exactMatch ; source=ofs-methodologie. Identité documentée.
259400,,2594,,,aggregated,NOGA_2008 → NACE_2.0 ; broadMatch ; source=ofs-noga2008. Validation métier requise ; aucune équivalence exacte affirmée.
2599,,2599,,,exact,NOGA_2008 → NACE_2.0 ; exactMatch ; source=ofs-methodologie. Identité documentée.
259900,,2599,,,aggregated,NOGA_2008 → NACE_2.0 ; broadMatch ; source=ofs-noga2008. Validation métier requise ; aucune équivalence exacte affirmée.
26,,26,,,exact,NOGA_2008 → NACE_2.0 ; exactMatch ; source=ofs-methodologie. Identité documentée.
261,,261,,,exact,NOGA_2008 → NACE_2.0 ; exactMatch ; source=ofs-methodologie. Identité documentée.
2611,,2611,,,exact,NOGA_2008 → NACE_2.0 ; exactMatch ; source=ofs-methodologie. Identité documentée.
261100,,2611,,,aggregated,NOGA_2008 → NACE_2.0 ; broadMatch ; source=ofs-noga2008. Validation métier requise ; aucune équivalence exacte affirmée.
2612,,2612,,,exact,NOGA_2008 → NACE_2.0 ; exactMatch ; source=ofs-methodologie. Identité documentée.
261200,,2612,,,aggregated,NOGA_2008 → NACE_2.0 ; broadMatch ; source=ofs-noga2008. Validation métier requise ; aucune équivalence exacte affirmée.
262,,262,,,exact,NOGA_2008 → NACE_2.0 ; exactMatch ; source=ofs-methodologie. Identité documentée.
2620,,2620,,,exact,NOGA_2008 → NACE_2.0 ; exactMatch ; source=ofs-methodologie. Identité documentée.
262000,,2620,,,aggregated,NOGA_2008 → NACE_2.0 ; broadMatch ; source=ofs-noga2008. Validation métier requise ; aucune équivalence exacte affirmée.
263,,263,,,exact,NOGA_2008 → NACE_2.0 ; exactMatch ; source=ofs-methodologie. Identité documentée.
2630,,2630,,,exact,NOGA_2008 → NACE_2.0 ; exactMatch ; source=ofs-methodologie. Identité documentée.
263000,,2630,,,aggregated,NOGA_2008 → NACE_2.0 ; broadMatch ; source=ofs-noga2008. Validation métier requise ; aucune équivalence exacte affirmée.
264,,264,,,exact,NOGA_2008 → NACE_2.0 ; exactMatch ; source=ofs-methodologie. Identité documentée.
2640,,2640,,,exact,NOGA_2008 → NACE_2.0 ; exactMatch ; source=ofs-methodologie. Identité documentée.
264000,,2640,,,aggregated,NOGA_2008 → NACE_2.0 ; broadMatch ; source=ofs-noga2008. Validation métier requise ; aucune équivalence exacte affirmée.
265,,265,,,exact,NOGA_2008 → NACE_2.0 ; exactMatch ; source=ofs-methodologie. Identité documentée.
2651,,2651,,,exact,NOGA_2008 → NACE_2.0 ; exactMatch ; source=ofs-methodologie. Identité documentée.
265100,,2651,,,aggregated,NOGA_2008 → NACE_2.0 ; broadMatch ; source=ofs-noga2008. Validation métier requise ; aucune équivalence exacte affirmée.
2652,,2652,,,exact,NOGA_2008 → NACE_2.0 ; exactMatch ; source=ofs-methodologie. Identité documentée.
265201,,2652,,,aggregated,NOGA_2008 → NACE_2.0 ; broadMatch ; source=ofs-noga2008. Validation métier requise ; aucune équivalence exacte affirmée.
265202,,2652,,,aggregated,NOGA_2008 → NACE_2.0 ; broadMatch ; source=ofs-noga2008. Validation métier requise ; aucune équivalence exacte affirmée.
265203,,2652,,,aggregated,NOGA_2008 → NACE_2.0 ; broadMatch ; source=ofs-noga2008. Validation métier requise ; aucune équivalence exacte affirmée.
265204,,2652,,,aggregated,NOGA_2008 → NACE_2.0 ; broadMatch ; source=ofs-noga2008. Validation métier requise ; aucune équivalence exacte affirmée.
265205,,2652,,,aggregated,NOGA_2008 → NACE_2.0 ; broadMatch ; source=ofs-noga2008. Validation métier requise ; aucune équivalence exacte affirmée.
266,,266,,,exact,NOGA_2008 → NACE_2.0 ; exactMatch ; source=ofs-methodologie. Identité documentée.
2660,,2660,,,exact,NOGA_2008 → NACE_2.0 ; exactMatch ; source=ofs-methodologie. Identité documentée.
266000,,2660,,,aggregated,NOGA_2008 → NACE_2.0 ; broadMatch ; source=ofs-noga2008. Validation métier requise ; aucune équivalence exacte affirmée.
267,,267,,,exact,NOGA_2008 → NACE_2.0 ; exactMatch ; source=ofs-methodologie. Identité documentée.
2670,,2670,,,exact,NOGA_2008 → NACE_2.0 ; exactMatch ; source=ofs-methodologie. Identité documentée.
267000,,2670,,,aggregated,NOGA_2008 → NACE_2.0 ; broadMatch ; source=ofs-noga2008. Validation métier requise ; aucune équivalence exacte affirmée.
268,,268,,,exact,NOGA_2008 → NACE_2.0 ; exactMatch ; source=ofs-methodologie. Identité documentée.
2680,,2680,,,exact,NOGA_2008 → NACE_2.0 ; exactMatch ; source=ofs-methodologie. Identité documentée.
268000,,2680,,,aggregated,NOGA_2008 → NACE_2.0 ; broadMatch ; source=ofs-noga2008. Validation métier requise ; aucune équivalence exacte affirmée.
27,,27,,,exact,NOGA_2008 → NACE_2.0 ; exactMatch ; source=ofs-methodologie. Identité documentée.
271,,271,,,exact,NOGA_2008 → NACE_2.0 ; exactMatch ; source=ofs-methodologie. Identité documentée.
2711,,2711,,,exact,NOGA_2008 → NACE_2.0 ; exactMatch ; source=ofs-methodologie. Identité documentée.
271100,,2711,,,aggregated,NOGA_2008 → NACE_2.0 ; broadMatch ; source=ofs-noga2008. Validation métier requise ; aucune équivalence exacte affirmée.
2712,,2712,,,exact,NOGA_2008 → NACE_2.0 ; exactMatch ; source=ofs-methodologie. Identité documentée.
271200,,2712,,,aggregated,NOGA_2008 → NACE_2.0 ; broadMatch ; source=ofs-noga2008. Validation métier requise ; aucune équivalence exacte affirmée.
272,,272,,,exact,NOGA_2008 → NACE_2.0 ; exactMatch ; source=ofs-methodologie. Identité documentée.
2720,,2720,,,exact,NOGA_2008 → NACE_2.0 ; exactMatch ; source=ofs-methodologie. Identité documentée.
272000,,2720,,,aggregated,NOGA_2008 → NACE_2.0 ; broadMatch ; source=ofs-noga2008. Validation métier requise ; aucune équivalence exacte affirmée.
273,,273,,,exact,NOGA_2008 → NACE_2.0 ; exactMatch ; source=ofs-methodologie. Identité documentée.
2731,,2731,,,exact,NOGA_2008 → NACE_2.0 ; exactMatch ; source=ofs-methodologie. Identité documentée.
273100,,2731,,,aggregated,NOGA_2008 → NACE_2.0 ; broadMatch ; source=ofs-noga2008. Validation métier requise ; aucune équivalence exacte affirmée.
2732,,2732,,,exact,NOGA_2008 → NACE_2.0 ; exactMatch ; source=ofs-methodologie. Identité documentée.
273200,,2732,,,aggregated,NOGA_2008 → NACE_2.0 ; broadMatch ; source=ofs-noga2008. Validation métier requise ; aucune équivalence exacte affirmée.
2733,,2733,,,exact,NOGA_2008 → NACE_2.0 ; exactMatch ; source=ofs-methodologie. Identité documentée.
273300,,2733,,,aggregated,NOGA_2008 → NACE_2.0 ; broadMatch ; source=ofs-noga2008. Validation métier requise ; aucune équivalence exacte affirmée.
274,,274,,,exact,NOGA_2008 → NACE_2.0 ; exactMatch ; source=ofs-methodologie. Identité documentée.
2740,,2740,,,exact,NOGA_2008 → NACE_2.0 ; exactMatch ; source=ofs-methodologie. Identité documentée.
274000,,2740,,,aggregated,NOGA_2008 → NACE_2.0 ; broadMatch ; source=ofs-noga2008. Validation métier requise ; aucune équivalence exacte affirmée.
275,,275,,,exact,NOGA_2008 → NACE_2.0 ; exactMatch ; source=ofs-methodologie. Identité documentée.
2751,,2751,,,exact,NOGA_2008 → NACE_2.0 ; exactMatch ; source=ofs-methodologie. Identité documentée.
275100,,2751,,,aggregated,NOGA_2008 → NACE_2.0 ; broadMatch ; source=ofs-noga2008. Validation métier requise ; aucune équivalence exacte affirmée.
2752,,2752,,,exact,NOGA_2008 → NACE_2.0 ; exactMatch ; source=ofs-methodologie. Identité documentée.
275200,,2752,,,aggregated,NOGA_2008 → NACE_2.0 ; broadMatch ; source=ofs-noga2008. Validation métier requise ; aucune équivalence exacte affirmée.
279,,279,,,exact,NOGA_2008 → NACE_2.0 ; exactMatch ; source=ofs-methodologie. Identité documentée.
2790,,2790,,,exact,NOGA_2008 → NACE_2.0 ; exactMatch ; source=ofs-methodologie. Identité documentée.
279000,,2790,,,aggregated,NOGA_2008 → NACE_2.0 ; broadMatch ; source=ofs-noga2008. Validation métier requise ; aucune équivalence exacte affirmée.
28,,28,,,exact,NOGA_2008 → NACE_2.0 ; exactMatch ; source=ofs-methodologie. Identité documentée.
281,,281,,,exact,NOGA_2008 → NACE_2.0 ; exactMatch ; source=ofs-methodologie. Identité documentée.
2811,,2811,,,exact,NOGA_2008 → NACE_2.0 ; exactMatch ; source=ofs-methodologie. Identité documentée.
281100,,2811,,,aggregated,NOGA_2008 → NACE_2.0 ; broadMatch ; source=ofs-noga2008. Validation métier requise ; aucune équivalence exacte affirmée.
2812,,2812,,,exact,NOGA_2008 → NACE_2.0 ; exactMatch ; source=ofs-methodologie. Identité documentée.
281200,,2812,,,aggregated,NOGA_2008 → NACE_2.0 ; broadMatch ; source=ofs-noga2008. Validation métier requise ; aucune équivalence exacte affirmée.
2813,,2813,,,exact,NOGA_2008 → NACE_2.0 ; exactMatch ; source=ofs-methodologie. Identité documentée.
281300,,2813,,,aggregated,NOGA_2008 → NACE_2.0 ; broadMatch ; source=ofs-noga2008. Validation métier requise ; aucune équivalence exacte affirmée.
2814,,2814,,,exact,NOGA_2008 → NACE_2.0 ; exactMatch ; source=ofs-methodologie. Identité documentée.
281400,,2814,,,aggregated,NOGA_2008 → NACE_2.0 ; broadMatch ; source=ofs-noga2008. Validation métier requise ; aucune équivalence exacte affirmée.
2815,,2815,,,exact,NOGA_2008 → NACE_2.0 ; exactMatch ; source=ofs-methodologie. Identité documentée.
281500,,2815,,,aggregated,NOGA_2008 → NACE_2.0 ; broadMatch ; source=ofs-noga2008. Validation métier requise ; aucune équivalence exacte affirmée.
282,,282,,,exact,NOGA_2008 → NACE_2.0 ; exactMatch ; source=ofs-methodologie. Identité documentée.
2821,,2821,,,exact,NOGA_2008 → NACE_2.0 ; exactMatch ; source=ofs-methodologie. Identité documentée.
282100,,2821,,,aggregated,NOGA_2008 → NACE_2.0 ; broadMatch ; source=ofs-noga2008. Validation métier requise ; aucune équivalence exacte affirmée.
2822,,2822,,,exact,NOGA_2008 → NACE_2.0 ; exactMatch ; source=ofs-methodologie. Identité documentée.
282200,,2822,,,aggregated,NOGA_2008 → NACE_2.0 ; broadMatch ; source=ofs-noga2008. Validation métier requise ; aucune équivalence exacte affirmée.
2823,,2823,,,exact,NOGA_2008 → NACE_2.0 ; exactMatch ; source=ofs-methodologie. Identité documentée.
282300,,2823,,,aggregated,NOGA_2008 → NACE_2.0 ; broadMatch ; source=ofs-noga2008. Validation métier requise ; aucune équivalence exacte affirmée.
2824,,2824,,,exact,NOGA_2008 → NACE_2.0 ; exactMatch ; source=ofs-methodologie. Identité documentée.
282400,,2824,,,aggregated,NOGA_2008 → NACE_2.0 ; broadMatch ; source=ofs-noga2008. Validation métier requise ; aucune équivalence exacte affirmée.
2825,,2825,,,exact,NOGA_2008 → NACE_2.0 ; exactMatch ; source=ofs-methodologie. Identité documentée.
282500,,2825,,,aggregated,NOGA_2008 → NACE_2.0 ; broadMatch ; source=ofs-noga2008. Validation métier requise ; aucune équivalence exacte affirmée.
2829,,2829,,,exact,NOGA_2008 → NACE_2.0 ; exactMatch ; source=ofs-methodologie. Identité documentée.
282900,,2829,,,aggregated,NOGA_2008 → NACE_2.0 ; broadMatch ; source=ofs-noga2008. Validation métier requise ; aucune équivalence exacte affirmée.
283,,283,,,exact,NOGA_2008 → NACE_2.0 ; exactMatch ; source=ofs-methodologie. Identité documentée.
2830,,2830,,,exact,NOGA_2008 → NACE_2.0 ; exactMatch ; source=ofs-methodologie. Identité documentée.
283000,,2830,,,aggregated,NOGA_2008 → NACE_2.0 ; broadMatch ; source=ofs-noga2008. Validation métier requise ; aucune équivalence exacte affirmée.
284,,284,,,exact,NOGA_2008 → NACE_2.0 ; exactMatch ; source=ofs-methodologie. Identité documentée.
2841,,2841,,,exact,NOGA_2008 → NACE_2.0 ; exactMatch ; source=ofs-methodologie. Identité documentée.
284100,,2841,,,aggregated,NOGA_2008 → NACE_2.0 ; broadMatch ; source=ofs-noga2008. Validation métier requise ; aucune équivalence exacte affirmée.
2849,,2849,,,exact,NOGA_2008 → NACE_2.0 ; exactMatch ; source=ofs-methodologie. Identité documentée.
284900,,2849,,,aggregated,NOGA_2008 → NACE_2.0 ; broadMatch ; source=ofs-noga2008. Validation métier requise ; aucune équivalence exacte affirmée.
289,,289,,,exact,NOGA_2008 → NACE_2.0 ; exactMatch ; source=ofs-methodologie. Identité documentée.
2891,,2891,,,exact,NOGA_2008 → NACE_2.0 ; exactMatch ; source=ofs-methodologie. Identité documentée.
289100,,2891,,,aggregated,NOGA_2008 → NACE_2.0 ; broadMatch ; source=ofs-noga2008. Validation métier requise ; aucune équivalence exacte affirmée.
2892,,2892,,,exact,NOGA_2008 → NACE_2.0 ; exactMatch ; source=ofs-methodologie. Identité documentée.
289200,,2892,,,aggregated,NOGA_2008 → NACE_2.0 ; broadMatch ; source=ofs-noga2008. Validation métier requise ; aucune équivalence exacte affirmée.
2893,,2893,,,exact,NOGA_2008 → NACE_2.0 ; exactMatch ; source=ofs-methodologie. Identité documentée.
289300,,2893,,,aggregated,NOGA_2008 → NACE_2.0 ; broadMatch ; source=ofs-noga2008. Validation métier requise ; aucune équivalence exacte affirmée.
2894,,2894,,,exact,NOGA_2008 → NACE_2.0 ; exactMatch ; source=ofs-methodologie. Identité documentée.
289400,,2894,,,aggregated,NOGA_2008 → NACE_2.0 ; broadMatch ; source=ofs-noga2008. Validation métier requise ; aucune équivalence exacte affirmée.
2895,,2895,,,exact,NOGA_2008 → NACE_2.0 ; exactMatch ; source=ofs-methodologie. Identité documentée.
289500,,2895,,,aggregated,NOGA_2008 → NACE_2.0 ; broadMatch ; source=ofs-noga2008. Validation métier requise ; aucune équivalence exacte affirmée.
2896,,2896,,,exact,NOGA_2008 → NACE_2.0 ; exactMatch ; source=ofs-methodologie. Identité documentée.
289600,,2896,,,aggregated,NOGA_2008 → NACE_2.0 ; broadMatch ; source=ofs-noga2008. Validation métier requise ; aucune équivalence exacte affirmée.
2899,,2899,,,exact,NOGA_2008 → NACE_2.0 ; exactMatch ; source=ofs-methodologie. Identité documentée.
289901,,2899,,,aggregated,NOGA_2008 → NACE_2.0 ; broadMatch ; source=ofs-noga2008. Validation métier requise ; aucune équivalence exacte affirmée.
289902,,2899,,,aggregated,NOGA_2008 → NACE_2.0 ; broadMatch ; source=ofs-noga2008. Validation métier requise ; aucune équivalence exacte affirmée.
29,,29,,,exact,NOGA_2008 → NACE_2.0 ; exactMatch ; source=ofs-methodologie. Identité documentée.
291,,291,,,exact,NOGA_2008 → NACE_2.0 ; exactMatch ; source=ofs-methodologie. Identité documentée.
2910,,2910,,,exact,NOGA_2008 → NACE_2.0 ; exactMatch ; source=ofs-methodologie. Identité documentée.
291000,,2910,,,aggregated,NOGA_2008 → NACE_2.0 ; broadMatch ; source=ofs-noga2008. Validation métier requise ; aucune équivalence exacte affirmée.
292,,292,,,exact,NOGA_2008 → NACE_2.0 ; exactMatch ; source=ofs-methodologie. Identité documentée.
2920,,2920,,,exact,NOGA_2008 → NACE_2.0 ; exactMatch ; source=ofs-methodologie. Identité documentée.
292000,,2920,,,aggregated,NOGA_2008 → NACE_2.0 ; broadMatch ; source=ofs-noga2008. Validation métier requise ; aucune équivalence exacte affirmée.
293,,293,,,exact,NOGA_2008 → NACE_2.0 ; exactMatch ; source=ofs-methodologie. Identité documentée.
2931,,2931,,,exact,NOGA_2008 → NACE_2.0 ; exactMatch ; source=ofs-methodologie. Identité documentée.
293100,,2931,,,aggregated,NOGA_2008 → NACE_2.0 ; broadMatch ; source=ofs-noga2008. Validation métier requise ; aucune équivalence exacte affirmée.
2932,,2932,,,exact,NOGA_2008 → NACE_2.0 ; exactMatch ; source=ofs-methodologie. Identité documentée.
293200,,2932,,,aggregated,NOGA_2008 → NACE_2.0 ; broadMatch ; source=ofs-noga2008. Validation métier requise ; aucune équivalence exacte affirmée.
30,,30,,,exact,NOGA_2008 → NACE_2.0 ; exactMatch ; source=ofs-methodologie. Identité documentée.
301,,301,,,exact,NOGA_2008 → NACE_2.0 ; exactMatch ; source=ofs-methodologie. Identité documentée.
3011,,3011,,,exact,NOGA_2008 → NACE_2.0 ; exactMatch ; source=ofs-methodologie. Identité documentée.
301100,,3011,,,aggregated,NOGA_2008 → NACE_2.0 ; broadMatch ; source=ofs-noga2008. Validation métier requise ; aucune équivalence exacte affirmée.
3012,,3012,,,exact,NOGA_2008 → NACE_2.0 ; exactMatch ; source=ofs-methodologie. Identité documentée.
301200,,3012,,,aggregated,NOGA_2008 → NACE_2.0 ; broadMatch ; source=ofs-noga2008. Validation métier requise ; aucune équivalence exacte affirmée.
302,,302,,,exact,NOGA_2008 → NACE_2.0 ; exactMatch ; source=ofs-methodologie. Identité documentée.
3020,,3020,,,exact,NOGA_2008 → NACE_2.0 ; exactMatch ; source=ofs-methodologie. Identité documentée.
302000,,3020,,,aggregated,NOGA_2008 → NACE_2.0 ; broadMatch ; source=ofs-noga2008. Validation métier requise ; aucune équivalence exacte affirmée.
303,,303,,,exact,NOGA_2008 → NACE_2.0 ; exactMatch ; source=ofs-methodologie. Identité documentée.
3030,,3030,,,exact,NOGA_2008 → NACE_2.0 ; exactMatch ; source=ofs-methodologie. Identité documentée.
303000,,3030,,,aggregated,NOGA_2008 → NACE_2.0 ; broadMatch ; source=ofs-noga2008. Validation métier requise ; aucune équivalence exacte affirmée.
304,,304,,,exact,NOGA_2008 → NACE_2.0 ; exactMatch ; source=ofs-methodologie. Identité documentée.
3040,,3040,,,exact,NOGA_2008 → NACE_2.0 ; exactMatch ; source=ofs-methodologie. Identité documentée.
304000,,3040,,,aggregated,NOGA_2008 → NACE_2.0 ; broadMatch ; source=ofs-noga2008. Validation métier requise ; aucune équivalence exacte affirmée.
309,,309,,,exact,NOGA_2008 → NACE_2.0 ; exactMatch ; source=ofs-methodologie. Identité documentée.
3091,,3091,,,exact,NOGA_2008 → NACE_2.0 ; exactMatch ; source=ofs-methodologie. Identité documentée.
309100,,3091,,,aggregated,NOGA_2008 → NACE_2.0 ; broadMatch ; source=ofs-noga2008. Validation métier requise ; aucune équivalence exacte affirmée.
3092,,3092,,,exact,NOGA_2008 → NACE_2.0 ; exactMatch ; source=ofs-methodologie. Identité documentée.
309201,,3092,,,aggregated,NOGA_2008 → NACE_2.0 ; broadMatch ; source=ofs-noga2008. Validation métier requise ; aucune équivalence exacte affirmée.
309202,,3092,,,aggregated,NOGA_2008 → NACE_2.0 ; broadMatch ; source=ofs-noga2008. Validation métier requise ; aucune équivalence exacte affirmée.
3099,,3099,,,exact,NOGA_2008 → NACE_2.0 ; exactMatch ; source=ofs-methodologie. Identité documentée.
309900,,3099,,,aggregated,NOGA_2008 → NACE_2.0 ; broadMatch ; source=ofs-noga2008. Validation métier requise ; aucune équivalence exacte affirmée.
31,,31,,,exact,NOGA_2008 → NACE_2.0 ; exactMatch ; source=ofs-methodologie. Identité documentée.
310,,310,,,exact,NOGA_2008 → NACE_2.0 ; exactMatch ; source=ofs-methodologie. Identité documentée.
3101,,3101,,,exact,NOGA_2008 → NACE_2.0 ; exactMatch ; source=ofs-methodologie. Identité documentée.
310100,,3101,,,aggregated,NOGA_2008 → NACE_2.0 ; broadMatch ; source=ofs-noga2008. Validation métier requise ; aucune équivalence exacte affirmée.
3102,,3102,,,exact,NOGA_2008 → NACE_2.0 ; exactMatch ; source=ofs-methodologie. Identité documentée.
310200,,3102,,,aggregated,NOGA_2008 → NACE_2.0 ; broadMatch ; source=ofs-noga2008. Validation métier requise ; aucune équivalence exacte affirmée.
3103,,3103,,,exact,NOGA_2008 → NACE_2.0 ; exactMatch ; source=ofs-methodologie. Identité documentée.
310300,,3103,,,aggregated,NOGA_2008 → NACE_2.0 ; broadMatch ; source=ofs-noga2008. Validation métier requise ; aucune équivalence exacte affirmée.
3109,,3109,,,exact,NOGA_2008 → NACE_2.0 ; exactMatch ; source=ofs-methodologie. Identité documentée.
310900,,3109,,,aggregated,NOGA_2008 → NACE_2.0 ; broadMatch ; source=ofs-noga2008. Validation métier requise ; aucune équivalence exacte affirmée.
32,,32,,,exact,NOGA_2008 → NACE_2.0 ; exactMatch ; source=ofs-methodologie. Identité documentée.
321,,321,,,exact,NOGA_2008 → NACE_2.0 ; exactMatch ; source=ofs-methodologie. Identité documentée.
3211,,3211,,,exact,NOGA_2008 → NACE_2.0 ; exactMatch ; source=ofs-methodologie. Identité documentée.
321100,,3211,,,aggregated,NOGA_2008 → NACE_2.0 ; broadMatch ; source=ofs-noga2008. Validation métier requise ; aucune équivalence exacte affirmée.
3212,,3212,,,exact,NOGA_2008 → NACE_2.0 ; exactMatch ; source=ofs-methodologie. Identité documentée.
321201,,3212,,,aggregated,NOGA_2008 → NACE_2.0 ; broadMatch ; source=ofs-noga2008. Validation métier requise ; aucune équivalence exacte affirmée.
321202,,3212,,,aggregated,NOGA_2008 → NACE_2.0 ; broadMatch ; source=ofs-noga2008. Validation métier requise ; aucune équivalence exacte affirmée.
3213,,3213,,,exact,NOGA_2008 → NACE_2.0 ; exactMatch ; source=ofs-methodologie. Identité documentée.
321300,,3213,,,aggregated,NOGA_2008 → NACE_2.0 ; broadMatch ; source=ofs-noga2008. Validation métier requise ; aucune équivalence exacte affirmée.
322,,322,,,exact,NOGA_2008 → NACE_2.0 ; exactMatch ; source=ofs-methodologie. Identité documentée.
3220,,3220,,,exact,NOGA_2008 → NACE_2.0 ; exactMatch ; source=ofs-methodologie. Identité documentée.
322000,,3220,,,aggregated,NOGA_2008 → NACE_2.0 ; broadMatch ; source=ofs-noga2008. Validation métier requise ; aucune équivalence exacte affirmée.
323,,323,,,exact,NOGA_2008 → NACE_2.0 ; exactMatch ; source=ofs-methodologie. Identité documentée.
3230,,3230,,,exact,NOGA_2008 → NACE_2.0 ; exactMatch ; source=ofs-methodologie. Identité documentée.
323000,,3230,,,aggregated,NOGA_2008 → NACE_2.0 ; broadMatch ; source=ofs-noga2008. Validation métier requise ; aucune équivalence exacte affirmée.
324,,324,,,exact,NOGA_2008 → NACE_2.0 ; exactMatch ; source=ofs-methodologie. Identité documentée.
3240,,3240,,,exact,NOGA_2008 → NACE_2.0 ; exactMatch ; source=ofs-methodologie. Identité documentée.
324000,,3240,,,aggregated,NOGA_2008 → NACE_2.0 ; broadMatch ; source=ofs-noga2008. Validation métier requise ; aucune équivalence exacte affirmée.
325,,325,,,exact,NOGA_2008 → NACE_2.0 ; exactMatch ; source=ofs-methodologie. Identité documentée.
3250,,3250,,,exact,NOGA_2008 → NACE_2.0 ; exactMatch ; source=ofs-methodologie. Identité documentée.
325001,,3250,,,aggregated,NOGA_2008 → NACE_2.0 ; broadMatch ; source=ofs-noga2008. Validation métier requise ; aucune équivalence exacte affirmée.
325002,,3250,,,aggregated,NOGA_2008 → NACE_2.0 ; broadMatch ; source=ofs-noga2008. Validation métier requise ; aucune équivalence exacte affirmée.
325003,,3250,,,aggregated,NOGA_2008 → NACE_2.0 ; broadMatch ; source=ofs-noga2008. Validation métier requise ; aucune équivalence exacte affirmée.
325004,,3250,,,aggregated,NOGA_2008 → NACE_2.0 ; broadMatch ; source=ofs-noga2008. Validation métier requise ; aucune équivalence exacte affirmée.
329,,329,,,exact,NOGA_2008 → NACE_2.0 ; exactMatch ; source=ofs-methodologie. Identité documentée.
3291,,3291,,,exact,NOGA_2008 → NACE_2.0 ; exactMatch ; source=ofs-methodologie. Identité documentée.
329100,,3291,,,aggregated,NOGA_2008 → NACE_2.0 ; broadMatch ; source=ofs-noga2008. Validation métier requise ; aucune équivalence exacte affirmée.
3299,,3299,,,exact,NOGA_2008 → NACE_2.0 ; exactMatch ; source=ofs-methodologie. Identité documentée.
329900,,3299,,,aggregated,NOGA_2008 → NACE_2.0 ; broadMatch ; source=ofs-noga2008. Validation métier requise ; aucune équivalence exacte affirmée.
33,,33,,,exact,NOGA_2008 → NACE_2.0 ; exactMatch ; source=ofs-methodologie. Identité documentée.
331,,331,,,exact,NOGA_2008 → NACE_2.0 ; exactMatch ; source=ofs-methodologie. Identité documentée.
3311,,3311,,,exact,NOGA_2008 → NACE_2.0 ; exactMatch ; source=ofs-methodologie. Identité documentée.
331100,,3311,,,aggregated,NOGA_2008 → NACE_2.0 ; broadMatch ; source=ofs-noga2008. Validation métier requise ; aucune équivalence exacte affirmée.
3312,,3312,,,exact,NOGA_2008 → NACE_2.0 ; exactMatch ; source=ofs-methodologie. Identité documentée.
331200,,3312,,,aggregated,NOGA_2008 → NACE_2.0 ; broadMatch ; source=ofs-noga2008. Validation métier requise ; aucune équivalence exacte affirmée.
3313,,3313,,,exact,NOGA_2008 → NACE_2.0 ; exactMatch ; source=ofs-methodologie. Identité documentée.
331300,,3313,,,aggregated,NOGA_2008 → NACE_2.0 ; broadMatch ; source=ofs-noga2008. Validation métier requise ; aucune équivalence exacte affirmée.
3314,,3314,,,exact,NOGA_2008 → NACE_2.0 ; exactMatch ; source=ofs-methodologie. Identité documentée.
331400,,3314,,,aggregated,NOGA_2008 → NACE_2.0 ; broadMatch ; source=ofs-noga2008. Validation métier requise ; aucune équivalence exacte affirmée.
3315,,3315,,,exact,NOGA_2008 → NACE_2.0 ; exactMatch ; source=ofs-methodologie. Identité documentée.
331500,,3315,,,aggregated,NOGA_2008 → NACE_2.0 ; broadMatch ; source=ofs-noga2008. Validation métier requise ; aucune équivalence exacte affirmée.
3316,,3316,,,exact,NOGA_2008 → NACE_2.0 ; exactMatch ; source=ofs-methodologie. Identité documentée.
331600,,3316,,,aggregated,NOGA_2008 → NACE_2.0 ; broadMatch ; source=ofs-noga2008. Validation métier requise ; aucune équivalence exacte affirmée.
3317,,3317,,,exact,NOGA_2008 → NACE_2.0 ; exactMatch ; source=ofs-methodologie. Identité documentée.
331700,,3317,,,aggregated,NOGA_2008 → NACE_2.0 ; broadMatch ; source=ofs-noga2008. Validation métier requise ; aucune équivalence exacte affirmée.
3319,,3319,,,exact,NOGA_2008 → NACE_2.0 ; exactMatch ; source=ofs-methodologie. Identité documentée.
331900,,3319,,,aggregated,NOGA_2008 → NACE_2.0 ; broadMatch ; source=ofs-noga2008. Validation métier requise ; aucune équivalence exacte affirmée.
332,,332,,,exact,NOGA_2008 → NACE_2.0 ; exactMatch ; source=ofs-methodologie. Identité documentée.
3320,,3320,,,exact,NOGA_2008 → NACE_2.0 ; exactMatch ; source=ofs-methodologie. Identité documentée.
332000,,3320,,,aggregated,NOGA_2008 → NACE_2.0 ; broadMatch ; source=ofs-noga2008. Validation métier requise ; aucune équivalence exacte affirmée.
35,,35,,,exact,NOGA_2008 → NACE_2.0 ; exactMatch ; source=ofs-methodologie. Identité documentée.
351,,351,,,exact,NOGA_2008 → NACE_2.0 ; exactMatch ; source=ofs-methodologie. Identité documentée.
3511,,3511,,,exact,NOGA_2008 → NACE_2.0 ; exactMatch ; source=ofs-methodologie. Identité documentée.
351100,,3511,,,aggregated,NOGA_2008 → NACE_2.0 ; broadMatch ; source=ofs-noga2008. Validation métier requise ; aucune équivalence exacte affirmée.
3512,,3512,,,exact,NOGA_2008 → NACE_2.0 ; exactMatch ; source=ofs-methodologie. Identité documentée.
351200,,3512,,,aggregated,NOGA_2008 → NACE_2.0 ; broadMatch ; source=ofs-noga2008. Validation métier requise ; aucune équivalence exacte affirmée.
3513,,3513,,,exact,NOGA_2008 → NACE_2.0 ; exactMatch ; source=ofs-methodologie. Identité documentée.
351300,,3513,,,aggregated,NOGA_2008 → NACE_2.0 ; broadMatch ; source=ofs-noga2008. Validation métier requise ; aucune équivalence exacte affirmée.
3514,,3514,,,exact,NOGA_2008 → NACE_2.0 ; exactMatch ; source=ofs-methodologie. Identité documentée.
351400,,3514,,,aggregated,NOGA_2008 → NACE_2.0 ; broadMatch ; source=ofs-noga2008. Validation métier requise ; aucune équivalence exacte affirmée.
352,,352,,,exact,NOGA_2008 → NACE_2.0 ; exactMatch ; source=ofs-methodologie. Identité documentée.
3521,,3521,,,exact,NOGA_2008 → NACE_2.0 ; exactMatch ; source=ofs-methodologie. Identité documentée.
352100,,3521,,,aggregated,NOGA_2008 → NACE_2.0 ; broadMatch ; source=ofs-noga2008. Validation métier requise ; aucune équivalence exacte affirmée.
3522,,3522,,,exact,NOGA_2008 → NACE_2.0 ; exactMatch ; source=ofs-methodologie. Identité documentée.
352200,,3522,,,aggregated,NOGA_2008 → NACE_2.0 ; broadMatch ; source=ofs-noga2008. Validation métier requise ; aucune équivalence exacte affirmée.
3523,,3523,,,exact,NOGA_2008 → NACE_2.0 ; exactMatch ; source=ofs-methodologie. Identité documentée.
352300,,3523,,,aggregated,NOGA_2008 → NACE_2.0 ; broadMatch ; source=ofs-noga2008. Validation métier requise ; aucune équivalence exacte affirmée.
353,,353,,,exact,NOGA_2008 → NACE_2.0 ; exactMatch ; source=ofs-methodologie. Identité documentée.
3530,,3530,,,exact,NOGA_2008 → NACE_2.0 ; exactMatch ; source=ofs-methodologie. Identité documentée.
353000,,3530,,,aggregated,NOGA_2008 → NACE_2.0 ; broadMatch ; source=ofs-noga2008. Validation métier requise ; aucune équivalence exacte affirmée.
36,,36,,,exact,NOGA_2008 → NACE_2.0 ; exactMatch ; source=ofs-methodologie. Identité documentée.
360,,360,,,exact,NOGA_2008 → NACE_2.0 ; exactMatch ; source=ofs-methodologie. Identité documentée.
3600,,3600,,,exact,NOGA_2008 → NACE_2.0 ; exactMatch ; source=ofs-methodologie. Identité documentée.
360000,,3600,,,aggregated,NOGA_2008 → NACE_2.0 ; broadMatch ; source=ofs-noga2008. Validation métier requise ; aucune équivalence exacte affirmée.
37,,37,,,exact,NOGA_2008 → NACE_2.0 ; exactMatch ; source=ofs-methodologie. Identité documentée.
370,,370,,,exact,NOGA_2008 → NACE_2.0 ; exactMatch ; source=ofs-methodologie. Identité documentée.
3700,,3700,,,exact,NOGA_2008 → NACE_2.0 ; exactMatch ; source=ofs-methodologie. Identité documentée.
370000,,3700,,,aggregated,NOGA_2008 → NACE_2.0 ; broadMatch ; source=ofs-noga2008. Validation métier requise ; aucune équivalence exacte affirmée.
38,,38,,,exact,NOGA_2008 → NACE_2.0 ; exactMatch ; source=ofs-methodologie. Identité documentée.
381,,381,,,exact,NOGA_2008 → NACE_2.0 ; exactMatch ; source=ofs-methodologie. Identité documentée.
3811,,3811,,,exact,NOGA_2008 → NACE_2.0 ; exactMatch ; source=ofs-methodologie. Identité documentée.
381100,,3811,,,aggregated,NOGA_2008 → NACE_2.0 ; broadMatch ; source=ofs-noga2008. Validation métier requise ; aucune équivalence exacte affirmée.
3812,,3812,,,exact,NOGA_2008 → NACE_2.0 ; exactMatch ; source=ofs-methodologie. Identité documentée.
381200,,3812,,,aggregated,NOGA_2008 → NACE_2.0 ; broadMatch ; source=ofs-noga2008. Validation métier requise ; aucune équivalence exacte affirmée.
382,,382,,,exact,NOGA_2008 → NACE_2.0 ; exactMatch ; source=ofs-methodologie. Identité documentée.
3821,,3821,,,exact,NOGA_2008 → NACE_2.0 ; exactMatch ; source=ofs-methodologie. Identité documentée.
382100,,3821,,,aggregated,NOGA_2008 → NACE_2.0 ; broadMatch ; source=ofs-noga2008. Validation métier requise ; aucune équivalence exacte affirmée.
3822,,3822,,,exact,NOGA_2008 → NACE_2.0 ; exactMatch ; source=ofs-methodologie. Identité documentée.
382200,,3822,,,aggregated,NOGA_2008 → NACE_2.0 ; broadMatch ; source=ofs-noga2008. Validation métier requise ; aucune équivalence exacte affirmée.
383,,383,,,exact,NOGA_2008 → NACE_2.0 ; exactMatch ; source=ofs-methodologie. Identité documentée.
3831,,3831,,,exact,NOGA_2008 → NACE_2.0 ; exactMatch ; source=ofs-methodologie. Identité documentée.
383100,,3831,,,aggregated,NOGA_2008 → NACE_2.0 ; broadMatch ; source=ofs-noga2008. Validation métier requise ; aucune équivalence exacte affirmée.
3832,,3832,,,exact,NOGA_2008 → NACE_2.0 ; exactMatch ; source=ofs-methodologie. Identité documentée.
383200,,3832,,,aggregated,NOGA_2008 → NACE_2.0 ; broadMatch ; source=ofs-noga2008. Validation métier requise ; aucune équivalence exacte affirmée.
39,,39,,,exact,NOGA_2008 → NACE_2.0 ; exactMatch ; source=ofs-methodologie. Identité documentée.
390,,390,,,exact,NOGA_2008 → NACE_2.0 ; exactMatch ; source=ofs-methodologie. Identité documentée.
3900,,3900,,,exact,NOGA_2008 → NACE_2.0 ; exactMatch ; source=ofs-methodologie. Identité documentée.
390000,,3900,,,aggregated,NOGA_2008 → NACE_2.0 ; broadMatch ; source=ofs-noga2008. Validation métier requise ; aucune équivalence exacte affirmée.
41,,41,,,exact,NOGA_2008 → NACE_2.0 ; exactMatch ; source=ofs-methodologie. Identité documentée.
411,,411,,,exact,NOGA_2008 → NACE_2.0 ; exactMatch ; source=ofs-methodologie. Identité documentée.
4110,,4110,,,exact,NOGA_2008 → NACE_2.0 ; exactMatch ; source=ofs-methodologie. Identité documentée.
411000,,4110,,,aggregated,NOGA_2008 → NACE_2.0 ; broadMatch ; source=ofs-noga2008. Validation métier requise ; aucune équivalence exacte affirmée.
412,,412,,,exact,NOGA_2008 → NACE_2.0 ; exactMatch ; source=ofs-methodologie. Identité documentée.
4120,,4120,,,exact,NOGA_2008 → NACE_2.0 ; exactMatch ; source=ofs-methodologie. Identité documentée.
412001,,4120,,,aggregated,NOGA_2008 → NACE_2.0 ; broadMatch ; source=ofs-noga2008. Validation métier requise ; aucune équivalence exacte affirmée.
412002,,4120,,,aggregated,NOGA_2008 → NACE_2.0 ; broadMatch ; source=ofs-noga2008. Validation métier requise ; aucune équivalence exacte affirmée.
412003,,4120,,,aggregated,NOGA_2008 → NACE_2.0 ; broadMatch ; source=ofs-noga2008. Validation métier requise ; aucune équivalence exacte affirmée.
412004,,4120,,,aggregated,NOGA_2008 → NACE_2.0 ; broadMatch ; source=ofs-noga2008. Validation métier requise ; aucune équivalence exacte affirmée.
42,,42,,,exact,NOGA_2008 → NACE_2.0 ; exactMatch ; source=ofs-methodologie. Identité documentée.
421,,421,,,exact,NOGA_2008 → NACE_2.0 ; exactMatch ; source=ofs-methodologie. Identité documentée.
4211,,4211,,,exact,NOGA_2008 → NACE_2.0 ; exactMatch ; source=ofs-methodologie. Identité documentée.
421100,,4211,,,aggregated,NOGA_2008 → NACE_2.0 ; broadMatch ; source=ofs-noga2008. Validation métier requise ; aucune équivalence exacte affirmée.
4212,,4212,,,exact,NOGA_2008 → NACE_2.0 ; exactMatch ; source=ofs-methodologie. Identité documentée.
421200,,4212,,,aggregated,NOGA_2008 → NACE_2.0 ; broadMatch ; source=ofs-noga2008. Validation métier requise ; aucune équivalence exacte affirmée.
4213,,4213,,,exact,NOGA_2008 → NACE_2.0 ; exactMatch ; source=ofs-methodologie. Identité documentée.
421300,,4213,,,aggregated,NOGA_2008 → NACE_2.0 ; broadMatch ; source=ofs-noga2008. Validation métier requise ; aucune équivalence exacte affirmée.
422,,422,,,exact,NOGA_2008 → NACE_2.0 ; exactMatch ; source=ofs-methodologie. Identité documentée.
4221,,4221,,,exact,NOGA_2008 → NACE_2.0 ; exactMatch ; source=ofs-methodologie. Identité documentée.
422100,,4221,,,aggregated,NOGA_2008 → NACE_2.0 ; broadMatch ; source=ofs-noga2008. Validation métier requise ; aucune équivalence exacte affirmée.
4222,,4222,,,exact,NOGA_2008 → NACE_2.0 ; exactMatch ; source=ofs-methodologie. Identité documentée.
422200,,4222,,,aggregated,NOGA_2008 → NACE_2.0 ; broadMatch ; source=ofs-noga2008. Validation métier requise ; aucune équivalence exacte affirmée.
429,,429,,,exact,NOGA_2008 → NACE_2.0 ; exactMatch ; source=ofs-methodologie. Identité documentée.
4291,,4291,,,exact,NOGA_2008 → NACE_2.0 ; exactMatch ; source=ofs-methodologie. Identité documentée.
429100,,4291,,,aggregated,NOGA_2008 → NACE_2.0 ; broadMatch ; source=ofs-noga2008. Validation métier requise ; aucune équivalence exacte affirmée.
4299,,4299,,,exact,NOGA_2008 → NACE_2.0 ; exactMatch ; source=ofs-methodologie. Identité documentée.
429900,,4299,,,aggregated,NOGA_2008 → NACE_2.0 ; broadMatch ; source=ofs-noga2008. Validation métier requise ; aucune équivalence exacte affirmée.
43,,43,,,exact,NOGA_2008 → NACE_2.0 ; exactMatch ; source=ofs-methodologie. Identité documentée.
431,,431,,,exact,NOGA_2008 → NACE_2.0 ; exactMatch ; source=ofs-methodologie. Identité documentée.
4311,,4311,,,exact,NOGA_2008 → NACE_2.0 ; exactMatch ; source=ofs-methodologie. Identité documentée.
431100,,4311,,,aggregated,NOGA_2008 → NACE_2.0 ; broadMatch ; source=ofs-noga2008. Validation métier requise ; aucune équivalence exacte affirmée.
4312,,4312,,,exact,NOGA_2008 → NACE_2.0 ; exactMatch ; source=ofs-methodologie. Identité documentée.
431200,,4312,,,aggregated,NOGA_2008 → NACE_2.0 ; broadMatch ; source=ofs-noga2008. Validation métier requise ; aucune équivalence exacte affirmée.
4313,,4313,,,exact,NOGA_2008 → NACE_2.0 ; exactMatch ; source=ofs-methodologie. Identité documentée.
431300,,4313,,,aggregated,NOGA_2008 → NACE_2.0 ; broadMatch ; source=ofs-noga2008. Validation métier requise ; aucune équivalence exacte affirmée.
432,,432,,,exact,NOGA_2008 → NACE_2.0 ; exactMatch ; source=ofs-methodologie. Identité documentée.
4321,,4321,,,exact,NOGA_2008 → NACE_2.0 ; exactMatch ; source=ofs-methodologie. Identité documentée.
432100,,4321,,,aggregated,NOGA_2008 → NACE_2.0 ; broadMatch ; source=ofs-noga2008. Validation métier requise ; aucune équivalence exacte affirmée.
4322,,4322,,,exact,NOGA_2008 → NACE_2.0 ; exactMatch ; source=ofs-methodologie. Identité documentée.
432201,,4322,,,aggregated,NOGA_2008 → NACE_2.0 ; broadMatch ; source=ofs-noga2008. Validation métier requise ; aucune équivalence exacte affirmée.
432202,,4322,,,aggregated,NOGA_2008 → NACE_2.0 ; broadMatch ; source=ofs-noga2008. Validation métier requise ; aucune équivalence exacte affirmée.
432203,,4322,,,aggregated,NOGA_2008 → NACE_2.0 ; broadMatch ; source=ofs-noga2008. Validation métier requise ; aucune équivalence exacte affirmée.
432204,,4322,,,aggregated,NOGA_2008 → NACE_2.0 ; broadMatch ; source=ofs-noga2008. Validation métier requise ; aucune équivalence exacte affirmée.
4329,,4329,,,exact,NOGA_2008 → NACE_2.0 ; exactMatch ; source=ofs-methodologie. Identité documentée.
432901,,4329,,,aggregated,NOGA_2008 → NACE_2.0 ; broadMatch ; source=ofs-noga2008. Validation métier requise ; aucune équivalence exacte affirmée.
432902,,4329,,,aggregated,NOGA_2008 → NACE_2.0 ; broadMatch ; source=ofs-noga2008. Validation métier requise ; aucune équivalence exacte affirmée.
433,,433,,,exact,NOGA_2008 → NACE_2.0 ; exactMatch ; source=ofs-methodologie. Identité documentée.
4331,,4331,,,exact,NOGA_2008 → NACE_2.0 ; exactMatch ; source=ofs-methodologie. Identité documentée.
433100,,4331,,,aggregated,NOGA_2008 → NACE_2.0 ; broadMatch ; source=ofs-noga2008. Validation métier requise ; aucune équivalence exacte affirmée.
4332,,4332,,,exact,NOGA_2008 → NACE_2.0 ; exactMatch ; source=ofs-methodologie. Identité documentée.
433200,,4332,,,aggregated,NOGA_2008 → NACE_2.0 ; broadMatch ; source=ofs-noga2008. Validation métier requise ; aucune équivalence exacte affirmée.
4333,,4333,,,exact,NOGA_2008 → NACE_2.0 ; exactMatch ; source=ofs-methodologie. Identité documentée.
433301,,4333,,,aggregated,NOGA_2008 → NACE_2.0 ; broadMatch ; source=ofs-noga2008. Validation métier requise ; aucune équivalence exacte affirmée.
433302,,4333,,,aggregated,NOGA_2008 → NACE_2.0 ; broadMatch ; source=ofs-noga2008. Validation métier requise ; aucune équivalence exacte affirmée.
433303,,4333,,,aggregated,NOGA_2008 → NACE_2.0 ; broadMatch ; source=ofs-noga2008. Validation métier requise ; aucune équivalence exacte affirmée.
4334,,4334,,,exact,NOGA_2008 → NACE_2.0 ; exactMatch ; source=ofs-methodologie. Identité documentée.
433401,,4334,,,aggregated,NOGA_2008 → NACE_2.0 ; broadMatch ; source=ofs-noga2008. Validation métier requise ; aucune équivalence exacte affirmée.
433402,,4334,,,aggregated,NOGA_2008 → NACE_2.0 ; broadMatch ; source=ofs-noga2008. Validation métier requise ; aucune équivalence exacte affirmée.
433403,,4334,,,aggregated,NOGA_2008 → NACE_2.0 ; broadMatch ; source=ofs-noga2008. Validation métier requise ; aucune équivalence exacte affirmée.
4339,,4339,,,exact,NOGA_2008 → NACE_2.0 ; exactMatch ; source=ofs-methodologie. Identité documentée.
433900,,4339,,,aggregated,NOGA_2008 → NACE_2.0 ; broadMatch ; source=ofs-noga2008. Validation métier requise ; aucune équivalence exacte affirmée.
439,,439,,,exact,NOGA_2008 → NACE_2.0 ; exactMatch ; source=ofs-methodologie. Identité documentée.
4391,,4391,,,exact,NOGA_2008 → NACE_2.0 ; exactMatch ; source=ofs-methodologie. Identité documentée.
439101,,4391,,,aggregated,NOGA_2008 → NACE_2.0 ; broadMatch ; source=ofs-noga2008. Validation métier requise ; aucune équivalence exacte affirmée.
439102,,4391,,,aggregated,NOGA_2008 → NACE_2.0 ; broadMatch ; source=ofs-noga2008. Validation métier requise ; aucune équivalence exacte affirmée.
439103,,4391,,,aggregated,NOGA_2008 → NACE_2.0 ; broadMatch ; source=ofs-noga2008. Validation métier requise ; aucune équivalence exacte affirmée.
4399,,4399,,,exact,NOGA_2008 → NACE_2.0 ; exactMatch ; source=ofs-methodologie. Identité documentée.
439901,,4399,,,aggregated,NOGA_2008 → NACE_2.0 ; broadMatch ; source=ofs-noga2008. Validation métier requise ; aucune équivalence exacte affirmée.
439902,,4399,,,aggregated,NOGA_2008 → NACE_2.0 ; broadMatch ; source=ofs-noga2008. Validation métier requise ; aucune équivalence exacte affirmée.
439903,,4399,,,aggregated,NOGA_2008 → NACE_2.0 ; broadMatch ; source=ofs-noga2008. Validation métier requise ; aucune équivalence exacte affirmée.
439904,,4399,,,aggregated,NOGA_2008 → NACE_2.0 ; broadMatch ; source=ofs-noga2008. Validation métier requise ; aucune équivalence exacte affirmée.
439905,,4399,,,aggregated,NOGA_2008 → NACE_2.0 ; broadMatch ; source=ofs-noga2008. Validation métier requise ; aucune équivalence exacte affirmée.
45,,45,,,exact,NOGA_2008 → NACE_2.0 ; exactMatch ; source=ofs-methodologie. Identité documentée.
451,,451,,,exact,NOGA_2008 → NACE_2.0 ; exactMatch ; source=ofs-methodologie. Identité documentée.
4511,,4511,,,exact,NOGA_2008 → NACE_2.0 ; exactMatch ; source=ofs-methodologie. Identité documentée.
451101,,4511,,,aggregated,NOGA_2008 → NACE_2.0 ; broadMatch ; source=ofs-noga2008. Validation métier requise ; aucune équivalence exacte affirmée.
451102,,4511,,,aggregated,NOGA_2008 → NACE_2.0 ; broadMatch ; source=ofs-noga2008. Validation métier requise ; aucune équivalence exacte affirmée.
4519,,4519,,,exact,NOGA_2008 → NACE_2.0 ; exactMatch ; source=ofs-methodologie. Identité documentée.
451901,,4519,,,aggregated,NOGA_2008 → NACE_2.0 ; broadMatch ; source=ofs-noga2008. Validation métier requise ; aucune équivalence exacte affirmée.
451902,,4519,,,aggregated,NOGA_2008 → NACE_2.0 ; broadMatch ; source=ofs-noga2008. Validation métier requise ; aucune équivalence exacte affirmée.
452,,452,,,exact,NOGA_2008 → NACE_2.0 ; exactMatch ; source=ofs-methodologie. Identité documentée.
4520,,4520,,,exact,NOGA_2008 → NACE_2.0 ; exactMatch ; source=ofs-methodologie. Identité documentée.
452001,,4520,,,aggregated,NOGA_2008 → NACE_2.0 ; broadMatch ; source=ofs-noga2008. Validation métier requise ; aucune équivalence exacte affirmée.
452002,,4520,,,aggregated,NOGA_2008 → NACE_2.0 ; broadMatch ; source=ofs-noga2008. Validation métier requise ; aucune équivalence exacte affirmée.
453,,453,,,exact,NOGA_2008 → NACE_2.0 ; exactMatch ; source=ofs-methodologie. Identité documentée.
4531,,4531,,,exact,NOGA_2008 → NACE_2.0 ; exactMatch ; source=ofs-methodologie. Identité documentée.
453100,,4531,,,aggregated,NOGA_2008 → NACE_2.0 ; broadMatch ; source=ofs-noga2008. Validation métier requise ; aucune équivalence exacte affirmée.
4532,,4532,,,exact,NOGA_2008 → NACE_2.0 ; exactMatch ; source=ofs-methodologie. Identité documentée.
453200,,4532,,,aggregated,NOGA_2008 → NACE_2.0 ; broadMatch ; source=ofs-noga2008. Validation métier requise ; aucune équivalence exacte affirmée.
454,,454,,,exact,NOGA_2008 → NACE_2.0 ; exactMatch ; source=ofs-methodologie. Identité documentée.
4540,,4540,,,exact,NOGA_2008 → NACE_2.0 ; exactMatch ; source=ofs-methodologie. Identité documentée.
454000,,4540,,,aggregated,NOGA_2008 → NACE_2.0 ; broadMatch ; source=ofs-noga2008. Validation métier requise ; aucune équivalence exacte affirmée.
46,,46,,,exact,NOGA_2008 → NACE_2.0 ; exactMatch ; source=ofs-methodologie. Identité documentée.
461,,461,,,exact,NOGA_2008 → NACE_2.0 ; exactMatch ; source=ofs-methodologie. Identité documentée.
4611,,4611,,,exact,NOGA_2008 → NACE_2.0 ; exactMatch ; source=ofs-methodologie. Identité documentée.
461100,,4611,,,aggregated,NOGA_2008 → NACE_2.0 ; broadMatch ; source=ofs-noga2008. Validation métier requise ; aucune équivalence exacte affirmée.
4612,,4612,,,exact,NOGA_2008 → NACE_2.0 ; exactMatch ; source=ofs-methodologie. Identité documentée.
461200,,4612,,,aggregated,NOGA_2008 → NACE_2.0 ; broadMatch ; source=ofs-noga2008. Validation métier requise ; aucune équivalence exacte affirmée.
4613,,4613,,,exact,NOGA_2008 → NACE_2.0 ; exactMatch ; source=ofs-methodologie. Identité documentée.
461300,,4613,,,aggregated,NOGA_2008 → NACE_2.0 ; broadMatch ; source=ofs-noga2008. Validation métier requise ; aucune équivalence exacte affirmée.
4614,,4614,,,exact,NOGA_2008 → NACE_2.0 ; exactMatch ; source=ofs-methodologie. Identité documentée.
461400,,4614,,,aggregated,NOGA_2008 → NACE_2.0 ; broadMatch ; source=ofs-noga2008. Validation métier requise ; aucune équivalence exacte affirmée.
4615,,4615,,,exact,NOGA_2008 → NACE_2.0 ; exactMatch ; source=ofs-methodologie. Identité documentée.
461500,,4615,,,aggregated,NOGA_2008 → NACE_2.0 ; broadMatch ; source=ofs-noga2008. Validation métier requise ; aucune équivalence exacte affirmée.
4616,,4616,,,exact,NOGA_2008 → NACE_2.0 ; exactMatch ; source=ofs-methodologie. Identité documentée.
461600,,4616,,,aggregated,NOGA_2008 → NACE_2.0 ; broadMatch ; source=ofs-noga2008. Validation métier requise ; aucune équivalence exacte affirmée.
4617,,4617,,,exact,NOGA_2008 → NACE_2.0 ; exactMatch ; source=ofs-methodologie. Identité documentée.
461700,,4617,,,aggregated,NOGA_2008 → NACE_2.0 ; broadMatch ; source=ofs-noga2008. Validation métier requise ; aucune équivalence exacte affirmée.
4618,,4618,,,exact,NOGA_2008 → NACE_2.0 ; exactMatch ; source=ofs-methodologie. Identité documentée.
461800,,4618,,,aggregated,NOGA_2008 → NACE_2.0 ; broadMatch ; source=ofs-noga2008. Validation métier requise ; aucune équivalence exacte affirmée.
4619,,4619,,,exact,NOGA_2008 → NACE_2.0 ; exactMatch ; source=ofs-methodologie. Identité documentée.
461900,,4619,,,aggregated,NOGA_2008 → NACE_2.0 ; broadMatch ; source=ofs-noga2008. Validation métier requise ; aucune équivalence exacte affirmée.
462,,462,,,exact,NOGA_2008 → NACE_2.0 ; exactMatch ; source=ofs-methodologie. Identité documentée.
4621,,4621,,,exact,NOGA_2008 → NACE_2.0 ; exactMatch ; source=ofs-methodologie. Identité documentée.
462100,,4621,,,aggregated,NOGA_2008 → NACE_2.0 ; broadMatch ; source=ofs-noga2008. Validation métier requise ; aucune équivalence exacte affirmée.
4622,,4622,,,exact,NOGA_2008 → NACE_2.0 ; exactMatch ; source=ofs-methodologie. Identité documentée.
462200,,4622,,,aggregated,NOGA_2008 → NACE_2.0 ; broadMatch ; source=ofs-noga2008. Validation métier requise ; aucune équivalence exacte affirmée.
4623,,4623,,,exact,NOGA_2008 → NACE_2.0 ; exactMatch ; source=ofs-methodologie. Identité documentée.
462300,,4623,,,aggregated,NOGA_2008 → NACE_2.0 ; broadMatch ; source=ofs-noga2008. Validation métier requise ; aucune équivalence exacte affirmée.
4624,,4624,,,exact,NOGA_2008 → NACE_2.0 ; exactMatch ; source=ofs-methodologie. Identité documentée.
462400,,4624,,,aggregated,NOGA_2008 → NACE_2.0 ; broadMatch ; source=ofs-noga2008. Validation métier requise ; aucune équivalence exacte affirmée.
463,,463,,,exact,NOGA_2008 → NACE_2.0 ; exactMatch ; source=ofs-methodologie. Identité documentée.
4631,,4631,,,exact,NOGA_2008 → NACE_2.0 ; exactMatch ; source=ofs-methodologie. Identité documentée.
463100,,4631,,,aggregated,NOGA_2008 → NACE_2.0 ; broadMatch ; source=ofs-noga2008. Validation métier requise ; aucune équivalence exacte affirmée.
4632,,4632,,,exact,NOGA_2008 → NACE_2.0 ; exactMatch ; source=ofs-methodologie. Identité documentée.
463200,,4632,,,aggregated,NOGA_2008 → NACE_2.0 ; broadMatch ; source=ofs-noga2008. Validation métier requise ; aucune équivalence exacte affirmée.
4633,,4633,,,exact,NOGA_2008 → NACE_2.0 ; exactMatch ; source=ofs-methodologie. Identité documentée.
463300,,4633,,,aggregated,NOGA_2008 → NACE_2.0 ; broadMatch ; source=ofs-noga2008. Validation métier requise ; aucune équivalence exacte affirmée.
4634,,4634,,,exact,NOGA_2008 → NACE_2.0 ; exactMatch ; source=ofs-methodologie. Identité documentée.
463401,,4634,,,aggregated,NOGA_2008 → NACE_2.0 ; broadMatch ; source=ofs-noga2008. Validation métier requise ; aucune équivalence exacte affirmée.
463402,,4634,,,aggregated,NOGA_2008 → NACE_2.0 ; broadMatch ; source=ofs-noga2008. Validation métier requise ; aucune équivalence exacte affirmée.
4635,,4635,,,exact,NOGA_2008 → NACE_2.0 ; exactMatch ; source=ofs-methodologie. Identité documentée.
463500,,4635,,,aggregated,NOGA_2008 → NACE_2.0 ; broadMatch ; source=ofs-noga2008. Validation métier requise ; aucune équivalence exacte affirmée.
4636,,4636,,,exact,NOGA_2008 → NACE_2.0 ; exactMatch ; source=ofs-methodologie. Identité documentée.
463600,,4636,,,aggregated,NOGA_2008 → NACE_2.0 ; broadMatch ; source=ofs-noga2008. Validation métier requise ; aucune équivalence exacte affirmée.
4637,,4637,,,exact,NOGA_2008 → NACE_2.0 ; exactMatch ; source=ofs-methodologie. Identité documentée.
463700,,4637,,,aggregated,NOGA_2008 → NACE_2.0 ; broadMatch ; source=ofs-noga2008. Validation métier requise ; aucune équivalence exacte affirmée.
4638,,4638,,,exact,NOGA_2008 → NACE_2.0 ; exactMatch ; source=ofs-methodologie. Identité documentée.
463800,,4638,,,aggregated,NOGA_2008 → NACE_2.0 ; broadMatch ; source=ofs-noga2008. Validation métier requise ; aucune équivalence exacte affirmée.
4639,,4639,,,exact,NOGA_2008 → NACE_2.0 ; exactMatch ; source=ofs-methodologie. Identité documentée.
463900,,4639,,,aggregated,NOGA_2008 → NACE_2.0 ; broadMatch ; source=ofs-noga2008. Validation métier requise ; aucune équivalence exacte affirmée.
464,,464,,,exact,NOGA_2008 → NACE_2.0 ; exactMatch ; source=ofs-methodologie. Identité documentée.
4641,,4641,,,exact,NOGA_2008 → NACE_2.0 ; exactMatch ; source=ofs-methodologie. Identité documentée.
464100,,4641,,,aggregated,NOGA_2008 → NACE_2.0 ; broadMatch ; source=ofs-noga2008. Validation métier requise ; aucune équivalence exacte affirmée.
4642,,4642,,,exact,NOGA_2008 → NACE_2.0 ; exactMatch ; source=ofs-methodologie. Identité documentée.
464201,,4642,,,aggregated,NOGA_2008 → NACE_2.0 ; broadMatch ; source=ofs-noga2008. Validation métier requise ; aucune équivalence exacte affirmée.
464202,,4642,,,aggregated,NOGA_2008 → NACE_2.0 ; broadMatch ; source=ofs-noga2008. Validation métier requise ; aucune équivalence exacte affirmée.
4643,,4643,,,exact,NOGA_2008 → NACE_2.0 ; exactMatch ; source=ofs-methodologie. Identité documentée.
464301,,4643,,,aggregated,NOGA_2008 → NACE_2.0 ; broadMatch ; source=ofs-noga2008. Validation métier requise ; aucune équivalence exacte affirmée.
464302,,4643,,,aggregated,NOGA_2008 → NACE_2.0 ; broadMatch ; source=ofs-noga2008. Validation métier requise ; aucune équivalence exacte affirmée.
464303,,4643,,,aggregated,NOGA_2008 → NACE_2.0 ; broadMatch ; source=ofs-noga2008. Validation métier requise ; aucune équivalence exacte affirmée.
4644,,4644,,,exact,NOGA_2008 → NACE_2.0 ; exactMatch ; source=ofs-methodologie. Identité documentée.
464400,,4644,,,aggregated,NOGA_2008 → NACE_2.0 ; broadMatch ; source=ofs-noga2008. Validation métier requise ; aucune équivalence exacte affirmée.
4645,,4645,,,exact,NOGA_2008 → NACE_2.0 ; exactMatch ; source=ofs-methodologie. Identité documentée.
464500,,4645,,,aggregated,NOGA_2008 → NACE_2.0 ; broadMatch ; source=ofs-noga2008. Validation métier requise ; aucune équivalence exacte affirmée.
4646,,4646,,,exact,NOGA_2008 → NACE_2.0 ; exactMatch ; source=ofs-methodologie. Identité documentée.
464601,,4646,,,aggregated,NOGA_2008 → NACE_2.0 ; broadMatch ; source=ofs-noga2008. Validation métier requise ; aucune équivalence exacte affirmée.
464602,,4646,,,aggregated,NOGA_2008 → NACE_2.0 ; broadMatch ; source=ofs-noga2008. Validation métier requise ; aucune équivalence exacte affirmée.
4647,,4647,,,exact,NOGA_2008 → NACE_2.0 ; exactMatch ; source=ofs-methodologie. Identité documentée.
464700,,4647,,,aggregated,NOGA_2008 → NACE_2.0 ; broadMatch ; source=ofs-noga2008. Validation métier requise ; aucune équivalence exacte affirmée.
4648,,4648,,,exact,NOGA_2008 → NACE_2.0 ; exactMatch ; source=ofs-methodologie. Identité documentée.
464801,,4648,,,aggregated,NOGA_2008 → NACE_2.0 ; broadMatch ; source=ofs-noga2008. Validation métier requise ; aucune équivalence exacte affirmée.
464802,,4648,,,aggregated,NOGA_2008 → NACE_2.0 ; broadMatch ; source=ofs-noga2008. Validation métier requise ; aucune équivalence exacte affirmée.
4649,,4649,,,exact,NOGA_2008 → NACE_2.0 ; exactMatch ; source=ofs-methodologie. Identité documentée.
464901,,4649,,,aggregated,NOGA_2008 → NACE_2.0 ; broadMatch ; source=ofs-noga2008. Validation métier requise ; aucune équivalence exacte affirmée.
464902,,4649,,,aggregated,NOGA_2008 → NACE_2.0 ; broadMatch ; source=ofs-noga2008. Validation métier requise ; aucune équivalence exacte affirmée.
464903,,4649,,,aggregated,NOGA_2008 → NACE_2.0 ; broadMatch ; source=ofs-noga2008. Validation métier requise ; aucune équivalence exacte affirmée.
464904,,4649,,,aggregated,NOGA_2008 → NACE_2.0 ; broadMatch ; source=ofs-noga2008. Validation métier requise ; aucune équivalence exacte affirmée.
464905,,4649,,,aggregated,NOGA_2008 → NACE_2.0 ; broadMatch ; source=ofs-noga2008. Validation métier requise ; aucune équivalence exacte affirmée.
464906,,4649,,,aggregated,NOGA_2008 → NACE_2.0 ; broadMatch ; source=ofs-noga2008. Validation métier requise ; aucune équivalence exacte affirmée.
465,,465,,,exact,NOGA_2008 → NACE_2.0 ; exactMatch ; source=ofs-methodologie. Identité documentée.
4651,,4651,,,exact,NOGA_2008 → NACE_2.0 ; exactMatch ; source=ofs-methodologie. Identité documentée.
465101,,4651,,,aggregated,NOGA_2008 → NACE_2.0 ; broadMatch ; source=ofs-noga2008. Validation métier requise ; aucune équivalence exacte affirmée.
465102,,4651,,,aggregated,NOGA_2008 → NACE_2.0 ; broadMatch ; source=ofs-noga2008. Validation métier requise ; aucune équivalence exacte affirmée.
4652,,4652,,,exact,NOGA_2008 → NACE_2.0 ; exactMatch ; source=ofs-methodologie. Identité documentée.
465200,,4652,,,aggregated,NOGA_2008 → NACE_2.0 ; broadMatch ; source=ofs-noga2008. Validation métier requise ; aucune équivalence exacte affirmée.
466,,466,,,exact,NOGA_2008 → NACE_2.0 ; exactMatch ; source=ofs-methodologie. Identité documentée.
4661,,4661,,,exact,NOGA_2008 → NACE_2.0 ; exactMatch ; source=ofs-methodologie. Identité documentée.
466100,,4661,,,aggregated,NOGA_2008 → NACE_2.0 ; broadMatch ; source=ofs-noga2008. Validation métier requise ; aucune équivalence exacte affirmée.
4662,,4662,,,exact,NOGA_2008 → NACE_2.0 ; exactMatch ; source=ofs-methodologie. Identité documentée.
466200,,4662,,,aggregated,NOGA_2008 → NACE_2.0 ; broadMatch ; source=ofs-noga2008. Validation métier requise ; aucune équivalence exacte affirmée.
4663,,4663,,,exact,NOGA_2008 → NACE_2.0 ; exactMatch ; source=ofs-methodologie. Identité documentée.
466300,,4663,,,aggregated,NOGA_2008 → NACE_2.0 ; broadMatch ; source=ofs-noga2008. Validation métier requise ; aucune équivalence exacte affirmée.
4664,,4664,,,exact,NOGA_2008 → NACE_2.0 ; exactMatch ; source=ofs-methodologie. Identité documentée.
466400,,4664,,,aggregated,NOGA_2008 → NACE_2.0 ; broadMatch ; source=ofs-noga2008. Validation métier requise ; aucune équivalence exacte affirmée.
4665,,4665,,,exact,NOGA_2008 → NACE_2.0 ; exactMatch ; source=ofs-methodologie. Identité documentée.
466500,,4665,,,aggregated,NOGA_2008 → NACE_2.0 ; broadMatch ; source=ofs-noga2008. Validation métier requise ; aucune équivalence exacte affirmée.
4666,,4666,,,exact,NOGA_2008 → NACE_2.0 ; exactMatch ; source=ofs-methodologie. Identité documentée.
466600,,4666,,,aggregated,NOGA_2008 → NACE_2.0 ; broadMatch ; source=ofs-noga2008. Validation métier requise ; aucune équivalence exacte affirmée.
4669,,4669,,,exact,NOGA_2008 → NACE_2.0 ; exactMatch ; source=ofs-methodologie. Identité documentée.
466900,,4669,,,aggregated,NOGA_2008 → NACE_2.0 ; broadMatch ; source=ofs-noga2008. Validation métier requise ; aucune équivalence exacte affirmée.
467,,467,,,exact,NOGA_2008 → NACE_2.0 ; exactMatch ; source=ofs-methodologie. Identité documentée.
4671,,4671,,,exact,NOGA_2008 → NACE_2.0 ; exactMatch ; source=ofs-methodologie. Identité documentée.
467100,,4671,,,aggregated,NOGA_2008 → NACE_2.0 ; broadMatch ; source=ofs-noga2008. Validation métier requise ; aucune équivalence exacte affirmée.
4672,,4672,,,exact,NOGA_2008 → NACE_2.0 ; exactMatch ; source=ofs-methodologie. Identité documentée.
467200,,4672,,,aggregated,NOGA_2008 → NACE_2.0 ; broadMatch ; source=ofs-noga2008. Validation métier requise ; aucune équivalence exacte affirmée.
4673,,4673,,,exact,NOGA_2008 → NACE_2.0 ; exactMatch ; source=ofs-methodologie. Identité documentée.
467301,,4673,,,aggregated,NOGA_2008 → NACE_2.0 ; broadMatch ; source=ofs-noga2008. Validation métier requise ; aucune équivalence exacte affirmée.
467302,,4673,,,aggregated,NOGA_2008 → NACE_2.0 ; broadMatch ; source=ofs-noga2008. Validation métier requise ; aucune équivalence exacte affirmée.
467303,,4673,,,aggregated,NOGA_2008 → NACE_2.0 ; broadMatch ; source=ofs-noga2008. Validation métier requise ; aucune équivalence exacte affirmée.
4674,,4674,,,exact,NOGA_2008 → NACE_2.0 ; exactMatch ; source=ofs-methodologie. Identité documentée.
467400,,4674,,,aggregated,NOGA_2008 → NACE_2.0 ; broadMatch ; source=ofs-noga2008. Validation métier requise ; aucune équivalence exacte affirmée.
4675,,4675,,,exact,NOGA_2008 → NACE_2.0 ; exactMatch ; source=ofs-methodologie. Identité documentée.
467500,,4675,,,aggregated,NOGA_2008 → NACE_2.0 ; broadMatch ; source=ofs-noga2008. Validation métier requise ; aucune équivalence exacte affirmée.
4676,,4676,,,exact,NOGA_2008 → NACE_2.0 ; exactMatch ; source=ofs-methodologie. Identité documentée.
467600,,4676,,,aggregated,NOGA_2008 → NACE_2.0 ; broadMatch ; source=ofs-noga2008. Validation métier requise ; aucune équivalence exacte affirmée.
4677,,4677,,,exact,NOGA_2008 → NACE_2.0 ; exactMatch ; source=ofs-methodologie. Identité documentée.
467701,,4677,,,aggregated,NOGA_2008 → NACE_2.0 ; broadMatch ; source=ofs-noga2008. Validation métier requise ; aucune équivalence exacte affirmée.
467702,,4677,,,aggregated,NOGA_2008 → NACE_2.0 ; broadMatch ; source=ofs-noga2008. Validation métier requise ; aucune équivalence exacte affirmée.
469,,469,,,exact,NOGA_2008 → NACE_2.0 ; exactMatch ; source=ofs-methodologie. Identité documentée.
4690,,4690,,,exact,NOGA_2008 → NACE_2.0 ; exactMatch ; source=ofs-methodologie. Identité documentée.
469000,,4690,,,aggregated,NOGA_2008 → NACE_2.0 ; broadMatch ; source=ofs-noga2008. Validation métier requise ; aucune équivalence exacte affirmée.
47,,47,,,exact,NOGA_2008 → NACE_2.0 ; exactMatch ; source=ofs-methodologie. Identité documentée.
471,,471,,,exact,NOGA_2008 → NACE_2.0 ; exactMatch ; source=ofs-methodologie. Identité documentée.
4711,,4711,,,exact,NOGA_2008 → NACE_2.0 ; exactMatch ; source=ofs-methodologie. Identité documentée.
471101,,4711,,,aggregated,NOGA_2008 → NACE_2.0 ; broadMatch ; source=ofs-noga2008. Validation métier requise ; aucune équivalence exacte affirmée.
471102,,4711,,,aggregated,NOGA_2008 → NACE_2.0 ; broadMatch ; source=ofs-noga2008. Validation métier requise ; aucune équivalence exacte affirmée.
471103,,4711,,,aggregated,NOGA_2008 → NACE_2.0 ; broadMatch ; source=ofs-noga2008. Validation métier requise ; aucune équivalence exacte affirmée.
471104,,4711,,,aggregated,NOGA_2008 → NACE_2.0 ; broadMatch ; source=ofs-noga2008. Validation métier requise ; aucune équivalence exacte affirmée.
471105,,4711,,,aggregated,NOGA_2008 → NACE_2.0 ; broadMatch ; source=ofs-noga2008. Validation métier requise ; aucune équivalence exacte affirmée.
4719,,4719,,,exact,NOGA_2008 → NACE_2.0 ; exactMatch ; source=ofs-methodologie. Identité documentée.
471901,,4719,,,aggregated,NOGA_2008 → NACE_2.0 ; broadMatch ; source=ofs-noga2008. Validation métier requise ; aucune équivalence exacte affirmée.
471902,,4719,,,aggregated,NOGA_2008 → NACE_2.0 ; broadMatch ; source=ofs-noga2008. Validation métier requise ; aucune équivalence exacte affirmée.
472,,472,,,exact,NOGA_2008 → NACE_2.0 ; exactMatch ; source=ofs-methodologie. Identité documentée.
4721,,4721,,,exact,NOGA_2008 → NACE_2.0 ; exactMatch ; source=ofs-methodologie. Identité documentée.
472100,,4721,,,aggregated,NOGA_2008 → NACE_2.0 ; broadMatch ; source=ofs-noga2008. Validation métier requise ; aucune équivalence exacte affirmée.
4722,,4722,,,exact,NOGA_2008 → NACE_2.0 ; exactMatch ; source=ofs-methodologie. Identité documentée.
472200,,4722,,,aggregated,NOGA_2008 → NACE_2.0 ; broadMatch ; source=ofs-noga2008. Validation métier requise ; aucune équivalence exacte affirmée.
4723,,4723,,,exact,NOGA_2008 → NACE_2.0 ; exactMatch ; source=ofs-methodologie. Identité documentée.
472300,,4723,,,aggregated,NOGA_2008 → NACE_2.0 ; broadMatch ; source=ofs-noga2008. Validation métier requise ; aucune équivalence exacte affirmée.
4724,,4724,,,exact,NOGA_2008 → NACE_2.0 ; exactMatch ; source=ofs-methodologie. Identité documentée.
472401,,4724,,,aggregated,NOGA_2008 → NACE_2.0 ; broadMatch ; source=ofs-noga2008. Validation métier requise ; aucune équivalence exacte affirmée.
472402,,4724,,,aggregated,NOGA_2008 → NACE_2.0 ; broadMatch ; source=ofs-noga2008. Validation métier requise ; aucune équivalence exacte affirmée.
4725,,4725,,,exact,NOGA_2008 → NACE_2.0 ; exactMatch ; source=ofs-methodologie. Identité documentée.
472500,,4725,,,aggregated,NOGA_2008 → NACE_2.0 ; broadMatch ; source=ofs-noga2008. Validation métier requise ; aucune équivalence exacte affirmée.
4726,,4726,,,exact,NOGA_2008 → NACE_2.0 ; exactMatch ; source=ofs-methodologie. Identité documentée.
472600,,4726,,,aggregated,NOGA_2008 → NACE_2.0 ; broadMatch ; source=ofs-noga2008. Validation métier requise ; aucune équivalence exacte affirmée.
4729,,4729,,,exact,NOGA_2008 → NACE_2.0 ; exactMatch ; source=ofs-methodologie. Identité documentée.
472901,,4729,,,aggregated,NOGA_2008 → NACE_2.0 ; broadMatch ; source=ofs-noga2008. Validation métier requise ; aucune équivalence exacte affirmée.
472902,,4729,,,aggregated,NOGA_2008 → NACE_2.0 ; broadMatch ; source=ofs-noga2008. Validation métier requise ; aucune équivalence exacte affirmée.
473,,473,,,exact,NOGA_2008 → NACE_2.0 ; exactMatch ; source=ofs-methodologie. Identité documentée.
4730,,4730,,,exact,NOGA_2008 → NACE_2.0 ; exactMatch ; source=ofs-methodologie. Identité documentée.
473000,,4730,,,aggregated,NOGA_2008 → NACE_2.0 ; broadMatch ; source=ofs-noga2008. Validation métier requise ; aucune équivalence exacte affirmée.
474,,474,,,exact,NOGA_2008 → NACE_2.0 ; exactMatch ; source=ofs-methodologie. Identité documentée.
4741,,4741,,,exact,NOGA_2008 → NACE_2.0 ; exactMatch ; source=ofs-methodologie. Identité documentée.
474100,,4741,,,aggregated,NOGA_2008 → NACE_2.0 ; broadMatch ; source=ofs-noga2008. Validation métier requise ; aucune équivalence exacte affirmée.
4742,,4742,,,exact,NOGA_2008 → NACE_2.0 ; exactMatch ; source=ofs-methodologie. Identité documentée.
474200,,4742,,,aggregated,NOGA_2008 → NACE_2.0 ; broadMatch ; source=ofs-noga2008. Validation métier requise ; aucune équivalence exacte affirmée.
4743,,4743,,,exact,NOGA_2008 → NACE_2.0 ; exactMatch ; source=ofs-methodologie. Identité documentée.
474300,,4743,,,aggregated,NOGA_2008 → NACE_2.0 ; broadMatch ; source=ofs-noga2008. Validation métier requise ; aucune équivalence exacte affirmée.
475,,475,,,exact,NOGA_2008 → NACE_2.0 ; exactMatch ; source=ofs-methodologie. Identité documentée.
4751,,4751,,,exact,NOGA_2008 → NACE_2.0 ; exactMatch ; source=ofs-methodologie. Identité documentée.
475100,,4751,,,aggregated,NOGA_2008 → NACE_2.0 ; broadMatch ; source=ofs-noga2008. Validation métier requise ; aucune équivalence exacte affirmée.
4752,,4752,,,exact,NOGA_2008 → NACE_2.0 ; exactMatch ; source=ofs-methodologie. Identité documentée.
475201,,4752,,,aggregated,NOGA_2008 → NACE_2.0 ; broadMatch ; source=ofs-noga2008. Validation métier requise ; aucune équivalence exacte affirmée.
475202,,4752,,,aggregated,NOGA_2008 → NACE_2.0 ; broadMatch ; source=ofs-noga2008. Validation métier requise ; aucune équivalence exacte affirmée.
4753,,4753,,,exact,NOGA_2008 → NACE_2.0 ; exactMatch ; source=ofs-methodologie. Identité documentée.
475300,,4753,,,aggregated,NOGA_2008 → NACE_2.0 ; broadMatch ; source=ofs-noga2008. Validation métier requise ; aucune équivalence exacte affirmée.
4754,,4754,,,exact,NOGA_2008 → NACE_2.0 ; exactMatch ; source=ofs-methodologie. Identité documentée.
475400,,4754,,,aggregated,NOGA_2008 → NACE_2.0 ; broadMatch ; source=ofs-noga2008. Validation métier requise ; aucune équivalence exacte affirmée.
4759,,4759,,,exact,NOGA_2008 → NACE_2.0 ; exactMatch ; source=ofs-methodologie. Identité documentée.
475901,,4759,,,aggregated,NOGA_2008 → NACE_2.0 ; broadMatch ; source=ofs-noga2008. Validation métier requise ; aucune équivalence exacte affirmée.
475902,,4759,,,aggregated,NOGA_2008 → NACE_2.0 ; broadMatch ; source=ofs-noga2008. Validation métier requise ; aucune équivalence exacte affirmée.
475903,,4759,,,aggregated,NOGA_2008 → NACE_2.0 ; broadMatch ; source=ofs-noga2008. Validation métier requise ; aucune équivalence exacte affirmée.
476,,476,,,exact,NOGA_2008 → NACE_2.0 ; exactMatch ; source=ofs-methodologie. Identité documentée.
4761,,4761,,,exact,NOGA_2008 → NACE_2.0 ; exactMatch ; source=ofs-methodologie. Identité documentée.
476100,,4761,,,aggregated,NOGA_2008 → NACE_2.0 ; broadMatch ; source=ofs-noga2008. Validation métier requise ; aucune équivalence exacte affirmée.
4762,,4762,,,exact,NOGA_2008 → NACE_2.0 ; exactMatch ; source=ofs-methodologie. Identité documentée.
476201,,4762,,,aggregated,NOGA_2008 → NACE_2.0 ; broadMatch ; source=ofs-noga2008. Validation métier requise ; aucune équivalence exacte affirmée.
476202,,4762,,,aggregated,NOGA_2008 → NACE_2.0 ; broadMatch ; source=ofs-noga2008. Validation métier requise ; aucune équivalence exacte affirmée.
4763,,4763,,,exact,NOGA_2008 → NACE_2.0 ; exactMatch ; source=ofs-methodologie. Identité documentée.
476300,,4763,,,aggregated,NOGA_2008 → NACE_2.0 ; broadMatch ; source=ofs-noga2008. Validation métier requise ; aucune équivalence exacte affirmée.
4764,,4764,,,exact,NOGA_2008 → NACE_2.0 ; exactMatch ; source=ofs-methodologie. Identité documentée.
476401,,4764,,,aggregated,NOGA_2008 → NACE_2.0 ; broadMatch ; source=ofs-noga2008. Validation métier requise ; aucune équivalence exacte affirmée.
476402,,4764,,,aggregated,NOGA_2008 → NACE_2.0 ; broadMatch ; source=ofs-noga2008. Validation métier requise ; aucune équivalence exacte affirmée.
4765,,4765,,,exact,NOGA_2008 → NACE_2.0 ; exactMatch ; source=ofs-methodologie. Identité documentée.
476500,,4765,,,aggregated,NOGA_2008 → NACE_2.0 ; broadMatch ; source=ofs-noga2008. Validation métier requise ; aucune équivalence exacte affirmée.
477,,477,,,exact,NOGA_2008 → NACE_2.0 ; exactMatch ; source=ofs-methodologie. Identité documentée.
4771,,4771,,,exact,NOGA_2008 → NACE_2.0 ; exactMatch ; source=ofs-methodologie. Identité documentée.
477101,,4771,,,aggregated,NOGA_2008 → NACE_2.0 ; broadMatch ; source=ofs-noga2008. Validation métier requise ; aucune équivalence exacte affirmée.
477102,,4771,,,aggregated,NOGA_2008 → NACE_2.0 ; broadMatch ; source=ofs-noga2008. Validation métier requise ; aucune équivalence exacte affirmée.
477103,,4771,,,aggregated,NOGA_2008 → NACE_2.0 ; broadMatch ; source=ofs-noga2008. Validation métier requise ; aucune équivalence exacte affirmée.
477104,,4771,,,aggregated,NOGA_2008 → NACE_2.0 ; broadMatch ; source=ofs-noga2008. Validation métier requise ; aucune équivalence exacte affirmée.
477105,,4771,,,aggregated,NOGA_2008 → NACE_2.0 ; broadMatch ; source=ofs-noga2008. Validation métier requise ; aucune équivalence exacte affirmée.
4772,,4772,,,exact,NOGA_2008 → NACE_2.0 ; exactMatch ; source=ofs-methodologie. Identité documentée.
477201,,4772,,,aggregated,NOGA_2008 → NACE_2.0 ; broadMatch ; source=ofs-noga2008. Validation métier requise ; aucune équivalence exacte affirmée.
477202,,4772,,,aggregated,NOGA_2008 → NACE_2.0 ; broadMatch ; source=ofs-noga2008. Validation métier requise ; aucune équivalence exacte affirmée.
4773,,4773,,,exact,NOGA_2008 → NACE_2.0 ; exactMatch ; source=ofs-methodologie. Identité documentée.
477300,,4773,,,aggregated,NOGA_2008 → NACE_2.0 ; broadMatch ; source=ofs-noga2008. Validation métier requise ; aucune équivalence exacte affirmée.
4774,,4774,,,exact,NOGA_2008 → NACE_2.0 ; exactMatch ; source=ofs-methodologie. Identité documentée.
477400,,4774,,,aggregated,NOGA_2008 → NACE_2.0 ; broadMatch ; source=ofs-noga2008. Validation métier requise ; aucune équivalence exacte affirmée.
4775,,4775,,,exact,NOGA_2008 → NACE_2.0 ; exactMatch ; source=ofs-methodologie. Identité documentée.
477501,,4775,,,aggregated,NOGA_2008 → NACE_2.0 ; broadMatch ; source=ofs-noga2008. Validation métier requise ; aucune équivalence exacte affirmée.
477502,,4775,,,aggregated,NOGA_2008 → NACE_2.0 ; broadMatch ; source=ofs-noga2008. Validation métier requise ; aucune équivalence exacte affirmée.
4776,,4776,,,exact,NOGA_2008 → NACE_2.0 ; exactMatch ; source=ofs-methodologie. Identité documentée.
477601,,4776,,,aggregated,NOGA_2008 → NACE_2.0 ; broadMatch ; source=ofs-noga2008. Validation métier requise ; aucune équivalence exacte affirmée.
477602,,4776,,,aggregated,NOGA_2008 → NACE_2.0 ; broadMatch ; source=ofs-noga2008. Validation métier requise ; aucune équivalence exacte affirmée.
477603,,4776,,,aggregated,NOGA_2008 → NACE_2.0 ; broadMatch ; source=ofs-noga2008. Validation métier requise ; aucune équivalence exacte affirmée.
4777,,4777,,,exact,NOGA_2008 → NACE_2.0 ; exactMatch ; source=ofs-methodologie. Identité documentée.
477700,,4777,,,aggregated,NOGA_2008 → NACE_2.0 ; broadMatch ; source=ofs-noga2008. Validation métier requise ; aucune équivalence exacte affirmée.
4778,,4778,,,exact,NOGA_2008 → NACE_2.0 ; exactMatch ; source=ofs-methodologie. Identité documentée.
477801,,4778,,,aggregated,NOGA_2008 → NACE_2.0 ; broadMatch ; source=ofs-noga2008. Validation métier requise ; aucune équivalence exacte affirmée.
477802,,4778,,,aggregated,NOGA_2008 → NACE_2.0 ; broadMatch ; source=ofs-noga2008. Validation métier requise ; aucune équivalence exacte affirmée.
477803,,4778,,,aggregated,NOGA_2008 → NACE_2.0 ; broadMatch ; source=ofs-noga2008. Validation métier requise ; aucune équivalence exacte affirmée.
477804,,4778,,,aggregated,NOGA_2008 → NACE_2.0 ; broadMatch ; source=ofs-noga2008. Validation métier requise ; aucune équivalence exacte affirmée.
477805,,4778,,,aggregated,NOGA_2008 → NACE_2.0 ; broadMatch ; source=ofs-noga2008. Validation métier requise ; aucune équivalence exacte affirmée.
477806,,4778,,,aggregated,NOGA_2008 → NACE_2.0 ; broadMatch ; source=ofs-noga2008. Validation métier requise ; aucune équivalence exacte affirmée.
4779,,4779,,,exact,NOGA_2008 → NACE_2.0 ; exactMatch ; source=ofs-methodologie. Identité documentée.
477901,,4779,,,aggregated,NOGA_2008 → NACE_2.0 ; broadMatch ; source=ofs-noga2008. Validation métier requise ; aucune équivalence exacte affirmée.
477902,,4779,,,aggregated,NOGA_2008 → NACE_2.0 ; broadMatch ; source=ofs-noga2008. Validation métier requise ; aucune équivalence exacte affirmée.
478,,478,,,exact,NOGA_2008 → NACE_2.0 ; exactMatch ; source=ofs-methodologie. Identité documentée.
4781,,4781,,,exact,NOGA_2008 → NACE_2.0 ; exactMatch ; source=ofs-methodologie. Identité documentée.
478100,,4781,,,aggregated,NOGA_2008 → NACE_2.0 ; broadMatch ; source=ofs-noga2008. Validation métier requise ; aucune équivalence exacte affirmée.
4782,,4782,,,exact,NOGA_2008 → NACE_2.0 ; exactMatch ; source=ofs-methodologie. Identité documentée.
478200,,4782,,,aggregated,NOGA_2008 → NACE_2.0 ; broadMatch ; source=ofs-noga2008. Validation métier requise ; aucune équivalence exacte affirmée.
4789,,4789,,,exact,NOGA_2008 → NACE_2.0 ; exactMatch ; source=ofs-methodologie. Identité documentée.
478900,,4789,,,aggregated,NOGA_2008 → NACE_2.0 ; broadMatch ; source=ofs-noga2008. Validation métier requise ; aucune équivalence exacte affirmée.
479,,479,,,exact,NOGA_2008 → NACE_2.0 ; exactMatch ; source=ofs-methodologie. Identité documentée.
4791,,4791,,,exact,NOGA_2008 → NACE_2.0 ; exactMatch ; source=ofs-methodologie. Identité documentée.
479100,,4791,,,aggregated,NOGA_2008 → NACE_2.0 ; broadMatch ; source=ofs-noga2008. Validation métier requise ; aucune équivalence exacte affirmée.
4799,,4799,,,exact,NOGA_2008 → NACE_2.0 ; exactMatch ; source=ofs-methodologie. Identité documentée.
479900,,4799,,,aggregated,NOGA_2008 → NACE_2.0 ; broadMatch ; source=ofs-noga2008. Validation métier requise ; aucune équivalence exacte affirmée.
49,,49,,,exact,NOGA_2008 → NACE_2.0 ; exactMatch ; source=ofs-methodologie. Identité documentée.
491,,491,,,exact,NOGA_2008 → NACE_2.0 ; exactMatch ; source=ofs-methodologie. Identité documentée.
4910,,4910,,,exact,NOGA_2008 → NACE_2.0 ; exactMatch ; source=ofs-methodologie. Identité documentée.
491000,,4910,,,aggregated,NOGA_2008 → NACE_2.0 ; broadMatch ; source=ofs-noga2008. Validation métier requise ; aucune équivalence exacte affirmée.
492,,492,,,exact,NOGA_2008 → NACE_2.0 ; exactMatch ; source=ofs-methodologie. Identité documentée.
4920,,4920,,,exact,NOGA_2008 → NACE_2.0 ; exactMatch ; source=ofs-methodologie. Identité documentée.
492000,,4920,,,aggregated,NOGA_2008 → NACE_2.0 ; broadMatch ; source=ofs-noga2008. Validation métier requise ; aucune équivalence exacte affirmée.
493,,493,,,exact,NOGA_2008 → NACE_2.0 ; exactMatch ; source=ofs-methodologie. Identité documentée.
4931,,4931,,,exact,NOGA_2008 → NACE_2.0 ; exactMatch ; source=ofs-methodologie. Identité documentée.
493100,,4931,,,aggregated,NOGA_2008 → NACE_2.0 ; broadMatch ; source=ofs-noga2008. Validation métier requise ; aucune équivalence exacte affirmée.
4932,,4932,,,exact,NOGA_2008 → NACE_2.0 ; exactMatch ; source=ofs-methodologie. Identité documentée.
493200,,4932,,,aggregated,NOGA_2008 → NACE_2.0 ; broadMatch ; source=ofs-noga2008. Validation métier requise ; aucune équivalence exacte affirmée.
4939,,4939,,,exact,NOGA_2008 → NACE_2.0 ; exactMatch ; source=ofs-methodologie. Identité documentée.
493901,,4939,,,aggregated,NOGA_2008 → NACE_2.0 ; broadMatch ; source=ofs-noga2008. Validation métier requise ; aucune équivalence exacte affirmée.
493902,,4939,,,aggregated,NOGA_2008 → NACE_2.0 ; broadMatch ; source=ofs-noga2008. Validation métier requise ; aucune équivalence exacte affirmée.
493903,,4939,,,aggregated,NOGA_2008 → NACE_2.0 ; broadMatch ; source=ofs-noga2008. Validation métier requise ; aucune équivalence exacte affirmée.
494,,494,,,exact,NOGA_2008 → NACE_2.0 ; exactMatch ; source=ofs-methodologie. Identité documentée.
4941,,4941,,,exact,NOGA_2008 → NACE_2.0 ; exactMatch ; source=ofs-methodologie. Identité documentée.
494100,,4941,,,aggregated,NOGA_2008 → NACE_2.0 ; broadMatch ; source=ofs-noga2008. Validation métier requise ; aucune équivalence exacte affirmée.
4942,,4942,,,exact,NOGA_2008 → NACE_2.0 ; exactMatch ; source=ofs-methodologie. Identité documentée.
494200,,4942,,,aggregated,NOGA_2008 → NACE_2.0 ; broadMatch ; source=ofs-noga2008. Validation métier requise ; aucune équivalence exacte affirmée.
495,,495,,,exact,NOGA_2008 → NACE_2.0 ; exactMatch ; source=ofs-methodologie. Identité documentée.
4950,,4950,,,exact,NOGA_2008 → NACE_2.0 ; exactMatch ; source=ofs-methodologie. Identité documentée.
495000,,4950,,,aggregated,NOGA_2008 → NACE_2.0 ; broadMatch ; source=ofs-noga2008. Validation métier requise ; aucune équivalence exacte affirmée.
50,,50,,,exact,NOGA_2008 → NACE_2.0 ; exactMatch ; source=ofs-methodologie. Identité documentée.
501,,501,,,exact,NOGA_2008 → NACE_2.0 ; exactMatch ; source=ofs-methodologie. Identité documentée.
5010,,5010,,,exact,NOGA_2008 → NACE_2.0 ; exactMatch ; source=ofs-methodologie. Identité documentée.
501000,,5010,,,aggregated,NOGA_2008 → NACE_2.0 ; broadMatch ; source=ofs-noga2008. Validation métier requise ; aucune équivalence exacte affirmée.
502,,502,,,exact,NOGA_2008 → NACE_2.0 ; exactMatch ; source=ofs-methodologie. Identité documentée.
5020,,5020,,,exact,NOGA_2008 → NACE_2.0 ; exactMatch ; source=ofs-methodologie. Identité documentée.
502000,,5020,,,aggregated,NOGA_2008 → NACE_2.0 ; broadMatch ; source=ofs-noga2008. Validation métier requise ; aucune équivalence exacte affirmée.
503,,503,,,exact,NOGA_2008 → NACE_2.0 ; exactMatch ; source=ofs-methodologie. Identité documentée.
5030,,5030,,,exact,NOGA_2008 → NACE_2.0 ; exactMatch ; source=ofs-methodologie. Identité documentée.
503000,,5030,,,aggregated,NOGA_2008 → NACE_2.0 ; broadMatch ; source=ofs-noga2008. Validation métier requise ; aucune équivalence exacte affirmée.
504,,504,,,exact,NOGA_2008 → NACE_2.0 ; exactMatch ; source=ofs-methodologie. Identité documentée.
5040,,5040,,,exact,NOGA_2008 → NACE_2.0 ; exactMatch ; source=ofs-methodologie. Identité documentée.
504000,,5040,,,aggregated,NOGA_2008 → NACE_2.0 ; broadMatch ; source=ofs-noga2008. Validation métier requise ; aucune équivalence exacte affirmée.
51,,51,,,exact,NOGA_2008 → NACE_2.0 ; exactMatch ; source=ofs-methodologie. Identité documentée.
511,,511,,,exact,NOGA_2008 → NACE_2.0 ; exactMatch ; source=ofs-methodologie. Identité documentée.
5110,,5110,,,exact,NOGA_2008 → NACE_2.0 ; exactMatch ; source=ofs-methodologie. Identité documentée.
511000,,5110,,,aggregated,NOGA_2008 → NACE_2.0 ; broadMatch ; source=ofs-noga2008. Validation métier requise ; aucune équivalence exacte affirmée.
512,,512,,,exact,NOGA_2008 → NACE_2.0 ; exactMatch ; source=ofs-methodologie. Identité documentée.
5121,,5121,,,exact,NOGA_2008 → NACE_2.0 ; exactMatch ; source=ofs-methodologie. Identité documentée.
512100,,5121,,,aggregated,NOGA_2008 → NACE_2.0 ; broadMatch ; source=ofs-noga2008. Validation métier requise ; aucune équivalence exacte affirmée.
5122,,5122,,,exact,NOGA_2008 → NACE_2.0 ; exactMatch ; source=ofs-methodologie. Identité documentée.
512200,,5122,,,aggregated,NOGA_2008 → NACE_2.0 ; broadMatch ; source=ofs-noga2008. Validation métier requise ; aucune équivalence exacte affirmée.
52,,52,,,exact,NOGA_2008 → NACE_2.0 ; exactMatch ; source=ofs-methodologie. Identité documentée.
521,,521,,,exact,NOGA_2008 → NACE_2.0 ; exactMatch ; source=ofs-methodologie. Identité documentée.
5210,,5210,,,exact,NOGA_2008 → NACE_2.0 ; exactMatch ; source=ofs-methodologie. Identité documentée.
521000,,5210,,,aggregated,NOGA_2008 → NACE_2.0 ; broadMatch ; source=ofs-noga2008. Validation métier requise ; aucune équivalence exacte affirmée.
522,,522,,,exact,NOGA_2008 → NACE_2.0 ; exactMatch ; source=ofs-methodologie. Identité documentée.
5221,,5221,,,exact,NOGA_2008 → NACE_2.0 ; exactMatch ; source=ofs-methodologie. Identité documentée.
522100,,5221,,,aggregated,NOGA_2008 → NACE_2.0 ; broadMatch ; source=ofs-noga2008. Validation métier requise ; aucune équivalence exacte affirmée.
5222,,5222,,,exact,NOGA_2008 → NACE_2.0 ; exactMatch ; source=ofs-methodologie. Identité documentée.
522200,,5222,,,aggregated,NOGA_2008 → NACE_2.0 ; broadMatch ; source=ofs-noga2008. Validation métier requise ; aucune équivalence exacte affirmée.
5223,,5223,,,exact,NOGA_2008 → NACE_2.0 ; exactMatch ; source=ofs-methodologie. Identité documentée.
522300,,5223,,,aggregated,NOGA_2008 → NACE_2.0 ; broadMatch ; source=ofs-noga2008. Validation métier requise ; aucune équivalence exacte affirmée.
5224,,5224,,,exact,NOGA_2008 → NACE_2.0 ; exactMatch ; source=ofs-methodologie. Identité documentée.
522400,,5224,,,aggregated,NOGA_2008 → NACE_2.0 ; broadMatch ; source=ofs-noga2008. Validation métier requise ; aucune équivalence exacte affirmée.
5229,,5229,,,exact,NOGA_2008 → NACE_2.0 ; exactMatch ; source=ofs-methodologie. Identité documentée.
522900,,5229,,,aggregated,NOGA_2008 → NACE_2.0 ; broadMatch ; source=ofs-noga2008. Validation métier requise ; aucune équivalence exacte affirmée.
53,,53,,,exact,NOGA_2008 → NACE_2.0 ; exactMatch ; source=ofs-methodologie. Identité documentée.
531,,531,,,exact,NOGA_2008 → NACE_2.0 ; exactMatch ; source=ofs-methodologie. Identité documentée.
5310,,5310,,,exact,NOGA_2008 → NACE_2.0 ; exactMatch ; source=ofs-methodologie. Identité documentée.
531000,,5310,,,aggregated,NOGA_2008 → NACE_2.0 ; broadMatch ; source=ofs-noga2008. Validation métier requise ; aucune équivalence exacte affirmée.
532,,532,,,exact,NOGA_2008 → NACE_2.0 ; exactMatch ; source=ofs-methodologie. Identité documentée.
5320,,5320,,,exact,NOGA_2008 → NACE_2.0 ; exactMatch ; source=ofs-methodologie. Identité documentée.
532000,,5320,,,aggregated,NOGA_2008 → NACE_2.0 ; broadMatch ; source=ofs-noga2008. Validation métier requise ; aucune équivalence exacte affirmée.
55,,55,,,exact,NOGA_2008 → NACE_2.0 ; exactMatch ; source=ofs-methodologie. Identité documentée.
551,,551,,,exact,NOGA_2008 → NACE_2.0 ; exactMatch ; source=ofs-methodologie. Identité documentée.
5510,,5510,,,exact,NOGA_2008 → NACE_2.0 ; exactMatch ; source=ofs-methodologie. Identité documentée.
551001,,5510,,,aggregated,NOGA_2008 → NACE_2.0 ; broadMatch ; source=ofs-noga2008. Validation métier requise ; aucune équivalence exacte affirmée.
551002,,5510,,,aggregated,NOGA_2008 → NACE_2.0 ; broadMatch ; source=ofs-noga2008. Validation métier requise ; aucune équivalence exacte affirmée.
551003,,5510,,,aggregated,NOGA_2008 → NACE_2.0 ; broadMatch ; source=ofs-noga2008. Validation métier requise ; aucune équivalence exacte affirmée.
552,,552,,,exact,NOGA_2008 → NACE_2.0 ; exactMatch ; source=ofs-methodologie. Identité documentée.
5520,,5520,,,exact,NOGA_2008 → NACE_2.0 ; exactMatch ; source=ofs-methodologie. Identité documentée.
552001,,5520,,,aggregated,NOGA_2008 → NACE_2.0 ; broadMatch ; source=ofs-noga2008. Validation métier requise ; aucune équivalence exacte affirmée.
552002,,5520,,,aggregated,NOGA_2008 → NACE_2.0 ; broadMatch ; source=ofs-noga2008. Validation métier requise ; aucune équivalence exacte affirmée.
552003,,5520,,,aggregated,NOGA_2008 → NACE_2.0 ; broadMatch ; source=ofs-noga2008. Validation métier requise ; aucune équivalence exacte affirmée.
553,,553,,,exact,NOGA_2008 → NACE_2.0 ; exactMatch ; source=ofs-methodologie. Identité documentée.
5530,,5530,,,exact,NOGA_2008 → NACE_2.0 ; exactMatch ; source=ofs-methodologie. Identité documentée.
553001,,5530,,,aggregated,NOGA_2008 → NACE_2.0 ; broadMatch ; source=ofs-noga2008. Validation métier requise ; aucune équivalence exacte affirmée.
553002,,5530,,,aggregated,NOGA_2008 → NACE_2.0 ; broadMatch ; source=ofs-noga2008. Validation métier requise ; aucune équivalence exacte affirmée.
559,,559,,,exact,NOGA_2008 → NACE_2.0 ; exactMatch ; source=ofs-methodologie. Identité documentée.
5590,,5590,,,exact,NOGA_2008 → NACE_2.0 ; exactMatch ; source=ofs-methodologie. Identité documentée.
559000,,5590,,,aggregated,NOGA_2008 → NACE_2.0 ; broadMatch ; source=ofs-noga2008. Validation métier requise ; aucune équivalence exacte affirmée.
56,,56,,,exact,NOGA_2008 → NACE_2.0 ; exactMatch ; source=ofs-methodologie. Identité documentée.
561,,561,,,exact,NOGA_2008 → NACE_2.0 ; exactMatch ; source=ofs-methodologie. Identité documentée.
5610,,5610,,,exact,NOGA_2008 → NACE_2.0 ; exactMatch ; source=ofs-methodologie. Identité documentée.
561001,,5610,,,aggregated,NOGA_2008 → NACE_2.0 ; broadMatch ; source=ofs-noga2008. Validation métier requise ; aucune équivalence exacte affirmée.
561002,,5610,,,aggregated,NOGA_2008 → NACE_2.0 ; broadMatch ; source=ofs-noga2008. Validation métier requise ; aucune équivalence exacte affirmée.
561003,,5610,,,aggregated,NOGA_2008 → NACE_2.0 ; broadMatch ; source=ofs-noga2008. Validation métier requise ; aucune équivalence exacte affirmée.
562,,562,,,exact,NOGA_2008 → NACE_2.0 ; exactMatch ; source=ofs-methodologie. Identité documentée.
5621,,5621,,,exact,NOGA_2008 → NACE_2.0 ; exactMatch ; source=ofs-methodologie. Identité documentée.
562100,,5621,,,aggregated,NOGA_2008 → NACE_2.0 ; broadMatch ; source=ofs-noga2008. Validation métier requise ; aucune équivalence exacte affirmée.
5629,,5629,,,exact,NOGA_2008 → NACE_2.0 ; exactMatch ; source=ofs-methodologie. Identité documentée.
562900,,5629,,,aggregated,NOGA_2008 → NACE_2.0 ; broadMatch ; source=ofs-noga2008. Validation métier requise ; aucune équivalence exacte affirmée.
563,,563,,,exact,NOGA_2008 → NACE_2.0 ; exactMatch ; source=ofs-methodologie. Identité documentée.
5630,,5630,,,exact,NOGA_2008 → NACE_2.0 ; exactMatch ; source=ofs-methodologie. Identité documentée.
563001,,5630,,,aggregated,NOGA_2008 → NACE_2.0 ; broadMatch ; source=ofs-noga2008. Validation métier requise ; aucune équivalence exacte affirmée.
563002,,5630,,,aggregated,NOGA_2008 → NACE_2.0 ; broadMatch ; source=ofs-noga2008. Validation métier requise ; aucune équivalence exacte affirmée.
58,,58,,,exact,NOGA_2008 → NACE_2.0 ; exactMatch ; source=ofs-methodologie. Identité documentée.
581,,581,,,exact,NOGA_2008 → NACE_2.0 ; exactMatch ; source=ofs-methodologie. Identité documentée.
5811,,5811,,,exact,NOGA_2008 → NACE_2.0 ; exactMatch ; source=ofs-methodologie. Identité documentée.
581100,,5811,,,aggregated,NOGA_2008 → NACE_2.0 ; broadMatch ; source=ofs-noga2008. Validation métier requise ; aucune équivalence exacte affirmée.
5812,,5812,,,exact,NOGA_2008 → NACE_2.0 ; exactMatch ; source=ofs-methodologie. Identité documentée.
581200,,5812,,,aggregated,NOGA_2008 → NACE_2.0 ; broadMatch ; source=ofs-noga2008. Validation métier requise ; aucune équivalence exacte affirmée.
5813,,5813,,,exact,NOGA_2008 → NACE_2.0 ; exactMatch ; source=ofs-methodologie. Identité documentée.
581300,,5813,,,aggregated,NOGA_2008 → NACE_2.0 ; broadMatch ; source=ofs-noga2008. Validation métier requise ; aucune équivalence exacte affirmée.
5814,,5814,,,exact,NOGA_2008 → NACE_2.0 ; exactMatch ; source=ofs-methodologie. Identité documentée.
581400,,5814,,,aggregated,NOGA_2008 → NACE_2.0 ; broadMatch ; source=ofs-noga2008. Validation métier requise ; aucune équivalence exacte affirmée.
5819,,5819,,,exact,NOGA_2008 → NACE_2.0 ; exactMatch ; source=ofs-methodologie. Identité documentée.
581900,,5819,,,aggregated,NOGA_2008 → NACE_2.0 ; broadMatch ; source=ofs-noga2008. Validation métier requise ; aucune équivalence exacte affirmée.
582,,582,,,exact,NOGA_2008 → NACE_2.0 ; exactMatch ; source=ofs-methodologie. Identité documentée.
5821,,5821,,,exact,NOGA_2008 → NACE_2.0 ; exactMatch ; source=ofs-methodologie. Identité documentée.
582100,,5821,,,aggregated,NOGA_2008 → NACE_2.0 ; broadMatch ; source=ofs-noga2008. Validation métier requise ; aucune équivalence exacte affirmée.
5829,,5829,,,exact,NOGA_2008 → NACE_2.0 ; exactMatch ; source=ofs-methodologie. Identité documentée.
582900,,5829,,,aggregated,NOGA_2008 → NACE_2.0 ; broadMatch ; source=ofs-noga2008. Validation métier requise ; aucune équivalence exacte affirmée.
59,,59,,,exact,NOGA_2008 → NACE_2.0 ; exactMatch ; source=ofs-methodologie. Identité documentée.
591,,591,,,exact,NOGA_2008 → NACE_2.0 ; exactMatch ; source=ofs-methodologie. Identité documentée.
5911,,5911,,,exact,NOGA_2008 → NACE_2.0 ; exactMatch ; source=ofs-methodologie. Identité documentée.
591100,,5911,,,aggregated,NOGA_2008 → NACE_2.0 ; broadMatch ; source=ofs-noga2008. Validation métier requise ; aucune équivalence exacte affirmée.
5912,,5912,,,exact,NOGA_2008 → NACE_2.0 ; exactMatch ; source=ofs-methodologie. Identité documentée.
591200,,5912,,,aggregated,NOGA_2008 → NACE_2.0 ; broadMatch ; source=ofs-noga2008. Validation métier requise ; aucune équivalence exacte affirmée.
5913,,5913,,,exact,NOGA_2008 → NACE_2.0 ; exactMatch ; source=ofs-methodologie. Identité documentée.
591300,,5913,,,aggregated,NOGA_2008 → NACE_2.0 ; broadMatch ; source=ofs-noga2008. Validation métier requise ; aucune équivalence exacte affirmée.
5914,,5914,,,exact,NOGA_2008 → NACE_2.0 ; exactMatch ; source=ofs-methodologie. Identité documentée.
591400,,5914,,,aggregated,NOGA_2008 → NACE_2.0 ; broadMatch ; source=ofs-noga2008. Validation métier requise ; aucune équivalence exacte affirmée.
592,,592,,,exact,NOGA_2008 → NACE_2.0 ; exactMatch ; source=ofs-methodologie. Identité documentée.
5920,,5920,,,exact,NOGA_2008 → NACE_2.0 ; exactMatch ; source=ofs-methodologie. Identité documentée.
592000,,5920,,,aggregated,NOGA_2008 → NACE_2.0 ; broadMatch ; source=ofs-noga2008. Validation métier requise ; aucune équivalence exacte affirmée.
60,,60,,,exact,NOGA_2008 → NACE_2.0 ; exactMatch ; source=ofs-methodologie. Identité documentée.
601,,601,,,exact,NOGA_2008 → NACE_2.0 ; exactMatch ; source=ofs-methodologie. Identité documentée.
6010,,6010,,,exact,NOGA_2008 → NACE_2.0 ; exactMatch ; source=ofs-methodologie. Identité documentée.
601000,,6010,,,aggregated,NOGA_2008 → NACE_2.0 ; broadMatch ; source=ofs-noga2008. Validation métier requise ; aucune équivalence exacte affirmée.
602,,602,,,exact,NOGA_2008 → NACE_2.0 ; exactMatch ; source=ofs-methodologie. Identité documentée.
6020,,6020,,,exact,NOGA_2008 → NACE_2.0 ; exactMatch ; source=ofs-methodologie. Identité documentée.
602000,,6020,,,aggregated,NOGA_2008 → NACE_2.0 ; broadMatch ; source=ofs-noga2008. Validation métier requise ; aucune équivalence exacte affirmée.
61,,61,,,exact,NOGA_2008 → NACE_2.0 ; exactMatch ; source=ofs-methodologie. Identité documentée.
611,,611,,,exact,NOGA_2008 → NACE_2.0 ; exactMatch ; source=ofs-methodologie. Identité documentée.
6110,,6110,,,exact,NOGA_2008 → NACE_2.0 ; exactMatch ; source=ofs-methodologie. Identité documentée.
611000,,6110,,,aggregated,NOGA_2008 → NACE_2.0 ; broadMatch ; source=ofs-noga2008. Validation métier requise ; aucune équivalence exacte affirmée.
612,,612,,,exact,NOGA_2008 → NACE_2.0 ; exactMatch ; source=ofs-methodologie. Identité documentée.
6120,,6120,,,exact,NOGA_2008 → NACE_2.0 ; exactMatch ; source=ofs-methodologie. Identité documentée.
612000,,6120,,,aggregated,NOGA_2008 → NACE_2.0 ; broadMatch ; source=ofs-noga2008. Validation métier requise ; aucune équivalence exacte affirmée.
613,,613,,,exact,NOGA_2008 → NACE_2.0 ; exactMatch ; source=ofs-methodologie. Identité documentée.
6130,,6130,,,exact,NOGA_2008 → NACE_2.0 ; exactMatch ; source=ofs-methodologie. Identité documentée.
613000,,6130,,,aggregated,NOGA_2008 → NACE_2.0 ; broadMatch ; source=ofs-noga2008. Validation métier requise ; aucune équivalence exacte affirmée.
619,,619,,,exact,NOGA_2008 → NACE_2.0 ; exactMatch ; source=ofs-methodologie. Identité documentée.
6190,,6190,,,exact,NOGA_2008 → NACE_2.0 ; exactMatch ; source=ofs-methodologie. Identité documentée.
619000,,6190,,,aggregated,NOGA_2008 → NACE_2.0 ; broadMatch ; source=ofs-noga2008. Validation métier requise ; aucune équivalence exacte affirmée.
62,,62,,,exact,NOGA_2008 → NACE_2.0 ; exactMatch ; source=ofs-methodologie. Identité documentée.
620,,620,,,exact,NOGA_2008 → NACE_2.0 ; exactMatch ; source=ofs-methodologie. Identité documentée.
6201,,6201,,,exact,NOGA_2008 → NACE_2.0 ; exactMatch ; source=ofs-methodologie. Identité documentée.
620100,,6201,,,aggregated,NOGA_2008 → NACE_2.0 ; broadMatch ; source=ofs-noga2008. Validation métier requise ; aucune équivalence exacte affirmée.
6202,,6202,,,exact,NOGA_2008 → NACE_2.0 ; exactMatch ; source=ofs-methodologie. Identité documentée.
620200,,6202,,,aggregated,NOGA_2008 → NACE_2.0 ; broadMatch ; source=ofs-noga2008. Validation métier requise ; aucune équivalence exacte affirmée.
6203,,6203,,,exact,NOGA_2008 → NACE_2.0 ; exactMatch ; source=ofs-methodologie. Identité documentée.
620300,,6203,,,aggregated,NOGA_2008 → NACE_2.0 ; broadMatch ; source=ofs-noga2008. Validation métier requise ; aucune équivalence exacte affirmée.
6209,,6209,,,exact,NOGA_2008 → NACE_2.0 ; exactMatch ; source=ofs-methodologie. Identité documentée.
620900,,6209,,,aggregated,NOGA_2008 → NACE_2.0 ; broadMatch ; source=ofs-noga2008. Validation métier requise ; aucune équivalence exacte affirmée.
63,,63,,,exact,NOGA_2008 → NACE_2.0 ; exactMatch ; source=ofs-methodologie. Identité documentée.
631,,631,,,exact,NOGA_2008 → NACE_2.0 ; exactMatch ; source=ofs-methodologie. Identité documentée.
6311,,6311,,,exact,NOGA_2008 → NACE_2.0 ; exactMatch ; source=ofs-methodologie. Identité documentée.
631100,,6311,,,aggregated,NOGA_2008 → NACE_2.0 ; broadMatch ; source=ofs-noga2008. Validation métier requise ; aucune équivalence exacte affirmée.
6312,,6312,,,exact,NOGA_2008 → NACE_2.0 ; exactMatch ; source=ofs-methodologie. Identité documentée.
631200,,6312,,,aggregated,NOGA_2008 → NACE_2.0 ; broadMatch ; source=ofs-noga2008. Validation métier requise ; aucune équivalence exacte affirmée.
639,,639,,,exact,NOGA_2008 → NACE_2.0 ; exactMatch ; source=ofs-methodologie. Identité documentée.
6391,,6391,,,exact,NOGA_2008 → NACE_2.0 ; exactMatch ; source=ofs-methodologie. Identité documentée.
639100,,6391,,,aggregated,NOGA_2008 → NACE_2.0 ; broadMatch ; source=ofs-noga2008. Validation métier requise ; aucune équivalence exacte affirmée.
6399,,6399,,,exact,NOGA_2008 → NACE_2.0 ; exactMatch ; source=ofs-methodologie. Identité documentée.
639900,,6399,,,aggregated,NOGA_2008 → NACE_2.0 ; broadMatch ; source=ofs-noga2008. Validation métier requise ; aucune équivalence exacte affirmée.
64,,64,,,exact,NOGA_2008 → NACE_2.0 ; exactMatch ; source=ofs-methodologie. Identité documentée.
641,,641,,,exact,NOGA_2008 → NACE_2.0 ; exactMatch ; source=ofs-methodologie. Identité documentée.
6411,,6411,,,exact,NOGA_2008 → NACE_2.0 ; exactMatch ; source=ofs-methodologie. Identité documentée.
641100,,6411,,,aggregated,NOGA_2008 → NACE_2.0 ; broadMatch ; source=ofs-noga2008. Validation métier requise ; aucune équivalence exacte affirmée.
6419,,6419,,,exact,NOGA_2008 → NACE_2.0 ; exactMatch ; source=ofs-methodologie. Identité documentée.
641901,,6419,,,aggregated,NOGA_2008 → NACE_2.0 ; broadMatch ; source=ofs-noga2008. Validation métier requise ; aucune équivalence exacte affirmée.
641902,,6419,,,aggregated,NOGA_2008 → NACE_2.0 ; broadMatch ; source=ofs-noga2008. Validation métier requise ; aucune équivalence exacte affirmée.
641903,,6419,,,aggregated,NOGA_2008 → NACE_2.0 ; broadMatch ; source=ofs-noga2008. Validation métier requise ; aucune équivalence exacte affirmée.
641904,,6419,,,aggregated,NOGA_2008 → NACE_2.0 ; broadMatch ; source=ofs-noga2008. Validation métier requise ; aucune équivalence exacte affirmée.
641905,,6419,,,aggregated,NOGA_2008 → NACE_2.0 ; broadMatch ; source=ofs-noga2008. Validation métier requise ; aucune équivalence exacte affirmée.
641906,,6419,,,aggregated,NOGA_2008 → NACE_2.0 ; broadMatch ; source=ofs-noga2008. Validation métier requise ; aucune équivalence exacte affirmée.
641907,,6419,,,aggregated,NOGA_2008 → NACE_2.0 ; broadMatch ; source=ofs-noga2008. Validation métier requise ; aucune équivalence exacte affirmée.
641908,,6419,,,aggregated,NOGA_2008 → NACE_2.0 ; broadMatch ; source=ofs-noga2008. Validation métier requise ; aucune équivalence exacte affirmée.
641909,,6419,,,aggregated,NOGA_2008 → NACE_2.0 ; broadMatch ; source=ofs-noga2008. Validation métier requise ; aucune équivalence exacte affirmée.
641910,,6419,,,aggregated,NOGA_2008 → NACE_2.0 ; broadMatch ; source=ofs-noga2008. Validation métier requise ; aucune équivalence exacte affirmée.
641911,,6419,,,aggregated,NOGA_2008 → NACE_2.0 ; broadMatch ; source=ofs-noga2008. Validation métier requise ; aucune équivalence exacte affirmée.
641912,,6419,,,aggregated,NOGA_2008 → NACE_2.0 ; broadMatch ; source=ofs-noga2008. Validation métier requise ; aucune équivalence exacte affirmée.
642,,642,,,exact,NOGA_2008 → NACE_2.0 ; exactMatch ; source=ofs-methodologie. Identité documentée.
6420,,6420,,,exact,NOGA_2008 → NACE_2.0 ; exactMatch ; source=ofs-methodologie. Identité documentée.
642001,,6420,,,aggregated,NOGA_2008 → NACE_2.0 ; broadMatch ; source=ofs-noga2008. Validation métier requise ; aucune équivalence exacte affirmée.
642002,,6420,,,aggregated,NOGA_2008 → NACE_2.0 ; broadMatch ; source=ofs-noga2008. Validation métier requise ; aucune équivalence exacte affirmée.
643,,643,,,exact,NOGA_2008 → NACE_2.0 ; exactMatch ; source=ofs-methodologie. Identité documentée.
6430,,6430,,,exact,NOGA_2008 → NACE_2.0 ; exactMatch ; source=ofs-methodologie. Identité documentée.
643000,,6430,,,aggregated,NOGA_2008 → NACE_2.0 ; broadMatch ; source=ofs-noga2008. Validation métier requise ; aucune équivalence exacte affirmée.
649,,649,,,exact,NOGA_2008 → NACE_2.0 ; exactMatch ; source=ofs-methodologie. Identité documentée.
6491,,6491,,,exact,NOGA_2008 → NACE_2.0 ; exactMatch ; source=ofs-methodologie. Identité documentée.
649100,,6491,,,aggregated,NOGA_2008 → NACE_2.0 ; broadMatch ; source=ofs-noga2008. Validation métier requise ; aucune équivalence exacte affirmée.
6492,,6492,,,exact,NOGA_2008 → NACE_2.0 ; exactMatch ; source=ofs-methodologie. Identité documentée.
649201,,6492,,,aggregated,NOGA_2008 → NACE_2.0 ; broadMatch ; source=ofs-noga2008. Validation métier requise ; aucune équivalence exacte affirmée.
649202,,6492,,,aggregated,NOGA_2008 → NACE_2.0 ; broadMatch ; source=ofs-noga2008. Validation métier requise ; aucune équivalence exacte affirmée.
6499,,6499,,,exact,NOGA_2008 → NACE_2.0 ; exactMatch ; source=ofs-methodologie. Identité documentée.
649901,,6499,,,aggregated,NOGA_2008 → NACE_2.0 ; broadMatch ; source=ofs-noga2008. Validation métier requise ; aucune équivalence exacte affirmée.
649902,,6499,,,aggregated,NOGA_2008 → NACE_2.0 ; broadMatch ; source=ofs-noga2008. Validation métier requise ; aucune équivalence exacte affirmée.
649903,,6499,,,aggregated,NOGA_2008 → NACE_2.0 ; broadMatch ; source=ofs-noga2008. Validation métier requise ; aucune équivalence exacte affirmée.
65,,65,,,exact,NOGA_2008 → NACE_2.0 ; exactMatch ; source=ofs-methodologie. Identité documentée.
651,,651,,,exact,NOGA_2008 → NACE_2.0 ; exactMatch ; source=ofs-methodologie. Identité documentée.
6511,,6511,,,exact,NOGA_2008 → NACE_2.0 ; exactMatch ; source=ofs-methodologie. Identité documentée.
651100,,6511,,,aggregated,NOGA_2008 → NACE_2.0 ; broadMatch ; source=ofs-noga2008. Validation métier requise ; aucune équivalence exacte affirmée.
6512,,6512,,,exact,NOGA_2008 → NACE_2.0 ; exactMatch ; source=ofs-methodologie. Identité documentée.
651201,,6512,,,aggregated,NOGA_2008 → NACE_2.0 ; broadMatch ; source=ofs-noga2008. Validation métier requise ; aucune équivalence exacte affirmée.
651202,,6512,,,aggregated,NOGA_2008 → NACE_2.0 ; broadMatch ; source=ofs-noga2008. Validation métier requise ; aucune équivalence exacte affirmée.
651203,,6512,,,aggregated,NOGA_2008 → NACE_2.0 ; broadMatch ; source=ofs-noga2008. Validation métier requise ; aucune équivalence exacte affirmée.
651204,,6512,,,aggregated,NOGA_2008 → NACE_2.0 ; broadMatch ; source=ofs-noga2008. Validation métier requise ; aucune équivalence exacte affirmée.
652,,652,,,exact,NOGA_2008 → NACE_2.0 ; exactMatch ; source=ofs-methodologie. Identité documentée.
6520,,6520,,,exact,NOGA_2008 → NACE_2.0 ; exactMatch ; source=ofs-methodologie. Identité documentée.
652000,,6520,,,aggregated,NOGA_2008 → NACE_2.0 ; broadMatch ; source=ofs-noga2008. Validation métier requise ; aucune équivalence exacte affirmée.
653,,653,,,exact,NOGA_2008 → NACE_2.0 ; exactMatch ; source=ofs-methodologie. Identité documentée.
6530,,6530,,,exact,NOGA_2008 → NACE_2.0 ; exactMatch ; source=ofs-methodologie. Identité documentée.
653000,,6530,,,aggregated,NOGA_2008 → NACE_2.0 ; broadMatch ; source=ofs-noga2008. Validation métier requise ; aucune équivalence exacte affirmée.
66,,66,,,exact,NOGA_2008 → NACE_2.0 ; exactMatch ; source=ofs-methodologie. Identité documentée.
661,,661,,,exact,NOGA_2008 → NACE_2.0 ; exactMatch ; source=ofs-methodologie. Identité documentée.
6611,,6611,,,exact,NOGA_2008 → NACE_2.0 ; exactMatch ; source=ofs-methodologie. Identité documentée.
661100,,6611,,,aggregated,NOGA_2008 → NACE_2.0 ; broadMatch ; source=ofs-noga2008. Validation métier requise ; aucune équivalence exacte affirmée.
6612,,6612,,,exact,NOGA_2008 → NACE_2.0 ; exactMatch ; source=ofs-methodologie. Identité documentée.
661200,,6612,,,aggregated,NOGA_2008 → NACE_2.0 ; broadMatch ; source=ofs-noga2008. Validation métier requise ; aucune équivalence exacte affirmée.
6619,,6619,,,exact,NOGA_2008 → NACE_2.0 ; exactMatch ; source=ofs-methodologie. Identité documentée.
661900,,6619,,,aggregated,NOGA_2008 → NACE_2.0 ; broadMatch ; source=ofs-noga2008. Validation métier requise ; aucune équivalence exacte affirmée.
662,,662,,,exact,NOGA_2008 → NACE_2.0 ; exactMatch ; source=ofs-methodologie. Identité documentée.
6621,,6621,,,exact,NOGA_2008 → NACE_2.0 ; exactMatch ; source=ofs-methodologie. Identité documentée.
662100,,6621,,,aggregated,NOGA_2008 → NACE_2.0 ; broadMatch ; source=ofs-noga2008. Validation métier requise ; aucune équivalence exacte affirmée.
6622,,6622,,,exact,NOGA_2008 → NACE_2.0 ; exactMatch ; source=ofs-methodologie. Identité documentée.
662200,,6622,,,aggregated,NOGA_2008 → NACE_2.0 ; broadMatch ; source=ofs-noga2008. Validation métier requise ; aucune équivalence exacte affirmée.
6629,,6629,,,exact,NOGA_2008 → NACE_2.0 ; exactMatch ; source=ofs-methodologie. Identité documentée.
662901,,6629,,,aggregated,NOGA_2008 → NACE_2.0 ; broadMatch ; source=ofs-noga2008. Validation métier requise ; aucune équivalence exacte affirmée.
662902,,6629,,,aggregated,NOGA_2008 → NACE_2.0 ; broadMatch ; source=ofs-noga2008. Validation métier requise ; aucune équivalence exacte affirmée.
663,,663,,,exact,NOGA_2008 → NACE_2.0 ; exactMatch ; source=ofs-methodologie. Identité documentée.
6630,,6630,,,exact,NOGA_2008 → NACE_2.0 ; exactMatch ; source=ofs-methodologie. Identité documentée.
663001,,6630,,,aggregated,NOGA_2008 → NACE_2.0 ; broadMatch ; source=ofs-noga2008. Validation métier requise ; aucune équivalence exacte affirmée.
663002,,6630,,,aggregated,NOGA_2008 → NACE_2.0 ; broadMatch ; source=ofs-noga2008. Validation métier requise ; aucune équivalence exacte affirmée.
68,,68,,,exact,NOGA_2008 → NACE_2.0 ; exactMatch ; source=ofs-methodologie. Identité documentée.
681,,681,,,exact,NOGA_2008 → NACE_2.0 ; exactMatch ; source=ofs-methodologie. Identité documentée.
6810,,6810,,,exact,NOGA_2008 → NACE_2.0 ; exactMatch ; source=ofs-methodologie. Identité documentée.
681000,,6810,,,aggregated,NOGA_2008 → NACE_2.0 ; broadMatch ; source=ofs-noga2008. Validation métier requise ; aucune équivalence exacte affirmée.
682,,682,,,exact,NOGA_2008 → NACE_2.0 ; exactMatch ; source=ofs-methodologie. Identité documentée.
6820,,6820,,,exact,NOGA_2008 → NACE_2.0 ; exactMatch ; source=ofs-methodologie. Identité documentée.
682001,,6820,,,aggregated,NOGA_2008 → NACE_2.0 ; broadMatch ; source=ofs-noga2008. Validation métier requise ; aucune équivalence exacte affirmée.
682002,,6820,,,aggregated,NOGA_2008 → NACE_2.0 ; broadMatch ; source=ofs-noga2008. Validation métier requise ; aucune équivalence exacte affirmée.
683,,683,,,exact,NOGA_2008 → NACE_2.0 ; exactMatch ; source=ofs-methodologie. Identité documentée.
6831,,6831,,,exact,NOGA_2008 → NACE_2.0 ; exactMatch ; source=ofs-methodologie. Identité documentée.
683100,,6831,,,aggregated,NOGA_2008 → NACE_2.0 ; broadMatch ; source=ofs-noga2008. Validation métier requise ; aucune équivalence exacte affirmée.
6832,,6832,,,exact,NOGA_2008 → NACE_2.0 ; exactMatch ; source=ofs-methodologie. Identité documentée.
683200,,6832,,,aggregated,NOGA_2008 → NACE_2.0 ; broadMatch ; source=ofs-noga2008. Validation métier requise ; aucune équivalence exacte affirmée.
69,,69,,,exact,NOGA_2008 → NACE_2.0 ; exactMatch ; source=ofs-methodologie. Identité documentée.
691,,691,,,exact,NOGA_2008 → NACE_2.0 ; exactMatch ; source=ofs-methodologie. Identité documentée.
6910,,6910,,,exact,NOGA_2008 → NACE_2.0 ; exactMatch ; source=ofs-methodologie. Identité documentée.
691001,,6910,,,aggregated,NOGA_2008 → NACE_2.0 ; broadMatch ; source=ofs-noga2008. Validation métier requise ; aucune équivalence exacte affirmée.
691002,,6910,,,aggregated,NOGA_2008 → NACE_2.0 ; broadMatch ; source=ofs-noga2008. Validation métier requise ; aucune équivalence exacte affirmée.
692,,692,,,exact,NOGA_2008 → NACE_2.0 ; exactMatch ; source=ofs-methodologie. Identité documentée.
6920,,6920,,,exact,NOGA_2008 → NACE_2.0 ; exactMatch ; source=ofs-methodologie. Identité documentée.
692000,,6920,,,aggregated,NOGA_2008 → NACE_2.0 ; broadMatch ; source=ofs-noga2008. Validation métier requise ; aucune équivalence exacte affirmée.
70,,70,,,exact,NOGA_2008 → NACE_2.0 ; exactMatch ; source=ofs-methodologie. Identité documentée.
701,,701,,,exact,NOGA_2008 → NACE_2.0 ; exactMatch ; source=ofs-methodologie. Identité documentée.
7010,,7010,,,exact,NOGA_2008 → NACE_2.0 ; exactMatch ; source=ofs-methodologie. Identité documentée.
701001,,7010,,,aggregated,NOGA_2008 → NACE_2.0 ; broadMatch ; source=ofs-noga2008. Validation métier requise ; aucune équivalence exacte affirmée.
701002,,7010,,,aggregated,NOGA_2008 → NACE_2.0 ; broadMatch ; source=ofs-noga2008. Validation métier requise ; aucune équivalence exacte affirmée.
702,,702,,,exact,NOGA_2008 → NACE_2.0 ; exactMatch ; source=ofs-methodologie. Identité documentée.
7021,,7021,,,exact,NOGA_2008 → NACE_2.0 ; exactMatch ; source=ofs-methodologie. Identité documentée.
702100,,7021,,,aggregated,NOGA_2008 → NACE_2.0 ; broadMatch ; source=ofs-noga2008. Validation métier requise ; aucune équivalence exacte affirmée.
7022,,7022,,,exact,NOGA_2008 → NACE_2.0 ; exactMatch ; source=ofs-methodologie. Identité documentée.
702200,,7022,,,aggregated,NOGA_2008 → NACE_2.0 ; broadMatch ; source=ofs-noga2008. Validation métier requise ; aucune équivalence exacte affirmée.
71,,71,,,exact,NOGA_2008 → NACE_2.0 ; exactMatch ; source=ofs-methodologie. Identité documentée.
711,,711,,,exact,NOGA_2008 → NACE_2.0 ; exactMatch ; source=ofs-methodologie. Identité documentée.
7111,,7111,,,exact,NOGA_2008 → NACE_2.0 ; exactMatch ; source=ofs-methodologie. Identité documentée.
711101,,7111,,,aggregated,NOGA_2008 → NACE_2.0 ; broadMatch ; source=ofs-noga2008. Validation métier requise ; aucune équivalence exacte affirmée.
711102,,7111,,,aggregated,NOGA_2008 → NACE_2.0 ; broadMatch ; source=ofs-noga2008. Validation métier requise ; aucune équivalence exacte affirmée.
711103,,7111,,,aggregated,NOGA_2008 → NACE_2.0 ; broadMatch ; source=ofs-noga2008. Validation métier requise ; aucune équivalence exacte affirmée.
7112,,7112,,,exact,NOGA_2008 → NACE_2.0 ; exactMatch ; source=ofs-methodologie. Identité documentée.
711201,,7112,,,aggregated,NOGA_2008 → NACE_2.0 ; broadMatch ; source=ofs-noga2008. Validation métier requise ; aucune équivalence exacte affirmée.
711202,,7112,,,aggregated,NOGA_2008 → NACE_2.0 ; broadMatch ; source=ofs-noga2008. Validation métier requise ; aucune équivalence exacte affirmée.
711203,,7112,,,aggregated,NOGA_2008 → NACE_2.0 ; broadMatch ; source=ofs-noga2008. Validation métier requise ; aucune équivalence exacte affirmée.
711204,,7112,,,aggregated,NOGA_2008 → NACE_2.0 ; broadMatch ; source=ofs-noga2008. Validation métier requise ; aucune équivalence exacte affirmée.
711205,,7112,,,aggregated,NOGA_2008 → NACE_2.0 ; broadMatch ; source=ofs-noga2008. Validation métier requise ; aucune équivalence exacte affirmée.
712,,712,,,exact,NOGA_2008 → NACE_2.0 ; exactMatch ; source=ofs-methodologie. Identité documentée.
7120,,7120,,,exact,NOGA_2008 → NACE_2.0 ; exactMatch ; source=ofs-methodologie. Identité documentée.
712000,,7120,,,aggregated,NOGA_2008 → NACE_2.0 ; broadMatch ; source=ofs-noga2008. Validation métier requise ; aucune équivalence exacte affirmée.
72,,72,,,exact,NOGA_2008 → NACE_2.0 ; exactMatch ; source=ofs-methodologie. Identité documentée.
721,,721,,,exact,NOGA_2008 → NACE_2.0 ; exactMatch ; source=ofs-methodologie. Identité documentée.
7211,,7211,,,exact,NOGA_2008 → NACE_2.0 ; exactMatch ; source=ofs-methodologie. Identité documentée.
721100,,7211,,,aggregated,NOGA_2008 → NACE_2.0 ; broadMatch ; source=ofs-noga2008. Validation métier requise ; aucune équivalence exacte affirmée.
7219,,7219,,,exact,NOGA_2008 → NACE_2.0 ; exactMatch ; source=ofs-methodologie. Identité documentée.
721900,,7219,,,aggregated,NOGA_2008 → NACE_2.0 ; broadMatch ; source=ofs-noga2008. Validation métier requise ; aucune équivalence exacte affirmée.
722,,722,,,exact,NOGA_2008 → NACE_2.0 ; exactMatch ; source=ofs-methodologie. Identité documentée.
7220,,7220,,,exact,NOGA_2008 → NACE_2.0 ; exactMatch ; source=ofs-methodologie. Identité documentée.
722000,,7220,,,aggregated,NOGA_2008 → NACE_2.0 ; broadMatch ; source=ofs-noga2008. Validation métier requise ; aucune équivalence exacte affirmée.
73,,73,,,exact,NOGA_2008 → NACE_2.0 ; exactMatch ; source=ofs-methodologie. Identité documentée.
731,,731,,,exact,NOGA_2008 → NACE_2.0 ; exactMatch ; source=ofs-methodologie. Identité documentée.
7311,,7311,,,exact,NOGA_2008 → NACE_2.0 ; exactMatch ; source=ofs-methodologie. Identité documentée.
731100,,7311,,,aggregated,NOGA_2008 → NACE_2.0 ; broadMatch ; source=ofs-noga2008. Validation métier requise ; aucune équivalence exacte affirmée.
7312,,7312,,,exact,NOGA_2008 → NACE_2.0 ; exactMatch ; source=ofs-methodologie. Identité documentée.
731200,,7312,,,aggregated,NOGA_2008 → NACE_2.0 ; broadMatch ; source=ofs-noga2008. Validation métier requise ; aucune équivalence exacte affirmée.
732,,732,,,exact,NOGA_2008 → NACE_2.0 ; exactMatch ; source=ofs-methodologie. Identité documentée.
7320,,7320,,,exact,NOGA_2008 → NACE_2.0 ; exactMatch ; source=ofs-methodologie. Identité documentée.
732000,,7320,,,aggregated,NOGA_2008 → NACE_2.0 ; broadMatch ; source=ofs-noga2008. Validation métier requise ; aucune équivalence exacte affirmée.
74,,74,,,exact,NOGA_2008 → NACE_2.0 ; exactMatch ; source=ofs-methodologie. Identité documentée.
741,,741,,,exact,NOGA_2008 → NACE_2.0 ; exactMatch ; source=ofs-methodologie. Identité documentée.
7410,,7410,,,exact,NOGA_2008 → NACE_2.0 ; exactMatch ; source=ofs-methodologie. Identité documentée.
741001,,7410,,,aggregated,NOGA_2008 → NACE_2.0 ; broadMatch ; source=ofs-noga2008. Validation métier requise ; aucune équivalence exacte affirmée.
741002,,7410,,,aggregated,NOGA_2008 → NACE_2.0 ; broadMatch ; source=ofs-noga2008. Validation métier requise ; aucune équivalence exacte affirmée.
741003,,7410,,,aggregated,NOGA_2008 → NACE_2.0 ; broadMatch ; source=ofs-noga2008. Validation métier requise ; aucune équivalence exacte affirmée.
742,,742,,,exact,NOGA_2008 → NACE_2.0 ; exactMatch ; source=ofs-methodologie. Identité documentée.
7420,,7420,,,exact,NOGA_2008 → NACE_2.0 ; exactMatch ; source=ofs-methodologie. Identité documentée.
742001,,7420,,,aggregated,NOGA_2008 → NACE_2.0 ; broadMatch ; source=ofs-noga2008. Validation métier requise ; aucune équivalence exacte affirmée.
742002,,7420,,,aggregated,NOGA_2008 → NACE_2.0 ; broadMatch ; source=ofs-noga2008. Validation métier requise ; aucune équivalence exacte affirmée.
743,,743,,,exact,NOGA_2008 → NACE_2.0 ; exactMatch ; source=ofs-methodologie. Identité documentée.
7430,,7430,,,exact,NOGA_2008 → NACE_2.0 ; exactMatch ; source=ofs-methodologie. Identité documentée.
743000,,7430,,,aggregated,NOGA_2008 → NACE_2.0 ; broadMatch ; source=ofs-noga2008. Validation métier requise ; aucune équivalence exacte affirmée.
749,,749,,,exact,NOGA_2008 → NACE_2.0 ; exactMatch ; source=ofs-methodologie. Identité documentée.
7490,,7490,,,exact,NOGA_2008 → NACE_2.0 ; exactMatch ; source=ofs-methodologie. Identité documentée.
749000,,7490,,,aggregated,NOGA_2008 → NACE_2.0 ; broadMatch ; source=ofs-noga2008. Validation métier requise ; aucune équivalence exacte affirmée.
75,,75,,,exact,NOGA_2008 → NACE_2.0 ; exactMatch ; source=ofs-methodologie. Identité documentée.
750,,750,,,exact,NOGA_2008 → NACE_2.0 ; exactMatch ; source=ofs-methodologie. Identité documentée.
7500,,7500,,,exact,NOGA_2008 → NACE_2.0 ; exactMatch ; source=ofs-methodologie. Identité documentée.
750000,,7500,,,aggregated,NOGA_2008 → NACE_2.0 ; broadMatch ; source=ofs-noga2008. Validation métier requise ; aucune équivalence exacte affirmée.
77,,77,,,exact,NOGA_2008 → NACE_2.0 ; exactMatch ; source=ofs-methodologie. Identité documentée.
771,,771,,,exact,NOGA_2008 → NACE_2.0 ; exactMatch ; source=ofs-methodologie. Identité documentée.
7711,,7711,,,exact,NOGA_2008 → NACE_2.0 ; exactMatch ; source=ofs-methodologie. Identité documentée.
771100,,7711,,,aggregated,NOGA_2008 → NACE_2.0 ; broadMatch ; source=ofs-noga2008. Validation métier requise ; aucune équivalence exacte affirmée.
7712,,7712,,,exact,NOGA_2008 → NACE_2.0 ; exactMatch ; source=ofs-methodologie. Identité documentée.
771200,,7712,,,aggregated,NOGA_2008 → NACE_2.0 ; broadMatch ; source=ofs-noga2008. Validation métier requise ; aucune équivalence exacte affirmée.
772,,772,,,exact,NOGA_2008 → NACE_2.0 ; exactMatch ; source=ofs-methodologie. Identité documentée.
7721,,7721,,,exact,NOGA_2008 → NACE_2.0 ; exactMatch ; source=ofs-methodologie. Identité documentée.
772100,,7721,,,aggregated,NOGA_2008 → NACE_2.0 ; broadMatch ; source=ofs-noga2008. Validation métier requise ; aucune équivalence exacte affirmée.
7722,,7722,,,exact,NOGA_2008 → NACE_2.0 ; exactMatch ; source=ofs-methodologie. Identité documentée.
772200,,7722,,,aggregated,NOGA_2008 → NACE_2.0 ; broadMatch ; source=ofs-noga2008. Validation métier requise ; aucune équivalence exacte affirmée.
7729,,7729,,,exact,NOGA_2008 → NACE_2.0 ; exactMatch ; source=ofs-methodologie. Identité documentée.
772900,,7729,,,aggregated,NOGA_2008 → NACE_2.0 ; broadMatch ; source=ofs-noga2008. Validation métier requise ; aucune équivalence exacte affirmée.
773,,773,,,exact,NOGA_2008 → NACE_2.0 ; exactMatch ; source=ofs-methodologie. Identité documentée.
7731,,7731,,,exact,NOGA_2008 → NACE_2.0 ; exactMatch ; source=ofs-methodologie. Identité documentée.
773100,,7731,,,aggregated,NOGA_2008 → NACE_2.0 ; broadMatch ; source=ofs-noga2008. Validation métier requise ; aucune équivalence exacte affirmée.
7732,,7732,,,exact,NOGA_2008 → NACE_2.0 ; exactMatch ; source=ofs-methodologie. Identité documentée.
773200,,7732,,,aggregated,NOGA_2008 → NACE_2.0 ; broadMatch ; source=ofs-noga2008. Validation métier requise ; aucune équivalence exacte affirmée.
7733,,7733,,,exact,NOGA_2008 → NACE_2.0 ; exactMatch ; source=ofs-methodologie. Identité documentée.
773300,,7733,,,aggregated,NOGA_2008 → NACE_2.0 ; broadMatch ; source=ofs-noga2008. Validation métier requise ; aucune équivalence exacte affirmée.
7734,,7734,,,exact,NOGA_2008 → NACE_2.0 ; exactMatch ; source=ofs-methodologie. Identité documentée.
773400,,7734,,,aggregated,NOGA_2008 → NACE_2.0 ; broadMatch ; source=ofs-noga2008. Validation métier requise ; aucune équivalence exacte affirmée.
7735,,7735,,,exact,NOGA_2008 → NACE_2.0 ; exactMatch ; source=ofs-methodologie. Identité documentée.
773500,,7735,,,aggregated,NOGA_2008 → NACE_2.0 ; broadMatch ; source=ofs-noga2008. Validation métier requise ; aucune équivalence exacte affirmée.
7739,,7739,,,exact,NOGA_2008 → NACE_2.0 ; exactMatch ; source=ofs-methodologie. Identité documentée.
773900,,7739,,,aggregated,NOGA_2008 → NACE_2.0 ; broadMatch ; source=ofs-noga2008. Validation métier requise ; aucune équivalence exacte affirmée.
774,,774,,,exact,NOGA_2008 → NACE_2.0 ; exactMatch ; source=ofs-methodologie. Identité documentée.
7740,,7740,,,exact,NOGA_2008 → NACE_2.0 ; exactMatch ; source=ofs-methodologie. Identité documentée.
774000,,7740,,,aggregated,NOGA_2008 → NACE_2.0 ; broadMatch ; source=ofs-noga2008. Validation métier requise ; aucune équivalence exacte affirmée.
78,,78,,,exact,NOGA_2008 → NACE_2.0 ; exactMatch ; source=ofs-methodologie. Identité documentée.
781,,781,,,exact,NOGA_2008 → NACE_2.0 ; exactMatch ; source=ofs-methodologie. Identité documentée.
7810,,7810,,,exact,NOGA_2008 → NACE_2.0 ; exactMatch ; source=ofs-methodologie. Identité documentée.
781000,,7810,,,aggregated,NOGA_2008 → NACE_2.0 ; broadMatch ; source=ofs-noga2008. Validation métier requise ; aucune équivalence exacte affirmée.
782,,782,,,exact,NOGA_2008 → NACE_2.0 ; exactMatch ; source=ofs-methodologie. Identité documentée.
7820,,7820,,,exact,NOGA_2008 → NACE_2.0 ; exactMatch ; source=ofs-methodologie. Identité documentée.
782000,,7820,,,aggregated,NOGA_2008 → NACE_2.0 ; broadMatch ; source=ofs-noga2008. Validation métier requise ; aucune équivalence exacte affirmée.
783,,783,,,exact,NOGA_2008 → NACE_2.0 ; exactMatch ; source=ofs-methodologie. Identité documentée.
7830,,7830,,,exact,NOGA_2008 → NACE_2.0 ; exactMatch ; source=ofs-methodologie. Identité documentée.
783000,,7830,,,aggregated,NOGA_2008 → NACE_2.0 ; broadMatch ; source=ofs-noga2008. Validation métier requise ; aucune équivalence exacte affirmée.
79,,79,,,exact,NOGA_2008 → NACE_2.0 ; exactMatch ; source=ofs-methodologie. Identité documentée.
791,,791,,,exact,NOGA_2008 → NACE_2.0 ; exactMatch ; source=ofs-methodologie. Identité documentée.
7911,,7911,,,exact,NOGA_2008 → NACE_2.0 ; exactMatch ; source=ofs-methodologie. Identité documentée.
791100,,7911,,,aggregated,NOGA_2008 → NACE_2.0 ; broadMatch ; source=ofs-noga2008. Validation métier requise ; aucune équivalence exacte affirmée.
7912,,7912,,,exact,NOGA_2008 → NACE_2.0 ; exactMatch ; source=ofs-methodologie. Identité documentée.
791200,,7912,,,aggregated,NOGA_2008 → NACE_2.0 ; broadMatch ; source=ofs-noga2008. Validation métier requise ; aucune équivalence exacte affirmée.
799,,799,,,exact,NOGA_2008 → NACE_2.0 ; exactMatch ; source=ofs-methodologie. Identité documentée.
7990,,7990,,,exact,NOGA_2008 → NACE_2.0 ; exactMatch ; source=ofs-methodologie. Identité documentée.
799001,,7990,,,aggregated,NOGA_2008 → NACE_2.0 ; broadMatch ; source=ofs-noga2008. Validation métier requise ; aucune équivalence exacte affirmée.
799002,,7990,,,aggregated,NOGA_2008 → NACE_2.0 ; broadMatch ; source=ofs-noga2008. Validation métier requise ; aucune équivalence exacte affirmée.
80,,80,,,exact,NOGA_2008 → NACE_2.0 ; exactMatch ; source=ofs-methodologie. Identité documentée.
801,,801,,,exact,NOGA_2008 → NACE_2.0 ; exactMatch ; source=ofs-methodologie. Identité documentée.
8010,,8010,,,exact,NOGA_2008 → NACE_2.0 ; exactMatch ; source=ofs-methodologie. Identité documentée.
801000,,8010,,,aggregated,NOGA_2008 → NACE_2.0 ; broadMatch ; source=ofs-noga2008. Validation métier requise ; aucune équivalence exacte affirmée.
802,,802,,,exact,NOGA_2008 → NACE_2.0 ; exactMatch ; source=ofs-methodologie. Identité documentée.
8020,,8020,,,exact,NOGA_2008 → NACE_2.0 ; exactMatch ; source=ofs-methodologie. Identité documentée.
802000,,8020,,,aggregated,NOGA_2008 → NACE_2.0 ; broadMatch ; source=ofs-noga2008. Validation métier requise ; aucune équivalence exacte affirmée.
803,,803,,,exact,NOGA_2008 → NACE_2.0 ; exactMatch ; source=ofs-methodologie. Identité documentée.
8030,,8030,,,exact,NOGA_2008 → NACE_2.0 ; exactMatch ; source=ofs-methodologie. Identité documentée.
803000,,8030,,,aggregated,NOGA_2008 → NACE_2.0 ; broadMatch ; source=ofs-noga2008. Validation métier requise ; aucune équivalence exacte affirmée.
81,,81,,,exact,NOGA_2008 → NACE_2.0 ; exactMatch ; source=ofs-methodologie. Identité documentée.
811,,811,,,exact,NOGA_2008 → NACE_2.0 ; exactMatch ; source=ofs-methodologie. Identité documentée.
8110,,8110,,,exact,NOGA_2008 → NACE_2.0 ; exactMatch ; source=ofs-methodologie. Identité documentée.
811000,,8110,,,aggregated,NOGA_2008 → NACE_2.0 ; broadMatch ; source=ofs-noga2008. Validation métier requise ; aucune équivalence exacte affirmée.
812,,812,,,exact,NOGA_2008 → NACE_2.0 ; exactMatch ; source=ofs-methodologie. Identité documentée.
8121,,8121,,,exact,NOGA_2008 → NACE_2.0 ; exactMatch ; source=ofs-methodologie. Identité documentée.
812100,,8121,,,aggregated,NOGA_2008 → NACE_2.0 ; broadMatch ; source=ofs-noga2008. Validation métier requise ; aucune équivalence exacte affirmée.
8122,,8122,,,exact,NOGA_2008 → NACE_2.0 ; exactMatch ; source=ofs-methodologie. Identité documentée.
812201,,8122,,,aggregated,NOGA_2008 → NACE_2.0 ; broadMatch ; source=ofs-noga2008. Validation métier requise ; aucune équivalence exacte affirmée.
812202,,8122,,,aggregated,NOGA_2008 → NACE_2.0 ; broadMatch ; source=ofs-noga2008. Validation métier requise ; aucune équivalence exacte affirmée.
8129,,8129,,,exact,NOGA_2008 → NACE_2.0 ; exactMatch ; source=ofs-methodologie. Identité documentée.
812900,,8129,,,aggregated,NOGA_2008 → NACE_2.0 ; broadMatch ; source=ofs-noga2008. Validation métier requise ; aucune équivalence exacte affirmée.
813,,813,,,exact,NOGA_2008 → NACE_2.0 ; exactMatch ; source=ofs-methodologie. Identité documentée.
8130,,8130,,,exact,NOGA_2008 → NACE_2.0 ; exactMatch ; source=ofs-methodologie. Identité documentée.
813000,,8130,,,aggregated,NOGA_2008 → NACE_2.0 ; broadMatch ; source=ofs-noga2008. Validation métier requise ; aucune équivalence exacte affirmée.
82,,82,,,exact,NOGA_2008 → NACE_2.0 ; exactMatch ; source=ofs-methodologie. Identité documentée.
821,,821,,,exact,NOGA_2008 → NACE_2.0 ; exactMatch ; source=ofs-methodologie. Identité documentée.
8211,,8211,,,exact,NOGA_2008 → NACE_2.0 ; exactMatch ; source=ofs-methodologie. Identité documentée.
821100,,8211,,,aggregated,NOGA_2008 → NACE_2.0 ; broadMatch ; source=ofs-noga2008. Validation métier requise ; aucune équivalence exacte affirmée.
8219,,8219,,,exact,NOGA_2008 → NACE_2.0 ; exactMatch ; source=ofs-methodologie. Identité documentée.
821901,,8219,,,aggregated,NOGA_2008 → NACE_2.0 ; broadMatch ; source=ofs-noga2008. Validation métier requise ; aucune équivalence exacte affirmée.
821902,,8219,,,aggregated,NOGA_2008 → NACE_2.0 ; broadMatch ; source=ofs-noga2008. Validation métier requise ; aucune équivalence exacte affirmée.
822,,822,,,exact,NOGA_2008 → NACE_2.0 ; exactMatch ; source=ofs-methodologie. Identité documentée.
8220,,8220,,,exact,NOGA_2008 → NACE_2.0 ; exactMatch ; source=ofs-methodologie. Identité documentée.
822000,,8220,,,aggregated,NOGA_2008 → NACE_2.0 ; broadMatch ; source=ofs-noga2008. Validation métier requise ; aucune équivalence exacte affirmée.
823,,823,,,exact,NOGA_2008 → NACE_2.0 ; exactMatch ; source=ofs-methodologie. Identité documentée.
8230,,8230,,,exact,NOGA_2008 → NACE_2.0 ; exactMatch ; source=ofs-methodologie. Identité documentée.
823000,,8230,,,aggregated,NOGA_2008 → NACE_2.0 ; broadMatch ; source=ofs-noga2008. Validation métier requise ; aucune équivalence exacte affirmée.
829,,829,,,exact,NOGA_2008 → NACE_2.0 ; exactMatch ; source=ofs-methodologie. Identité documentée.
8291,,8291,,,exact,NOGA_2008 → NACE_2.0 ; exactMatch ; source=ofs-methodologie. Identité documentée.
829100,,8291,,,aggregated,NOGA_2008 → NACE_2.0 ; broadMatch ; source=ofs-noga2008. Validation métier requise ; aucune équivalence exacte affirmée.
8292,,8292,,,exact,NOGA_2008 → NACE_2.0 ; exactMatch ; source=ofs-methodologie. Identité documentée.
829200,,8292,,,aggregated,NOGA_2008 → NACE_2.0 ; broadMatch ; source=ofs-noga2008. Validation métier requise ; aucune équivalence exacte affirmée.
8299,,8299,,,exact,NOGA_2008 → NACE_2.0 ; exactMatch ; source=ofs-methodologie. Identité documentée.
829900,,8299,,,aggregated,NOGA_2008 → NACE_2.0 ; broadMatch ; source=ofs-noga2008. Validation métier requise ; aucune équivalence exacte affirmée.
84,,84,,,exact,NOGA_2008 → NACE_2.0 ; exactMatch ; source=ofs-methodologie. Identité documentée.
841,,841,,,exact,NOGA_2008 → NACE_2.0 ; exactMatch ; source=ofs-methodologie. Identité documentée.
8411,,8411,,,exact,NOGA_2008 → NACE_2.0 ; exactMatch ; source=ofs-methodologie. Identité documentée.
841100,,8411,,,aggregated,NOGA_2008 → NACE_2.0 ; broadMatch ; source=ofs-noga2008. Validation métier requise ; aucune équivalence exacte affirmée.
8412,,8412,,,exact,NOGA_2008 → NACE_2.0 ; exactMatch ; source=ofs-methodologie. Identité documentée.
841200,,8412,,,aggregated,NOGA_2008 → NACE_2.0 ; broadMatch ; source=ofs-noga2008. Validation métier requise ; aucune équivalence exacte affirmée.
8413,,8413,,,exact,NOGA_2008 → NACE_2.0 ; exactMatch ; source=ofs-methodologie. Identité documentée.
841300,,8413,,,aggregated,NOGA_2008 → NACE_2.0 ; broadMatch ; source=ofs-noga2008. Validation métier requise ; aucune équivalence exacte affirmée.
842,,842,,,exact,NOGA_2008 → NACE_2.0 ; exactMatch ; source=ofs-methodologie. Identité documentée.
8421,,8421,,,exact,NOGA_2008 → NACE_2.0 ; exactMatch ; source=ofs-methodologie. Identité documentée.
842100,,8421,,,aggregated,NOGA_2008 → NACE_2.0 ; broadMatch ; source=ofs-noga2008. Validation métier requise ; aucune équivalence exacte affirmée.
8422,,8422,,,exact,NOGA_2008 → NACE_2.0 ; exactMatch ; source=ofs-methodologie. Identité documentée.
842201,,8422,,,aggregated,NOGA_2008 → NACE_2.0 ; broadMatch ; source=ofs-noga2008. Validation métier requise ; aucune équivalence exacte affirmée.
842202,,8422,,,aggregated,NOGA_2008 → NACE_2.0 ; broadMatch ; source=ofs-noga2008. Validation métier requise ; aucune équivalence exacte affirmée.
8423,,8423,,,exact,NOGA_2008 → NACE_2.0 ; exactMatch ; source=ofs-methodologie. Identité documentée.
842301,,8423,,,aggregated,NOGA_2008 → NACE_2.0 ; broadMatch ; source=ofs-noga2008. Validation métier requise ; aucune équivalence exacte affirmée.
842302,,8423,,,aggregated,NOGA_2008 → NACE_2.0 ; broadMatch ; source=ofs-noga2008. Validation métier requise ; aucune équivalence exacte affirmée.
8424,,8424,,,exact,NOGA_2008 → NACE_2.0 ; exactMatch ; source=ofs-methodologie. Identité documentée.
842400,,8424,,,aggregated,NOGA_2008 → NACE_2.0 ; broadMatch ; source=ofs-noga2008. Validation métier requise ; aucune équivalence exacte affirmée.
8425,,8425,,,exact,NOGA_2008 → NACE_2.0 ; exactMatch ; source=ofs-methodologie. Identité documentée.
842500,,8425,,,aggregated,NOGA_2008 → NACE_2.0 ; broadMatch ; source=ofs-noga2008. Validation métier requise ; aucune équivalence exacte affirmée.
843,,843,,,exact,NOGA_2008 → NACE_2.0 ; exactMatch ; source=ofs-methodologie. Identité documentée.
8430,,8430,,,exact,NOGA_2008 → NACE_2.0 ; exactMatch ; source=ofs-methodologie. Identité documentée.
843000,,8430,,,aggregated,NOGA_2008 → NACE_2.0 ; broadMatch ; source=ofs-noga2008. Validation métier requise ; aucune équivalence exacte affirmée.
85,,85,,,exact,NOGA_2008 → NACE_2.0 ; exactMatch ; source=ofs-methodologie. Identité documentée.
851,,851,,,exact,NOGA_2008 → NACE_2.0 ; exactMatch ; source=ofs-methodologie. Identité documentée.
8510,,8510,,,exact,NOGA_2008 → NACE_2.0 ; exactMatch ; source=ofs-methodologie. Identité documentée.
851000,,8510,,,aggregated,NOGA_2008 → NACE_2.0 ; broadMatch ; source=ofs-noga2008. Validation métier requise ; aucune équivalence exacte affirmée.
852,,852,,,exact,NOGA_2008 → NACE_2.0 ; exactMatch ; source=ofs-methodologie. Identité documentée.
8520,,8520,,,exact,NOGA_2008 → NACE_2.0 ; exactMatch ; source=ofs-methodologie. Identité documentée.
852001,,8520,,,aggregated,NOGA_2008 → NACE_2.0 ; broadMatch ; source=ofs-noga2008. Validation métier requise ; aucune équivalence exacte affirmée.
852002,,8520,,,aggregated,NOGA_2008 → NACE_2.0 ; broadMatch ; source=ofs-noga2008. Validation métier requise ; aucune équivalence exacte affirmée.
852003,,8520,,,aggregated,NOGA_2008 → NACE_2.0 ; broadMatch ; source=ofs-noga2008. Validation métier requise ; aucune équivalence exacte affirmée.
853,,853,,,exact,NOGA_2008 → NACE_2.0 ; exactMatch ; source=ofs-methodologie. Identité documentée.
8531,,8531,,,exact,NOGA_2008 → NACE_2.0 ; exactMatch ; source=ofs-methodologie. Identité documentée.
853101,,8531,,,aggregated,NOGA_2008 → NACE_2.0 ; broadMatch ; source=ofs-noga2008. Validation métier requise ; aucune équivalence exacte affirmée.
853102,,8531,,,aggregated,NOGA_2008 → NACE_2.0 ; broadMatch ; source=ofs-noga2008. Validation métier requise ; aucune équivalence exacte affirmée.
853103,,8531,,,aggregated,NOGA_2008 → NACE_2.0 ; broadMatch ; source=ofs-noga2008. Validation métier requise ; aucune équivalence exacte affirmée.
8532,,8532,,,exact,NOGA_2008 → NACE_2.0 ; exactMatch ; source=ofs-methodologie. Identité documentée.
853200,,8532,,,aggregated,NOGA_2008 → NACE_2.0 ; broadMatch ; source=ofs-noga2008. Validation métier requise ; aucune équivalence exacte affirmée.
854,,854,,,exact,NOGA_2008 → NACE_2.0 ; exactMatch ; source=ofs-methodologie. Identité documentée.
8541,,8541,,,exact,NOGA_2008 → NACE_2.0 ; exactMatch ; source=ofs-methodologie. Identité documentée.
854100,,8541,,,aggregated,NOGA_2008 → NACE_2.0 ; broadMatch ; source=ofs-noga2008. Validation métier requise ; aucune équivalence exacte affirmée.
8542,,8542,,,exact,NOGA_2008 → NACE_2.0 ; exactMatch ; source=ofs-methodologie. Identité documentée.
854201,,8542,,,aggregated,NOGA_2008 → NACE_2.0 ; broadMatch ; source=ofs-noga2008. Validation métier requise ; aucune équivalence exacte affirmée.
854202,,8542,,,aggregated,NOGA_2008 → NACE_2.0 ; broadMatch ; source=ofs-noga2008. Validation métier requise ; aucune équivalence exacte affirmée.
854203,,8542,,,aggregated,NOGA_2008 → NACE_2.0 ; broadMatch ; source=ofs-noga2008. Validation métier requise ; aucune équivalence exacte affirmée.
855,,855,,,exact,NOGA_2008 → NACE_2.0 ; exactMatch ; source=ofs-methodologie. Identité documentée.
8551,,8551,,,exact,NOGA_2008 → NACE_2.0 ; exactMatch ; source=ofs-methodologie. Identité documentée.
855100,,8551,,,aggregated,NOGA_2008 → NACE_2.0 ; broadMatch ; source=ofs-noga2008. Validation métier requise ; aucune équivalence exacte affirmée.
8552,,8552,,,exact,NOGA_2008 → NACE_2.0 ; exactMatch ; source=ofs-methodologie. Identité documentée.
855200,,8552,,,aggregated,NOGA_2008 → NACE_2.0 ; broadMatch ; source=ofs-noga2008. Validation métier requise ; aucune équivalence exacte affirmée.
8553,,8553,,,exact,NOGA_2008 → NACE_2.0 ; exactMatch ; source=ofs-methodologie. Identité documentée.
855300,,8553,,,aggregated,NOGA_2008 → NACE_2.0 ; broadMatch ; source=ofs-noga2008. Validation métier requise ; aucune équivalence exacte affirmée.
8559,,8559,,,exact,NOGA_2008 → NACE_2.0 ; exactMatch ; source=ofs-methodologie. Identité documentée.
855901,,8559,,,aggregated,NOGA_2008 → NACE_2.0 ; broadMatch ; source=ofs-noga2008. Validation métier requise ; aucune équivalence exacte affirmée.
855902,,8559,,,aggregated,NOGA_2008 → NACE_2.0 ; broadMatch ; source=ofs-noga2008. Validation métier requise ; aucune équivalence exacte affirmée.
855903,,8559,,,aggregated,NOGA_2008 → NACE_2.0 ; broadMatch ; source=ofs-noga2008. Validation métier requise ; aucune équivalence exacte affirmée.
855904,,8559,,,aggregated,NOGA_2008 → NACE_2.0 ; broadMatch ; source=ofs-noga2008. Validation métier requise ; aucune équivalence exacte affirmée.
856,,856,,,exact,NOGA_2008 → NACE_2.0 ; exactMatch ; source=ofs-methodologie. Identité documentée.
8560,,8560,,,exact,NOGA_2008 → NACE_2.0 ; exactMatch ; source=ofs-methodologie. Identité documentée.
856000,,8560,,,aggregated,NOGA_2008 → NACE_2.0 ; broadMatch ; source=ofs-noga2008. Validation métier requise ; aucune équivalence exacte affirmée.
86,,86,,,exact,NOGA_2008 → NACE_2.0 ; exactMatch ; source=ofs-methodologie. Identité documentée.
861,,861,,,exact,NOGA_2008 → NACE_2.0 ; exactMatch ; source=ofs-methodologie. Identité documentée.
8610,,8610,,,exact,NOGA_2008 → NACE_2.0 ; exactMatch ; source=ofs-methodologie. Identité documentée.
861001,,8610,,,aggregated,NOGA_2008 → NACE_2.0 ; broadMatch ; source=ofs-noga2008. Validation métier requise ; aucune équivalence exacte affirmée.
861002,,8610,,,aggregated,NOGA_2008 → NACE_2.0 ; broadMatch ; source=ofs-noga2008. Validation métier requise ; aucune équivalence exacte affirmée.
862,,862,,,exact,NOGA_2008 → NACE_2.0 ; exactMatch ; source=ofs-methodologie. Identité documentée.
8621,,8621,,,exact,NOGA_2008 → NACE_2.0 ; exactMatch ; source=ofs-methodologie. Identité documentée.
862100,,8621,,,aggregated,NOGA_2008 → NACE_2.0 ; broadMatch ; source=ofs-noga2008. Validation métier requise ; aucune équivalence exacte affirmée.
8622,,8622,,,exact,NOGA_2008 → NACE_2.0 ; exactMatch ; source=ofs-methodologie. Identité documentée.
862200,,8622,,,aggregated,NOGA_2008 → NACE_2.0 ; broadMatch ; source=ofs-noga2008. Validation métier requise ; aucune équivalence exacte affirmée.
8623,,8623,,,exact,NOGA_2008 → NACE_2.0 ; exactMatch ; source=ofs-methodologie. Identité documentée.
862300,,8623,,,aggregated,NOGA_2008 → NACE_2.0 ; broadMatch ; source=ofs-noga2008. Validation métier requise ; aucune équivalence exacte affirmée.
869,,869,,,exact,NOGA_2008 → NACE_2.0 ; exactMatch ; source=ofs-methodologie. Identité documentée.
8690,,8690,,,exact,NOGA_2008 → NACE_2.0 ; exactMatch ; source=ofs-methodologie. Identité documentée.
869001,,8690,,,aggregated,NOGA_2008 → NACE_2.0 ; broadMatch ; source=ofs-noga2008. Validation métier requise ; aucune équivalence exacte affirmée.
869002,,8690,,,aggregated,NOGA_2008 → NACE_2.0 ; broadMatch ; source=ofs-noga2008. Validation métier requise ; aucune équivalence exacte affirmée.
869003,,8690,,,aggregated,NOGA_2008 → NACE_2.0 ; broadMatch ; source=ofs-noga2008. Validation métier requise ; aucune équivalence exacte affirmée.
869004,,8690,,,aggregated,NOGA_2008 → NACE_2.0 ; broadMatch ; source=ofs-noga2008. Validation métier requise ; aucune équivalence exacte affirmée.
869005,,8690,,,aggregated,NOGA_2008 → NACE_2.0 ; broadMatch ; source=ofs-noga2008. Validation métier requise ; aucune équivalence exacte affirmée.
869006,,8690,,,aggregated,NOGA_2008 → NACE_2.0 ; broadMatch ; source=ofs-noga2008. Validation métier requise ; aucune équivalence exacte affirmée.
869007,,8690,,,aggregated,NOGA_2008 → NACE_2.0 ; broadMatch ; source=ofs-noga2008. Validation métier requise ; aucune équivalence exacte affirmée.
87,,87,,,exact,NOGA_2008 → NACE_2.0 ; exactMatch ; source=ofs-methodologie. Identité documentée.
871,,871,,,exact,NOGA_2008 → NACE_2.0 ; exactMatch ; source=ofs-methodologie. Identité documentée.
8710,,8710,,,exact,NOGA_2008 → NACE_2.0 ; exactMatch ; source=ofs-methodologie. Identité documentée.
871000,,8710,,,aggregated,NOGA_2008 → NACE_2.0 ; broadMatch ; source=ofs-noga2008. Validation métier requise ; aucune équivalence exacte affirmée.
872,,872,,,exact,NOGA_2008 → NACE_2.0 ; exactMatch ; source=ofs-methodologie. Identité documentée.
8720,,8720,,,exact,NOGA_2008 → NACE_2.0 ; exactMatch ; source=ofs-methodologie. Identité documentée.
872001,,8720,,,aggregated,NOGA_2008 → NACE_2.0 ; broadMatch ; source=ofs-noga2008. Validation métier requise ; aucune équivalence exacte affirmée.
872002,,8720,,,aggregated,NOGA_2008 → NACE_2.0 ; broadMatch ; source=ofs-noga2008. Validation métier requise ; aucune équivalence exacte affirmée.
873,,873,,,exact,NOGA_2008 → NACE_2.0 ; exactMatch ; source=ofs-methodologie. Identité documentée.
8730,,8730,,,exact,NOGA_2008 → NACE_2.0 ; exactMatch ; source=ofs-methodologie. Identité documentée.
873001,,8730,,,aggregated,NOGA_2008 → NACE_2.0 ; broadMatch ; source=ofs-noga2008. Validation métier requise ; aucune équivalence exacte affirmée.
873002,,8730,,,aggregated,NOGA_2008 → NACE_2.0 ; broadMatch ; source=ofs-noga2008. Validation métier requise ; aucune équivalence exacte affirmée.
879,,879,,,exact,NOGA_2008 → NACE_2.0 ; exactMatch ; source=ofs-methodologie. Identité documentée.
8790,,8790,,,exact,NOGA_2008 → NACE_2.0 ; exactMatch ; source=ofs-methodologie. Identité documentée.
879001,,8790,,,aggregated,NOGA_2008 → NACE_2.0 ; broadMatch ; source=ofs-noga2008. Validation métier requise ; aucune équivalence exacte affirmée.
879002,,8790,,,aggregated,NOGA_2008 → NACE_2.0 ; broadMatch ; source=ofs-noga2008. Validation métier requise ; aucune équivalence exacte affirmée.
879003,,8790,,,aggregated,NOGA_2008 → NACE_2.0 ; broadMatch ; source=ofs-noga2008. Validation métier requise ; aucune équivalence exacte affirmée.
88,,88,,,exact,NOGA_2008 → NACE_2.0 ; exactMatch ; source=ofs-methodologie. Identité documentée.
881,,881,,,exact,NOGA_2008 → NACE_2.0 ; exactMatch ; source=ofs-methodologie. Identité documentée.
8810,,8810,,,exact,NOGA_2008 → NACE_2.0 ; exactMatch ; source=ofs-methodologie. Identité documentée.
881000,,8810,,,aggregated,NOGA_2008 → NACE_2.0 ; broadMatch ; source=ofs-noga2008. Validation métier requise ; aucune équivalence exacte affirmée.
889,,889,,,exact,NOGA_2008 → NACE_2.0 ; exactMatch ; source=ofs-methodologie. Identité documentée.
8891,,8891,,,exact,NOGA_2008 → NACE_2.0 ; exactMatch ; source=ofs-methodologie. Identité documentée.
889100,,8891,,,aggregated,NOGA_2008 → NACE_2.0 ; broadMatch ; source=ofs-noga2008. Validation métier requise ; aucune équivalence exacte affirmée.
8899,,8899,,,exact,NOGA_2008 → NACE_2.0 ; exactMatch ; source=ofs-methodologie. Identité documentée.
889901,,8899,,,aggregated,NOGA_2008 → NACE_2.0 ; broadMatch ; source=ofs-noga2008. Validation métier requise ; aucune équivalence exacte affirmée.
889902,,8899,,,aggregated,NOGA_2008 → NACE_2.0 ; broadMatch ; source=ofs-noga2008. Validation métier requise ; aucune équivalence exacte affirmée.
90,,90,,,exact,NOGA_2008 → NACE_2.0 ; exactMatch ; source=ofs-methodologie. Identité documentée.
900,,900,,,exact,NOGA_2008 → NACE_2.0 ; exactMatch ; source=ofs-methodologie. Identité documentée.
9001,,9001,,,exact,NOGA_2008 → NACE_2.0 ; exactMatch ; source=ofs-methodologie. Identité documentée.
900101,,9001,,,aggregated,NOGA_2008 → NACE_2.0 ; broadMatch ; source=ofs-noga2008. Validation métier requise ; aucune équivalence exacte affirmée.
900102,,9001,,,aggregated,NOGA_2008 → NACE_2.0 ; broadMatch ; source=ofs-noga2008. Validation métier requise ; aucune équivalence exacte affirmée.
9002,,9002,,,exact,NOGA_2008 → NACE_2.0 ; exactMatch ; source=ofs-methodologie. Identité documentée.
900200,,9002,,,aggregated,NOGA_2008 → NACE_2.0 ; broadMatch ; source=ofs-noga2008. Validation métier requise ; aucune équivalence exacte affirmée.
9003,,9003,,,exact,NOGA_2008 → NACE_2.0 ; exactMatch ; source=ofs-methodologie. Identité documentée.
900301,,9003,,,aggregated,NOGA_2008 → NACE_2.0 ; broadMatch ; source=ofs-noga2008. Validation métier requise ; aucune équivalence exacte affirmée.
900302,,9003,,,aggregated,NOGA_2008 → NACE_2.0 ; broadMatch ; source=ofs-noga2008. Validation métier requise ; aucune équivalence exacte affirmée.
900303,,9003,,,aggregated,NOGA_2008 → NACE_2.0 ; broadMatch ; source=ofs-noga2008. Validation métier requise ; aucune équivalence exacte affirmée.
9004,,9004,,,exact,NOGA_2008 → NACE_2.0 ; exactMatch ; source=ofs-methodologie. Identité documentée.
900400,,9004,,,aggregated,NOGA_2008 → NACE_2.0 ; broadMatch ; source=ofs-noga2008. Validation métier requise ; aucune équivalence exacte affirmée.
91,,91,,,exact,NOGA_2008 → NACE_2.0 ; exactMatch ; source=ofs-methodologie. Identité documentée.
910,,910,,,exact,NOGA_2008 → NACE_2.0 ; exactMatch ; source=ofs-methodologie. Identité documentée.
9101,,9101,,,exact,NOGA_2008 → NACE_2.0 ; exactMatch ; source=ofs-methodologie. Identité documentée.
910100,,9101,,,aggregated,NOGA_2008 → NACE_2.0 ; broadMatch ; source=ofs-noga2008. Validation métier requise ; aucune équivalence exacte affirmée.
9102,,9102,,,exact,NOGA_2008 → NACE_2.0 ; exactMatch ; source=ofs-methodologie. Identité documentée.
910200,,9102,,,aggregated,NOGA_2008 → NACE_2.0 ; broadMatch ; source=ofs-noga2008. Validation métier requise ; aucune équivalence exacte affirmée.
9103,,9103,,,exact,NOGA_2008 → NACE_2.0 ; exactMatch ; source=ofs-methodologie. Identité documentée.
910300,,9103,,,aggregated,NOGA_2008 → NACE_2.0 ; broadMatch ; source=ofs-noga2008. Validation métier requise ; aucune équivalence exacte affirmée.
9104,,9104,,,exact,NOGA_2008 → NACE_2.0 ; exactMatch ; source=ofs-methodologie. Identité documentée.
910400,,9104,,,aggregated,NOGA_2008 → NACE_2.0 ; broadMatch ; source=ofs-noga2008. Validation métier requise ; aucune équivalence exacte affirmée.
92,,92,,,exact,NOGA_2008 → NACE_2.0 ; exactMatch ; source=ofs-methodologie. Identité documentée.
920,,920,,,exact,NOGA_2008 → NACE_2.0 ; exactMatch ; source=ofs-methodologie. Identité documentée.
9200,,9200,,,exact,NOGA_2008 → NACE_2.0 ; exactMatch ; source=ofs-methodologie. Identité documentée.
920000,,9200,,,aggregated,NOGA_2008 → NACE_2.0 ; broadMatch ; source=ofs-noga2008. Validation métier requise ; aucune équivalence exacte affirmée.
93,,93,,,exact,NOGA_2008 → NACE_2.0 ; exactMatch ; source=ofs-methodologie. Identité documentée.
931,,931,,,exact,NOGA_2008 → NACE_2.0 ; exactMatch ; source=ofs-methodologie. Identité documentée.
9311,,9311,,,exact,NOGA_2008 → NACE_2.0 ; exactMatch ; source=ofs-methodologie. Identité documentée.
931100,,9311,,,aggregated,NOGA_2008 → NACE_2.0 ; broadMatch ; source=ofs-noga2008. Validation métier requise ; aucune équivalence exacte affirmée.
9312,,9312,,,exact,NOGA_2008 → NACE_2.0 ; exactMatch ; source=ofs-methodologie. Identité documentée.
931200,,9312,,,aggregated,NOGA_2008 → NACE_2.0 ; broadMatch ; source=ofs-noga2008. Validation métier requise ; aucune équivalence exacte affirmée.
9313,,9313,,,exact,NOGA_2008 → NACE_2.0 ; exactMatch ; source=ofs-methodologie. Identité documentée.
931300,,9313,,,aggregated,NOGA_2008 → NACE_2.0 ; broadMatch ; source=ofs-noga2008. Validation métier requise ; aucune équivalence exacte affirmée.
9319,,9319,,,exact,NOGA_2008 → NACE_2.0 ; exactMatch ; source=ofs-methodologie. Identité documentée.
931900,,9319,,,aggregated,NOGA_2008 → NACE_2.0 ; broadMatch ; source=ofs-noga2008. Validation métier requise ; aucune équivalence exacte affirmée.
932,,932,,,exact,NOGA_2008 → NACE_2.0 ; exactMatch ; source=ofs-methodologie. Identité documentée.
9321,,9321,,,exact,NOGA_2008 → NACE_2.0 ; exactMatch ; source=ofs-methodologie. Identité documentée.
932100,,9321,,,aggregated,NOGA_2008 → NACE_2.0 ; broadMatch ; source=ofs-noga2008. Validation métier requise ; aucune équivalence exacte affirmée.
9329,,9329,,,exact,NOGA_2008 → NACE_2.0 ; exactMatch ; source=ofs-methodologie. Identité documentée.
932900,,9329,,,aggregated,NOGA_2008 → NACE_2.0 ; broadMatch ; source=ofs-noga2008. Validation métier requise ; aucune équivalence exacte affirmée.
94,,94,,,exact,NOGA_2008 → NACE_2.0 ; exactMatch ; source=ofs-methodologie. Identité documentée.
941,,941,,,exact,NOGA_2008 → NACE_2.0 ; exactMatch ; source=ofs-methodologie. Identité documentée.
9411,,9411,,,exact,NOGA_2008 → NACE_2.0 ; exactMatch ; source=ofs-methodologie. Identité documentée.
941100,,9411,,,aggregated,NOGA_2008 → NACE_2.0 ; broadMatch ; source=ofs-noga2008. Validation métier requise ; aucune équivalence exacte affirmée.
9412,,9412,,,exact,NOGA_2008 → NACE_2.0 ; exactMatch ; source=ofs-methodologie. Identité documentée.
941200,,9412,,,aggregated,NOGA_2008 → NACE_2.0 ; broadMatch ; source=ofs-noga2008. Validation métier requise ; aucune équivalence exacte affirmée.
942,,942,,,exact,NOGA_2008 → NACE_2.0 ; exactMatch ; source=ofs-methodologie. Identité documentée.
9420,,9420,,,exact,NOGA_2008 → NACE_2.0 ; exactMatch ; source=ofs-methodologie. Identité documentée.
942000,,9420,,,aggregated,NOGA_2008 → NACE_2.0 ; broadMatch ; source=ofs-noga2008. Validation métier requise ; aucune équivalence exacte affirmée.
949,,949,,,exact,NOGA_2008 → NACE_2.0 ; exactMatch ; source=ofs-methodologie. Identité documentée.
9491,,9491,,,exact,NOGA_2008 → NACE_2.0 ; exactMatch ; source=ofs-methodologie. Identité documentée.
949101,,9491,,,aggregated,NOGA_2008 → NACE_2.0 ; broadMatch ; source=ofs-noga2008. Validation métier requise ; aucune équivalence exacte affirmée.
949102,,9491,,,aggregated,NOGA_2008 → NACE_2.0 ; broadMatch ; source=ofs-noga2008. Validation métier requise ; aucune équivalence exacte affirmée.
9492,,9492,,,exact,NOGA_2008 → NACE_2.0 ; exactMatch ; source=ofs-methodologie. Identité documentée.
949200,,9492,,,aggregated,NOGA_2008 → NACE_2.0 ; broadMatch ; source=ofs-noga2008. Validation métier requise ; aucune équivalence exacte affirmée.
9499,,9499,,,exact,NOGA_2008 → NACE_2.0 ; exactMatch ; source=ofs-methodologie. Identité documentée.
949901,,9499,,,aggregated,NOGA_2008 → NACE_2.0 ; broadMatch ; source=ofs-noga2008. Validation métier requise ; aucune équivalence exacte affirmée.
949902,,9499,,,aggregated,NOGA_2008 → NACE_2.0 ; broadMatch ; source=ofs-noga2008. Validation métier requise ; aucune équivalence exacte affirmée.
949903,,9499,,,aggregated,NOGA_2008 → NACE_2.0 ; broadMatch ; source=ofs-noga2008. Validation métier requise ; aucune équivalence exacte affirmée.
949904,,9499,,,aggregated,NOGA_2008 → NACE_2.0 ; broadMatch ; source=ofs-noga2008. Validation métier requise ; aucune équivalence exacte affirmée.
95,,95,,,exact,NOGA_2008 → NACE_2.0 ; exactMatch ; source=ofs-methodologie. Identité documentée.
951,,951,,,exact,NOGA_2008 → NACE_2.0 ; exactMatch ; source=ofs-methodologie. Identité documentée.
9511,,9511,,,exact,NOGA_2008 → NACE_2.0 ; exactMatch ; source=ofs-methodologie. Identité documentée.
951100,,9511,,,aggregated,NOGA_2008 → NACE_2.0 ; broadMatch ; source=ofs-noga2008. Validation métier requise ; aucune équivalence exacte affirmée.
9512,,9512,,,exact,NOGA_2008 → NACE_2.0 ; exactMatch ; source=ofs-methodologie. Identité documentée.
951200,,9512,,,aggregated,NOGA_2008 → NACE_2.0 ; broadMatch ; source=ofs-noga2008. Validation métier requise ; aucune équivalence exacte affirmée.
952,,952,,,exact,NOGA_2008 → NACE_2.0 ; exactMatch ; source=ofs-methodologie. Identité documentée.
9521,,9521,,,exact,NOGA_2008 → NACE_2.0 ; exactMatch ; source=ofs-methodologie. Identité documentée.
952100,,9521,,,aggregated,NOGA_2008 → NACE_2.0 ; broadMatch ; source=ofs-noga2008. Validation métier requise ; aucune équivalence exacte affirmée.
9522,,9522,,,exact,NOGA_2008 → NACE_2.0 ; exactMatch ; source=ofs-methodologie. Identité documentée.
952200,,9522,,,aggregated,NOGA_2008 → NACE_2.0 ; broadMatch ; source=ofs-noga2008. Validation métier requise ; aucune équivalence exacte affirmée.
9523,,9523,,,exact,NOGA_2008 → NACE_2.0 ; exactMatch ; source=ofs-methodologie. Identité documentée.
952300,,9523,,,aggregated,NOGA_2008 → NACE_2.0 ; broadMatch ; source=ofs-noga2008. Validation métier requise ; aucune équivalence exacte affirmée.
9524,,9524,,,exact,NOGA_2008 → NACE_2.0 ; exactMatch ; source=ofs-methodologie. Identité documentée.
952400,,9524,,,aggregated,NOGA_2008 → NACE_2.0 ; broadMatch ; source=ofs-noga2008. Validation métier requise ; aucune équivalence exacte affirmée.
9525,,9525,,,exact,NOGA_2008 → NACE_2.0 ; exactMatch ; source=ofs-methodologie. Identité documentée.
952500,,9525,,,aggregated,NOGA_2008 → NACE_2.0 ; broadMatch ; source=ofs-noga2008. Validation métier requise ; aucune équivalence exacte affirmée.
9529,,9529,,,exact,NOGA_2008 → NACE_2.0 ; exactMatch ; source=ofs-methodologie. Identité documentée.
952900,,9529,,,aggregated,NOGA_2008 → NACE_2.0 ; broadMatch ; source=ofs-noga2008. Validation métier requise ; aucune équivalence exacte affirmée.
96,,96,,,exact,NOGA_2008 → NACE_2.0 ; exactMatch ; source=ofs-methodologie. Identité documentée.
960,,960,,,exact,NOGA_2008 → NACE_2.0 ; exactMatch ; source=ofs-methodologie. Identité documentée.
9601,,9601,,,exact,NOGA_2008 → NACE_2.0 ; exactMatch ; source=ofs-methodologie. Identité documentée.
960101,,9601,,,aggregated,NOGA_2008 → NACE_2.0 ; broadMatch ; source=ofs-noga2008. Validation métier requise ; aucune équivalence exacte affirmée.
960102,,9601,,,aggregated,NOGA_2008 → NACE_2.0 ; broadMatch ; source=ofs-noga2008. Validation métier requise ; aucune équivalence exacte affirmée.
9602,,9602,,,exact,NOGA_2008 → NACE_2.0 ; exactMatch ; source=ofs-methodologie. Identité documentée.
960201,,9602,,,aggregated,NOGA_2008 → NACE_2.0 ; broadMatch ; source=ofs-noga2008. Validation métier requise ; aucune équivalence exacte affirmée.
960202,,9602,,,aggregated,NOGA_2008 → NACE_2.0 ; broadMatch ; source=ofs-noga2008. Validation métier requise ; aucune équivalence exacte affirmée.
9603,,9603,,,exact,NOGA_2008 → NACE_2.0 ; exactMatch ; source=ofs-methodologie. Identité documentée.
960300,,9603,,,aggregated,NOGA_2008 → NACE_2.0 ; broadMatch ; source=ofs-noga2008. Validation métier requise ; aucune équivalence exacte affirmée.
9604,,9604,,,exact,NOGA_2008 → NACE_2.0 ; exactMatch ; source=ofs-methodologie. Identité documentée.
960401,,9604,,,aggregated,NOGA_2008 → NACE_2.0 ; broadMatch ; source=ofs-noga2008. Validation métier requise ; aucune équivalence exacte affirmée.
960402,,9604,,,aggregated,NOGA_2008 → NACE_2.0 ; broadMatch ; source=ofs-noga2008. Validation métier requise ; aucune équivalence exacte affirmée.
9609,,9609,,,exact,NOGA_2008 → NACE_2.0 ; exactMatch ; source=ofs-methodologie. Identité documentée.
960900,,9609,,,aggregated,NOGA_2008 → NACE_2.0 ; broadMatch ; source=ofs-noga2008. Validation métier requise ; aucune équivalence exacte affirmée.
97,,97,,,exact,NOGA_2008 → NACE_2.0 ; exactMatch ; source=ofs-methodologie. Identité documentée.
970,,970,,,exact,NOGA_2008 → NACE_2.0 ; exactMatch ; source=ofs-methodologie. Identité documentée.
9700,,9700,,,exact,NOGA_2008 → NACE_2.0 ; exactMatch ; source=ofs-methodologie. Identité documentée.
970000,,9700,,,aggregated,NOGA_2008 → NACE_2.0 ; broadMatch ; source=ofs-noga2008. Validation métier requise ; aucune équivalence exacte affirmée.
98,,98,,,exact,NOGA_2008 → NACE_2.0 ; exactMatch ; source=ofs-methodologie. Identité documentée.
981,,981,,,exact,NOGA_2008 → NACE_2.0 ; exactMatch ; source=ofs-methodologie. Identité documentée.
9810,,9810,,,exact,NOGA_2008 → NACE_2.0 ; exactMatch ; source=ofs-methodologie. Identité documentée.
981000,,9810,,,aggregated,NOGA_2008 → NACE_2.0 ; broadMatch ; source=ofs-noga2008. Validation métier requise ; aucune équivalence exacte affirmée.
982,,982,,,exact,NOGA_2008 → NACE_2.0 ; exactMatch ; source=ofs-methodologie. Identité documentée.
9820,,9820,,,exact,NOGA_2008 → NACE_2.0 ; exactMatch ; source=ofs-methodologie. Identité documentée.
982000,,9820,,,aggregated,NOGA_2008 → NACE_2.0 ; broadMatch ; source=ofs-noga2008. Validation métier requise ; aucune équivalence exacte affirmée.
99,,99,,,exact,NOGA_2008 → NACE_2.0 ; exactMatch ; source=ofs-methodologie. Identité documentée.
990,,990,,,exact,NOGA_2008 → NACE_2.0 ; exactMatch ; source=ofs-methodologie. Identité documentée.
9900,,9900,,,exact,NOGA_2008 → NACE_2.0 ; exactMatch ; source=ofs-methodologie. Identité documentée.
990001,,9900,,,aggregated,NOGA_2008 → NACE_2.0 ; broadMatch ; source=ofs-noga2008. Validation métier requise ; aucune équivalence exacte affirmée.
990002,,9900,,,aggregated,NOGA_2008 → NACE_2.0 ; broadMatch ; source=ofs-noga2008. Validation métier requise ; aucune équivalence exacte affirmée.
990003,,9900,,,aggregated,NOGA_2008 → NACE_2.0 ; broadMatch ; source=ofs-noga2008. Validation métier requise ; aucune équivalence exacte affirmée.
A,,A,,,exact,NOGA_2008 → NACE_2.0 ; exactMatch ; source=ofs-methodologie. Identité documentée.
B,,B,,,exact,NOGA_2008 → NACE_2.0 ; exactMatch ; source=ofs-methodologie. Identité documentée.
C,,C,,,exact,NOGA_2008 → NACE_2.0 ; exactMatch ; source=ofs-methodologie. Identité documentée.
D,,D,,,exact,NOGA_2008 → NACE_2.0 ; exactMatch ; source=ofs-methodologie. Identité documentée.
E,,E,,,exact,NOGA_2008 → NACE_2.0 ; exactMatch ; source=ofs-methodologie. Identité documentée.
F,,F,,,exact,NOGA_2008 → NACE_2.0 ; exactMatch ; source=ofs-methodologie. Identité documentée.
G,,G,,,exact,NOGA_2008 → NACE_2.0 ; exactMatch ; source=ofs-methodologie. Identité documentée.
H,,H,,,exact,NOGA_2008 → NACE_2.0 ; exactMatch ; source=ofs-methodologie. Identité documentée.
I,,I,,,exact,NOGA_2008 → NACE_2.0 ; exactMatch ; source=ofs-methodologie. Identité documentée.
J,,J,,,exact,NOGA_2008 → NACE_2.0 ; exactMatch ; source=ofs-methodologie. Identité documentée.
K,,K,,,exact,NOGA_2008 → NACE_2.0 ; exactMatch ; source=ofs-methodologie. Identité documentée.
L,,L,,,exact,NOGA_2008 → NACE_2.0 ; exactMatch ; source=ofs-methodologie. Identité documentée.
M,,M,,,exact,NOGA_2008 → NACE_2.0 ; exactMatch ; source=ofs-methodologie. Identité documentée.
N,,N,,,exact,NOGA_2008 → NACE_2.0 ; exactMatch ; source=ofs-methodologie. Identité documentée.
O,,O,,,exact,NOGA_2008 → NACE_2.0 ; exactMatch ; source=ofs-methodologie. Identité documentée.
P,,P,,,exact,NOGA_2008 → NACE_2.0 ; exactMatch ; source=ofs-methodologie. Identité documentée.
Q,,Q,,,exact,NOGA_2008 → NACE_2.0 ; exactMatch ; source=ofs-methodologie. Identité documentée.
R,,R,,,exact,NOGA_2008 → NACE_2.0 ; exactMatch ; source=ofs-methodologie. Identité documentée.
S,,S,,,exact,NOGA_2008 → NACE_2.0 ; exactMatch ; source=ofs-methodologie. Identité documentée.
T,,T,,,exact,NOGA_2008 → NACE_2.0 ; exactMatch ; source=ofs-methodologie. Identité documentée.
U,,U,,,exact,NOGA_2008 → NACE_2.0 ; exactMatch ; source=ofs-methodologie. Identité documentée.
,01,,01,,exact,NOGA_2025 → NACE_2.1 ; exactMatch ; source=ofs-methodologie. Identité documentée.
,011,,011,,exact,NOGA_2025 → NACE_2.1 ; exactMatch ; source=ofs-methodologie. Identité documentée.
,0111,,0111,,exact,NOGA_2025 → NACE_2.1 ; exactMatch ; source=ofs-methodologie. Identité documentée.
,011100,,0111,,aggregated,NOGA_2025 → NACE_2.1 ; broadMatch ; source=ofs-noga2025. Validation métier requise ; aucune équivalence exacte affirmée.
,0112,,0112,,exact,NOGA_2025 → NACE_2.1 ; exactMatch ; source=ofs-methodologie. Identité documentée.
,011200,,0112,,aggregated,NOGA_2025 → NACE_2.1 ; broadMatch ; source=ofs-noga2025. Validation métier requise ; aucune équivalence exacte affirmée.
,0113,,0113,,exact,NOGA_2025 → NACE_2.1 ; exactMatch ; source=ofs-methodologie. Identité documentée.
,011300,,0113,,aggregated,NOGA_2025 → NACE_2.1 ; broadMatch ; source=ofs-noga2025. Validation métier requise ; aucune équivalence exacte affirmée.
,0114,,0114,,exact,NOGA_2025 → NACE_2.1 ; exactMatch ; source=ofs-methodologie. Identité documentée.
,011400,,0114,,aggregated,NOGA_2025 → NACE_2.1 ; broadMatch ; source=ofs-noga2025. Validation métier requise ; aucune équivalence exacte affirmée.
,0115,,0115,,exact,NOGA_2025 → NACE_2.1 ; exactMatch ; source=ofs-methodologie. Identité documentée.
,011500,,0115,,aggregated,NOGA_2025 → NACE_2.1 ; broadMatch ; source=ofs-noga2025. Validation métier requise ; aucune équivalence exacte affirmée.
,0116,,0116,,exact,NOGA_2025 → NACE_2.1 ; exactMatch ; source=ofs-methodologie. Identité documentée.
,011600,,0116,,aggregated,NOGA_2025 → NACE_2.1 ; broadMatch ; source=ofs-noga2025. Validation métier requise ; aucune équivalence exacte affirmée.
,0119,,0119,,exact,NOGA_2025 → NACE_2.1 ; exactMatch ; source=ofs-methodologie. Identité documentée.
,011900,,0119,,aggregated,NOGA_2025 → NACE_2.1 ; broadMatch ; source=ofs-noga2025. Validation métier requise ; aucune équivalence exacte affirmée.
,012,,012,,exact,NOGA_2025 → NACE_2.1 ; exactMatch ; source=ofs-methodologie. Identité documentée.
,0121,,0121,,exact,NOGA_2025 → NACE_2.1 ; exactMatch ; source=ofs-methodologie. Identité documentée.
,012101,,0121,,aggregated,NOGA_2025 → NACE_2.1 ; broadMatch ; source=ofs-noga2025. Validation métier requise ; aucune équivalence exacte affirmée.
,012102,,0121,,aggregated,NOGA_2025 → NACE_2.1 ; broadMatch ; source=ofs-noga2025. Validation métier requise ; aucune équivalence exacte affirmée.
,0122,,0122,,exact,NOGA_2025 → NACE_2.1 ; exactMatch ; source=ofs-methodologie. Identité documentée.
,012200,,0122,,aggregated,NOGA_2025 → NACE_2.1 ; broadMatch ; source=ofs-noga2025. Validation métier requise ; aucune équivalence exacte affirmée.
,0123,,0123,,exact,NOGA_2025 → NACE_2.1 ; exactMatch ; source=ofs-methodologie. Identité documentée.
,012300,,0123,,aggregated,NOGA_2025 → NACE_2.1 ; broadMatch ; source=ofs-noga2025. Validation métier requise ; aucune équivalence exacte affirmée.
,0124,,0124,,exact,NOGA_2025 → NACE_2.1 ; exactMatch ; source=ofs-methodologie. Identité documentée.
,012400,,0124,,aggregated,NOGA_2025 → NACE_2.1 ; broadMatch ; source=ofs-noga2025. Validation métier requise ; aucune équivalence exacte affirmée.
,0125,,0125,,exact,NOGA_2025 → NACE_2.1 ; exactMatch ; source=ofs-methodologie. Identité documentée.
,012500,,0125,,aggregated,NOGA_2025 → NACE_2.1 ; broadMatch ; source=ofs-noga2025. Validation métier requise ; aucune équivalence exacte affirmée.
,0126,,0126,,exact,NOGA_2025 → NACE_2.1 ; exactMatch ; source=ofs-methodologie. Identité documentée.
,012600,,0126,,aggregated,NOGA_2025 → NACE_2.1 ; broadMatch ; source=ofs-noga2025. Validation métier requise ; aucune équivalence exacte affirmée.
,0127,,0127,,exact,NOGA_2025 → NACE_2.1 ; exactMatch ; source=ofs-methodologie. Identité documentée.
,012700,,0127,,aggregated,NOGA_2025 → NACE_2.1 ; broadMatch ; source=ofs-noga2025. Validation métier requise ; aucune équivalence exacte affirmée.
,0128,,0128,,exact,NOGA_2025 → NACE_2.1 ; exactMatch ; source=ofs-methodologie. Identité documentée.
,012800,,0128,,aggregated,NOGA_2025 → NACE_2.1 ; broadMatch ; source=ofs-noga2025. Validation métier requise ; aucune équivalence exacte affirmée.
,0129,,0129,,exact,NOGA_2025 → NACE_2.1 ; exactMatch ; source=ofs-methodologie. Identité documentée.
,012900,,0129,,aggregated,NOGA_2025 → NACE_2.1 ; broadMatch ; source=ofs-noga2025. Validation métier requise ; aucune équivalence exacte affirmée.
,013,,013,,exact,NOGA_2025 → NACE_2.1 ; exactMatch ; source=ofs-methodologie. Identité documentée.
,0130,,0130,,exact,NOGA_2025 → NACE_2.1 ; exactMatch ; source=ofs-methodologie. Identité documentée.
,013000,,0130,,aggregated,NOGA_2025 → NACE_2.1 ; broadMatch ; source=ofs-noga2025. Validation métier requise ; aucune équivalence exacte affirmée.
,014,,014,,exact,NOGA_2025 → NACE_2.1 ; exactMatch ; source=ofs-methodologie. Identité documentée.
,0141,,0141,,exact,NOGA_2025 → NACE_2.1 ; exactMatch ; source=ofs-methodologie. Identité documentée.
,014100,,0141,,aggregated,NOGA_2025 → NACE_2.1 ; broadMatch ; source=ofs-noga2025. Validation métier requise ; aucune équivalence exacte affirmée.
,0142,,0142,,exact,NOGA_2025 → NACE_2.1 ; exactMatch ; source=ofs-methodologie. Identité documentée.
,014200,,0142,,aggregated,NOGA_2025 → NACE_2.1 ; broadMatch ; source=ofs-noga2025. Validation métier requise ; aucune équivalence exacte affirmée.
,0143,,0143,,exact,NOGA_2025 → NACE_2.1 ; exactMatch ; source=ofs-methodologie. Identité documentée.
,014300,,0143,,aggregated,NOGA_2025 → NACE_2.1 ; broadMatch ; source=ofs-noga2025. Validation métier requise ; aucune équivalence exacte affirmée.
,0144,,0144,,exact,NOGA_2025 → NACE_2.1 ; exactMatch ; source=ofs-methodologie. Identité documentée.
,014400,,0144,,aggregated,NOGA_2025 → NACE_2.1 ; broadMatch ; source=ofs-noga2025. Validation métier requise ; aucune équivalence exacte affirmée.
,0145,,0145,,exact,NOGA_2025 → NACE_2.1 ; exactMatch ; source=ofs-methodologie. Identité documentée.
,014500,,0145,,aggregated,NOGA_2025 → NACE_2.1 ; broadMatch ; source=ofs-noga2025. Validation métier requise ; aucune équivalence exacte affirmée.
,0146,,0146,,exact,NOGA_2025 → NACE_2.1 ; exactMatch ; source=ofs-methodologie. Identité documentée.
,014600,,0146,,aggregated,NOGA_2025 → NACE_2.1 ; broadMatch ; source=ofs-noga2025. Validation métier requise ; aucune équivalence exacte affirmée.
,0147,,0147,,exact,NOGA_2025 → NACE_2.1 ; exactMatch ; source=ofs-methodologie. Identité documentée.
,014700,,0147,,aggregated,NOGA_2025 → NACE_2.1 ; broadMatch ; source=ofs-noga2025. Validation métier requise ; aucune équivalence exacte affirmée.
,0148,,0148,,exact,NOGA_2025 → NACE_2.1 ; exactMatch ; source=ofs-methodologie. Identité documentée.
,014800,,0148,,aggregated,NOGA_2025 → NACE_2.1 ; broadMatch ; source=ofs-noga2025. Validation métier requise ; aucune équivalence exacte affirmée.
,015,,015,,exact,NOGA_2025 → NACE_2.1 ; exactMatch ; source=ofs-methodologie. Identité documentée.
,0150,,0150,,exact,NOGA_2025 → NACE_2.1 ; exactMatch ; source=ofs-methodologie. Identité documentée.
,015000,,0150,,aggregated,NOGA_2025 → NACE_2.1 ; broadMatch ; source=ofs-noga2025. Validation métier requise ; aucune équivalence exacte affirmée.
,016,,016,,exact,NOGA_2025 → NACE_2.1 ; exactMatch ; source=ofs-methodologie. Identité documentée.
,0161,,0161,,exact,NOGA_2025 → NACE_2.1 ; exactMatch ; source=ofs-methodologie. Identité documentée.
,016100,,0161,,aggregated,NOGA_2025 → NACE_2.1 ; broadMatch ; source=ofs-noga2025. Validation métier requise ; aucune équivalence exacte affirmée.
,0162,,0162,,exact,NOGA_2025 → NACE_2.1 ; exactMatch ; source=ofs-methodologie. Identité documentée.
,016200,,0162,,aggregated,NOGA_2025 → NACE_2.1 ; broadMatch ; source=ofs-noga2025. Validation métier requise ; aucune équivalence exacte affirmée.
,0163,,0163,,exact,NOGA_2025 → NACE_2.1 ; exactMatch ; source=ofs-methodologie. Identité documentée.
,016300,,0163,,aggregated,NOGA_2025 → NACE_2.1 ; broadMatch ; source=ofs-noga2025. Validation métier requise ; aucune équivalence exacte affirmée.
,017,,017,,exact,NOGA_2025 → NACE_2.1 ; exactMatch ; source=ofs-methodologie. Identité documentée.
,0170,,0170,,exact,NOGA_2025 → NACE_2.1 ; exactMatch ; source=ofs-methodologie. Identité documentée.
,017000,,0170,,aggregated,NOGA_2025 → NACE_2.1 ; broadMatch ; source=ofs-noga2025. Validation métier requise ; aucune équivalence exacte affirmée.
,02,,02,,exact,NOGA_2025 → NACE_2.1 ; exactMatch ; source=ofs-methodologie. Identité documentée.
,021,,021,,exact,NOGA_2025 → NACE_2.1 ; exactMatch ; source=ofs-methodologie. Identité documentée.
,0210,,0210,,exact,NOGA_2025 → NACE_2.1 ; exactMatch ; source=ofs-methodologie. Identité documentée.
,021000,,0210,,aggregated,NOGA_2025 → NACE_2.1 ; broadMatch ; source=ofs-noga2025. Validation métier requise ; aucune équivalence exacte affirmée.
,022,,022,,exact,NOGA_2025 → NACE_2.1 ; exactMatch ; source=ofs-methodologie. Identité documentée.
,0220,,0220,,exact,NOGA_2025 → NACE_2.1 ; exactMatch ; source=ofs-methodologie. Identité documentée.
,022000,,0220,,aggregated,NOGA_2025 → NACE_2.1 ; broadMatch ; source=ofs-noga2025. Validation métier requise ; aucune équivalence exacte affirmée.
,023,,023,,exact,NOGA_2025 → NACE_2.1 ; exactMatch ; source=ofs-methodologie. Identité documentée.
,0230,,0230,,exact,NOGA_2025 → NACE_2.1 ; exactMatch ; source=ofs-methodologie. Identité documentée.
,023000,,0230,,aggregated,NOGA_2025 → NACE_2.1 ; broadMatch ; source=ofs-noga2025. Validation métier requise ; aucune équivalence exacte affirmée.
,024,,024,,exact,NOGA_2025 → NACE_2.1 ; exactMatch ; source=ofs-methodologie. Identité documentée.
,0240,,0240,,exact,NOGA_2025 → NACE_2.1 ; exactMatch ; source=ofs-methodologie. Identité documentée.
,024000,,0240,,aggregated,NOGA_2025 → NACE_2.1 ; broadMatch ; source=ofs-noga2025. Validation métier requise ; aucune équivalence exacte affirmée.
,03,,03,,exact,NOGA_2025 → NACE_2.1 ; exactMatch ; source=ofs-methodologie. Identité documentée.
,031,,031,,exact,NOGA_2025 → NACE_2.1 ; exactMatch ; source=ofs-methodologie. Identité documentée.
,0311,,0311,,exact,NOGA_2025 → NACE_2.1 ; exactMatch ; source=ofs-methodologie. Identité documentée.
,031100,,0311,,aggregated,NOGA_2025 → NACE_2.1 ; broadMatch ; source=ofs-noga2025. Validation métier requise ; aucune équivalence exacte affirmée.
,0312,,0312,,exact,NOGA_2025 → NACE_2.1 ; exactMatch ; source=ofs-methodologie. Identité documentée.
,031200,,0312,,aggregated,NOGA_2025 → NACE_2.1 ; broadMatch ; source=ofs-noga2025. Validation métier requise ; aucune équivalence exacte affirmée.
,032,,032,,exact,NOGA_2025 → NACE_2.1 ; exactMatch ; source=ofs-methodologie. Identité documentée.
,0321,,0321,,exact,NOGA_2025 → NACE_2.1 ; exactMatch ; source=ofs-methodologie. Identité documentée.
,032100,,0321,,aggregated,NOGA_2025 → NACE_2.1 ; broadMatch ; source=ofs-noga2025. Validation métier requise ; aucune équivalence exacte affirmée.
,0322,,0322,,exact,NOGA_2025 → NACE_2.1 ; exactMatch ; source=ofs-methodologie. Identité documentée.
,032200,,0322,,aggregated,NOGA_2025 → NACE_2.1 ; broadMatch ; source=ofs-noga2025. Validation métier requise ; aucune équivalence exacte affirmée.
,033,,033,,exact,NOGA_2025 → NACE_2.1 ; exactMatch ; source=ofs-methodologie. Identité documentée.
,0330,,0330,,exact,NOGA_2025 → NACE_2.1 ; exactMatch ; source=ofs-methodologie. Identité documentée.
,033000,,0330,,aggregated,NOGA_2025 → NACE_2.1 ; broadMatch ; source=ofs-noga2025. Validation métier requise ; aucune équivalence exacte affirmée.
,05,,05,,exact,NOGA_2025 → NACE_2.1 ; exactMatch ; source=ofs-methodologie. Identité documentée.
,051,,051,,exact,NOGA_2025 → NACE_2.1 ; exactMatch ; source=ofs-methodologie. Identité documentée.
,0510,,0510,,exact,NOGA_2025 → NACE_2.1 ; exactMatch ; source=ofs-methodologie. Identité documentée.
,051000,,0510,,aggregated,NOGA_2025 → NACE_2.1 ; broadMatch ; source=ofs-noga2025. Validation métier requise ; aucune équivalence exacte affirmée.
,052,,052,,exact,NOGA_2025 → NACE_2.1 ; exactMatch ; source=ofs-methodologie. Identité documentée.
,0520,,0520,,exact,NOGA_2025 → NACE_2.1 ; exactMatch ; source=ofs-methodologie. Identité documentée.
,052000,,0520,,aggregated,NOGA_2025 → NACE_2.1 ; broadMatch ; source=ofs-noga2025. Validation métier requise ; aucune équivalence exacte affirmée.
,06,,06,,exact,NOGA_2025 → NACE_2.1 ; exactMatch ; source=ofs-methodologie. Identité documentée.
,061,,061,,exact,NOGA_2025 → NACE_2.1 ; exactMatch ; source=ofs-methodologie. Identité documentée.
,0610,,0610,,exact,NOGA_2025 → NACE_2.1 ; exactMatch ; source=ofs-methodologie. Identité documentée.
,061000,,0610,,aggregated,NOGA_2025 → NACE_2.1 ; broadMatch ; source=ofs-noga2025. Validation métier requise ; aucune équivalence exacte affirmée.
,062,,062,,exact,NOGA_2025 → NACE_2.1 ; exactMatch ; source=ofs-methodologie. Identité documentée.
,0620,,0620,,exact,NOGA_2025 → NACE_2.1 ; exactMatch ; source=ofs-methodologie. Identité documentée.
,062000,,0620,,aggregated,NOGA_2025 → NACE_2.1 ; broadMatch ; source=ofs-noga2025. Validation métier requise ; aucune équivalence exacte affirmée.
,07,,07,,exact,NOGA_2025 → NACE_2.1 ; exactMatch ; source=ofs-methodologie. Identité documentée.
,071,,071,,exact,NOGA_2025 → NACE_2.1 ; exactMatch ; source=ofs-methodologie. Identité documentée.
,0710,,0710,,exact,NOGA_2025 → NACE_2.1 ; exactMatch ; source=ofs-methodologie. Identité documentée.
,071000,,0710,,aggregated,NOGA_2025 → NACE_2.1 ; broadMatch ; source=ofs-noga2025. Validation métier requise ; aucune équivalence exacte affirmée.
,072,,072,,exact,NOGA_2025 → NACE_2.1 ; exactMatch ; source=ofs-methodologie. Identité documentée.
,0721,,0721,,exact,NOGA_2025 → NACE_2.1 ; exactMatch ; source=ofs-methodologie. Identité documentée.
,072100,,0721,,aggregated,NOGA_2025 → NACE_2.1 ; broadMatch ; source=ofs-noga2025. Validation métier requise ; aucune équivalence exacte affirmée.
,0729,,0729,,exact,NOGA_2025 → NACE_2.1 ; exactMatch ; source=ofs-methodologie. Identité documentée.
,072900,,0729,,aggregated,NOGA_2025 → NACE_2.1 ; broadMatch ; source=ofs-noga2025. Validation métier requise ; aucune équivalence exacte affirmée.
,08,,08,,exact,NOGA_2025 → NACE_2.1 ; exactMatch ; source=ofs-methodologie. Identité documentée.
,081,,081,,exact,NOGA_2025 → NACE_2.1 ; exactMatch ; source=ofs-methodologie. Identité documentée.
,0811,,0811,,exact,NOGA_2025 → NACE_2.1 ; exactMatch ; source=ofs-methodologie. Identité documentée.
,081100,,0811,,aggregated,NOGA_2025 → NACE_2.1 ; broadMatch ; source=ofs-noga2025. Validation métier requise ; aucune équivalence exacte affirmée.
,0812,,0812,,exact,NOGA_2025 → NACE_2.1 ; exactMatch ; source=ofs-methodologie. Identité documentée.
,081200,,0812,,aggregated,NOGA_2025 → NACE_2.1 ; broadMatch ; source=ofs-noga2025. Validation métier requise ; aucune équivalence exacte affirmée.
,089,,089,,exact,NOGA_2025 → NACE_2.1 ; exactMatch ; source=ofs-methodologie. Identité documentée.
,0891,,0891,,exact,NOGA_2025 → NACE_2.1 ; exactMatch ; source=ofs-methodologie. Identité documentée.
,089100,,0891,,aggregated,NOGA_2025 → NACE_2.1 ; broadMatch ; source=ofs-noga2025. Validation métier requise ; aucune équivalence exacte affirmée.
,0892,,0892,,exact,NOGA_2025 → NACE_2.1 ; exactMatch ; source=ofs-methodologie. Identité documentée.
,089200,,0892,,aggregated,NOGA_2025 → NACE_2.1 ; broadMatch ; source=ofs-noga2025. Validation métier requise ; aucune équivalence exacte affirmée.
,0893,,0893,,exact,NOGA_2025 → NACE_2.1 ; exactMatch ; source=ofs-methodologie. Identité documentée.
,089300,,0893,,aggregated,NOGA_2025 → NACE_2.1 ; broadMatch ; source=ofs-noga2025. Validation métier requise ; aucune équivalence exacte affirmée.
,0899,,0899,,exact,NOGA_2025 → NACE_2.1 ; exactMatch ; source=ofs-methodologie. Identité documentée.
,089900,,0899,,aggregated,NOGA_2025 → NACE_2.1 ; broadMatch ; source=ofs-noga2025. Validation métier requise ; aucune équivalence exacte affirmée.
,09,,09,,exact,NOGA_2025 → NACE_2.1 ; exactMatch ; source=ofs-methodologie. Identité documentée.
,091,,091,,exact,NOGA_2025 → NACE_2.1 ; exactMatch ; source=ofs-methodologie. Identité documentée.
,0910,,0910,,exact,NOGA_2025 → NACE_2.1 ; exactMatch ; source=ofs-methodologie. Identité documentée.
,091000,,0910,,aggregated,NOGA_2025 → NACE_2.1 ; broadMatch ; source=ofs-noga2025. Validation métier requise ; aucune équivalence exacte affirmée.
,099,,099,,exact,NOGA_2025 → NACE_2.1 ; exactMatch ; source=ofs-methodologie. Identité documentée.
,0990,,0990,,exact,NOGA_2025 → NACE_2.1 ; exactMatch ; source=ofs-methodologie. Identité documentée.
,099000,,0990,,aggregated,NOGA_2025 → NACE_2.1 ; broadMatch ; source=ofs-noga2025. Validation métier requise ; aucune équivalence exacte affirmée.
,10,,10,,exact,NOGA_2025 → NACE_2.1 ; exactMatch ; source=ofs-methodologie. Identité documentée.
,101,,101,,exact,NOGA_2025 → NACE_2.1 ; exactMatch ; source=ofs-methodologie. Identité documentée.
,1011,,1011,,exact,NOGA_2025 → NACE_2.1 ; exactMatch ; source=ofs-methodologie. Identité documentée.
,101100,,1011,,aggregated,NOGA_2025 → NACE_2.1 ; broadMatch ; source=ofs-noga2025. Validation métier requise ; aucune équivalence exacte affirmée.
,1012,,1012,,exact,NOGA_2025 → NACE_2.1 ; exactMatch ; source=ofs-methodologie. Identité documentée.
,101200,,1012,,aggregated,NOGA_2025 → NACE_2.1 ; broadMatch ; source=ofs-noga2025. Validation métier requise ; aucune équivalence exacte affirmée.
,1013,,1013,,exact,NOGA_2025 → NACE_2.1 ; exactMatch ; source=ofs-methodologie. Identité documentée.
,101300,,1013,,aggregated,NOGA_2025 → NACE_2.1 ; broadMatch ; source=ofs-noga2025. Validation métier requise ; aucune équivalence exacte affirmée.
,102,,102,,exact,NOGA_2025 → NACE_2.1 ; exactMatch ; source=ofs-methodologie. Identité documentée.
,1020,,1020,,exact,NOGA_2025 → NACE_2.1 ; exactMatch ; source=ofs-methodologie. Identité documentée.
,102000,,1020,,aggregated,NOGA_2025 → NACE_2.1 ; broadMatch ; source=ofs-noga2025. Validation métier requise ; aucune équivalence exacte affirmée.
,103,,103,,exact,NOGA_2025 → NACE_2.1 ; exactMatch ; source=ofs-methodologie. Identité documentée.
,1031,,1031,,exact,NOGA_2025 → NACE_2.1 ; exactMatch ; source=ofs-methodologie. Identité documentée.
,103100,,1031,,aggregated,NOGA_2025 → NACE_2.1 ; broadMatch ; source=ofs-noga2025. Validation métier requise ; aucune équivalence exacte affirmée.
,1032,,1032,,exact,NOGA_2025 → NACE_2.1 ; exactMatch ; source=ofs-methodologie. Identité documentée.
,103200,,1032,,aggregated,NOGA_2025 → NACE_2.1 ; broadMatch ; source=ofs-noga2025. Validation métier requise ; aucune équivalence exacte affirmée.
,1039,,1039,,exact,NOGA_2025 → NACE_2.1 ; exactMatch ; source=ofs-methodologie. Identité documentée.
,103900,,1039,,aggregated,NOGA_2025 → NACE_2.1 ; broadMatch ; source=ofs-noga2025. Validation métier requise ; aucune équivalence exacte affirmée.
,104,,104,,exact,NOGA_2025 → NACE_2.1 ; exactMatch ; source=ofs-methodologie. Identité documentée.
,1041,,1041,,exact,NOGA_2025 → NACE_2.1 ; exactMatch ; source=ofs-methodologie. Identité documentée.
,104100,,1041,,aggregated,NOGA_2025 → NACE_2.1 ; broadMatch ; source=ofs-noga2025. Validation métier requise ; aucune équivalence exacte affirmée.
,1042,,1042,,exact,NOGA_2025 → NACE_2.1 ; exactMatch ; source=ofs-methodologie. Identité documentée.
,104200,,1042,,aggregated,NOGA_2025 → NACE_2.1 ; broadMatch ; source=ofs-noga2025. Validation métier requise ; aucune équivalence exacte affirmée.
,105,,105,,exact,NOGA_2025 → NACE_2.1 ; exactMatch ; source=ofs-methodologie. Identité documentée.
,1051,,1051,,exact,NOGA_2025 → NACE_2.1 ; exactMatch ; source=ofs-methodologie. Identité documentée.
,105101,,1051,,aggregated,NOGA_2025 → NACE_2.1 ; broadMatch ; source=ofs-noga2025. Validation métier requise ; aucune équivalence exacte affirmée.
,105102,,1051,,aggregated,NOGA_2025 → NACE_2.1 ; broadMatch ; source=ofs-noga2025. Validation métier requise ; aucune équivalence exacte affirmée.
,105103,,1051,,aggregated,NOGA_2025 → NACE_2.1 ; broadMatch ; source=ofs-noga2025. Validation métier requise ; aucune équivalence exacte affirmée.
,1052,,1052,,exact,NOGA_2025 → NACE_2.1 ; exactMatch ; source=ofs-methodologie. Identité documentée.
,105200,,1052,,aggregated,NOGA_2025 → NACE_2.1 ; broadMatch ; source=ofs-noga2025. Validation métier requise ; aucune équivalence exacte affirmée.
,106,,106,,exact,NOGA_2025 → NACE_2.1 ; exactMatch ; source=ofs-methodologie. Identité documentée.
,1061,,1061,,exact,NOGA_2025 → NACE_2.1 ; exactMatch ; source=ofs-methodologie. Identité documentée.
,106100,,1061,,aggregated,NOGA_2025 → NACE_2.1 ; broadMatch ; source=ofs-noga2025. Validation métier requise ; aucune équivalence exacte affirmée.
,1062,,1062,,exact,NOGA_2025 → NACE_2.1 ; exactMatch ; source=ofs-methodologie. Identité documentée.
,106200,,1062,,aggregated,NOGA_2025 → NACE_2.1 ; broadMatch ; source=ofs-noga2025. Validation métier requise ; aucune équivalence exacte affirmée.
,107,,107,,exact,NOGA_2025 → NACE_2.1 ; exactMatch ; source=ofs-methodologie. Identité documentée.
,1071,,1071,,exact,NOGA_2025 → NACE_2.1 ; exactMatch ; source=ofs-methodologie. Identité documentée.
,107100,,1071,,aggregated,NOGA_2025 → NACE_2.1 ; broadMatch ; source=ofs-noga2025. Validation métier requise ; aucune équivalence exacte affirmée.
,1072,,1072,,exact,NOGA_2025 → NACE_2.1 ; exactMatch ; source=ofs-methodologie. Identité documentée.
,107200,,1072,,aggregated,NOGA_2025 → NACE_2.1 ; broadMatch ; source=ofs-noga2025. Validation métier requise ; aucune équivalence exacte affirmée.
,1073,,1073,,exact,NOGA_2025 → NACE_2.1 ; exactMatch ; source=ofs-methodologie. Identité documentée.
,107300,,1073,,aggregated,NOGA_2025 → NACE_2.1 ; broadMatch ; source=ofs-noga2025. Validation métier requise ; aucune équivalence exacte affirmée.
,108,,108,,exact,NOGA_2025 → NACE_2.1 ; exactMatch ; source=ofs-methodologie. Identité documentée.
,1081,,1081,,exact,NOGA_2025 → NACE_2.1 ; exactMatch ; source=ofs-methodologie. Identité documentée.
,108100,,1081,,aggregated,NOGA_2025 → NACE_2.1 ; broadMatch ; source=ofs-noga2025. Validation métier requise ; aucune équivalence exacte affirmée.
,1082,,1082,,exact,NOGA_2025 → NACE_2.1 ; exactMatch ; source=ofs-methodologie. Identité documentée.
,108201,,1082,,aggregated,NOGA_2025 → NACE_2.1 ; broadMatch ; source=ofs-noga2025. Validation métier requise ; aucune équivalence exacte affirmée.
,108202,,1082,,aggregated,NOGA_2025 → NACE_2.1 ; broadMatch ; source=ofs-noga2025. Validation métier requise ; aucune équivalence exacte affirmée.
,1083,,1083,,exact,NOGA_2025 → NACE_2.1 ; exactMatch ; source=ofs-methodologie. Identité documentée.
,108300,,1083,,aggregated,NOGA_2025 → NACE_2.1 ; broadMatch ; source=ofs-noga2025. Validation métier requise ; aucune équivalence exacte affirmée.
,1084,,1084,,exact,NOGA_2025 → NACE_2.1 ; exactMatch ; source=ofs-methodologie. Identité documentée.
,108400,,1084,,aggregated,NOGA_2025 → NACE_2.1 ; broadMatch ; source=ofs-noga2025. Validation métier requise ; aucune équivalence exacte affirmée.
,1085,,1085,,exact,NOGA_2025 → NACE_2.1 ; exactMatch ; source=ofs-methodologie. Identité documentée.
,108500,,1085,,aggregated,NOGA_2025 → NACE_2.1 ; broadMatch ; source=ofs-noga2025. Validation métier requise ; aucune équivalence exacte affirmée.
,1086,,1086,,exact,NOGA_2025 → NACE_2.1 ; exactMatch ; source=ofs-methodologie. Identité documentée.
,108600,,1086,,aggregated,NOGA_2025 → NACE_2.1 ; broadMatch ; source=ofs-noga2025. Validation métier requise ; aucune équivalence exacte affirmée.
,1089,,1089,,exact,NOGA_2025 → NACE_2.1 ; exactMatch ; source=ofs-methodologie. Identité documentée.
,108900,,1089,,aggregated,NOGA_2025 → NACE_2.1 ; broadMatch ; source=ofs-noga2025. Validation métier requise ; aucune équivalence exacte affirmée.
,109,,109,,exact,NOGA_2025 → NACE_2.1 ; exactMatch ; source=ofs-methodologie. Identité documentée.
,1091,,1091,,exact,NOGA_2025 → NACE_2.1 ; exactMatch ; source=ofs-methodologie. Identité documentée.
,109100,,1091,,aggregated,NOGA_2025 → NACE_2.1 ; broadMatch ; source=ofs-noga2025. Validation métier requise ; aucune équivalence exacte affirmée.
,1092,,1092,,exact,NOGA_2025 → NACE_2.1 ; exactMatch ; source=ofs-methodologie. Identité documentée.
,109200,,1092,,aggregated,NOGA_2025 → NACE_2.1 ; broadMatch ; source=ofs-noga2025. Validation métier requise ; aucune équivalence exacte affirmée.
,11,,11,,exact,NOGA_2025 → NACE_2.1 ; exactMatch ; source=ofs-methodologie. Identité documentée.
,110,,110,,exact,NOGA_2025 → NACE_2.1 ; exactMatch ; source=ofs-methodologie. Identité documentée.
,1101,,1101,,exact,NOGA_2025 → NACE_2.1 ; exactMatch ; source=ofs-methodologie. Identité documentée.
,110100,,1101,,aggregated,NOGA_2025 → NACE_2.1 ; broadMatch ; source=ofs-noga2025. Validation métier requise ; aucune équivalence exacte affirmée.
,1102,,1102,,exact,NOGA_2025 → NACE_2.1 ; exactMatch ; source=ofs-methodologie. Identité documentée.
,110200,,1102,,aggregated,NOGA_2025 → NACE_2.1 ; broadMatch ; source=ofs-noga2025. Validation métier requise ; aucune équivalence exacte affirmée.
,1103,,1103,,exact,NOGA_2025 → NACE_2.1 ; exactMatch ; source=ofs-methodologie. Identité documentée.
,110300,,1103,,aggregated,NOGA_2025 → NACE_2.1 ; broadMatch ; source=ofs-noga2025. Validation métier requise ; aucune équivalence exacte affirmée.
,1104,,1104,,exact,NOGA_2025 → NACE_2.1 ; exactMatch ; source=ofs-methodologie. Identité documentée.
,110400,,1104,,aggregated,NOGA_2025 → NACE_2.1 ; broadMatch ; source=ofs-noga2025. Validation métier requise ; aucune équivalence exacte affirmée.
,1105,,1105,,exact,NOGA_2025 → NACE_2.1 ; exactMatch ; source=ofs-methodologie. Identité documentée.
,110500,,1105,,aggregated,NOGA_2025 → NACE_2.1 ; broadMatch ; source=ofs-noga2025. Validation métier requise ; aucune équivalence exacte affirmée.
,1106,,1106,,exact,NOGA_2025 → NACE_2.1 ; exactMatch ; source=ofs-methodologie. Identité documentée.
,110600,,1106,,aggregated,NOGA_2025 → NACE_2.1 ; broadMatch ; source=ofs-noga2025. Validation métier requise ; aucune équivalence exacte affirmée.
,1107,,1107,,exact,NOGA_2025 → NACE_2.1 ; exactMatch ; source=ofs-methodologie. Identité documentée.
,110700,,1107,,aggregated,NOGA_2025 → NACE_2.1 ; broadMatch ; source=ofs-noga2025. Validation métier requise ; aucune équivalence exacte affirmée.
,12,,12,,exact,NOGA_2025 → NACE_2.1 ; exactMatch ; source=ofs-methodologie. Identité documentée.
,120,,120,,exact,NOGA_2025 → NACE_2.1 ; exactMatch ; source=ofs-methodologie. Identité documentée.
,1200,,1200,,exact,NOGA_2025 → NACE_2.1 ; exactMatch ; source=ofs-methodologie. Identité documentée.
,120000,,1200,,aggregated,NOGA_2025 → NACE_2.1 ; broadMatch ; source=ofs-noga2025. Validation métier requise ; aucune équivalence exacte affirmée.
,13,,13,,exact,NOGA_2025 → NACE_2.1 ; exactMatch ; source=ofs-methodologie. Identité documentée.
,131,,131,,exact,NOGA_2025 → NACE_2.1 ; exactMatch ; source=ofs-methodologie. Identité documentée.
,1310,,1310,,exact,NOGA_2025 → NACE_2.1 ; exactMatch ; source=ofs-methodologie. Identité documentée.
,131001,,1310,,aggregated,NOGA_2025 → NACE_2.1 ; broadMatch ; source=ofs-noga2025. Validation métier requise ; aucune équivalence exacte affirmée.
,131002,,1310,,aggregated,NOGA_2025 → NACE_2.1 ; broadMatch ; source=ofs-noga2025. Validation métier requise ; aucune équivalence exacte affirmée.
,131003,,1310,,aggregated,NOGA_2025 → NACE_2.1 ; broadMatch ; source=ofs-noga2025. Validation métier requise ; aucune équivalence exacte affirmée.
,131004,,1310,,aggregated,NOGA_2025 → NACE_2.1 ; broadMatch ; source=ofs-noga2025. Validation métier requise ; aucune équivalence exacte affirmée.
,132,,132,,exact,NOGA_2025 → NACE_2.1 ; exactMatch ; source=ofs-methodologie. Identité documentée.
,1320,,1320,,exact,NOGA_2025 → NACE_2.1 ; exactMatch ; source=ofs-methodologie. Identité documentée.
,132001,,1320,,aggregated,NOGA_2025 → NACE_2.1 ; broadMatch ; source=ofs-noga2025. Validation métier requise ; aucune équivalence exacte affirmée.
,132002,,1320,,aggregated,NOGA_2025 → NACE_2.1 ; broadMatch ; source=ofs-noga2025. Validation métier requise ; aucune équivalence exacte affirmée.
,132003,,1320,,aggregated,NOGA_2025 → NACE_2.1 ; broadMatch ; source=ofs-noga2025. Validation métier requise ; aucune équivalence exacte affirmée.
,133,,133,,exact,NOGA_2025 → NACE_2.1 ; exactMatch ; source=ofs-methodologie. Identité documentée.
,1330,,1330,,exact,NOGA_2025 → NACE_2.1 ; exactMatch ; source=ofs-methodologie. Identité documentée.
,133000,,1330,,aggregated,NOGA_2025 → NACE_2.1 ; broadMatch ; source=ofs-noga2025. Validation métier requise ; aucune équivalence exacte affirmée.
,139,,139,,exact,NOGA_2025 → NACE_2.1 ; exactMatch ; source=ofs-methodologie. Identité documentée.
,1391,,1391,,exact,NOGA_2025 → NACE_2.1 ; exactMatch ; source=ofs-methodologie. Identité documentée.
,139100,,1391,,aggregated,NOGA_2025 → NACE_2.1 ; broadMatch ; source=ofs-noga2025. Validation métier requise ; aucune équivalence exacte affirmée.
,1392,,1392,,exact,NOGA_2025 → NACE_2.1 ; exactMatch ; source=ofs-methodologie. Identité documentée.
,139201,,1392,,aggregated,NOGA_2025 → NACE_2.1 ; broadMatch ; source=ofs-noga2025. Validation métier requise ; aucune équivalence exacte affirmée.
,139202,,1392,,aggregated,NOGA_2025 → NACE_2.1 ; broadMatch ; source=ofs-noga2025. Validation métier requise ; aucune équivalence exacte affirmée.
,1393,,1393,,exact,NOGA_2025 → NACE_2.1 ; exactMatch ; source=ofs-methodologie. Identité documentée.
,139300,,1393,,aggregated,NOGA_2025 → NACE_2.1 ; broadMatch ; source=ofs-noga2025. Validation métier requise ; aucune équivalence exacte affirmée.
,1394,,1394,,exact,NOGA_2025 → NACE_2.1 ; exactMatch ; source=ofs-methodologie. Identité documentée.
,139400,,1394,,aggregated,NOGA_2025 → NACE_2.1 ; broadMatch ; source=ofs-noga2025. Validation métier requise ; aucune équivalence exacte affirmée.
,1395,,1395,,exact,NOGA_2025 → NACE_2.1 ; exactMatch ; source=ofs-methodologie. Identité documentée.
,139500,,1395,,aggregated,NOGA_2025 → NACE_2.1 ; broadMatch ; source=ofs-noga2025. Validation métier requise ; aucune équivalence exacte affirmée.
,1396,,1396,,exact,NOGA_2025 → NACE_2.1 ; exactMatch ; source=ofs-methodologie. Identité documentée.
,139600,,1396,,aggregated,NOGA_2025 → NACE_2.1 ; broadMatch ; source=ofs-noga2025. Validation métier requise ; aucune équivalence exacte affirmée.
,1399,,1399,,exact,NOGA_2025 → NACE_2.1 ; exactMatch ; source=ofs-methodologie. Identité documentée.
,139901,,1399,,aggregated,NOGA_2025 → NACE_2.1 ; broadMatch ; source=ofs-noga2025. Validation métier requise ; aucune équivalence exacte affirmée.
,139902,,1399,,aggregated,NOGA_2025 → NACE_2.1 ; broadMatch ; source=ofs-noga2025. Validation métier requise ; aucune équivalence exacte affirmée.
,139909,,1399,,aggregated,NOGA_2025 → NACE_2.1 ; broadMatch ; source=ofs-noga2025. Validation métier requise ; aucune équivalence exacte affirmée.
,14,,14,,exact,NOGA_2025 → NACE_2.1 ; exactMatch ; source=ofs-methodologie. Identité documentée.
,141,,141,,exact,NOGA_2025 → NACE_2.1 ; exactMatch ; source=ofs-methodologie. Identité documentée.
,1410,,1410,,exact,NOGA_2025 → NACE_2.1 ; exactMatch ; source=ofs-methodologie. Identité documentée.
,141001,,1410,,aggregated,NOGA_2025 → NACE_2.1 ; broadMatch ; source=ofs-noga2025. Validation métier requise ; aucune équivalence exacte affirmée.
,141002,,1410,,aggregated,NOGA_2025 → NACE_2.1 ; broadMatch ; source=ofs-noga2025. Validation métier requise ; aucune équivalence exacte affirmée.
,142,,142,,exact,NOGA_2025 → NACE_2.1 ; exactMatch ; source=ofs-methodologie. Identité documentée.
,1421,,1421,,exact,NOGA_2025 → NACE_2.1 ; exactMatch ; source=ofs-methodologie. Identité documentée.
,142101,,1421,,aggregated,NOGA_2025 → NACE_2.1 ; broadMatch ; source=ofs-noga2025. Validation métier requise ; aucune équivalence exacte affirmée.
,142102,,1421,,aggregated,NOGA_2025 → NACE_2.1 ; broadMatch ; source=ofs-noga2025. Validation métier requise ; aucune équivalence exacte affirmée.
,142103,,1421,,aggregated,NOGA_2025 → NACE_2.1 ; broadMatch ; source=ofs-noga2025. Validation métier requise ; aucune équivalence exacte affirmée.
,1422,,1422,,exact,NOGA_2025 → NACE_2.1 ; exactMatch ; source=ofs-methodologie. Identité documentée.
,142201,,1422,,aggregated,NOGA_2025 → NACE_2.1 ; broadMatch ; source=ofs-noga2025. Validation métier requise ; aucune équivalence exacte affirmée.
,142202,,1422,,aggregated,NOGA_2025 → NACE_2.1 ; broadMatch ; source=ofs-noga2025. Validation métier requise ; aucune équivalence exacte affirmée.
,142203,,1422,,aggregated,NOGA_2025 → NACE_2.1 ; broadMatch ; source=ofs-noga2025. Validation métier requise ; aucune équivalence exacte affirmée.
,1423,,1423,,exact,NOGA_2025 → NACE_2.1 ; exactMatch ; source=ofs-methodologie. Identité documentée.
,142300,,1423,,aggregated,NOGA_2025 → NACE_2.1 ; broadMatch ; source=ofs-noga2025. Validation métier requise ; aucune équivalence exacte affirmée.
,1424,,1424,,exact,NOGA_2025 → NACE_2.1 ; exactMatch ; source=ofs-methodologie. Identité documentée.
,142401,,1424,,aggregated,NOGA_2025 → NACE_2.1 ; broadMatch ; source=ofs-noga2025. Validation métier requise ; aucune équivalence exacte affirmée.
,142402,,1424,,aggregated,NOGA_2025 → NACE_2.1 ; broadMatch ; source=ofs-noga2025. Validation métier requise ; aucune équivalence exacte affirmée.
,1429,,1429,,exact,NOGA_2025 → NACE_2.1 ; exactMatch ; source=ofs-methodologie. Identité documentée.
,142900,,1429,,aggregated,NOGA_2025 → NACE_2.1 ; broadMatch ; source=ofs-noga2025. Validation métier requise ; aucune équivalence exacte affirmée.
,15,,15,,exact,NOGA_2025 → NACE_2.1 ; exactMatch ; source=ofs-methodologie. Identité documentée.
,151,,151,,exact,NOGA_2025 → NACE_2.1 ; exactMatch ; source=ofs-methodologie. Identité documentée.
,1511,,1511,,exact,NOGA_2025 → NACE_2.1 ; exactMatch ; source=ofs-methodologie. Identité documentée.
,151100,,1511,,aggregated,NOGA_2025 → NACE_2.1 ; broadMatch ; source=ofs-noga2025. Validation métier requise ; aucune équivalence exacte affirmée.
,1512,,1512,,exact,NOGA_2025 → NACE_2.1 ; exactMatch ; source=ofs-methodologie. Identité documentée.
,151200,,1512,,aggregated,NOGA_2025 → NACE_2.1 ; broadMatch ; source=ofs-noga2025. Validation métier requise ; aucune équivalence exacte affirmée.
,152,,152,,exact,NOGA_2025 → NACE_2.1 ; exactMatch ; source=ofs-methodologie. Identité documentée.
,1520,,1520,,exact,NOGA_2025 → NACE_2.1 ; exactMatch ; source=ofs-methodologie. Identité documentée.
,152000,,1520,,aggregated,NOGA_2025 → NACE_2.1 ; broadMatch ; source=ofs-noga2025. Validation métier requise ; aucune équivalence exacte affirmée.
,16,,16,,exact,NOGA_2025 → NACE_2.1 ; exactMatch ; source=ofs-methodologie. Identité documentée.
,161,,161,,exact,NOGA_2025 → NACE_2.1 ; exactMatch ; source=ofs-methodologie. Identité documentée.
,1611,,1611,,exact,NOGA_2025 → NACE_2.1 ; exactMatch ; source=ofs-methodologie. Identité documentée.
,161100,,1611,,aggregated,NOGA_2025 → NACE_2.1 ; broadMatch ; source=ofs-noga2025. Validation métier requise ; aucune équivalence exacte affirmée.
,1612,,1612,,exact,NOGA_2025 → NACE_2.1 ; exactMatch ; source=ofs-methodologie. Identité documentée.
,161200,,1612,,aggregated,NOGA_2025 → NACE_2.1 ; broadMatch ; source=ofs-noga2025. Validation métier requise ; aucune équivalence exacte affirmée.
,162,,162,,exact,NOGA_2025 → NACE_2.1 ; exactMatch ; source=ofs-methodologie. Identité documentée.
,1621,,1621,,exact,NOGA_2025 → NACE_2.1 ; exactMatch ; source=ofs-methodologie. Identité documentée.
,162100,,1621,,aggregated,NOGA_2025 → NACE_2.1 ; broadMatch ; source=ofs-noga2025. Validation métier requise ; aucune équivalence exacte affirmée.
,1622,,1622,,exact,NOGA_2025 → NACE_2.1 ; exactMatch ; source=ofs-methodologie. Identité documentée.
,162200,,1622,,aggregated,NOGA_2025 → NACE_2.1 ; broadMatch ; source=ofs-noga2025. Validation métier requise ; aucune équivalence exacte affirmée.
,1623,,1623,,exact,NOGA_2025 → NACE_2.1 ; exactMatch ; source=ofs-methodologie. Identité documentée.
,162300,,1623,,aggregated,NOGA_2025 → NACE_2.1 ; broadMatch ; source=ofs-noga2025. Validation métier requise ; aucune équivalence exacte affirmée.
,1624,,1624,,exact,NOGA_2025 → NACE_2.1 ; exactMatch ; source=ofs-methodologie. Identité documentée.
,162400,,1624,,aggregated,NOGA_2025 → NACE_2.1 ; broadMatch ; source=ofs-noga2025. Validation métier requise ; aucune équivalence exacte affirmée.
,1625,,1625,,exact,NOGA_2025 → NACE_2.1 ; exactMatch ; source=ofs-methodologie. Identité documentée.
,162500,,1625,,aggregated,NOGA_2025 → NACE_2.1 ; broadMatch ; source=ofs-noga2025. Validation métier requise ; aucune équivalence exacte affirmée.
,1626,,1626,,exact,NOGA_2025 → NACE_2.1 ; exactMatch ; source=ofs-methodologie. Identité documentée.
,162600,,1626,,aggregated,NOGA_2025 → NACE_2.1 ; broadMatch ; source=ofs-noga2025. Validation métier requise ; aucune équivalence exacte affirmée.
,1627,,1627,,exact,NOGA_2025 → NACE_2.1 ; exactMatch ; source=ofs-methodologie. Identité documentée.
,162700,,1627,,aggregated,NOGA_2025 → NACE_2.1 ; broadMatch ; source=ofs-noga2025. Validation métier requise ; aucune équivalence exacte affirmée.
,1628,,1628,,exact,NOGA_2025 → NACE_2.1 ; exactMatch ; source=ofs-methodologie. Identité documentée.
,162800,,1628,,aggregated,NOGA_2025 → NACE_2.1 ; broadMatch ; source=ofs-noga2025. Validation métier requise ; aucune équivalence exacte affirmée.
,17,,17,,exact,NOGA_2025 → NACE_2.1 ; exactMatch ; source=ofs-methodologie. Identité documentée.
,171,,171,,exact,NOGA_2025 → NACE_2.1 ; exactMatch ; source=ofs-methodologie. Identité documentée.
,1711,,1711,,exact,NOGA_2025 → NACE_2.1 ; exactMatch ; source=ofs-methodologie. Identité documentée.
,171100,,1711,,aggregated,NOGA_2025 → NACE_2.1 ; broadMatch ; source=ofs-noga2025. Validation métier requise ; aucune équivalence exacte affirmée.
,1712,,1712,,exact,NOGA_2025 → NACE_2.1 ; exactMatch ; source=ofs-methodologie. Identité documentée.
,171200,,1712,,aggregated,NOGA_2025 → NACE_2.1 ; broadMatch ; source=ofs-noga2025. Validation métier requise ; aucune équivalence exacte affirmée.
,172,,172,,exact,NOGA_2025 → NACE_2.1 ; exactMatch ; source=ofs-methodologie. Identité documentée.
,1721,,1721,,exact,NOGA_2025 → NACE_2.1 ; exactMatch ; source=ofs-methodologie. Identité documentée.
,172100,,1721,,aggregated,NOGA_2025 → NACE_2.1 ; broadMatch ; source=ofs-noga2025. Validation métier requise ; aucune équivalence exacte affirmée.
,1722,,1722,,exact,NOGA_2025 → NACE_2.1 ; exactMatch ; source=ofs-methodologie. Identité documentée.
,172200,,1722,,aggregated,NOGA_2025 → NACE_2.1 ; broadMatch ; source=ofs-noga2025. Validation métier requise ; aucune équivalence exacte affirmée.
,1723,,1723,,exact,NOGA_2025 → NACE_2.1 ; exactMatch ; source=ofs-methodologie. Identité documentée.
,172300,,1723,,aggregated,NOGA_2025 → NACE_2.1 ; broadMatch ; source=ofs-noga2025. Validation métier requise ; aucune équivalence exacte affirmée.
,1724,,1724,,exact,NOGA_2025 → NACE_2.1 ; exactMatch ; source=ofs-methodologie. Identité documentée.
,172400,,1724,,aggregated,NOGA_2025 → NACE_2.1 ; broadMatch ; source=ofs-noga2025. Validation métier requise ; aucune équivalence exacte affirmée.
,1725,,1725,,exact,NOGA_2025 → NACE_2.1 ; exactMatch ; source=ofs-methodologie. Identité documentée.
,172500,,1725,,aggregated,NOGA_2025 → NACE_2.1 ; broadMatch ; source=ofs-noga2025. Validation métier requise ; aucune équivalence exacte affirmée.
,18,,18,,exact,NOGA_2025 → NACE_2.1 ; exactMatch ; source=ofs-methodologie. Identité documentée.
,181,,181,,exact,NOGA_2025 → NACE_2.1 ; exactMatch ; source=ofs-methodologie. Identité documentée.
,1811,,1811,,exact,NOGA_2025 → NACE_2.1 ; exactMatch ; source=ofs-methodologie. Identité documentée.
,181100,,1811,,aggregated,NOGA_2025 → NACE_2.1 ; broadMatch ; source=ofs-noga2025. Validation métier requise ; aucune équivalence exacte affirmée.
,1812,,1812,,exact,NOGA_2025 → NACE_2.1 ; exactMatch ; source=ofs-methodologie. Identité documentée.
,181201,,1812,,aggregated,NOGA_2025 → NACE_2.1 ; broadMatch ; source=ofs-noga2025. Validation métier requise ; aucune équivalence exacte affirmée.
,181209,,1812,,aggregated,NOGA_2025 → NACE_2.1 ; broadMatch ; source=ofs-noga2025. Validation métier requise ; aucune équivalence exacte affirmée.
,1813,,1813,,exact,NOGA_2025 → NACE_2.1 ; exactMatch ; source=ofs-methodologie. Identité documentée.
,181300,,1813,,aggregated,NOGA_2025 → NACE_2.1 ; broadMatch ; source=ofs-noga2025. Validation métier requise ; aucune équivalence exacte affirmée.
,1814,,1814,,exact,NOGA_2025 → NACE_2.1 ; exactMatch ; source=ofs-methodologie. Identité documentée.
,181400,,1814,,aggregated,NOGA_2025 → NACE_2.1 ; broadMatch ; source=ofs-noga2025. Validation métier requise ; aucune équivalence exacte affirmée.
,182,,182,,exact,NOGA_2025 → NACE_2.1 ; exactMatch ; source=ofs-methodologie. Identité documentée.
,1820,,1820,,exact,NOGA_2025 → NACE_2.1 ; exactMatch ; source=ofs-methodologie. Identité documentée.
,182000,,1820,,aggregated,NOGA_2025 → NACE_2.1 ; broadMatch ; source=ofs-noga2025. Validation métier requise ; aucune équivalence exacte affirmée.
,19,,19,,exact,NOGA_2025 → NACE_2.1 ; exactMatch ; source=ofs-methodologie. Identité documentée.
,191,,191,,exact,NOGA_2025 → NACE_2.1 ; exactMatch ; source=ofs-methodologie. Identité documentée.
,1910,,1910,,exact,NOGA_2025 → NACE_2.1 ; exactMatch ; source=ofs-methodologie. Identité documentée.
,191000,,1910,,aggregated,NOGA_2025 → NACE_2.1 ; broadMatch ; source=ofs-noga2025. Validation métier requise ; aucune équivalence exacte affirmée.
,192,,192,,exact,NOGA_2025 → NACE_2.1 ; exactMatch ; source=ofs-methodologie. Identité documentée.
,1920,,1920,,exact,NOGA_2025 → NACE_2.1 ; exactMatch ; source=ofs-methodologie. Identité documentée.
,192000,,1920,,aggregated,NOGA_2025 → NACE_2.1 ; broadMatch ; source=ofs-noga2025. Validation métier requise ; aucune équivalence exacte affirmée.
,20,,20,,exact,NOGA_2025 → NACE_2.1 ; exactMatch ; source=ofs-methodologie. Identité documentée.
,201,,201,,exact,NOGA_2025 → NACE_2.1 ; exactMatch ; source=ofs-methodologie. Identité documentée.
,2011,,2011,,exact,NOGA_2025 → NACE_2.1 ; exactMatch ; source=ofs-methodologie. Identité documentée.
,201100,,2011,,aggregated,NOGA_2025 → NACE_2.1 ; broadMatch ; source=ofs-noga2025. Validation métier requise ; aucune équivalence exacte affirmée.
,2012,,2012,,exact,NOGA_2025 → NACE_2.1 ; exactMatch ; source=ofs-methodologie. Identité documentée.
,201200,,2012,,aggregated,NOGA_2025 → NACE_2.1 ; broadMatch ; source=ofs-noga2025. Validation métier requise ; aucune équivalence exacte affirmée.
,2013,,2013,,exact,NOGA_2025 → NACE_2.1 ; exactMatch ; source=ofs-methodologie. Identité documentée.
,201300,,2013,,aggregated,NOGA_2025 → NACE_2.1 ; broadMatch ; source=ofs-noga2025. Validation métier requise ; aucune équivalence exacte affirmée.
,2014,,2014,,exact,NOGA_2025 → NACE_2.1 ; exactMatch ; source=ofs-methodologie. Identité documentée.
,201400,,2014,,aggregated,NOGA_2025 → NACE_2.1 ; broadMatch ; source=ofs-noga2025. Validation métier requise ; aucune équivalence exacte affirmée.
,2015,,2015,,exact,NOGA_2025 → NACE_2.1 ; exactMatch ; source=ofs-methodologie. Identité documentée.
,201500,,2015,,aggregated,NOGA_2025 → NACE_2.1 ; broadMatch ; source=ofs-noga2025. Validation métier requise ; aucune équivalence exacte affirmée.
,2016,,2016,,exact,NOGA_2025 → NACE_2.1 ; exactMatch ; source=ofs-methodologie. Identité documentée.
,201600,,2016,,aggregated,NOGA_2025 → NACE_2.1 ; broadMatch ; source=ofs-noga2025. Validation métier requise ; aucune équivalence exacte affirmée.
,2017,,2017,,exact,NOGA_2025 → NACE_2.1 ; exactMatch ; source=ofs-methodologie. Identité documentée.
,201700,,2017,,aggregated,NOGA_2025 → NACE_2.1 ; broadMatch ; source=ofs-noga2025. Validation métier requise ; aucune équivalence exacte affirmée.
,202,,202,,exact,NOGA_2025 → NACE_2.1 ; exactMatch ; source=ofs-methodologie. Identité documentée.
,2020,,2020,,exact,NOGA_2025 → NACE_2.1 ; exactMatch ; source=ofs-methodologie. Identité documentée.
,202000,,2020,,aggregated,NOGA_2025 → NACE_2.1 ; broadMatch ; source=ofs-noga2025. Validation métier requise ; aucune équivalence exacte affirmée.
,203,,203,,exact,NOGA_2025 → NACE_2.1 ; exactMatch ; source=ofs-methodologie. Identité documentée.
,2030,,2030,,exact,NOGA_2025 → NACE_2.1 ; exactMatch ; source=ofs-methodologie. Identité documentée.
,203000,,2030,,aggregated,NOGA_2025 → NACE_2.1 ; broadMatch ; source=ofs-noga2025. Validation métier requise ; aucune équivalence exacte affirmée.
,204,,204,,exact,NOGA_2025 → NACE_2.1 ; exactMatch ; source=ofs-methodologie. Identité documentée.
,2041,,2041,,exact,NOGA_2025 → NACE_2.1 ; exactMatch ; source=ofs-methodologie. Identité documentée.
,204100,,2041,,aggregated,NOGA_2025 → NACE_2.1 ; broadMatch ; source=ofs-noga2025. Validation métier requise ; aucune équivalence exacte affirmée.
,2042,,2042,,exact,NOGA_2025 → NACE_2.1 ; exactMatch ; source=ofs-methodologie. Identité documentée.
,204200,,2042,,aggregated,NOGA_2025 → NACE_2.1 ; broadMatch ; source=ofs-noga2025. Validation métier requise ; aucune équivalence exacte affirmée.
,205,,205,,exact,NOGA_2025 → NACE_2.1 ; exactMatch ; source=ofs-methodologie. Identité documentée.
,2051,,2051,,exact,NOGA_2025 → NACE_2.1 ; exactMatch ; source=ofs-methodologie. Identité documentée.
,205100,,2051,,aggregated,NOGA_2025 → NACE_2.1 ; broadMatch ; source=ofs-noga2025. Validation métier requise ; aucune équivalence exacte affirmée.
,2059,,2059,,exact,NOGA_2025 → NACE_2.1 ; exactMatch ; source=ofs-methodologie. Identité documentée.
,205900,,2059,,aggregated,NOGA_2025 → NACE_2.1 ; broadMatch ; source=ofs-noga2025. Validation métier requise ; aucune équivalence exacte affirmée.
,206,,206,,exact,NOGA_2025 → NACE_2.1 ; exactMatch ; source=ofs-methodologie. Identité documentée.
,2060,,2060,,exact,NOGA_2025 → NACE_2.1 ; exactMatch ; source=ofs-methodologie. Identité documentée.
,206000,,2060,,aggregated,NOGA_2025 → NACE_2.1 ; broadMatch ; source=ofs-noga2025. Validation métier requise ; aucune équivalence exacte affirmée.
,21,,21,,exact,NOGA_2025 → NACE_2.1 ; exactMatch ; source=ofs-methodologie. Identité documentée.
,211,,211,,exact,NOGA_2025 → NACE_2.1 ; exactMatch ; source=ofs-methodologie. Identité documentée.
,2110,,2110,,exact,NOGA_2025 → NACE_2.1 ; exactMatch ; source=ofs-methodologie. Identité documentée.
,211000,,2110,,aggregated,NOGA_2025 → NACE_2.1 ; broadMatch ; source=ofs-noga2025. Validation métier requise ; aucune équivalence exacte affirmée.
,212,,212,,exact,NOGA_2025 → NACE_2.1 ; exactMatch ; source=ofs-methodologie. Identité documentée.
,2120,,2120,,exact,NOGA_2025 → NACE_2.1 ; exactMatch ; source=ofs-methodologie. Identité documentée.
,212000,,2120,,aggregated,NOGA_2025 → NACE_2.1 ; broadMatch ; source=ofs-noga2025. Validation métier requise ; aucune équivalence exacte affirmée.
,22,,22,,exact,NOGA_2025 → NACE_2.1 ; exactMatch ; source=ofs-methodologie. Identité documentée.
,221,,221,,exact,NOGA_2025 → NACE_2.1 ; exactMatch ; source=ofs-methodologie. Identité documentée.
,2211,,2211,,exact,NOGA_2025 → NACE_2.1 ; exactMatch ; source=ofs-methodologie. Identité documentée.
,221100,,2211,,aggregated,NOGA_2025 → NACE_2.1 ; broadMatch ; source=ofs-noga2025. Validation métier requise ; aucune équivalence exacte affirmée.
,2212,,2212,,exact,NOGA_2025 → NACE_2.1 ; exactMatch ; source=ofs-methodologie. Identité documentée.
,221200,,2212,,aggregated,NOGA_2025 → NACE_2.1 ; broadMatch ; source=ofs-noga2025. Validation métier requise ; aucune équivalence exacte affirmée.
,222,,222,,exact,NOGA_2025 → NACE_2.1 ; exactMatch ; source=ofs-methodologie. Identité documentée.
,2221,,2221,,exact,NOGA_2025 → NACE_2.1 ; exactMatch ; source=ofs-methodologie. Identité documentée.
,222100,,2221,,aggregated,NOGA_2025 → NACE_2.1 ; broadMatch ; source=ofs-noga2025. Validation métier requise ; aucune équivalence exacte affirmée.
,2222,,2222,,exact,NOGA_2025 → NACE_2.1 ; exactMatch ; source=ofs-methodologie. Identité documentée.
,222200,,2222,,aggregated,NOGA_2025 → NACE_2.1 ; broadMatch ; source=ofs-noga2025. Validation métier requise ; aucune équivalence exacte affirmée.
,2223,,2223,,exact,NOGA_2025 → NACE_2.1 ; exactMatch ; source=ofs-methodologie. Identité documentée.
,222300,,2223,,aggregated,NOGA_2025 → NACE_2.1 ; broadMatch ; source=ofs-noga2025. Validation métier requise ; aucune équivalence exacte affirmée.
,2224,,2224,,exact,NOGA_2025 → NACE_2.1 ; exactMatch ; source=ofs-methodologie. Identité documentée.
,222400,,2224,,aggregated,NOGA_2025 → NACE_2.1 ; broadMatch ; source=ofs-noga2025. Validation métier requise ; aucune équivalence exacte affirmée.
,2225,,2225,,exact,NOGA_2025 → NACE_2.1 ; exactMatch ; source=ofs-methodologie. Identité documentée.
,222500,,2225,,aggregated,NOGA_2025 → NACE_2.1 ; broadMatch ; source=ofs-noga2025. Validation métier requise ; aucune équivalence exacte affirmée.
,2226,,2226,,exact,NOGA_2025 → NACE_2.1 ; exactMatch ; source=ofs-methodologie. Identité documentée.
,222600,,2226,,aggregated,NOGA_2025 → NACE_2.1 ; broadMatch ; source=ofs-noga2025. Validation métier requise ; aucune équivalence exacte affirmée.
,23,,23,,exact,NOGA_2025 → NACE_2.1 ; exactMatch ; source=ofs-methodologie. Identité documentée.
,231,,231,,exact,NOGA_2025 → NACE_2.1 ; exactMatch ; source=ofs-methodologie. Identité documentée.
,2311,,2311,,exact,NOGA_2025 → NACE_2.1 ; exactMatch ; source=ofs-methodologie. Identité documentée.
,231100,,2311,,aggregated,NOGA_2025 → NACE_2.1 ; broadMatch ; source=ofs-noga2025. Validation métier requise ; aucune équivalence exacte affirmée.
,2312,,2312,,exact,NOGA_2025 → NACE_2.1 ; exactMatch ; source=ofs-methodologie. Identité documentée.
,231200,,2312,,aggregated,NOGA_2025 → NACE_2.1 ; broadMatch ; source=ofs-noga2025. Validation métier requise ; aucune équivalence exacte affirmée.
,2313,,2313,,exact,NOGA_2025 → NACE_2.1 ; exactMatch ; source=ofs-methodologie. Identité documentée.
,231300,,2313,,aggregated,NOGA_2025 → NACE_2.1 ; broadMatch ; source=ofs-noga2025. Validation métier requise ; aucune équivalence exacte affirmée.
,2314,,2314,,exact,NOGA_2025 → NACE_2.1 ; exactMatch ; source=ofs-methodologie. Identité documentée.
,231400,,2314,,aggregated,NOGA_2025 → NACE_2.1 ; broadMatch ; source=ofs-noga2025. Validation métier requise ; aucune équivalence exacte affirmée.
,2315,,2315,,exact,NOGA_2025 → NACE_2.1 ; exactMatch ; source=ofs-methodologie. Identité documentée.
,231500,,2315,,aggregated,NOGA_2025 → NACE_2.1 ; broadMatch ; source=ofs-noga2025. Validation métier requise ; aucune équivalence exacte affirmée.
,232,,232,,exact,NOGA_2025 → NACE_2.1 ; exactMatch ; source=ofs-methodologie. Identité documentée.
,2320,,2320,,exact,NOGA_2025 → NACE_2.1 ; exactMatch ; source=ofs-methodologie. Identité documentée.
,232000,,2320,,aggregated,NOGA_2025 → NACE_2.1 ; broadMatch ; source=ofs-noga2025. Validation métier requise ; aucune équivalence exacte affirmée.
,233,,233,,exact,NOGA_2025 → NACE_2.1 ; exactMatch ; source=ofs-methodologie. Identité documentée.
,2331,,2331,,exact,NOGA_2025 → NACE_2.1 ; exactMatch ; source=ofs-methodologie. Identité documentée.
,233100,,2331,,aggregated,NOGA_2025 → NACE_2.1 ; broadMatch ; source=ofs-noga2025. Validation métier requise ; aucune équivalence exacte affirmée.
,2332,,2332,,exact,NOGA_2025 → NACE_2.1 ; exactMatch ; source=ofs-methodologie. Identité documentée.
,233200,,2332,,aggregated,NOGA_2025 → NACE_2.1 ; broadMatch ; source=ofs-noga2025. Validation métier requise ; aucune équivalence exacte affirmée.
,234,,234,,exact,NOGA_2025 → NACE_2.1 ; exactMatch ; source=ofs-methodologie. Identité documentée.
,2341,,2341,,exact,NOGA_2025 → NACE_2.1 ; exactMatch ; source=ofs-methodologie. Identité documentée.
,234100,,2341,,aggregated,NOGA_2025 → NACE_2.1 ; broadMatch ; source=ofs-noga2025. Validation métier requise ; aucune équivalence exacte affirmée.
,2342,,2342,,exact,NOGA_2025 → NACE_2.1 ; exactMatch ; source=ofs-methodologie. Identité documentée.
,234200,,2342,,aggregated,NOGA_2025 → NACE_2.1 ; broadMatch ; source=ofs-noga2025. Validation métier requise ; aucune équivalence exacte affirmée.
,2343,,2343,,exact,NOGA_2025 → NACE_2.1 ; exactMatch ; source=ofs-methodologie. Identité documentée.
,234300,,2343,,aggregated,NOGA_2025 → NACE_2.1 ; broadMatch ; source=ofs-noga2025. Validation métier requise ; aucune équivalence exacte affirmée.
,2344,,2344,,exact,NOGA_2025 → NACE_2.1 ; exactMatch ; source=ofs-methodologie. Identité documentée.
,234400,,2344,,aggregated,NOGA_2025 → NACE_2.1 ; broadMatch ; source=ofs-noga2025. Validation métier requise ; aucune équivalence exacte affirmée.
,2345,,2345,,exact,NOGA_2025 → NACE_2.1 ; exactMatch ; source=ofs-methodologie. Identité documentée.
,234500,,2345,,aggregated,NOGA_2025 → NACE_2.1 ; broadMatch ; source=ofs-noga2025. Validation métier requise ; aucune équivalence exacte affirmée.
,235,,235,,exact,NOGA_2025 → NACE_2.1 ; exactMatch ; source=ofs-methodologie. Identité documentée.
,2351,,2351,,exact,NOGA_2025 → NACE_2.1 ; exactMatch ; source=ofs-methodologie. Identité documentée.
,235100,,2351,,aggregated,NOGA_2025 → NACE_2.1 ; broadMatch ; source=ofs-noga2025. Validation métier requise ; aucune équivalence exacte affirmée.
,2352,,2352,,exact,NOGA_2025 → NACE_2.1 ; exactMatch ; source=ofs-methodologie. Identité documentée.
,235200,,2352,,aggregated,NOGA_2025 → NACE_2.1 ; broadMatch ; source=ofs-noga2025. Validation métier requise ; aucune équivalence exacte affirmée.
,236,,236,,exact,NOGA_2025 → NACE_2.1 ; exactMatch ; source=ofs-methodologie. Identité documentée.
,2361,,2361,,exact,NOGA_2025 → NACE_2.1 ; exactMatch ; source=ofs-methodologie. Identité documentée.
,236100,,2361,,aggregated,NOGA_2025 → NACE_2.1 ; broadMatch ; source=ofs-noga2025. Validation métier requise ; aucune équivalence exacte affirmée.
,2362,,2362,,exact,NOGA_2025 → NACE_2.1 ; exactMatch ; source=ofs-methodologie. Identité documentée.
,236200,,2362,,aggregated,NOGA_2025 → NACE_2.1 ; broadMatch ; source=ofs-noga2025. Validation métier requise ; aucune équivalence exacte affirmée.
,2363,,2363,,exact,NOGA_2025 → NACE_2.1 ; exactMatch ; source=ofs-methodologie. Identité documentée.
,236300,,2363,,aggregated,NOGA_2025 → NACE_2.1 ; broadMatch ; source=ofs-noga2025. Validation métier requise ; aucune équivalence exacte affirmée.
,2364,,2364,,exact,NOGA_2025 → NACE_2.1 ; exactMatch ; source=ofs-methodologie. Identité documentée.
,236400,,2364,,aggregated,NOGA_2025 → NACE_2.1 ; broadMatch ; source=ofs-noga2025. Validation métier requise ; aucune équivalence exacte affirmée.
,2365,,2365,,exact,NOGA_2025 → NACE_2.1 ; exactMatch ; source=ofs-methodologie. Identité documentée.
,236500,,2365,,aggregated,NOGA_2025 → NACE_2.1 ; broadMatch ; source=ofs-noga2025. Validation métier requise ; aucune équivalence exacte affirmée.
,2366,,2366,,exact,NOGA_2025 → NACE_2.1 ; exactMatch ; source=ofs-methodologie. Identité documentée.
,236600,,2366,,aggregated,NOGA_2025 → NACE_2.1 ; broadMatch ; source=ofs-noga2025. Validation métier requise ; aucune équivalence exacte affirmée.
,237,,237,,exact,NOGA_2025 → NACE_2.1 ; exactMatch ; source=ofs-methodologie. Identité documentée.
,2370,,2370,,exact,NOGA_2025 → NACE_2.1 ; exactMatch ; source=ofs-methodologie. Identité documentée.
,237001,,2370,,aggregated,NOGA_2025 → NACE_2.1 ; broadMatch ; source=ofs-noga2025. Validation métier requise ; aucune équivalence exacte affirmée.
,237002,,2370,,aggregated,NOGA_2025 → NACE_2.1 ; broadMatch ; source=ofs-noga2025. Validation métier requise ; aucune équivalence exacte affirmée.
,239,,239,,exact,NOGA_2025 → NACE_2.1 ; exactMatch ; source=ofs-methodologie. Identité documentée.
,2391,,2391,,exact,NOGA_2025 → NACE_2.1 ; exactMatch ; source=ofs-methodologie. Identité documentée.
,239100,,2391,,aggregated,NOGA_2025 → NACE_2.1 ; broadMatch ; source=ofs-noga2025. Validation métier requise ; aucune équivalence exacte affirmée.
,2399,,2399,,exact,NOGA_2025 → NACE_2.1 ; exactMatch ; source=ofs-methodologie. Identité documentée.
,239900,,2399,,aggregated,NOGA_2025 → NACE_2.1 ; broadMatch ; source=ofs-noga2025. Validation métier requise ; aucune équivalence exacte affirmée.
,24,,24,,exact,NOGA_2025 → NACE_2.1 ; exactMatch ; source=ofs-methodologie. Identité documentée.
,241,,241,,exact,NOGA_2025 → NACE_2.1 ; exactMatch ; source=ofs-methodologie. Identité documentée.
,2410,,2410,,exact,NOGA_2025 → NACE_2.1 ; exactMatch ; source=ofs-methodologie. Identité documentée.
,241000,,2410,,aggregated,NOGA_2025 → NACE_2.1 ; broadMatch ; source=ofs-noga2025. Validation métier requise ; aucune équivalence exacte affirmée.
,242,,242,,exact,NOGA_2025 → NACE_2.1 ; exactMatch ; source=ofs-methodologie. Identité documentée.
,2420,,2420,,exact,NOGA_2025 → NACE_2.1 ; exactMatch ; source=ofs-methodologie. Identité documentée.
,242000,,2420,,aggregated,NOGA_2025 → NACE_2.1 ; broadMatch ; source=ofs-noga2025. Validation métier requise ; aucune équivalence exacte affirmée.
,243,,243,,exact,NOGA_2025 → NACE_2.1 ; exactMatch ; source=ofs-methodologie. Identité documentée.
,2431,,2431,,exact,NOGA_2025 → NACE_2.1 ; exactMatch ; source=ofs-methodologie. Identité documentée.
,243100,,2431,,aggregated,NOGA_2025 → NACE_2.1 ; broadMatch ; source=ofs-noga2025. Validation métier requise ; aucune équivalence exacte affirmée.
,2432,,2432,,exact,NOGA_2025 → NACE_2.1 ; exactMatch ; source=ofs-methodologie. Identité documentée.
,243200,,2432,,aggregated,NOGA_2025 → NACE_2.1 ; broadMatch ; source=ofs-noga2025. Validation métier requise ; aucune équivalence exacte affirmée.
,2433,,2433,,exact,NOGA_2025 → NACE_2.1 ; exactMatch ; source=ofs-methodologie. Identité documentée.
,243300,,2433,,aggregated,NOGA_2025 → NACE_2.1 ; broadMatch ; source=ofs-noga2025. Validation métier requise ; aucune équivalence exacte affirmée.
,2434,,2434,,exact,NOGA_2025 → NACE_2.1 ; exactMatch ; source=ofs-methodologie. Identité documentée.
,243400,,2434,,aggregated,NOGA_2025 → NACE_2.1 ; broadMatch ; source=ofs-noga2025. Validation métier requise ; aucune équivalence exacte affirmée.
,244,,244,,exact,NOGA_2025 → NACE_2.1 ; exactMatch ; source=ofs-methodologie. Identité documentée.
,2441,,2441,,exact,NOGA_2025 → NACE_2.1 ; exactMatch ; source=ofs-methodologie. Identité documentée.
,244100,,2441,,aggregated,NOGA_2025 → NACE_2.1 ; broadMatch ; source=ofs-noga2025. Validation métier requise ; aucune équivalence exacte affirmée.
,2442,,2442,,exact,NOGA_2025 → NACE_2.1 ; exactMatch ; source=ofs-methodologie. Identité documentée.
,244200,,2442,,aggregated,NOGA_2025 → NACE_2.1 ; broadMatch ; source=ofs-noga2025. Validation métier requise ; aucune équivalence exacte affirmée.
,2443,,2443,,exact,NOGA_2025 → NACE_2.1 ; exactMatch ; source=ofs-methodologie. Identité documentée.
,244300,,2443,,aggregated,NOGA_2025 → NACE_2.1 ; broadMatch ; source=ofs-noga2025. Validation métier requise ; aucune équivalence exacte affirmée.
,2444,,2444,,exact,NOGA_2025 → NACE_2.1 ; exactMatch ; source=ofs-methodologie. Identité documentée.
,244400,,2444,,aggregated,NOGA_2025 → NACE_2.1 ; broadMatch ; source=ofs-noga2025. Validation métier requise ; aucune équivalence exacte affirmée.
,2445,,2445,,exact,NOGA_2025 → NACE_2.1 ; exactMatch ; source=ofs-methodologie. Identité documentée.
,244500,,2445,,aggregated,NOGA_2025 → NACE_2.1 ; broadMatch ; source=ofs-noga2025. Validation métier requise ; aucune équivalence exacte affirmée.
,2446,,2446,,exact,NOGA_2025 → NACE_2.1 ; exactMatch ; source=ofs-methodologie. Identité documentée.
,244600,,2446,,aggregated,NOGA_2025 → NACE_2.1 ; broadMatch ; source=ofs-noga2025. Validation métier requise ; aucune équivalence exacte affirmée.
,245,,245,,exact,NOGA_2025 → NACE_2.1 ; exactMatch ; source=ofs-methodologie. Identité documentée.
,2451,,2451,,exact,NOGA_2025 → NACE_2.1 ; exactMatch ; source=ofs-methodologie. Identité documentée.
,245100,,2451,,aggregated,NOGA_2025 → NACE_2.1 ; broadMatch ; source=ofs-noga2025. Validation métier requise ; aucune équivalence exacte affirmée.
,2452,,2452,,exact,NOGA_2025 → NACE_2.1 ; exactMatch ; source=ofs-methodologie. Identité documentée.
,245200,,2452,,aggregated,NOGA_2025 → NACE_2.1 ; broadMatch ; source=ofs-noga2025. Validation métier requise ; aucune équivalence exacte affirmée.
,2453,,2453,,exact,NOGA_2025 → NACE_2.1 ; exactMatch ; source=ofs-methodologie. Identité documentée.
,245300,,2453,,aggregated,NOGA_2025 → NACE_2.1 ; broadMatch ; source=ofs-noga2025. Validation métier requise ; aucune équivalence exacte affirmée.
,2454,,2454,,exact,NOGA_2025 → NACE_2.1 ; exactMatch ; source=ofs-methodologie. Identité documentée.
,245400,,2454,,aggregated,NOGA_2025 → NACE_2.1 ; broadMatch ; source=ofs-noga2025. Validation métier requise ; aucune équivalence exacte affirmée.
,25,,25,,exact,NOGA_2025 → NACE_2.1 ; exactMatch ; source=ofs-methodologie. Identité documentée.
,251,,251,,exact,NOGA_2025 → NACE_2.1 ; exactMatch ; source=ofs-methodologie. Identité documentée.
,2511,,2511,,exact,NOGA_2025 → NACE_2.1 ; exactMatch ; source=ofs-methodologie. Identité documentée.
,251100,,2511,,aggregated,NOGA_2025 → NACE_2.1 ; broadMatch ; source=ofs-noga2025. Validation métier requise ; aucune équivalence exacte affirmée.
,2512,,2512,,exact,NOGA_2025 → NACE_2.1 ; exactMatch ; source=ofs-methodologie. Identité documentée.
,251200,,2512,,aggregated,NOGA_2025 → NACE_2.1 ; broadMatch ; source=ofs-noga2025. Validation métier requise ; aucune équivalence exacte affirmée.
,252,,252,,exact,NOGA_2025 → NACE_2.1 ; exactMatch ; source=ofs-methodologie. Identité documentée.
,2521,,2521,,exact,NOGA_2025 → NACE_2.1 ; exactMatch ; source=ofs-methodologie. Identité documentée.
,252100,,2521,,aggregated,NOGA_2025 → NACE_2.1 ; broadMatch ; source=ofs-noga2025. Validation métier requise ; aucune équivalence exacte affirmée.
,2522,,2522,,exact,NOGA_2025 → NACE_2.1 ; exactMatch ; source=ofs-methodologie. Identité documentée.
,252200,,2522,,aggregated,NOGA_2025 → NACE_2.1 ; broadMatch ; source=ofs-noga2025. Validation métier requise ; aucune équivalence exacte affirmée.
,253,,253,,exact,NOGA_2025 → NACE_2.1 ; exactMatch ; source=ofs-methodologie. Identité documentée.
,2530,,2530,,exact,NOGA_2025 → NACE_2.1 ; exactMatch ; source=ofs-methodologie. Identité documentée.
,253000,,2530,,aggregated,NOGA_2025 → NACE_2.1 ; broadMatch ; source=ofs-noga2025. Validation métier requise ; aucune équivalence exacte affirmée.
,254,,254,,exact,NOGA_2025 → NACE_2.1 ; exactMatch ; source=ofs-methodologie. Identité documentée.
,2540,,2540,,exact,NOGA_2025 → NACE_2.1 ; exactMatch ; source=ofs-methodologie. Identité documentée.
,254000,,2540,,aggregated,NOGA_2025 → NACE_2.1 ; broadMatch ; source=ofs-noga2025. Validation métier requise ; aucune équivalence exacte affirmée.
,255,,255,,exact,NOGA_2025 → NACE_2.1 ; exactMatch ; source=ofs-methodologie. Identité documentée.
,2551,,2551,,exact,NOGA_2025 → NACE_2.1 ; exactMatch ; source=ofs-methodologie. Identité documentée.
,255100,,2551,,aggregated,NOGA_2025 → NACE_2.1 ; broadMatch ; source=ofs-noga2025. Validation métier requise ; aucune équivalence exacte affirmée.
,2552,,2552,,exact,NOGA_2025 → NACE_2.1 ; exactMatch ; source=ofs-methodologie. Identité documentée.
,255200,,2552,,aggregated,NOGA_2025 → NACE_2.1 ; broadMatch ; source=ofs-noga2025. Validation métier requise ; aucune équivalence exacte affirmée.
,2553,,2553,,exact,NOGA_2025 → NACE_2.1 ; exactMatch ; source=ofs-methodologie. Identité documentée.
,255301,,2553,,aggregated,NOGA_2025 → NACE_2.1 ; broadMatch ; source=ofs-noga2025. Validation métier requise ; aucune équivalence exacte affirmée.
,255302,,2553,,aggregated,NOGA_2025 → NACE_2.1 ; broadMatch ; source=ofs-noga2025. Validation métier requise ; aucune équivalence exacte affirmée.
,256,,256,,exact,NOGA_2025 → NACE_2.1 ; exactMatch ; source=ofs-methodologie. Identité documentée.
,2561,,2561,,exact,NOGA_2025 → NACE_2.1 ; exactMatch ; source=ofs-methodologie. Identité documentée.
,256100,,2561,,aggregated,NOGA_2025 → NACE_2.1 ; broadMatch ; source=ofs-noga2025. Validation métier requise ; aucune équivalence exacte affirmée.
,2562,,2562,,exact,NOGA_2025 → NACE_2.1 ; exactMatch ; source=ofs-methodologie. Identité documentée.
,256200,,2562,,aggregated,NOGA_2025 → NACE_2.1 ; broadMatch ; source=ofs-noga2025. Validation métier requise ; aucune équivalence exacte affirmée.
,2563,,2563,,exact,NOGA_2025 → NACE_2.1 ; exactMatch ; source=ofs-methodologie. Identité documentée.
,256300,,2563,,aggregated,NOGA_2025 → NACE_2.1 ; broadMatch ; source=ofs-noga2025. Validation métier requise ; aucune équivalence exacte affirmée.
,259,,259,,exact,NOGA_2025 → NACE_2.1 ; exactMatch ; source=ofs-methodologie. Identité documentée.
,2591,,2591,,exact,NOGA_2025 → NACE_2.1 ; exactMatch ; source=ofs-methodologie. Identité documentée.
,259100,,2591,,aggregated,NOGA_2025 → NACE_2.1 ; broadMatch ; source=ofs-noga2025. Validation métier requise ; aucune équivalence exacte affirmée.
,2592,,2592,,exact,NOGA_2025 → NACE_2.1 ; exactMatch ; source=ofs-methodologie. Identité documentée.
,259200,,2592,,aggregated,NOGA_2025 → NACE_2.1 ; broadMatch ; source=ofs-noga2025. Validation métier requise ; aucune équivalence exacte affirmée.
,2593,,2593,,exact,NOGA_2025 → NACE_2.1 ; exactMatch ; source=ofs-methodologie. Identité documentée.
,259300,,2593,,aggregated,NOGA_2025 → NACE_2.1 ; broadMatch ; source=ofs-noga2025. Validation métier requise ; aucune équivalence exacte affirmée.
,2594,,2594,,exact,NOGA_2025 → NACE_2.1 ; exactMatch ; source=ofs-methodologie. Identité documentée.
,259400,,2594,,aggregated,NOGA_2025 → NACE_2.1 ; broadMatch ; source=ofs-noga2025. Validation métier requise ; aucune équivalence exacte affirmée.
,2599,,2599,,exact,NOGA_2025 → NACE_2.1 ; exactMatch ; source=ofs-methodologie. Identité documentée.
,259900,,2599,,aggregated,NOGA_2025 → NACE_2.1 ; broadMatch ; source=ofs-noga2025. Validation métier requise ; aucune équivalence exacte affirmée.
,26,,26,,exact,NOGA_2025 → NACE_2.1 ; exactMatch ; source=ofs-methodologie. Identité documentée.
,261,,261,,exact,NOGA_2025 → NACE_2.1 ; exactMatch ; source=ofs-methodologie. Identité documentée.
,2611,,2611,,exact,NOGA_2025 → NACE_2.1 ; exactMatch ; source=ofs-methodologie. Identité documentée.
,261100,,2611,,aggregated,NOGA_2025 → NACE_2.1 ; broadMatch ; source=ofs-noga2025. Validation métier requise ; aucune équivalence exacte affirmée.
,2612,,2612,,exact,NOGA_2025 → NACE_2.1 ; exactMatch ; source=ofs-methodologie. Identité documentée.
,261200,,2612,,aggregated,NOGA_2025 → NACE_2.1 ; broadMatch ; source=ofs-noga2025. Validation métier requise ; aucune équivalence exacte affirmée.
,262,,262,,exact,NOGA_2025 → NACE_2.1 ; exactMatch ; source=ofs-methodologie. Identité documentée.
,2620,,2620,,exact,NOGA_2025 → NACE_2.1 ; exactMatch ; source=ofs-methodologie. Identité documentée.
,262000,,2620,,aggregated,NOGA_2025 → NACE_2.1 ; broadMatch ; source=ofs-noga2025. Validation métier requise ; aucune équivalence exacte affirmée.
,263,,263,,exact,NOGA_2025 → NACE_2.1 ; exactMatch ; source=ofs-methodologie. Identité documentée.
,2630,,2630,,exact,NOGA_2025 → NACE_2.1 ; exactMatch ; source=ofs-methodologie. Identité documentée.
,263000,,2630,,aggregated,NOGA_2025 → NACE_2.1 ; broadMatch ; source=ofs-noga2025. Validation métier requise ; aucune équivalence exacte affirmée.
,264,,264,,exact,NOGA_2025 → NACE_2.1 ; exactMatch ; source=ofs-methodologie. Identité documentée.
,2640,,2640,,exact,NOGA_2025 → NACE_2.1 ; exactMatch ; source=ofs-methodologie. Identité documentée.
,264000,,2640,,aggregated,NOGA_2025 → NACE_2.1 ; broadMatch ; source=ofs-noga2025. Validation métier requise ; aucune équivalence exacte affirmée.
,265,,265,,exact,NOGA_2025 → NACE_2.1 ; exactMatch ; source=ofs-methodologie. Identité documentée.
,2651,,2651,,exact,NOGA_2025 → NACE_2.1 ; exactMatch ; source=ofs-methodologie. Identité documentée.
,265100,,2651,,aggregated,NOGA_2025 → NACE_2.1 ; broadMatch ; source=ofs-noga2025. Validation métier requise ; aucune équivalence exacte affirmée.
,2652,,2652,,exact,NOGA_2025 → NACE_2.1 ; exactMatch ; source=ofs-methodologie. Identité documentée.
,265201,,2652,,aggregated,NOGA_2025 → NACE_2.1 ; broadMatch ; source=ofs-noga2025. Validation métier requise ; aucune équivalence exacte affirmée.
,265202,,2652,,aggregated,NOGA_2025 → NACE_2.1 ; broadMatch ; source=ofs-noga2025. Validation métier requise ; aucune équivalence exacte affirmée.
,265203,,2652,,aggregated,NOGA_2025 → NACE_2.1 ; broadMatch ; source=ofs-noga2025. Validation métier requise ; aucune équivalence exacte affirmée.
,265204,,2652,,aggregated,NOGA_2025 → NACE_2.1 ; broadMatch ; source=ofs-noga2025. Validation métier requise ; aucune équivalence exacte affirmée.
,265205,,2652,,aggregated,NOGA_2025 → NACE_2.1 ; broadMatch ; source=ofs-noga2025. Validation métier requise ; aucune équivalence exacte affirmée.
,266,,266,,exact,NOGA_2025 → NACE_2.1 ; exactMatch ; source=ofs-methodologie. Identité documentée.
,2660,,2660,,exact,NOGA_2025 → NACE_2.1 ; exactMatch ; source=ofs-methodologie. Identité documentée.
,266000,,2660,,aggregated,NOGA_2025 → NACE_2.1 ; broadMatch ; source=ofs-noga2025. Validation métier requise ; aucune équivalence exacte affirmée.
,267,,267,,exact,NOGA_2025 → NACE_2.1 ; exactMatch ; source=ofs-methodologie. Identité documentée.
,2670,,2670,,exact,NOGA_2025 → NACE_2.1 ; exactMatch ; source=ofs-methodologie. Identité documentée.
,267000,,2670,,aggregated,NOGA_2025 → NACE_2.1 ; broadMatch ; source=ofs-noga2025. Validation métier requise ; aucune équivalence exacte affirmée.
,27,,27,,exact,NOGA_2025 → NACE_2.1 ; exactMatch ; source=ofs-methodologie. Identité documentée.
,271,,271,,exact,NOGA_2025 → NACE_2.1 ; exactMatch ; source=ofs-methodologie. Identité documentée.
,2711,,2711,,exact,NOGA_2025 → NACE_2.1 ; exactMatch ; source=ofs-methodologie. Identité documentée.
,271100,,2711,,aggregated,NOGA_2025 → NACE_2.1 ; broadMatch ; source=ofs-noga2025. Validation métier requise ; aucune équivalence exacte affirmée.
,2712,,2712,,exact,NOGA_2025 → NACE_2.1 ; exactMatch ; source=ofs-methodologie. Identité documentée.
,271200,,2712,,aggregated,NOGA_2025 → NACE_2.1 ; broadMatch ; source=ofs-noga2025. Validation métier requise ; aucune équivalence exacte affirmée.
,272,,272,,exact,NOGA_2025 → NACE_2.1 ; exactMatch ; source=ofs-methodologie. Identité documentée.
,2720,,2720,,exact,NOGA_2025 → NACE_2.1 ; exactMatch ; source=ofs-methodologie. Identité documentée.
,272000,,2720,,aggregated,NOGA_2025 → NACE_2.1 ; broadMatch ; source=ofs-noga2025. Validation métier requise ; aucune équivalence exacte affirmée.
,273,,273,,exact,NOGA_2025 → NACE_2.1 ; exactMatch ; source=ofs-methodologie. Identité documentée.
,2731,,2731,,exact,NOGA_2025 → NACE_2.1 ; exactMatch ; source=ofs-methodologie. Identité documentée.
,273100,,2731,,aggregated,NOGA_2025 → NACE_2.1 ; broadMatch ; source=ofs-noga2025. Validation métier requise ; aucune équivalence exacte affirmée.
,2732,,2732,,exact,NOGA_2025 → NACE_2.1 ; exactMatch ; source=ofs-methodologie. Identité documentée.
,273200,,2732,,aggregated,NOGA_2025 → NACE_2.1 ; broadMatch ; source=ofs-noga2025. Validation métier requise ; aucune équivalence exacte affirmée.
,2733,,2733,,exact,NOGA_2025 → NACE_2.1 ; exactMatch ; source=ofs-methodologie. Identité documentée.
,273300,,2733,,aggregated,NOGA_2025 → NACE_2.1 ; broadMatch ; source=ofs-noga2025. Validation métier requise ; aucune équivalence exacte affirmée.
,274,,274,,exact,NOGA_2025 → NACE_2.1 ; exactMatch ; source=ofs-methodologie. Identité documentée.
,2740,,2740,,exact,NOGA_2025 → NACE_2.1 ; exactMatch ; source=ofs-methodologie. Identité documentée.
,274000,,2740,,aggregated,NOGA_2025 → NACE_2.1 ; broadMatch ; source=ofs-noga2025. Validation métier requise ; aucune équivalence exacte affirmée.
,275,,275,,exact,NOGA_2025 → NACE_2.1 ; exactMatch ; source=ofs-methodologie. Identité documentée.
,2751,,2751,,exact,NOGA_2025 → NACE_2.1 ; exactMatch ; source=ofs-methodologie. Identité documentée.
,275100,,2751,,aggregated,NOGA_2025 → NACE_2.1 ; broadMatch ; source=ofs-noga2025. Validation métier requise ; aucune équivalence exacte affirmée.
,2752,,2752,,exact,NOGA_2025 → NACE_2.1 ; exactMatch ; source=ofs-methodologie. Identité documentée.
,275200,,2752,,aggregated,NOGA_2025 → NACE_2.1 ; broadMatch ; source=ofs-noga2025. Validation métier requise ; aucune équivalence exacte affirmée.
,279,,279,,exact,NOGA_2025 → NACE_2.1 ; exactMatch ; source=ofs-methodologie. Identité documentée.
,2790,,2790,,exact,NOGA_2025 → NACE_2.1 ; exactMatch ; source=ofs-methodologie. Identité documentée.
,279000,,2790,,aggregated,NOGA_2025 → NACE_2.1 ; broadMatch ; source=ofs-noga2025. Validation métier requise ; aucune équivalence exacte affirmée.
,28,,28,,exact,NOGA_2025 → NACE_2.1 ; exactMatch ; source=ofs-methodologie. Identité documentée.
,281,,281,,exact,NOGA_2025 → NACE_2.1 ; exactMatch ; source=ofs-methodologie. Identité documentée.
,2811,,2811,,exact,NOGA_2025 → NACE_2.1 ; exactMatch ; source=ofs-methodologie. Identité documentée.
,281100,,2811,,aggregated,NOGA_2025 → NACE_2.1 ; broadMatch ; source=ofs-noga2025. Validation métier requise ; aucune équivalence exacte affirmée.
,2812,,2812,,exact,NOGA_2025 → NACE_2.1 ; exactMatch ; source=ofs-methodologie. Identité documentée.
,281200,,2812,,aggregated,NOGA_2025 → NACE_2.1 ; broadMatch ; source=ofs-noga2025. Validation métier requise ; aucune équivalence exacte affirmée.
,2813,,2813,,exact,NOGA_2025 → NACE_2.1 ; exactMatch ; source=ofs-methodologie. Identité documentée.
,281300,,2813,,aggregated,NOGA_2025 → NACE_2.1 ; broadMatch ; source=ofs-noga2025. Validation métier requise ; aucune équivalence exacte affirmée.
,2814,,2814,,exact,NOGA_2025 → NACE_2.1 ; exactMatch ; source=ofs-methodologie. Identité documentée.
,281400,,2814,,aggregated,NOGA_2025 → NACE_2.1 ; broadMatch ; source=ofs-noga2025. Validation métier requise ; aucune équivalence exacte affirmée.
,2815,,2815,,exact,NOGA_2025 → NACE_2.1 ; exactMatch ; source=ofs-methodologie. Identité documentée.
,281500,,2815,,aggregated,NOGA_2025 → NACE_2.1 ; broadMatch ; source=ofs-noga2025. Validation métier requise ; aucune équivalence exacte affirmée.
,282,,282,,exact,NOGA_2025 → NACE_2.1 ; exactMatch ; source=ofs-methodologie. Identité documentée.
,2821,,2821,,exact,NOGA_2025 → NACE_2.1 ; exactMatch ; source=ofs-methodologie. Identité documentée.
,282100,,2821,,aggregated,NOGA_2025 → NACE_2.1 ; broadMatch ; source=ofs-noga2025. Validation métier requise ; aucune équivalence exacte affirmée.
,2822,,2822,,exact,NOGA_2025 → NACE_2.1 ; exactMatch ; source=ofs-methodologie. Identité documentée.
,282200,,2822,,aggregated,NOGA_2025 → NACE_2.1 ; broadMatch ; source=ofs-noga2025. Validation métier requise ; aucune équivalence exacte affirmée.
,2823,,2823,,exact,NOGA_2025 → NACE_2.1 ; exactMatch ; source=ofs-methodologie. Identité documentée.
,282300,,2823,,aggregated,NOGA_2025 → NACE_2.1 ; broadMatch ; source=ofs-noga2025. Validation métier requise ; aucune équivalence exacte affirmée.
,2824,,2824,,exact,NOGA_2025 → NACE_2.1 ; exactMatch ; source=ofs-methodologie. Identité documentée.
,282400,,2824,,aggregated,NOGA_2025 → NACE_2.1 ; broadMatch ; source=ofs-noga2025. Validation métier requise ; aucune équivalence exacte affirmée.
,2825,,2825,,exact,NOGA_2025 → NACE_2.1 ; exactMatch ; source=ofs-methodologie. Identité documentée.
,282500,,2825,,aggregated,NOGA_2025 → NACE_2.1 ; broadMatch ; source=ofs-noga2025. Validation métier requise ; aucune équivalence exacte affirmée.
,2829,,2829,,exact,NOGA_2025 → NACE_2.1 ; exactMatch ; source=ofs-methodologie. Identité documentée.
,282900,,2829,,aggregated,NOGA_2025 → NACE_2.1 ; broadMatch ; source=ofs-noga2025. Validation métier requise ; aucune équivalence exacte affirmée.
,283,,283,,exact,NOGA_2025 → NACE_2.1 ; exactMatch ; source=ofs-methodologie. Identité documentée.
,2830,,2830,,exact,NOGA_2025 → NACE_2.1 ; exactMatch ; source=ofs-methodologie. Identité documentée.
,283000,,2830,,aggregated,NOGA_2025 → NACE_2.1 ; broadMatch ; source=ofs-noga2025. Validation métier requise ; aucune équivalence exacte affirmée.
,284,,284,,exact,NOGA_2025 → NACE_2.1 ; exactMatch ; source=ofs-methodologie. Identité documentée.
,2841,,2841,,exact,NOGA_2025 → NACE_2.1 ; exactMatch ; source=ofs-methodologie. Identité documentée.
,284100,,2841,,aggregated,NOGA_2025 → NACE_2.1 ; broadMatch ; source=ofs-noga2025. Validation métier requise ; aucune équivalence exacte affirmée.
,2842,,2842,,exact,NOGA_2025 → NACE_2.1 ; exactMatch ; source=ofs-methodologie. Identité documentée.
,284200,,2842,,aggregated,NOGA_2025 → NACE_2.1 ; broadMatch ; source=ofs-noga2025. Validation métier requise ; aucune équivalence exacte affirmée.
,289,,289,,exact,NOGA_2025 → NACE_2.1 ; exactMatch ; source=ofs-methodologie. Identité documentée.
,2891,,2891,,exact,NOGA_2025 → NACE_2.1 ; exactMatch ; source=ofs-methodologie. Identité documentée.
,289100,,2891,,aggregated,NOGA_2025 → NACE_2.1 ; broadMatch ; source=ofs-noga2025. Validation métier requise ; aucune équivalence exacte affirmée.
,2892,,2892,,exact,NOGA_2025 → NACE_2.1 ; exactMatch ; source=ofs-methodologie. Identité documentée.
,289200,,2892,,aggregated,NOGA_2025 → NACE_2.1 ; broadMatch ; source=ofs-noga2025. Validation métier requise ; aucune équivalence exacte affirmée.
,2893,,2893,,exact,NOGA_2025 → NACE_2.1 ; exactMatch ; source=ofs-methodologie. Identité documentée.
,289300,,2893,,aggregated,NOGA_2025 → NACE_2.1 ; broadMatch ; source=ofs-noga2025. Validation métier requise ; aucune équivalence exacte affirmée.
,2894,,2894,,exact,NOGA_2025 → NACE_2.1 ; exactMatch ; source=ofs-methodologie. Identité documentée.
,289400,,2894,,aggregated,NOGA_2025 → NACE_2.1 ; broadMatch ; source=ofs-noga2025. Validation métier requise ; aucune équivalence exacte affirmée.
,2895,,2895,,exact,NOGA_2025 → NACE_2.1 ; exactMatch ; source=ofs-methodologie. Identité documentée.
,289500,,2895,,aggregated,NOGA_2025 → NACE_2.1 ; broadMatch ; source=ofs-noga2025. Validation métier requise ; aucune équivalence exacte affirmée.
,2896,,2896,,exact,NOGA_2025 → NACE_2.1 ; exactMatch ; source=ofs-methodologie. Identité documentée.
,289600,,2896,,aggregated,NOGA_2025 → NACE_2.1 ; broadMatch ; source=ofs-noga2025. Validation métier requise ; aucune équivalence exacte affirmée.
,2897,,2897,,exact,NOGA_2025 → NACE_2.1 ; exactMatch ; source=ofs-methodologie. Identité documentée.
,289700,,2897,,aggregated,NOGA_2025 → NACE_2.1 ; broadMatch ; source=ofs-noga2025. Validation métier requise ; aucune équivalence exacte affirmée.
,2899,,2899,,exact,NOGA_2025 → NACE_2.1 ; exactMatch ; source=ofs-methodologie. Identité documentée.
,289900,,2899,,aggregated,NOGA_2025 → NACE_2.1 ; broadMatch ; source=ofs-noga2025. Validation métier requise ; aucune équivalence exacte affirmée.
,29,,29,,exact,NOGA_2025 → NACE_2.1 ; exactMatch ; source=ofs-methodologie. Identité documentée.
,291,,291,,exact,NOGA_2025 → NACE_2.1 ; exactMatch ; source=ofs-methodologie. Identité documentée.
,2910,,2910,,exact,NOGA_2025 → NACE_2.1 ; exactMatch ; source=ofs-methodologie. Identité documentée.
,291000,,2910,,aggregated,NOGA_2025 → NACE_2.1 ; broadMatch ; source=ofs-noga2025. Validation métier requise ; aucune équivalence exacte affirmée.
,292,,292,,exact,NOGA_2025 → NACE_2.1 ; exactMatch ; source=ofs-methodologie. Identité documentée.
,2920,,2920,,exact,NOGA_2025 → NACE_2.1 ; exactMatch ; source=ofs-methodologie. Identité documentée.
,292000,,2920,,aggregated,NOGA_2025 → NACE_2.1 ; broadMatch ; source=ofs-noga2025. Validation métier requise ; aucune équivalence exacte affirmée.
,293,,293,,exact,NOGA_2025 → NACE_2.1 ; exactMatch ; source=ofs-methodologie. Identité documentée.
,2931,,2931,,exact,NOGA_2025 → NACE_2.1 ; exactMatch ; source=ofs-methodologie. Identité documentée.
,293100,,2931,,aggregated,NOGA_2025 → NACE_2.1 ; broadMatch ; source=ofs-noga2025. Validation métier requise ; aucune équivalence exacte affirmée.
,2932,,2932,,exact,NOGA_2025 → NACE_2.1 ; exactMatch ; source=ofs-methodologie. Identité documentée.
,293200,,2932,,aggregated,NOGA_2025 → NACE_2.1 ; broadMatch ; source=ofs-noga2025. Validation métier requise ; aucune équivalence exacte affirmée.
,30,,30,,exact,NOGA_2025 → NACE_2.1 ; exactMatch ; source=ofs-methodologie. Identité documentée.
,301,,301,,exact,NOGA_2025 → NACE_2.1 ; exactMatch ; source=ofs-methodologie. Identité documentée.
,3011,,3011,,exact,NOGA_2025 → NACE_2.1 ; exactMatch ; source=ofs-methodologie. Identité documentée.
,301100,,3011,,aggregated,NOGA_2025 → NACE_2.1 ; broadMatch ; source=ofs-noga2025. Validation métier requise ; aucune équivalence exacte affirmée.
,3012,,3012,,exact,NOGA_2025 → NACE_2.1 ; exactMatch ; source=ofs-methodologie. Identité documentée.
,301200,,3012,,aggregated,NOGA_2025 → NACE_2.1 ; broadMatch ; source=ofs-noga2025. Validation métier requise ; aucune équivalence exacte affirmée.
,3013,,3013,,exact,NOGA_2025 → NACE_2.1 ; exactMatch ; source=ofs-methodologie. Identité documentée.
,301300,,3013,,aggregated,NOGA_2025 → NACE_2.1 ; broadMatch ; source=ofs-noga2025. Validation métier requise ; aucune équivalence exacte affirmée.
,302,,302,,exact,NOGA_2025 → NACE_2.1 ; exactMatch ; source=ofs-methodologie. Identité documentée.
,3020,,3020,,exact,NOGA_2025 → NACE_2.1 ; exactMatch ; source=ofs-methodologie. Identité documentée.
,302000,,3020,,aggregated,NOGA_2025 → NACE_2.1 ; broadMatch ; source=ofs-noga2025. Validation métier requise ; aucune équivalence exacte affirmée.
,303,,303,,exact,NOGA_2025 → NACE_2.1 ; exactMatch ; source=ofs-methodologie. Identité documentée.
,3031,,3031,,exact,NOGA_2025 → NACE_2.1 ; exactMatch ; source=ofs-methodologie. Identité documentée.
,303100,,3031,,aggregated,NOGA_2025 → NACE_2.1 ; broadMatch ; source=ofs-noga2025. Validation métier requise ; aucune équivalence exacte affirmée.
,3032,,3032,,exact,NOGA_2025 → NACE_2.1 ; exactMatch ; source=ofs-methodologie. Identité documentée.
,303200,,3032,,aggregated,NOGA_2025 → NACE_2.1 ; broadMatch ; source=ofs-noga2025. Validation métier requise ; aucune équivalence exacte affirmée.
,304,,304,,exact,NOGA_2025 → NACE_2.1 ; exactMatch ; source=ofs-methodologie. Identité documentée.
,3040,,3040,,exact,NOGA_2025 → NACE_2.1 ; exactMatch ; source=ofs-methodologie. Identité documentée.
,304000,,3040,,aggregated,NOGA_2025 → NACE_2.1 ; broadMatch ; source=ofs-noga2025. Validation métier requise ; aucune équivalence exacte affirmée.
,309,,309,,exact,NOGA_2025 → NACE_2.1 ; exactMatch ; source=ofs-methodologie. Identité documentée.
,3091,,3091,,exact,NOGA_2025 → NACE_2.1 ; exactMatch ; source=ofs-methodologie. Identité documentée.
,309100,,3091,,aggregated,NOGA_2025 → NACE_2.1 ; broadMatch ; source=ofs-noga2025. Validation métier requise ; aucune équivalence exacte affirmée.
,3092,,3092,,exact,NOGA_2025 → NACE_2.1 ; exactMatch ; source=ofs-methodologie. Identité documentée.
,309201,,3092,,aggregated,NOGA_2025 → NACE_2.1 ; broadMatch ; source=ofs-noga2025. Validation métier requise ; aucune équivalence exacte affirmée.
,309202,,3092,,aggregated,NOGA_2025 → NACE_2.1 ; broadMatch ; source=ofs-noga2025. Validation métier requise ; aucune équivalence exacte affirmée.
,3099,,3099,,exact,NOGA_2025 → NACE_2.1 ; exactMatch ; source=ofs-methodologie. Identité documentée.
,309900,,3099,,aggregated,NOGA_2025 → NACE_2.1 ; broadMatch ; source=ofs-noga2025. Validation métier requise ; aucune équivalence exacte affirmée.
,31,,31,,exact,NOGA_2025 → NACE_2.1 ; exactMatch ; source=ofs-methodologie. Identité documentée.
,310,,310,,exact,NOGA_2025 → NACE_2.1 ; exactMatch ; source=ofs-methodologie. Identité documentée.
,3100,,3100,,exact,NOGA_2025 → NACE_2.1 ; exactMatch ; source=ofs-methodologie. Identité documentée.
,310001,,3100,,aggregated,NOGA_2025 → NACE_2.1 ; broadMatch ; source=ofs-noga2025. Validation métier requise ; aucune équivalence exacte affirmée.
,310002,,3100,,aggregated,NOGA_2025 → NACE_2.1 ; broadMatch ; source=ofs-noga2025. Validation métier requise ; aucune équivalence exacte affirmée.
,310009,,3100,,aggregated,NOGA_2025 → NACE_2.1 ; broadMatch ; source=ofs-noga2025. Validation métier requise ; aucune équivalence exacte affirmée.
,32,,32,,exact,NOGA_2025 → NACE_2.1 ; exactMatch ; source=ofs-methodologie. Identité documentée.
,321,,321,,exact,NOGA_2025 → NACE_2.1 ; exactMatch ; source=ofs-methodologie. Identité documentée.
,3211,,3211,,exact,NOGA_2025 → NACE_2.1 ; exactMatch ; source=ofs-methodologie. Identité documentée.
,321100,,3211,,aggregated,NOGA_2025 → NACE_2.1 ; broadMatch ; source=ofs-noga2025. Validation métier requise ; aucune équivalence exacte affirmée.
,3212,,3212,,exact,NOGA_2025 → NACE_2.1 ; exactMatch ; source=ofs-methodologie. Identité documentée.
,321201,,3212,,aggregated,NOGA_2025 → NACE_2.1 ; broadMatch ; source=ofs-noga2025. Validation métier requise ; aucune équivalence exacte affirmée.
,321202,,3212,,aggregated,NOGA_2025 → NACE_2.1 ; broadMatch ; source=ofs-noga2025. Validation métier requise ; aucune équivalence exacte affirmée.
,3213,,3213,,exact,NOGA_2025 → NACE_2.1 ; exactMatch ; source=ofs-methodologie. Identité documentée.
,321300,,3213,,aggregated,NOGA_2025 → NACE_2.1 ; broadMatch ; source=ofs-noga2025. Validation métier requise ; aucune équivalence exacte affirmée.
,322,,322,,exact,NOGA_2025 → NACE_2.1 ; exactMatch ; source=ofs-methodologie. Identité documentée.
,3220,,3220,,exact,NOGA_2025 → NACE_2.1 ; exactMatch ; source=ofs-methodologie. Identité documentée.
,322000,,3220,,aggregated,NOGA_2025 → NACE_2.1 ; broadMatch ; source=ofs-noga2025. Validation métier requise ; aucune équivalence exacte affirmée.
,323,,323,,exact,NOGA_2025 → NACE_2.1 ; exactMatch ; source=ofs-methodologie. Identité documentée.
,3230,,3230,,exact,NOGA_2025 → NACE_2.1 ; exactMatch ; source=ofs-methodologie. Identité documentée.
,323000,,3230,,aggregated,NOGA_2025 → NACE_2.1 ; broadMatch ; source=ofs-noga2025. Validation métier requise ; aucune équivalence exacte affirmée.
,324,,324,,exact,NOGA_2025 → NACE_2.1 ; exactMatch ; source=ofs-methodologie. Identité documentée.
,3240,,3240,,exact,NOGA_2025 → NACE_2.1 ; exactMatch ; source=ofs-methodologie. Identité documentée.
,324000,,3240,,aggregated,NOGA_2025 → NACE_2.1 ; broadMatch ; source=ofs-noga2025. Validation métier requise ; aucune équivalence exacte affirmée.
,325,,325,,exact,NOGA_2025 → NACE_2.1 ; exactMatch ; source=ofs-methodologie. Identité documentée.
,3250,,3250,,exact,NOGA_2025 → NACE_2.1 ; exactMatch ; source=ofs-methodologie. Identité documentée.
,325001,,3250,,aggregated,NOGA_2025 → NACE_2.1 ; broadMatch ; source=ofs-noga2025. Validation métier requise ; aucune équivalence exacte affirmée.
,325002,,3250,,aggregated,NOGA_2025 → NACE_2.1 ; broadMatch ; source=ofs-noga2025. Validation métier requise ; aucune équivalence exacte affirmée.
,325003,,3250,,aggregated,NOGA_2025 → NACE_2.1 ; broadMatch ; source=ofs-noga2025. Validation métier requise ; aucune équivalence exacte affirmée.
,325009,,3250,,aggregated,NOGA_2025 → NACE_2.1 ; broadMatch ; source=ofs-noga2025. Validation métier requise ; aucune équivalence exacte affirmée.
,329,,329,,exact,NOGA_2025 → NACE_2.1 ; exactMatch ; source=ofs-methodologie. Identité documentée.
,3291,,3291,,exact,NOGA_2025 → NACE_2.1 ; exactMatch ; source=ofs-methodologie. Identité documentée.
,329100,,3291,,aggregated,NOGA_2025 → NACE_2.1 ; broadMatch ; source=ofs-noga2025. Validation métier requise ; aucune équivalence exacte affirmée.
,3299,,3299,,exact,NOGA_2025 → NACE_2.1 ; exactMatch ; source=ofs-methodologie. Identité documentée.
,329900,,3299,,aggregated,NOGA_2025 → NACE_2.1 ; broadMatch ; source=ofs-noga2025. Validation métier requise ; aucune équivalence exacte affirmée.
,33,,33,,exact,NOGA_2025 → NACE_2.1 ; exactMatch ; source=ofs-methodologie. Identité documentée.
,331,,331,,exact,NOGA_2025 → NACE_2.1 ; exactMatch ; source=ofs-methodologie. Identité documentée.
,3311,,3311,,exact,NOGA_2025 → NACE_2.1 ; exactMatch ; source=ofs-methodologie. Identité documentée.
,331100,,3311,,aggregated,NOGA_2025 → NACE_2.1 ; broadMatch ; source=ofs-noga2025. Validation métier requise ; aucune équivalence exacte affirmée.
,3312,,3312,,exact,NOGA_2025 → NACE_2.1 ; exactMatch ; source=ofs-methodologie. Identité documentée.
,331200,,3312,,aggregated,NOGA_2025 → NACE_2.1 ; broadMatch ; source=ofs-noga2025. Validation métier requise ; aucune équivalence exacte affirmée.
,3313,,3313,,exact,NOGA_2025 → NACE_2.1 ; exactMatch ; source=ofs-methodologie. Identité documentée.
,331300,,3313,,aggregated,NOGA_2025 → NACE_2.1 ; broadMatch ; source=ofs-noga2025. Validation métier requise ; aucune équivalence exacte affirmée.
,3314,,3314,,exact,NOGA_2025 → NACE_2.1 ; exactMatch ; source=ofs-methodologie. Identité documentée.
,331400,,3314,,aggregated,NOGA_2025 → NACE_2.1 ; broadMatch ; source=ofs-noga2025. Validation métier requise ; aucune équivalence exacte affirmée.
,3315,,3315,,exact,NOGA_2025 → NACE_2.1 ; exactMatch ; source=ofs-methodologie. Identité documentée.
,331500,,3315,,aggregated,NOGA_2025 → NACE_2.1 ; broadMatch ; source=ofs-noga2025. Validation métier requise ; aucune équivalence exacte affirmée.
,3316,,3316,,exact,NOGA_2025 → NACE_2.1 ; exactMatch ; source=ofs-methodologie. Identité documentée.
,331600,,3316,,aggregated,NOGA_2025 → NACE_2.1 ; broadMatch ; source=ofs-noga2025. Validation métier requise ; aucune équivalence exacte affirmée.
,3317,,3317,,exact,NOGA_2025 → NACE_2.1 ; exactMatch ; source=ofs-methodologie. Identité documentée.
,331700,,3317,,aggregated,NOGA_2025 → NACE_2.1 ; broadMatch ; source=ofs-noga2025. Validation métier requise ; aucune équivalence exacte affirmée.
,3318,,3318,,exact,NOGA_2025 → NACE_2.1 ; exactMatch ; source=ofs-methodologie. Identité documentée.
,331800,,3318,,aggregated,NOGA_2025 → NACE_2.1 ; broadMatch ; source=ofs-noga2025. Validation métier requise ; aucune équivalence exacte affirmée.
,3319,,3319,,exact,NOGA_2025 → NACE_2.1 ; exactMatch ; source=ofs-methodologie. Identité documentée.
,331900,,3319,,aggregated,NOGA_2025 → NACE_2.1 ; broadMatch ; source=ofs-noga2025. Validation métier requise ; aucune équivalence exacte affirmée.
,332,,332,,exact,NOGA_2025 → NACE_2.1 ; exactMatch ; source=ofs-methodologie. Identité documentée.
,3320,,3320,,exact,NOGA_2025 → NACE_2.1 ; exactMatch ; source=ofs-methodologie. Identité documentée.
,332000,,3320,,aggregated,NOGA_2025 → NACE_2.1 ; broadMatch ; source=ofs-noga2025. Validation métier requise ; aucune équivalence exacte affirmée.
,35,,35,,exact,NOGA_2025 → NACE_2.1 ; exactMatch ; source=ofs-methodologie. Identité documentée.
,351,,351,,exact,NOGA_2025 → NACE_2.1 ; exactMatch ; source=ofs-methodologie. Identité documentée.
,3511,,3511,,exact,NOGA_2025 → NACE_2.1 ; exactMatch ; source=ofs-methodologie. Identité documentée.
,351100,,3511,,aggregated,NOGA_2025 → NACE_2.1 ; broadMatch ; source=ofs-noga2025. Validation métier requise ; aucune équivalence exacte affirmée.
,3512,,3512,,exact,NOGA_2025 → NACE_2.1 ; exactMatch ; source=ofs-methodologie. Identité documentée.
,351200,,3512,,aggregated,NOGA_2025 → NACE_2.1 ; broadMatch ; source=ofs-noga2025. Validation métier requise ; aucune équivalence exacte affirmée.
,3513,,3513,,exact,NOGA_2025 → NACE_2.1 ; exactMatch ; source=ofs-methodologie. Identité documentée.
,351300,,3513,,aggregated,NOGA_2025 → NACE_2.1 ; broadMatch ; source=ofs-noga2025. Validation métier requise ; aucune équivalence exacte affirmée.
,3514,,3514,,exact,NOGA_2025 → NACE_2.1 ; exactMatch ; source=ofs-methodologie. Identité documentée.
,351400,,3514,,aggregated,NOGA_2025 → NACE_2.1 ; broadMatch ; source=ofs-noga2025. Validation métier requise ; aucune équivalence exacte affirmée.
,3515,,3515,,exact,NOGA_2025 → NACE_2.1 ; exactMatch ; source=ofs-methodologie. Identité documentée.
,351500,,3515,,aggregated,NOGA_2025 → NACE_2.1 ; broadMatch ; source=ofs-noga2025. Validation métier requise ; aucune équivalence exacte affirmée.
,3516,,3516,,exact,NOGA_2025 → NACE_2.1 ; exactMatch ; source=ofs-methodologie. Identité documentée.
,351600,,3516,,aggregated,NOGA_2025 → NACE_2.1 ; broadMatch ; source=ofs-noga2025. Validation métier requise ; aucune équivalence exacte affirmée.
,352,,352,,exact,NOGA_2025 → NACE_2.1 ; exactMatch ; source=ofs-methodologie. Identité documentée.
,3521,,3521,,exact,NOGA_2025 → NACE_2.1 ; exactMatch ; source=ofs-methodologie. Identité documentée.
,352100,,3521,,aggregated,NOGA_2025 → NACE_2.1 ; broadMatch ; source=ofs-noga2025. Validation métier requise ; aucune équivalence exacte affirmée.
,3522,,3522,,exact,NOGA_2025 → NACE_2.1 ; exactMatch ; source=ofs-methodologie. Identité documentée.
,352200,,3522,,aggregated,NOGA_2025 → NACE_2.1 ; broadMatch ; source=ofs-noga2025. Validation métier requise ; aucune équivalence exacte affirmée.
,3523,,3523,,exact,NOGA_2025 → NACE_2.1 ; exactMatch ; source=ofs-methodologie. Identité documentée.
,352300,,3523,,aggregated,NOGA_2025 → NACE_2.1 ; broadMatch ; source=ofs-noga2025. Validation métier requise ; aucune équivalence exacte affirmée.
,3524,,3524,,exact,NOGA_2025 → NACE_2.1 ; exactMatch ; source=ofs-methodologie. Identité documentée.
,352400,,3524,,aggregated,NOGA_2025 → NACE_2.1 ; broadMatch ; source=ofs-noga2025. Validation métier requise ; aucune équivalence exacte affirmée.
,353,,353,,exact,NOGA_2025 → NACE_2.1 ; exactMatch ; source=ofs-methodologie. Identité documentée.
,3530,,3530,,exact,NOGA_2025 → NACE_2.1 ; exactMatch ; source=ofs-methodologie. Identité documentée.
,353000,,3530,,aggregated,NOGA_2025 → NACE_2.1 ; broadMatch ; source=ofs-noga2025. Validation métier requise ; aucune équivalence exacte affirmée.
,354,,354,,exact,NOGA_2025 → NACE_2.1 ; exactMatch ; source=ofs-methodologie. Identité documentée.
,3540,,3540,,exact,NOGA_2025 → NACE_2.1 ; exactMatch ; source=ofs-methodologie. Identité documentée.
,354000,,3540,,aggregated,NOGA_2025 → NACE_2.1 ; broadMatch ; source=ofs-noga2025. Validation métier requise ; aucune équivalence exacte affirmée.
,36,,36,,exact,NOGA_2025 → NACE_2.1 ; exactMatch ; source=ofs-methodologie. Identité documentée.
,360,,360,,exact,NOGA_2025 → NACE_2.1 ; exactMatch ; source=ofs-methodologie. Identité documentée.
,3600,,3600,,exact,NOGA_2025 → NACE_2.1 ; exactMatch ; source=ofs-methodologie. Identité documentée.
,360000,,3600,,aggregated,NOGA_2025 → NACE_2.1 ; broadMatch ; source=ofs-noga2025. Validation métier requise ; aucune équivalence exacte affirmée.
,37,,37,,exact,NOGA_2025 → NACE_2.1 ; exactMatch ; source=ofs-methodologie. Identité documentée.
,370,,370,,exact,NOGA_2025 → NACE_2.1 ; exactMatch ; source=ofs-methodologie. Identité documentée.
,3700,,3700,,exact,NOGA_2025 → NACE_2.1 ; exactMatch ; source=ofs-methodologie. Identité documentée.
,370001,,3700,,aggregated,NOGA_2025 → NACE_2.1 ; broadMatch ; source=ofs-noga2025. Validation métier requise ; aucune équivalence exacte affirmée.
,370002,,3700,,aggregated,NOGA_2025 → NACE_2.1 ; broadMatch ; source=ofs-noga2025. Validation métier requise ; aucune équivalence exacte affirmée.
,38,,38,,exact,NOGA_2025 → NACE_2.1 ; exactMatch ; source=ofs-methodologie. Identité documentée.
,381,,381,,exact,NOGA_2025 → NACE_2.1 ; exactMatch ; source=ofs-methodologie. Identité documentée.
,3811,,3811,,exact,NOGA_2025 → NACE_2.1 ; exactMatch ; source=ofs-methodologie. Identité documentée.
,381100,,3811,,aggregated,NOGA_2025 → NACE_2.1 ; broadMatch ; source=ofs-noga2025. Validation métier requise ; aucune équivalence exacte affirmée.
,3812,,3812,,exact,NOGA_2025 → NACE_2.1 ; exactMatch ; source=ofs-methodologie. Identité documentée.
,381200,,3812,,aggregated,NOGA_2025 → NACE_2.1 ; broadMatch ; source=ofs-noga2025. Validation métier requise ; aucune équivalence exacte affirmée.
,382,,382,,exact,NOGA_2025 → NACE_2.1 ; exactMatch ; source=ofs-methodologie. Identité documentée.
,3821,,3821,,exact,NOGA_2025 → NACE_2.1 ; exactMatch ; source=ofs-methodologie. Identité documentée.
,382100,,3821,,aggregated,NOGA_2025 → NACE_2.1 ; broadMatch ; source=ofs-noga2025. Validation métier requise ; aucune équivalence exacte affirmée.
,3822,,3822,,exact,NOGA_2025 → NACE_2.1 ; exactMatch ; source=ofs-methodologie. Identité documentée.
,382200,,3822,,aggregated,NOGA_2025 → NACE_2.1 ; broadMatch ; source=ofs-noga2025. Validation métier requise ; aucune équivalence exacte affirmée.
,3823,,3823,,exact,NOGA_2025 → NACE_2.1 ; exactMatch ; source=ofs-methodologie. Identité documentée.
,382300,,3823,,aggregated,NOGA_2025 → NACE_2.1 ; broadMatch ; source=ofs-noga2025. Validation métier requise ; aucune équivalence exacte affirmée.
,383,,383,,exact,NOGA_2025 → NACE_2.1 ; exactMatch ; source=ofs-methodologie. Identité documentée.
,3831,,3831,,exact,NOGA_2025 → NACE_2.1 ; exactMatch ; source=ofs-methodologie. Identité documentée.
,383100,,3831,,aggregated,NOGA_2025 → NACE_2.1 ; broadMatch ; source=ofs-noga2025. Validation métier requise ; aucune équivalence exacte affirmée.
,3832,,3832,,exact,NOGA_2025 → NACE_2.1 ; exactMatch ; source=ofs-methodologie. Identité documentée.
,383200,,3832,,aggregated,NOGA_2025 → NACE_2.1 ; broadMatch ; source=ofs-noga2025. Validation métier requise ; aucune équivalence exacte affirmée.
,3833,,3833,,exact,NOGA_2025 → NACE_2.1 ; exactMatch ; source=ofs-methodologie. Identité documentée.
,383300,,3833,,aggregated,NOGA_2025 → NACE_2.1 ; broadMatch ; source=ofs-noga2025. Validation métier requise ; aucune équivalence exacte affirmée.
,39,,39,,exact,NOGA_2025 → NACE_2.1 ; exactMatch ; source=ofs-methodologie. Identité documentée.
,390,,390,,exact,NOGA_2025 → NACE_2.1 ; exactMatch ; source=ofs-methodologie. Identité documentée.
,3900,,3900,,exact,NOGA_2025 → NACE_2.1 ; exactMatch ; source=ofs-methodologie. Identité documentée.
,390000,,3900,,aggregated,NOGA_2025 → NACE_2.1 ; broadMatch ; source=ofs-noga2025. Validation métier requise ; aucune équivalence exacte affirmée.
,41,,41,,exact,NOGA_2025 → NACE_2.1 ; exactMatch ; source=ofs-methodologie. Identité documentée.
,410,,410,,exact,NOGA_2025 → NACE_2.1 ; exactMatch ; source=ofs-methodologie. Identité documentée.
,4100,,4100,,exact,NOGA_2025 → NACE_2.1 ; exactMatch ; source=ofs-methodologie. Identité documentée.
,410001,,4100,,aggregated,NOGA_2025 → NACE_2.1 ; broadMatch ; source=ofs-noga2025. Validation métier requise ; aucune équivalence exacte affirmée.
,410002,,4100,,aggregated,NOGA_2025 → NACE_2.1 ; broadMatch ; source=ofs-noga2025. Validation métier requise ; aucune équivalence exacte affirmée.
,42,,42,,exact,NOGA_2025 → NACE_2.1 ; exactMatch ; source=ofs-methodologie. Identité documentée.
,421,,421,,exact,NOGA_2025 → NACE_2.1 ; exactMatch ; source=ofs-methodologie. Identité documentée.
,4211,,4211,,exact,NOGA_2025 → NACE_2.1 ; exactMatch ; source=ofs-methodologie. Identité documentée.
,421100,,4211,,aggregated,NOGA_2025 → NACE_2.1 ; broadMatch ; source=ofs-noga2025. Validation métier requise ; aucune équivalence exacte affirmée.
,4212,,4212,,exact,NOGA_2025 → NACE_2.1 ; exactMatch ; source=ofs-methodologie. Identité documentée.
,421200,,4212,,aggregated,NOGA_2025 → NACE_2.1 ; broadMatch ; source=ofs-noga2025. Validation métier requise ; aucune équivalence exacte affirmée.
,4213,,4213,,exact,NOGA_2025 → NACE_2.1 ; exactMatch ; source=ofs-methodologie. Identité documentée.
,421300,,4213,,aggregated,NOGA_2025 → NACE_2.1 ; broadMatch ; source=ofs-noga2025. Validation métier requise ; aucune équivalence exacte affirmée.
,422,,422,,exact,NOGA_2025 → NACE_2.1 ; exactMatch ; source=ofs-methodologie. Identité documentée.
,4221,,4221,,exact,NOGA_2025 → NACE_2.1 ; exactMatch ; source=ofs-methodologie. Identité documentée.
,422100,,4221,,aggregated,NOGA_2025 → NACE_2.1 ; broadMatch ; source=ofs-noga2025. Validation métier requise ; aucune équivalence exacte affirmée.
,4222,,4222,,exact,NOGA_2025 → NACE_2.1 ; exactMatch ; source=ofs-methodologie. Identité documentée.
,422200,,4222,,aggregated,NOGA_2025 → NACE_2.1 ; broadMatch ; source=ofs-noga2025. Validation métier requise ; aucune équivalence exacte affirmée.
,429,,429,,exact,NOGA_2025 → NACE_2.1 ; exactMatch ; source=ofs-methodologie. Identité documentée.
,4291,,4291,,exact,NOGA_2025 → NACE_2.1 ; exactMatch ; source=ofs-methodologie. Identité documentée.
,429100,,4291,,aggregated,NOGA_2025 → NACE_2.1 ; broadMatch ; source=ofs-noga2025. Validation métier requise ; aucune équivalence exacte affirmée.
,4299,,4299,,exact,NOGA_2025 → NACE_2.1 ; exactMatch ; source=ofs-methodologie. Identité documentée.
,429900,,4299,,aggregated,NOGA_2025 → NACE_2.1 ; broadMatch ; source=ofs-noga2025. Validation métier requise ; aucune équivalence exacte affirmée.
,43,,43,,exact,NOGA_2025 → NACE_2.1 ; exactMatch ; source=ofs-methodologie. Identité documentée.
,431,,431,,exact,NOGA_2025 → NACE_2.1 ; exactMatch ; source=ofs-methodologie. Identité documentée.
,4311,,4311,,exact,NOGA_2025 → NACE_2.1 ; exactMatch ; source=ofs-methodologie. Identité documentée.
,431100,,4311,,aggregated,NOGA_2025 → NACE_2.1 ; broadMatch ; source=ofs-noga2025. Validation métier requise ; aucune équivalence exacte affirmée.
,4312,,4312,,exact,NOGA_2025 → NACE_2.1 ; exactMatch ; source=ofs-methodologie. Identité documentée.
,431200,,4312,,aggregated,NOGA_2025 → NACE_2.1 ; broadMatch ; source=ofs-noga2025. Validation métier requise ; aucune équivalence exacte affirmée.
,4313,,4313,,exact,NOGA_2025 → NACE_2.1 ; exactMatch ; source=ofs-methodologie. Identité documentée.
,431300,,4313,,aggregated,NOGA_2025 → NACE_2.1 ; broadMatch ; source=ofs-noga2025. Validation métier requise ; aucune équivalence exacte affirmée.
,432,,432,,exact,NOGA_2025 → NACE_2.1 ; exactMatch ; source=ofs-methodologie. Identité documentée.
,4321,,4321,,exact,NOGA_2025 → NACE_2.1 ; exactMatch ; source=ofs-methodologie. Identité documentée.
,432100,,4321,,aggregated,NOGA_2025 → NACE_2.1 ; broadMatch ; source=ofs-noga2025. Validation métier requise ; aucune équivalence exacte affirmée.
,4322,,4322,,exact,NOGA_2025 → NACE_2.1 ; exactMatch ; source=ofs-methodologie. Identité documentée.
,432201,,4322,,aggregated,NOGA_2025 → NACE_2.1 ; broadMatch ; source=ofs-noga2025. Validation métier requise ; aucune équivalence exacte affirmée.
,432202,,4322,,aggregated,NOGA_2025 → NACE_2.1 ; broadMatch ; source=ofs-noga2025. Validation métier requise ; aucune équivalence exacte affirmée.
,4323,,4323,,exact,NOGA_2025 → NACE_2.1 ; exactMatch ; source=ofs-methodologie. Identité documentée.
,432300,,4323,,aggregated,NOGA_2025 → NACE_2.1 ; broadMatch ; source=ofs-noga2025. Validation métier requise ; aucune équivalence exacte affirmée.
,4324,,4324,,exact,NOGA_2025 → NACE_2.1 ; exactMatch ; source=ofs-methodologie. Identité documentée.
,432401,,4324,,aggregated,NOGA_2025 → NACE_2.1 ; broadMatch ; source=ofs-noga2025. Validation métier requise ; aucune équivalence exacte affirmée.
,432409,,4324,,aggregated,NOGA_2025 → NACE_2.1 ; broadMatch ; source=ofs-noga2025. Validation métier requise ; aucune équivalence exacte affirmée.
,433,,433,,exact,NOGA_2025 → NACE_2.1 ; exactMatch ; source=ofs-methodologie. Identité documentée.
,4331,,4331,,exact,NOGA_2025 → NACE_2.1 ; exactMatch ; source=ofs-methodologie. Identité documentée.
,433100,,4331,,aggregated,NOGA_2025 → NACE_2.1 ; broadMatch ; source=ofs-noga2025. Validation métier requise ; aucune équivalence exacte affirmée.
,4332,,4332,,exact,NOGA_2025 → NACE_2.1 ; exactMatch ; source=ofs-methodologie. Identité documentée.
,433201,,4332,,aggregated,NOGA_2025 → NACE_2.1 ; broadMatch ; source=ofs-noga2025. Validation métier requise ; aucune équivalence exacte affirmée.
,433202,,4332,,aggregated,NOGA_2025 → NACE_2.1 ; broadMatch ; source=ofs-noga2025. Validation métier requise ; aucune équivalence exacte affirmée.
,4333,,4333,,exact,NOGA_2025 → NACE_2.1 ; exactMatch ; source=ofs-methodologie. Identité documentée.
,433301,,4333,,aggregated,NOGA_2025 → NACE_2.1 ; broadMatch ; source=ofs-noga2025. Validation métier requise ; aucune équivalence exacte affirmée.
,433302,,4333,,aggregated,NOGA_2025 → NACE_2.1 ; broadMatch ; source=ofs-noga2025. Validation métier requise ; aucune équivalence exacte affirmée.
,4334,,4334,,exact,NOGA_2025 → NACE_2.1 ; exactMatch ; source=ofs-methodologie. Identité documentée.
,433401,,4334,,aggregated,NOGA_2025 → NACE_2.1 ; broadMatch ; source=ofs-noga2025. Validation métier requise ; aucune équivalence exacte affirmée.
,433402,,4334,,aggregated,NOGA_2025 → NACE_2.1 ; broadMatch ; source=ofs-noga2025. Validation métier requise ; aucune équivalence exacte affirmée.
,433403,,4334,,aggregated,NOGA_2025 → NACE_2.1 ; broadMatch ; source=ofs-noga2025. Validation métier requise ; aucune équivalence exacte affirmée.
,4335,,4335,,exact,NOGA_2025 → NACE_2.1 ; exactMatch ; source=ofs-methodologie. Identité documentée.
,433500,,4335,,aggregated,NOGA_2025 → NACE_2.1 ; broadMatch ; source=ofs-noga2025. Validation métier requise ; aucune équivalence exacte affirmée.
,434,,434,,exact,NOGA_2025 → NACE_2.1 ; exactMatch ; source=ofs-methodologie. Identité documentée.
,4341,,4341,,exact,NOGA_2025 → NACE_2.1 ; exactMatch ; source=ofs-methodologie. Identité documentée.
,434101,,4341,,aggregated,NOGA_2025 → NACE_2.1 ; broadMatch ; source=ofs-noga2025. Validation métier requise ; aucune équivalence exacte affirmée.
,434102,,4341,,aggregated,NOGA_2025 → NACE_2.1 ; broadMatch ; source=ofs-noga2025. Validation métier requise ; aucune équivalence exacte affirmée.
,434103,,4341,,aggregated,NOGA_2025 → NACE_2.1 ; broadMatch ; source=ofs-noga2025. Validation métier requise ; aucune équivalence exacte affirmée.
,4342,,4342,,exact,NOGA_2025 → NACE_2.1 ; exactMatch ; source=ofs-methodologie. Identité documentée.
,434201,,4342,,aggregated,NOGA_2025 → NACE_2.1 ; broadMatch ; source=ofs-noga2025. Validation métier requise ; aucune équivalence exacte affirmée.
,434202,,4342,,aggregated,NOGA_2025 → NACE_2.1 ; broadMatch ; source=ofs-noga2025. Validation métier requise ; aucune équivalence exacte affirmée.
,434203,,4342,,aggregated,NOGA_2025 → NACE_2.1 ; broadMatch ; source=ofs-noga2025. Validation métier requise ; aucune équivalence exacte affirmée.
,434209,,4342,,aggregated,NOGA_2025 → NACE_2.1 ; broadMatch ; source=ofs-noga2025. Validation métier requise ; aucune équivalence exacte affirmée.
,435,,435,,exact,NOGA_2025 → NACE_2.1 ; exactMatch ; source=ofs-methodologie. Identité documentée.
,4350,,4350,,exact,NOGA_2025 → NACE_2.1 ; exactMatch ; source=ofs-methodologie. Identité documentée.
,435000,,4350,,aggregated,NOGA_2025 → NACE_2.1 ; broadMatch ; source=ofs-noga2025. Validation métier requise ; aucune équivalence exacte affirmée.
,436,,436,,exact,NOGA_2025 → NACE_2.1 ; exactMatch ; source=ofs-methodologie. Identité documentée.
,4360,,4360,,exact,NOGA_2025 → NACE_2.1 ; exactMatch ; source=ofs-methodologie. Identité documentée.
,436000,,4360,,aggregated,NOGA_2025 → NACE_2.1 ; broadMatch ; source=ofs-noga2025. Validation métier requise ; aucune équivalence exacte affirmée.
,439,,439,,exact,NOGA_2025 → NACE_2.1 ; exactMatch ; source=ofs-methodologie. Identité documentée.
,4391,,4391,,exact,NOGA_2025 → NACE_2.1 ; exactMatch ; source=ofs-methodologie. Identité documentée.
,439100,,4391,,aggregated,NOGA_2025 → NACE_2.1 ; broadMatch ; source=ofs-noga2025. Validation métier requise ; aucune équivalence exacte affirmée.
,4399,,4399,,exact,NOGA_2025 → NACE_2.1 ; exactMatch ; source=ofs-methodologie. Identité documentée.
,439900,,4399,,aggregated,NOGA_2025 → NACE_2.1 ; broadMatch ; source=ofs-noga2025. Validation métier requise ; aucune équivalence exacte affirmée.
,46,,46,,exact,NOGA_2025 → NACE_2.1 ; exactMatch ; source=ofs-methodologie. Identité documentée.
,461,,461,,exact,NOGA_2025 → NACE_2.1 ; exactMatch ; source=ofs-methodologie. Identité documentée.
,4611,,4611,,exact,NOGA_2025 → NACE_2.1 ; exactMatch ; source=ofs-methodologie. Identité documentée.
,461100,,4611,,aggregated,NOGA_2025 → NACE_2.1 ; broadMatch ; source=ofs-noga2025. Validation métier requise ; aucune équivalence exacte affirmée.
,4612,,4612,,exact,NOGA_2025 → NACE_2.1 ; exactMatch ; source=ofs-methodologie. Identité documentée.
,461200,,4612,,aggregated,NOGA_2025 → NACE_2.1 ; broadMatch ; source=ofs-noga2025. Validation métier requise ; aucune équivalence exacte affirmée.
,4613,,4613,,exact,NOGA_2025 → NACE_2.1 ; exactMatch ; source=ofs-methodologie. Identité documentée.
,461300,,4613,,aggregated,NOGA_2025 → NACE_2.1 ; broadMatch ; source=ofs-noga2025. Validation métier requise ; aucune équivalence exacte affirmée.
,4614,,4614,,exact,NOGA_2025 → NACE_2.1 ; exactMatch ; source=ofs-methodologie. Identité documentée.
,461400,,4614,,aggregated,NOGA_2025 → NACE_2.1 ; broadMatch ; source=ofs-noga2025. Validation métier requise ; aucune équivalence exacte affirmée.
,4615,,4615,,exact,NOGA_2025 → NACE_2.1 ; exactMatch ; source=ofs-methodologie. Identité documentée.
,461500,,4615,,aggregated,NOGA_2025 → NACE_2.1 ; broadMatch ; source=ofs-noga2025. Validation métier requise ; aucune équivalence exacte affirmée.
,4616,,4616,,exact,NOGA_2025 → NACE_2.1 ; exactMatch ; source=ofs-methodologie. Identité documentée.
,461600,,4616,,aggregated,NOGA_2025 → NACE_2.1 ; broadMatch ; source=ofs-noga2025. Validation métier requise ; aucune équivalence exacte affirmée.
,4617,,4617,,exact,NOGA_2025 → NACE_2.1 ; exactMatch ; source=ofs-methodologie. Identité documentée.
,461700,,4617,,aggregated,NOGA_2025 → NACE_2.1 ; broadMatch ; source=ofs-noga2025. Validation métier requise ; aucune équivalence exacte affirmée.
,4618,,4618,,exact,NOGA_2025 → NACE_2.1 ; exactMatch ; source=ofs-methodologie. Identité documentée.
,461800,,4618,,aggregated,NOGA_2025 → NACE_2.1 ; broadMatch ; source=ofs-noga2025. Validation métier requise ; aucune équivalence exacte affirmée.
,4619,,4619,,exact,NOGA_2025 → NACE_2.1 ; exactMatch ; source=ofs-methodologie. Identité documentée.
,461900,,4619,,aggregated,NOGA_2025 → NACE_2.1 ; broadMatch ; source=ofs-noga2025. Validation métier requise ; aucune équivalence exacte affirmée.
,462,,462,,exact,NOGA_2025 → NACE_2.1 ; exactMatch ; source=ofs-methodologie. Identité documentée.
,4621,,4621,,exact,NOGA_2025 → NACE_2.1 ; exactMatch ; source=ofs-methodologie. Identité documentée.
,462100,,4621,,aggregated,NOGA_2025 → NACE_2.1 ; broadMatch ; source=ofs-noga2025. Validation métier requise ; aucune équivalence exacte affirmée.
,4622,,4622,,exact,NOGA_2025 → NACE_2.1 ; exactMatch ; source=ofs-methodologie. Identité documentée.
,462200,,4622,,aggregated,NOGA_2025 → NACE_2.1 ; broadMatch ; source=ofs-noga2025. Validation métier requise ; aucune équivalence exacte affirmée.
,4623,,4623,,exact,NOGA_2025 → NACE_2.1 ; exactMatch ; source=ofs-methodologie. Identité documentée.
,462300,,4623,,aggregated,NOGA_2025 → NACE_2.1 ; broadMatch ; source=ofs-noga2025. Validation métier requise ; aucune équivalence exacte affirmée.
,4624,,4624,,exact,NOGA_2025 → NACE_2.1 ; exactMatch ; source=ofs-methodologie. Identité documentée.
,462400,,4624,,aggregated,NOGA_2025 → NACE_2.1 ; broadMatch ; source=ofs-noga2025. Validation métier requise ; aucune équivalence exacte affirmée.
,463,,463,,exact,NOGA_2025 → NACE_2.1 ; exactMatch ; source=ofs-methodologie. Identité documentée.
,4631,,4631,,exact,NOGA_2025 → NACE_2.1 ; exactMatch ; source=ofs-methodologie. Identité documentée.
,463100,,4631,,aggregated,NOGA_2025 → NACE_2.1 ; broadMatch ; source=ofs-noga2025. Validation métier requise ; aucune équivalence exacte affirmée.
,4632,,4632,,exact,NOGA_2025 → NACE_2.1 ; exactMatch ; source=ofs-methodologie. Identité documentée.
,463200,,4632,,aggregated,NOGA_2025 → NACE_2.1 ; broadMatch ; source=ofs-noga2025. Validation métier requise ; aucune équivalence exacte affirmée.
,4633,,4633,,exact,NOGA_2025 → NACE_2.1 ; exactMatch ; source=ofs-methodologie. Identité documentée.
,463300,,4633,,aggregated,NOGA_2025 → NACE_2.1 ; broadMatch ; source=ofs-noga2025. Validation métier requise ; aucune équivalence exacte affirmée.
,4634,,4634,,exact,NOGA_2025 → NACE_2.1 ; exactMatch ; source=ofs-methodologie. Identité documentée.
,463401,,4634,,aggregated,NOGA_2025 → NACE_2.1 ; broadMatch ; source=ofs-noga2025. Validation métier requise ; aucune équivalence exacte affirmée.
,463402,,4634,,aggregated,NOGA_2025 → NACE_2.1 ; broadMatch ; source=ofs-noga2025. Validation métier requise ; aucune équivalence exacte affirmée.
,4635,,4635,,exact,NOGA_2025 → NACE_2.1 ; exactMatch ; source=ofs-methodologie. Identité documentée.
,463500,,4635,,aggregated,NOGA_2025 → NACE_2.1 ; broadMatch ; source=ofs-noga2025. Validation métier requise ; aucune équivalence exacte affirmée.
,4636,,4636,,exact,NOGA_2025 → NACE_2.1 ; exactMatch ; source=ofs-methodologie. Identité documentée.
,463600,,4636,,aggregated,NOGA_2025 → NACE_2.1 ; broadMatch ; source=ofs-noga2025. Validation métier requise ; aucune équivalence exacte affirmée.
,4637,,4637,,exact,NOGA_2025 → NACE_2.1 ; exactMatch ; source=ofs-methodologie. Identité documentée.
,463700,,4637,,aggregated,NOGA_2025 → NACE_2.1 ; broadMatch ; source=ofs-noga2025. Validation métier requise ; aucune équivalence exacte affirmée.
,4638,,4638,,exact,NOGA_2025 → NACE_2.1 ; exactMatch ; source=ofs-methodologie. Identité documentée.
,463800,,4638,,aggregated,NOGA_2025 → NACE_2.1 ; broadMatch ; source=ofs-noga2025. Validation métier requise ; aucune équivalence exacte affirmée.
,4639,,4639,,exact,NOGA_2025 → NACE_2.1 ; exactMatch ; source=ofs-methodologie. Identité documentée.
,463900,,4639,,aggregated,NOGA_2025 → NACE_2.1 ; broadMatch ; source=ofs-noga2025. Validation métier requise ; aucune équivalence exacte affirmée.
,464,,464,,exact,NOGA_2025 → NACE_2.1 ; exactMatch ; source=ofs-methodologie. Identité documentée.
,4641,,4641,,exact,NOGA_2025 → NACE_2.1 ; exactMatch ; source=ofs-methodologie. Identité documentée.
,464100,,4641,,aggregated,NOGA_2025 → NACE_2.1 ; broadMatch ; source=ofs-noga2025. Validation métier requise ; aucune équivalence exacte affirmée.
,4642,,4642,,exact,NOGA_2025 → NACE_2.1 ; exactMatch ; source=ofs-methodologie. Identité documentée.
,464201,,4642,,aggregated,NOGA_2025 → NACE_2.1 ; broadMatch ; source=ofs-noga2025. Validation métier requise ; aucune équivalence exacte affirmée.
,464202,,4642,,aggregated,NOGA_2025 → NACE_2.1 ; broadMatch ; source=ofs-noga2025. Validation métier requise ; aucune équivalence exacte affirmée.
,4643,,4643,,exact,NOGA_2025 → NACE_2.1 ; exactMatch ; source=ofs-methodologie. Identité documentée.
,464300,,4643,,aggregated,NOGA_2025 → NACE_2.1 ; broadMatch ; source=ofs-noga2025. Validation métier requise ; aucune équivalence exacte affirmée.
,4644,,4644,,exact,NOGA_2025 → NACE_2.1 ; exactMatch ; source=ofs-methodologie. Identité documentée.
,464400,,4644,,aggregated,NOGA_2025 → NACE_2.1 ; broadMatch ; source=ofs-noga2025. Validation métier requise ; aucune équivalence exacte affirmée.
,4645,,4645,,exact,NOGA_2025 → NACE_2.1 ; exactMatch ; source=ofs-methodologie. Identité documentée.
,464500,,4645,,aggregated,NOGA_2025 → NACE_2.1 ; broadMatch ; source=ofs-noga2025. Validation métier requise ; aucune équivalence exacte affirmée.
,4646,,4646,,exact,NOGA_2025 → NACE_2.1 ; exactMatch ; source=ofs-methodologie. Identité documentée.
,464601,,4646,,aggregated,NOGA_2025 → NACE_2.1 ; broadMatch ; source=ofs-noga2025. Validation métier requise ; aucune équivalence exacte affirmée.
,464602,,4646,,aggregated,NOGA_2025 → NACE_2.1 ; broadMatch ; source=ofs-noga2025. Validation métier requise ; aucune équivalence exacte affirmée.
,4647,,4647,,exact,NOGA_2025 → NACE_2.1 ; exactMatch ; source=ofs-methodologie. Identité documentée.
,464700,,4647,,aggregated,NOGA_2025 → NACE_2.1 ; broadMatch ; source=ofs-noga2025. Validation métier requise ; aucune équivalence exacte affirmée.
,4648,,4648,,exact,NOGA_2025 → NACE_2.1 ; exactMatch ; source=ofs-methodologie. Identité documentée.
,464801,,4648,,aggregated,NOGA_2025 → NACE_2.1 ; broadMatch ; source=ofs-noga2025. Validation métier requise ; aucune équivalence exacte affirmée.
,464802,,4648,,aggregated,NOGA_2025 → NACE_2.1 ; broadMatch ; source=ofs-noga2025. Validation métier requise ; aucune équivalence exacte affirmée.
,4649,,4649,,exact,NOGA_2025 → NACE_2.1 ; exactMatch ; source=ofs-methodologie. Identité documentée.
,464901,,4649,,aggregated,NOGA_2025 → NACE_2.1 ; broadMatch ; source=ofs-noga2025. Validation métier requise ; aucune équivalence exacte affirmée.
,464902,,4649,,aggregated,NOGA_2025 → NACE_2.1 ; broadMatch ; source=ofs-noga2025. Validation métier requise ; aucune équivalence exacte affirmée.
,464903,,4649,,aggregated,NOGA_2025 → NACE_2.1 ; broadMatch ; source=ofs-noga2025. Validation métier requise ; aucune équivalence exacte affirmée.
,464909,,4649,,aggregated,NOGA_2025 → NACE_2.1 ; broadMatch ; source=ofs-noga2025. Validation métier requise ; aucune équivalence exacte affirmée.
,465,,465,,exact,NOGA_2025 → NACE_2.1 ; exactMatch ; source=ofs-methodologie. Identité documentée.
,4650,,4650,,exact,NOGA_2025 → NACE_2.1 ; exactMatch ; source=ofs-methodologie. Identité documentée.
,465000,,4650,,aggregated,NOGA_2025 → NACE_2.1 ; broadMatch ; source=ofs-noga2025. Validation métier requise ; aucune équivalence exacte affirmée.
,466,,466,,exact,NOGA_2025 → NACE_2.1 ; exactMatch ; source=ofs-methodologie. Identité documentée.
,4661,,4661,,exact,NOGA_2025 → NACE_2.1 ; exactMatch ; source=ofs-methodologie. Identité documentée.
,466100,,4661,,aggregated,NOGA_2025 → NACE_2.1 ; broadMatch ; source=ofs-noga2025. Validation métier requise ; aucune équivalence exacte affirmée.
,4662,,4662,,exact,NOGA_2025 → NACE_2.1 ; exactMatch ; source=ofs-methodologie. Identité documentée.
,466200,,4662,,aggregated,NOGA_2025 → NACE_2.1 ; broadMatch ; source=ofs-noga2025. Validation métier requise ; aucune équivalence exacte affirmée.
,4663,,4663,,exact,NOGA_2025 → NACE_2.1 ; exactMatch ; source=ofs-methodologie. Identité documentée.
,466300,,4663,,aggregated,NOGA_2025 → NACE_2.1 ; broadMatch ; source=ofs-noga2025. Validation métier requise ; aucune équivalence exacte affirmée.
,4664,,4664,,exact,NOGA_2025 → NACE_2.1 ; exactMatch ; source=ofs-methodologie. Identité documentée.
,466400,,4664,,aggregated,NOGA_2025 → NACE_2.1 ; broadMatch ; source=ofs-noga2025. Validation métier requise ; aucune équivalence exacte affirmée.
,467,,467,,exact,NOGA_2025 → NACE_2.1 ; exactMatch ; source=ofs-methodologie. Identité documentée.
,4671,,4671,,exact,NOGA_2025 → NACE_2.1 ; exactMatch ; source=ofs-methodologie. Identité documentée.
,467101,,4671,,aggregated,NOGA_2025 → NACE_2.1 ; broadMatch ; source=ofs-noga2025. Validation métier requise ; aucune équivalence exacte affirmée.
,467102,,4671,,aggregated,NOGA_2025 → NACE_2.1 ; broadMatch ; source=ofs-noga2025. Validation métier requise ; aucune équivalence exacte affirmée.
,4672,,4672,,exact,NOGA_2025 → NACE_2.1 ; exactMatch ; source=ofs-methodologie. Identité documentée.
,467200,,4672,,aggregated,NOGA_2025 → NACE_2.1 ; broadMatch ; source=ofs-noga2025. Validation métier requise ; aucune équivalence exacte affirmée.
,4673,,4673,,exact,NOGA_2025 → NACE_2.1 ; exactMatch ; source=ofs-methodologie. Identité documentée.
,467300,,4673,,aggregated,NOGA_2025 → NACE_2.1 ; broadMatch ; source=ofs-noga2025. Validation métier requise ; aucune équivalence exacte affirmée.
,468,,468,,exact,NOGA_2025 → NACE_2.1 ; exactMatch ; source=ofs-methodologie. Identité documentée.
,4681,,4681,,exact,NOGA_2025 → NACE_2.1 ; exactMatch ; source=ofs-methodologie. Identité documentée.
,468101,,4681,,aggregated,NOGA_2025 → NACE_2.1 ; broadMatch ; source=ofs-noga2025. Validation métier requise ; aucune équivalence exacte affirmée.
,468102,,4681,,aggregated,NOGA_2025 → NACE_2.1 ; broadMatch ; source=ofs-noga2025. Validation métier requise ; aucune équivalence exacte affirmée.
,4682,,4682,,exact,NOGA_2025 → NACE_2.1 ; exactMatch ; source=ofs-methodologie. Identité documentée.
,468201,,4682,,aggregated,NOGA_2025 → NACE_2.1 ; broadMatch ; source=ofs-noga2025. Validation métier requise ; aucune équivalence exacte affirmée.
,468202,,4682,,aggregated,NOGA_2025 → NACE_2.1 ; broadMatch ; source=ofs-noga2025. Validation métier requise ; aucune équivalence exacte affirmée.
,4683,,4683,,exact,NOGA_2025 → NACE_2.1 ; exactMatch ; source=ofs-methodologie. Identité documentée.
,468301,,4683,,aggregated,NOGA_2025 → NACE_2.1 ; broadMatch ; source=ofs-noga2025. Validation métier requise ; aucune équivalence exacte affirmée.
,468302,,4683,,aggregated,NOGA_2025 → NACE_2.1 ; broadMatch ; source=ofs-noga2025. Validation métier requise ; aucune équivalence exacte affirmée.
,468303,,4683,,aggregated,NOGA_2025 → NACE_2.1 ; broadMatch ; source=ofs-noga2025. Validation métier requise ; aucune équivalence exacte affirmée.
,4684,,4684,,exact,NOGA_2025 → NACE_2.1 ; exactMatch ; source=ofs-methodologie. Identité documentée.
,468400,,4684,,aggregated,NOGA_2025 → NACE_2.1 ; broadMatch ; source=ofs-noga2025. Validation métier requise ; aucune équivalence exacte affirmée.
,4685,,4685,,exact,NOGA_2025 → NACE_2.1 ; exactMatch ; source=ofs-methodologie. Identité documentée.
,468500,,4685,,aggregated,NOGA_2025 → NACE_2.1 ; broadMatch ; source=ofs-noga2025. Validation métier requise ; aucune équivalence exacte affirmée.
,4686,,4686,,exact,NOGA_2025 → NACE_2.1 ; exactMatch ; source=ofs-methodologie. Identité documentée.
,468600,,4686,,aggregated,NOGA_2025 → NACE_2.1 ; broadMatch ; source=ofs-noga2025. Validation métier requise ; aucune équivalence exacte affirmée.
,4687,,4687,,exact,NOGA_2025 → NACE_2.1 ; exactMatch ; source=ofs-methodologie. Identité documentée.
,468700,,4687,,aggregated,NOGA_2025 → NACE_2.1 ; broadMatch ; source=ofs-noga2025. Validation métier requise ; aucune équivalence exacte affirmée.
,4689,,4689,,exact,NOGA_2025 → NACE_2.1 ; exactMatch ; source=ofs-methodologie. Identité documentée.
,468900,,4689,,aggregated,NOGA_2025 → NACE_2.1 ; broadMatch ; source=ofs-noga2025. Validation métier requise ; aucune équivalence exacte affirmée.
,469,,469,,exact,NOGA_2025 → NACE_2.1 ; exactMatch ; source=ofs-methodologie. Identité documentée.
,4690,,4690,,exact,NOGA_2025 → NACE_2.1 ; exactMatch ; source=ofs-methodologie. Identité documentée.
,469000,,4690,,aggregated,NOGA_2025 → NACE_2.1 ; broadMatch ; source=ofs-noga2025. Validation métier requise ; aucune équivalence exacte affirmée.
,47,,47,,exact,NOGA_2025 → NACE_2.1 ; exactMatch ; source=ofs-methodologie. Identité documentée.
,471,,471,,exact,NOGA_2025 → NACE_2.1 ; exactMatch ; source=ofs-methodologie. Identité documentée.
,4711,,4711,,exact,NOGA_2025 → NACE_2.1 ; exactMatch ; source=ofs-methodologie. Identité documentée.
,471101,,4711,,aggregated,NOGA_2025 → NACE_2.1 ; broadMatch ; source=ofs-noga2025. Validation métier requise ; aucune équivalence exacte affirmée.
,471102,,4711,,aggregated,NOGA_2025 → NACE_2.1 ; broadMatch ; source=ofs-noga2025. Validation métier requise ; aucune équivalence exacte affirmée.
,471103,,4711,,aggregated,NOGA_2025 → NACE_2.1 ; broadMatch ; source=ofs-noga2025. Validation métier requise ; aucune équivalence exacte affirmée.
,471104,,4711,,aggregated,NOGA_2025 → NACE_2.1 ; broadMatch ; source=ofs-noga2025. Validation métier requise ; aucune équivalence exacte affirmée.
,4712,,4712,,exact,NOGA_2025 → NACE_2.1 ; exactMatch ; source=ofs-methodologie. Identité documentée.
,471200,,4712,,aggregated,NOGA_2025 → NACE_2.1 ; broadMatch ; source=ofs-noga2025. Validation métier requise ; aucune équivalence exacte affirmée.
,472,,472,,exact,NOGA_2025 → NACE_2.1 ; exactMatch ; source=ofs-methodologie. Identité documentée.
,4721,,4721,,exact,NOGA_2025 → NACE_2.1 ; exactMatch ; source=ofs-methodologie. Identité documentée.
,472100,,4721,,aggregated,NOGA_2025 → NACE_2.1 ; broadMatch ; source=ofs-noga2025. Validation métier requise ; aucune équivalence exacte affirmée.
,4722,,4722,,exact,NOGA_2025 → NACE_2.1 ; exactMatch ; source=ofs-methodologie. Identité documentée.
,472200,,4722,,aggregated,NOGA_2025 → NACE_2.1 ; broadMatch ; source=ofs-noga2025. Validation métier requise ; aucune équivalence exacte affirmée.
,4723,,4723,,exact,NOGA_2025 → NACE_2.1 ; exactMatch ; source=ofs-methodologie. Identité documentée.
,472300,,4723,,aggregated,NOGA_2025 → NACE_2.1 ; broadMatch ; source=ofs-noga2025. Validation métier requise ; aucune équivalence exacte affirmée.
,4724,,4724,,exact,NOGA_2025 → NACE_2.1 ; exactMatch ; source=ofs-methodologie. Identité documentée.
,472400,,4724,,aggregated,NOGA_2025 → NACE_2.1 ; broadMatch ; source=ofs-noga2025. Validation métier requise ; aucune équivalence exacte affirmée.
,4725,,4725,,exact,NOGA_2025 → NACE_2.1 ; exactMatch ; source=ofs-methodologie. Identité documentée.
,472500,,4725,,aggregated,NOGA_2025 → NACE_2.1 ; broadMatch ; source=ofs-noga2025. Validation métier requise ; aucune équivalence exacte affirmée.
,4726,,4726,,exact,NOGA_2025 → NACE_2.1 ; exactMatch ; source=ofs-methodologie. Identité documentée.
,472600,,4726,,aggregated,NOGA_2025 → NACE_2.1 ; broadMatch ; source=ofs-noga2025. Validation métier requise ; aucune équivalence exacte affirmée.
,4727,,4727,,exact,NOGA_2025 → NACE_2.1 ; exactMatch ; source=ofs-methodologie. Identité documentée.
,472700,,4727,,aggregated,NOGA_2025 → NACE_2.1 ; broadMatch ; source=ofs-noga2025. Validation métier requise ; aucune équivalence exacte affirmée.
,473,,473,,exact,NOGA_2025 → NACE_2.1 ; exactMatch ; source=ofs-methodologie. Identité documentée.
,4730,,4730,,exact,NOGA_2025 → NACE_2.1 ; exactMatch ; source=ofs-methodologie. Identité documentée.
,473001,,4730,,aggregated,NOGA_2025 → NACE_2.1 ; broadMatch ; source=ofs-noga2025. Validation métier requise ; aucune équivalence exacte affirmée.
,473002,,4730,,aggregated,NOGA_2025 → NACE_2.1 ; broadMatch ; source=ofs-noga2025. Validation métier requise ; aucune équivalence exacte affirmée.
,474,,474,,exact,NOGA_2025 → NACE_2.1 ; exactMatch ; source=ofs-methodologie. Identité documentée.
,4740,,4740,,exact,NOGA_2025 → NACE_2.1 ; exactMatch ; source=ofs-methodologie. Identité documentée.
,474000,,4740,,aggregated,NOGA_2025 → NACE_2.1 ; broadMatch ; source=ofs-noga2025. Validation métier requise ; aucune équivalence exacte affirmée.
,475,,475,,exact,NOGA_2025 → NACE_2.1 ; exactMatch ; source=ofs-methodologie. Identité documentée.
,4751,,4751,,exact,NOGA_2025 → NACE_2.1 ; exactMatch ; source=ofs-methodologie. Identité documentée.
,475100,,4751,,aggregated,NOGA_2025 → NACE_2.1 ; broadMatch ; source=ofs-noga2025. Validation métier requise ; aucune équivalence exacte affirmée.
,4752,,4752,,exact,NOGA_2025 → NACE_2.1 ; exactMatch ; source=ofs-methodologie. Identité documentée.
,475200,,4752,,aggregated,NOGA_2025 → NACE_2.1 ; broadMatch ; source=ofs-noga2025. Validation métier requise ; aucune équivalence exacte affirmée.
,4753,,4753,,exact,NOGA_2025 → NACE_2.1 ; exactMatch ; source=ofs-methodologie. Identité documentée.
,475300,,4753,,aggregated,NOGA_2025 → NACE_2.1 ; broadMatch ; source=ofs-noga2025. Validation métier requise ; aucune équivalence exacte affirmée.
,4754,,4754,,exact,NOGA_2025 → NACE_2.1 ; exactMatch ; source=ofs-methodologie. Identité documentée.
,475400,,4754,,aggregated,NOGA_2025 → NACE_2.1 ; broadMatch ; source=ofs-noga2025. Validation métier requise ; aucune équivalence exacte affirmée.
,4755,,4755,,exact,NOGA_2025 → NACE_2.1 ; exactMatch ; source=ofs-methodologie. Identité documentée.
,475500,,4755,,aggregated,NOGA_2025 → NACE_2.1 ; broadMatch ; source=ofs-noga2025. Validation métier requise ; aucune équivalence exacte affirmée.
,476,,476,,exact,NOGA_2025 → NACE_2.1 ; exactMatch ; source=ofs-methodologie. Identité documentée.
,4761,,4761,,exact,NOGA_2025 → NACE_2.1 ; exactMatch ; source=ofs-methodologie. Identité documentée.
,476100,,4761,,aggregated,NOGA_2025 → NACE_2.1 ; broadMatch ; source=ofs-noga2025. Validation métier requise ; aucune équivalence exacte affirmée.
,4762,,4762,,exact,NOGA_2025 → NACE_2.1 ; exactMatch ; source=ofs-methodologie. Identité documentée.
,476201,,4762,,aggregated,NOGA_2025 → NACE_2.1 ; broadMatch ; source=ofs-noga2025. Validation métier requise ; aucune équivalence exacte affirmée.
,476202,,4762,,aggregated,NOGA_2025 → NACE_2.1 ; broadMatch ; source=ofs-noga2025. Validation métier requise ; aucune équivalence exacte affirmée.
,4763,,4763,,exact,NOGA_2025 → NACE_2.1 ; exactMatch ; source=ofs-methodologie. Identité documentée.
,476301,,4763,,aggregated,NOGA_2025 → NACE_2.1 ; broadMatch ; source=ofs-noga2025. Validation métier requise ; aucune équivalence exacte affirmée.
,476302,,4763,,aggregated,NOGA_2025 → NACE_2.1 ; broadMatch ; source=ofs-noga2025. Validation métier requise ; aucune équivalence exacte affirmée.
,4764,,4764,,exact,NOGA_2025 → NACE_2.1 ; exactMatch ; source=ofs-methodologie. Identité documentée.
,476400,,4764,,aggregated,NOGA_2025 → NACE_2.1 ; broadMatch ; source=ofs-noga2025. Validation métier requise ; aucune équivalence exacte affirmée.
,4769,,4769,,exact,NOGA_2025 → NACE_2.1 ; exactMatch ; source=ofs-methodologie. Identité documentée.
,476900,,4769,,aggregated,NOGA_2025 → NACE_2.1 ; broadMatch ; source=ofs-noga2025. Validation métier requise ; aucune équivalence exacte affirmée.
,477,,477,,exact,NOGA_2025 → NACE_2.1 ; exactMatch ; source=ofs-methodologie. Identité documentée.
,4771,,4771,,exact,NOGA_2025 → NACE_2.1 ; exactMatch ; source=ofs-methodologie. Identité documentée.
,477101,,4771,,aggregated,NOGA_2025 → NACE_2.1 ; broadMatch ; source=ofs-noga2025. Validation métier requise ; aucune équivalence exacte affirmée.
,477102,,4771,,aggregated,NOGA_2025 → NACE_2.1 ; broadMatch ; source=ofs-noga2025. Validation métier requise ; aucune équivalence exacte affirmée.
,477103,,4771,,aggregated,NOGA_2025 → NACE_2.1 ; broadMatch ; source=ofs-noga2025. Validation métier requise ; aucune équivalence exacte affirmée.
,477104,,4771,,aggregated,NOGA_2025 → NACE_2.1 ; broadMatch ; source=ofs-noga2025. Validation métier requise ; aucune équivalence exacte affirmée.
,4772,,4772,,exact,NOGA_2025 → NACE_2.1 ; exactMatch ; source=ofs-methodologie. Identité documentée.
,477201,,4772,,aggregated,NOGA_2025 → NACE_2.1 ; broadMatch ; source=ofs-noga2025. Validation métier requise ; aucune équivalence exacte affirmée.
,477202,,4772,,aggregated,NOGA_2025 → NACE_2.1 ; broadMatch ; source=ofs-noga2025. Validation métier requise ; aucune équivalence exacte affirmée.
,4773,,4773,,exact,NOGA_2025 → NACE_2.1 ; exactMatch ; source=ofs-methodologie. Identité documentée.
,477300,,4773,,aggregated,NOGA_2025 → NACE_2.1 ; broadMatch ; source=ofs-noga2025. Validation métier requise ; aucune équivalence exacte affirmée.
,4774,,4774,,exact,NOGA_2025 → NACE_2.1 ; exactMatch ; source=ofs-methodologie. Identité documentée.
,477401,,4774,,aggregated,NOGA_2025 → NACE_2.1 ; broadMatch ; source=ofs-noga2025. Validation métier requise ; aucune équivalence exacte affirmée.
,477402,,4774,,aggregated,NOGA_2025 → NACE_2.1 ; broadMatch ; source=ofs-noga2025. Validation métier requise ; aucune équivalence exacte affirmée.
,477409,,4774,,aggregated,NOGA_2025 → NACE_2.1 ; broadMatch ; source=ofs-noga2025. Validation métier requise ; aucune équivalence exacte affirmée.
,4775,,4775,,exact,NOGA_2025 → NACE_2.1 ; exactMatch ; source=ofs-methodologie. Identité documentée.
,477501,,4775,,aggregated,NOGA_2025 → NACE_2.1 ; broadMatch ; source=ofs-noga2025. Validation métier requise ; aucune équivalence exacte affirmée.
,477502,,4775,,aggregated,NOGA_2025 → NACE_2.1 ; broadMatch ; source=ofs-noga2025. Validation métier requise ; aucune équivalence exacte affirmée.
,4776,,4776,,exact,NOGA_2025 → NACE_2.1 ; exactMatch ; source=ofs-methodologie. Identité documentée.
,477601,,4776,,aggregated,NOGA_2025 → NACE_2.1 ; broadMatch ; source=ofs-noga2025. Validation métier requise ; aucune équivalence exacte affirmée.
,477602,,4776,,aggregated,NOGA_2025 → NACE_2.1 ; broadMatch ; source=ofs-noga2025. Validation métier requise ; aucune équivalence exacte affirmée.
,477603,,4776,,aggregated,NOGA_2025 → NACE_2.1 ; broadMatch ; source=ofs-noga2025. Validation métier requise ; aucune équivalence exacte affirmée.
,4777,,4777,,exact,NOGA_2025 → NACE_2.1 ; exactMatch ; source=ofs-methodologie. Identité documentée.
,477700,,4777,,aggregated,NOGA_2025 → NACE_2.1 ; broadMatch ; source=ofs-noga2025. Validation métier requise ; aucune équivalence exacte affirmée.
,4778,,4778,,exact,NOGA_2025 → NACE_2.1 ; exactMatch ; source=ofs-methodologie. Identité documentée.
,477800,,4778,,aggregated,NOGA_2025 → NACE_2.1 ; broadMatch ; source=ofs-noga2025. Validation métier requise ; aucune équivalence exacte affirmée.
,4779,,4779,,exact,NOGA_2025 → NACE_2.1 ; exactMatch ; source=ofs-methodologie. Identité documentée.
,477901,,4779,,aggregated,NOGA_2025 → NACE_2.1 ; broadMatch ; source=ofs-noga2025. Validation métier requise ; aucune équivalence exacte affirmée.
,477902,,4779,,aggregated,NOGA_2025 → NACE_2.1 ; broadMatch ; source=ofs-noga2025. Validation métier requise ; aucune équivalence exacte affirmée.
,478,,478,,exact,NOGA_2025 → NACE_2.1 ; exactMatch ; source=ofs-methodologie. Identité documentée.
,4781,,4781,,exact,NOGA_2025 → NACE_2.1 ; exactMatch ; source=ofs-methodologie. Identité documentée.
,478101,,4781,,aggregated,NOGA_2025 → NACE_2.1 ; broadMatch ; source=ofs-noga2025. Validation métier requise ; aucune équivalence exacte affirmée.
,478102,,4781,,aggregated,NOGA_2025 → NACE_2.1 ; broadMatch ; source=ofs-noga2025. Validation métier requise ; aucune équivalence exacte affirmée.
,4782,,4782,,exact,NOGA_2025 → NACE_2.1 ; exactMatch ; source=ofs-methodologie. Identité documentée.
,478200,,4782,,aggregated,NOGA_2025 → NACE_2.1 ; broadMatch ; source=ofs-noga2025. Validation métier requise ; aucune équivalence exacte affirmée.
,4783,,4783,,exact,NOGA_2025 → NACE_2.1 ; exactMatch ; source=ofs-methodologie. Identité documentée.
,478300,,4783,,aggregated,NOGA_2025 → NACE_2.1 ; broadMatch ; source=ofs-noga2025. Validation métier requise ; aucune équivalence exacte affirmée.
,479,,479,,exact,NOGA_2025 → NACE_2.1 ; exactMatch ; source=ofs-methodologie. Identité documentée.
,4791,,4791,,exact,NOGA_2025 → NACE_2.1 ; exactMatch ; source=ofs-methodologie. Identité documentée.
,479100,,4791,,aggregated,NOGA_2025 → NACE_2.1 ; broadMatch ; source=ofs-noga2025. Validation métier requise ; aucune équivalence exacte affirmée.
,4792,,4792,,exact,NOGA_2025 → NACE_2.1 ; exactMatch ; source=ofs-methodologie. Identité documentée.
,479200,,4792,,aggregated,NOGA_2025 → NACE_2.1 ; broadMatch ; source=ofs-noga2025. Validation métier requise ; aucune équivalence exacte affirmée.
,49,,49,,exact,NOGA_2025 → NACE_2.1 ; exactMatch ; source=ofs-methodologie. Identité documentée.
,491,,491,,exact,NOGA_2025 → NACE_2.1 ; exactMatch ; source=ofs-methodologie. Identité documentée.
,4911,,4911,,exact,NOGA_2025 → NACE_2.1 ; exactMatch ; source=ofs-methodologie. Identité documentée.
,491100,,4911,,aggregated,NOGA_2025 → NACE_2.1 ; broadMatch ; source=ofs-noga2025. Validation métier requise ; aucune équivalence exacte affirmée.
,4912,,4912,,exact,NOGA_2025 → NACE_2.1 ; exactMatch ; source=ofs-methodologie. Identité documentée.
,491200,,4912,,aggregated,NOGA_2025 → NACE_2.1 ; broadMatch ; source=ofs-noga2025. Validation métier requise ; aucune équivalence exacte affirmée.
,492,,492,,exact,NOGA_2025 → NACE_2.1 ; exactMatch ; source=ofs-methodologie. Identité documentée.
,4920,,4920,,exact,NOGA_2025 → NACE_2.1 ; exactMatch ; source=ofs-methodologie. Identité documentée.
,492000,,4920,,aggregated,NOGA_2025 → NACE_2.1 ; broadMatch ; source=ofs-noga2025. Validation métier requise ; aucune équivalence exacte affirmée.
,493,,493,,exact,NOGA_2025 → NACE_2.1 ; exactMatch ; source=ofs-methodologie. Identité documentée.
,4931,,4931,,exact,NOGA_2025 → NACE_2.1 ; exactMatch ; source=ofs-methodologie. Identité documentée.
,493100,,4931,,aggregated,NOGA_2025 → NACE_2.1 ; broadMatch ; source=ofs-noga2025. Validation métier requise ; aucune équivalence exacte affirmée.
,4932,,4932,,exact,NOGA_2025 → NACE_2.1 ; exactMatch ; source=ofs-methodologie. Identité documentée.
,493200,,4932,,aggregated,NOGA_2025 → NACE_2.1 ; broadMatch ; source=ofs-noga2025. Validation métier requise ; aucune équivalence exacte affirmée.
,4933,,4933,,exact,NOGA_2025 → NACE_2.1 ; exactMatch ; source=ofs-methodologie. Identité documentée.
,493300,,4933,,aggregated,NOGA_2025 → NACE_2.1 ; broadMatch ; source=ofs-noga2025. Validation métier requise ; aucune équivalence exacte affirmée.
,4934,,4934,,exact,NOGA_2025 → NACE_2.1 ; exactMatch ; source=ofs-methodologie. Identité documentée.
,493400,,4934,,aggregated,NOGA_2025 → NACE_2.1 ; broadMatch ; source=ofs-noga2025. Validation métier requise ; aucune équivalence exacte affirmée.
,4939,,4939,,exact,NOGA_2025 → NACE_2.1 ; exactMatch ; source=ofs-methodologie. Identité documentée.
,493900,,4939,,aggregated,NOGA_2025 → NACE_2.1 ; broadMatch ; source=ofs-noga2025. Validation métier requise ; aucune équivalence exacte affirmée.
,494,,494,,exact,NOGA_2025 → NACE_2.1 ; exactMatch ; source=ofs-methodologie. Identité documentée.
,4941,,4941,,exact,NOGA_2025 → NACE_2.1 ; exactMatch ; source=ofs-methodologie. Identité documentée.
,494100,,4941,,aggregated,NOGA_2025 → NACE_2.1 ; broadMatch ; source=ofs-noga2025. Validation métier requise ; aucune équivalence exacte affirmée.
,4942,,4942,,exact,NOGA_2025 → NACE_2.1 ; exactMatch ; source=ofs-methodologie. Identité documentée.
,494200,,4942,,aggregated,NOGA_2025 → NACE_2.1 ; broadMatch ; source=ofs-noga2025. Validation métier requise ; aucune équivalence exacte affirmée.
,495,,495,,exact,NOGA_2025 → NACE_2.1 ; exactMatch ; source=ofs-methodologie. Identité documentée.
,4950,,4950,,exact,NOGA_2025 → NACE_2.1 ; exactMatch ; source=ofs-methodologie. Identité documentée.
,495000,,4950,,aggregated,NOGA_2025 → NACE_2.1 ; broadMatch ; source=ofs-noga2025. Validation métier requise ; aucune équivalence exacte affirmée.
,50,,50,,exact,NOGA_2025 → NACE_2.1 ; exactMatch ; source=ofs-methodologie. Identité documentée.
,501,,501,,exact,NOGA_2025 → NACE_2.1 ; exactMatch ; source=ofs-methodologie. Identité documentée.
,5010,,5010,,exact,NOGA_2025 → NACE_2.1 ; exactMatch ; source=ofs-methodologie. Identité documentée.
,501000,,5010,,aggregated,NOGA_2025 → NACE_2.1 ; broadMatch ; source=ofs-noga2025. Validation métier requise ; aucune équivalence exacte affirmée.
,502,,502,,exact,NOGA_2025 → NACE_2.1 ; exactMatch ; source=ofs-methodologie. Identité documentée.
,5020,,5020,,exact,NOGA_2025 → NACE_2.1 ; exactMatch ; source=ofs-methodologie. Identité documentée.
,502000,,5020,,aggregated,NOGA_2025 → NACE_2.1 ; broadMatch ; source=ofs-noga2025. Validation métier requise ; aucune équivalence exacte affirmée.
,503,,503,,exact,NOGA_2025 → NACE_2.1 ; exactMatch ; source=ofs-methodologie. Identité documentée.
,5030,,5030,,exact,NOGA_2025 → NACE_2.1 ; exactMatch ; source=ofs-methodologie. Identité documentée.
,503000,,5030,,aggregated,NOGA_2025 → NACE_2.1 ; broadMatch ; source=ofs-noga2025. Validation métier requise ; aucune équivalence exacte affirmée.
,504,,504,,exact,NOGA_2025 → NACE_2.1 ; exactMatch ; source=ofs-methodologie. Identité documentée.
,5040,,5040,,exact,NOGA_2025 → NACE_2.1 ; exactMatch ; source=ofs-methodologie. Identité documentée.
,504000,,5040,,aggregated,NOGA_2025 → NACE_2.1 ; broadMatch ; source=ofs-noga2025. Validation métier requise ; aucune équivalence exacte affirmée.
,51,,51,,exact,NOGA_2025 → NACE_2.1 ; exactMatch ; source=ofs-methodologie. Identité documentée.
,511,,511,,exact,NOGA_2025 → NACE_2.1 ; exactMatch ; source=ofs-methodologie. Identité documentée.
,5110,,5110,,exact,NOGA_2025 → NACE_2.1 ; exactMatch ; source=ofs-methodologie. Identité documentée.
,511000,,5110,,aggregated,NOGA_2025 → NACE_2.1 ; broadMatch ; source=ofs-noga2025. Validation métier requise ; aucune équivalence exacte affirmée.
,512,,512,,exact,NOGA_2025 → NACE_2.1 ; exactMatch ; source=ofs-methodologie. Identité documentée.
,5121,,5121,,exact,NOGA_2025 → NACE_2.1 ; exactMatch ; source=ofs-methodologie. Identité documentée.
,512100,,5121,,aggregated,NOGA_2025 → NACE_2.1 ; broadMatch ; source=ofs-noga2025. Validation métier requise ; aucune équivalence exacte affirmée.
,5122,,5122,,exact,NOGA_2025 → NACE_2.1 ; exactMatch ; source=ofs-methodologie. Identité documentée.
,512200,,5122,,aggregated,NOGA_2025 → NACE_2.1 ; broadMatch ; source=ofs-noga2025. Validation métier requise ; aucune équivalence exacte affirmée.
,52,,52,,exact,NOGA_2025 → NACE_2.1 ; exactMatch ; source=ofs-methodologie. Identité documentée.
,521,,521,,exact,NOGA_2025 → NACE_2.1 ; exactMatch ; source=ofs-methodologie. Identité documentée.
,5210,,5210,,exact,NOGA_2025 → NACE_2.1 ; exactMatch ; source=ofs-methodologie. Identité documentée.
,521000,,5210,,aggregated,NOGA_2025 → NACE_2.1 ; broadMatch ; source=ofs-noga2025. Validation métier requise ; aucune équivalence exacte affirmée.
,522,,522,,exact,NOGA_2025 → NACE_2.1 ; exactMatch ; source=ofs-methodologie. Identité documentée.
,5221,,5221,,exact,NOGA_2025 → NACE_2.1 ; exactMatch ; source=ofs-methodologie. Identité documentée.
,522101,,5221,,aggregated,NOGA_2025 → NACE_2.1 ; broadMatch ; source=ofs-noga2025. Validation métier requise ; aucune équivalence exacte affirmée.
,522102,,5221,,aggregated,NOGA_2025 → NACE_2.1 ; broadMatch ; source=ofs-noga2025. Validation métier requise ; aucune équivalence exacte affirmée.
,522103,,5221,,aggregated,NOGA_2025 → NACE_2.1 ; broadMatch ; source=ofs-noga2025. Validation métier requise ; aucune équivalence exacte affirmée.
,5222,,5222,,exact,NOGA_2025 → NACE_2.1 ; exactMatch ; source=ofs-methodologie. Identité documentée.
,522200,,5222,,aggregated,NOGA_2025 → NACE_2.1 ; broadMatch ; source=ofs-noga2025. Validation métier requise ; aucune équivalence exacte affirmée.
,5223,,5223,,exact,NOGA_2025 → NACE_2.1 ; exactMatch ; source=ofs-methodologie. Identité documentée.
,522300,,5223,,aggregated,NOGA_2025 → NACE_2.1 ; broadMatch ; source=ofs-noga2025. Validation métier requise ; aucune équivalence exacte affirmée.
,5224,,5224,,exact,NOGA_2025 → NACE_2.1 ; exactMatch ; source=ofs-methodologie. Identité documentée.
,522400,,5224,,aggregated,NOGA_2025 → NACE_2.1 ; broadMatch ; source=ofs-noga2025. Validation métier requise ; aucune équivalence exacte affirmée.
,5225,,5225,,exact,NOGA_2025 → NACE_2.1 ; exactMatch ; source=ofs-methodologie. Identité documentée.
,522500,,5225,,aggregated,NOGA_2025 → NACE_2.1 ; broadMatch ; source=ofs-noga2025. Validation métier requise ; aucune équivalence exacte affirmée.
,5226,,5226,,exact,NOGA_2025 → NACE_2.1 ; exactMatch ; source=ofs-methodologie. Identité documentée.
,522600,,5226,,aggregated,NOGA_2025 → NACE_2.1 ; broadMatch ; source=ofs-noga2025. Validation métier requise ; aucune équivalence exacte affirmée.
,523,,523,,exact,NOGA_2025 → NACE_2.1 ; exactMatch ; source=ofs-methodologie. Identité documentée.
,5231,,5231,,exact,NOGA_2025 → NACE_2.1 ; exactMatch ; source=ofs-methodologie. Identité documentée.
,523100,,5231,,aggregated,NOGA_2025 → NACE_2.1 ; broadMatch ; source=ofs-noga2025. Validation métier requise ; aucune équivalence exacte affirmée.
,5232,,5232,,exact,NOGA_2025 → NACE_2.1 ; exactMatch ; source=ofs-methodologie. Identité documentée.
,523200,,5232,,aggregated,NOGA_2025 → NACE_2.1 ; broadMatch ; source=ofs-noga2025. Validation métier requise ; aucune équivalence exacte affirmée.
,53,,53,,exact,NOGA_2025 → NACE_2.1 ; exactMatch ; source=ofs-methodologie. Identité documentée.
,531,,531,,exact,NOGA_2025 → NACE_2.1 ; exactMatch ; source=ofs-methodologie. Identité documentée.
,5310,,5310,,exact,NOGA_2025 → NACE_2.1 ; exactMatch ; source=ofs-methodologie. Identité documentée.
,531000,,5310,,aggregated,NOGA_2025 → NACE_2.1 ; broadMatch ; source=ofs-noga2025. Validation métier requise ; aucune équivalence exacte affirmée.
,532,,532,,exact,NOGA_2025 → NACE_2.1 ; exactMatch ; source=ofs-methodologie. Identité documentée.
,5320,,5320,,exact,NOGA_2025 → NACE_2.1 ; exactMatch ; source=ofs-methodologie. Identité documentée.
,532000,,5320,,aggregated,NOGA_2025 → NACE_2.1 ; broadMatch ; source=ofs-noga2025. Validation métier requise ; aucune équivalence exacte affirmée.
,533,,533,,exact,NOGA_2025 → NACE_2.1 ; exactMatch ; source=ofs-methodologie. Identité documentée.
,5330,,5330,,exact,NOGA_2025 → NACE_2.1 ; exactMatch ; source=ofs-methodologie. Identité documentée.
,533000,,5330,,aggregated,NOGA_2025 → NACE_2.1 ; broadMatch ; source=ofs-noga2025. Validation métier requise ; aucune équivalence exacte affirmée.
,55,,55,,exact,NOGA_2025 → NACE_2.1 ; exactMatch ; source=ofs-methodologie. Identité documentée.
,551,,551,,exact,NOGA_2025 → NACE_2.1 ; exactMatch ; source=ofs-methodologie. Identité documentée.
,5510,,5510,,exact,NOGA_2025 → NACE_2.1 ; exactMatch ; source=ofs-methodologie. Identité documentée.
,551001,,5510,,aggregated,NOGA_2025 → NACE_2.1 ; broadMatch ; source=ofs-noga2025. Validation métier requise ; aucune équivalence exacte affirmée.
,551002,,5510,,aggregated,NOGA_2025 → NACE_2.1 ; broadMatch ; source=ofs-noga2025. Validation métier requise ; aucune équivalence exacte affirmée.
,552,,552,,exact,NOGA_2025 → NACE_2.1 ; exactMatch ; source=ofs-methodologie. Identité documentée.
,5520,,5520,,exact,NOGA_2025 → NACE_2.1 ; exactMatch ; source=ofs-methodologie. Identité documentée.
,552001,,5520,,aggregated,NOGA_2025 → NACE_2.1 ; broadMatch ; source=ofs-noga2025. Validation métier requise ; aucune équivalence exacte affirmée.
,552002,,5520,,aggregated,NOGA_2025 → NACE_2.1 ; broadMatch ; source=ofs-noga2025. Validation métier requise ; aucune équivalence exacte affirmée.
,553,,553,,exact,NOGA_2025 → NACE_2.1 ; exactMatch ; source=ofs-methodologie. Identité documentée.
,5530,,5530,,exact,NOGA_2025 → NACE_2.1 ; exactMatch ; source=ofs-methodologie. Identité documentée.
,553000,,5530,,aggregated,NOGA_2025 → NACE_2.1 ; broadMatch ; source=ofs-noga2025. Validation métier requise ; aucune équivalence exacte affirmée.
,554,,554,,exact,NOGA_2025 → NACE_2.1 ; exactMatch ; source=ofs-methodologie. Identité documentée.
,5540,,5540,,exact,NOGA_2025 → NACE_2.1 ; exactMatch ; source=ofs-methodologie. Identité documentée.
,554000,,5540,,aggregated,NOGA_2025 → NACE_2.1 ; broadMatch ; source=ofs-noga2025. Validation métier requise ; aucune équivalence exacte affirmée.
,559,,559,,exact,NOGA_2025 → NACE_2.1 ; exactMatch ; source=ofs-methodologie. Identité documentée.
,5590,,5590,,exact,NOGA_2025 → NACE_2.1 ; exactMatch ; source=ofs-methodologie. Identité documentée.
,559000,,5590,,aggregated,NOGA_2025 → NACE_2.1 ; broadMatch ; source=ofs-noga2025. Validation métier requise ; aucune équivalence exacte affirmée.
,56,,56,,exact,NOGA_2025 → NACE_2.1 ; exactMatch ; source=ofs-methodologie. Identité documentée.
,561,,561,,exact,NOGA_2025 → NACE_2.1 ; exactMatch ; source=ofs-methodologie. Identité documentée.
,5611,,5611,,exact,NOGA_2025 → NACE_2.1 ; exactMatch ; source=ofs-methodologie. Identité documentée.
,561101,,5611,,aggregated,NOGA_2025 → NACE_2.1 ; broadMatch ; source=ofs-noga2025. Validation métier requise ; aucune équivalence exacte affirmée.
,561102,,5611,,aggregated,NOGA_2025 → NACE_2.1 ; broadMatch ; source=ofs-noga2025. Validation métier requise ; aucune équivalence exacte affirmée.
,5612,,5612,,exact,NOGA_2025 → NACE_2.1 ; exactMatch ; source=ofs-methodologie. Identité documentée.
,561200,,5612,,aggregated,NOGA_2025 → NACE_2.1 ; broadMatch ; source=ofs-noga2025. Validation métier requise ; aucune équivalence exacte affirmée.
,562,,562,,exact,NOGA_2025 → NACE_2.1 ; exactMatch ; source=ofs-methodologie. Identité documentée.
,5621,,5621,,exact,NOGA_2025 → NACE_2.1 ; exactMatch ; source=ofs-methodologie. Identité documentée.
,562100,,5621,,aggregated,NOGA_2025 → NACE_2.1 ; broadMatch ; source=ofs-noga2025. Validation métier requise ; aucune équivalence exacte affirmée.
,5622,,5622,,exact,NOGA_2025 → NACE_2.1 ; exactMatch ; source=ofs-methodologie. Identité documentée.
,562200,,5622,,aggregated,NOGA_2025 → NACE_2.1 ; broadMatch ; source=ofs-noga2025. Validation métier requise ; aucune équivalence exacte affirmée.
,563,,563,,exact,NOGA_2025 → NACE_2.1 ; exactMatch ; source=ofs-methodologie. Identité documentée.
,5630,,5630,,exact,NOGA_2025 → NACE_2.1 ; exactMatch ; source=ofs-methodologie. Identité documentée.
,563001,,5630,,aggregated,NOGA_2025 → NACE_2.1 ; broadMatch ; source=ofs-noga2025. Validation métier requise ; aucune équivalence exacte affirmée.
,563002,,5630,,aggregated,NOGA_2025 → NACE_2.1 ; broadMatch ; source=ofs-noga2025. Validation métier requise ; aucune équivalence exacte affirmée.
,564,,564,,exact,NOGA_2025 → NACE_2.1 ; exactMatch ; source=ofs-methodologie. Identité documentée.
,5640,,5640,,exact,NOGA_2025 → NACE_2.1 ; exactMatch ; source=ofs-methodologie. Identité documentée.
,564000,,5640,,aggregated,NOGA_2025 → NACE_2.1 ; broadMatch ; source=ofs-noga2025. Validation métier requise ; aucune équivalence exacte affirmée.
,58,,58,,exact,NOGA_2025 → NACE_2.1 ; exactMatch ; source=ofs-methodologie. Identité documentée.
,581,,581,,exact,NOGA_2025 → NACE_2.1 ; exactMatch ; source=ofs-methodologie. Identité documentée.
,5811,,5811,,exact,NOGA_2025 → NACE_2.1 ; exactMatch ; source=ofs-methodologie. Identité documentée.
,581100,,5811,,aggregated,NOGA_2025 → NACE_2.1 ; broadMatch ; source=ofs-noga2025. Validation métier requise ; aucune équivalence exacte affirmée.
,5812,,5812,,exact,NOGA_2025 → NACE_2.1 ; exactMatch ; source=ofs-methodologie. Identité documentée.
,581200,,5812,,aggregated,NOGA_2025 → NACE_2.1 ; broadMatch ; source=ofs-noga2025. Validation métier requise ; aucune équivalence exacte affirmée.
,5813,,5813,,exact,NOGA_2025 → NACE_2.1 ; exactMatch ; source=ofs-methodologie. Identité documentée.
,581300,,5813,,aggregated,NOGA_2025 → NACE_2.1 ; broadMatch ; source=ofs-noga2025. Validation métier requise ; aucune équivalence exacte affirmée.
,5819,,5819,,exact,NOGA_2025 → NACE_2.1 ; exactMatch ; source=ofs-methodologie. Identité documentée.
,581900,,5819,,aggregated,NOGA_2025 → NACE_2.1 ; broadMatch ; source=ofs-noga2025. Validation métier requise ; aucune équivalence exacte affirmée.
,582,,582,,exact,NOGA_2025 → NACE_2.1 ; exactMatch ; source=ofs-methodologie. Identité documentée.
,5821,,5821,,exact,NOGA_2025 → NACE_2.1 ; exactMatch ; source=ofs-methodologie. Identité documentée.
,582100,,5821,,aggregated,NOGA_2025 → NACE_2.1 ; broadMatch ; source=ofs-noga2025. Validation métier requise ; aucune équivalence exacte affirmée.
,5829,,5829,,exact,NOGA_2025 → NACE_2.1 ; exactMatch ; source=ofs-methodologie. Identité documentée.
,582900,,5829,,aggregated,NOGA_2025 → NACE_2.1 ; broadMatch ; source=ofs-noga2025. Validation métier requise ; aucune équivalence exacte affirmée.
,59,,59,,exact,NOGA_2025 → NACE_2.1 ; exactMatch ; source=ofs-methodologie. Identité documentée.
,591,,591,,exact,NOGA_2025 → NACE_2.1 ; exactMatch ; source=ofs-methodologie. Identité documentée.
,5911,,5911,,exact,NOGA_2025 → NACE_2.1 ; exactMatch ; source=ofs-methodologie. Identité documentée.
,591100,,5911,,aggregated,NOGA_2025 → NACE_2.1 ; broadMatch ; source=ofs-noga2025. Validation métier requise ; aucune équivalence exacte affirmée.
,5912,,5912,,exact,NOGA_2025 → NACE_2.1 ; exactMatch ; source=ofs-methodologie. Identité documentée.
,591200,,5912,,aggregated,NOGA_2025 → NACE_2.1 ; broadMatch ; source=ofs-noga2025. Validation métier requise ; aucune équivalence exacte affirmée.
,5913,,5913,,exact,NOGA_2025 → NACE_2.1 ; exactMatch ; source=ofs-methodologie. Identité documentée.
,591300,,5913,,aggregated,NOGA_2025 → NACE_2.1 ; broadMatch ; source=ofs-noga2025. Validation métier requise ; aucune équivalence exacte affirmée.
,5914,,5914,,exact,NOGA_2025 → NACE_2.1 ; exactMatch ; source=ofs-methodologie. Identité documentée.
,591400,,5914,,aggregated,NOGA_2025 → NACE_2.1 ; broadMatch ; source=ofs-noga2025. Validation métier requise ; aucune équivalence exacte affirmée.
,592,,592,,exact,NOGA_2025 → NACE_2.1 ; exactMatch ; source=ofs-methodologie. Identité documentée.
,5920,,5920,,exact,NOGA_2025 → NACE_2.1 ; exactMatch ; source=ofs-methodologie. Identité documentée.
,592000,,5920,,aggregated,NOGA_2025 → NACE_2.1 ; broadMatch ; source=ofs-noga2025. Validation métier requise ; aucune équivalence exacte affirmée.
,60,,60,,exact,NOGA_2025 → NACE_2.1 ; exactMatch ; source=ofs-methodologie. Identité documentée.
,601,,601,,exact,NOGA_2025 → NACE_2.1 ; exactMatch ; source=ofs-methodologie. Identité documentée.
,6010,,6010,,exact,NOGA_2025 → NACE_2.1 ; exactMatch ; source=ofs-methodologie. Identité documentée.
,601000,,6010,,aggregated,NOGA_2025 → NACE_2.1 ; broadMatch ; source=ofs-noga2025. Validation métier requise ; aucune équivalence exacte affirmée.
,602,,602,,exact,NOGA_2025 → NACE_2.1 ; exactMatch ; source=ofs-methodologie. Identité documentée.
,6020,,6020,,exact,NOGA_2025 → NACE_2.1 ; exactMatch ; source=ofs-methodologie. Identité documentée.
,602000,,6020,,aggregated,NOGA_2025 → NACE_2.1 ; broadMatch ; source=ofs-noga2025. Validation métier requise ; aucune équivalence exacte affirmée.
,603,,603,,exact,NOGA_2025 → NACE_2.1 ; exactMatch ; source=ofs-methodologie. Identité documentée.
,6031,,6031,,exact,NOGA_2025 → NACE_2.1 ; exactMatch ; source=ofs-methodologie. Identité documentée.
,603100,,6031,,aggregated,NOGA_2025 → NACE_2.1 ; broadMatch ; source=ofs-noga2025. Validation métier requise ; aucune équivalence exacte affirmée.
,6039,,6039,,exact,NOGA_2025 → NACE_2.1 ; exactMatch ; source=ofs-methodologie. Identité documentée.
,603900,,6039,,aggregated,NOGA_2025 → NACE_2.1 ; broadMatch ; source=ofs-noga2025. Validation métier requise ; aucune équivalence exacte affirmée.
,61,,61,,exact,NOGA_2025 → NACE_2.1 ; exactMatch ; source=ofs-methodologie. Identité documentée.
,611,,611,,exact,NOGA_2025 → NACE_2.1 ; exactMatch ; source=ofs-methodologie. Identité documentée.
,6110,,6110,,exact,NOGA_2025 → NACE_2.1 ; exactMatch ; source=ofs-methodologie. Identité documentée.
,611000,,6110,,aggregated,NOGA_2025 → NACE_2.1 ; broadMatch ; source=ofs-noga2025. Validation métier requise ; aucune équivalence exacte affirmée.
,612,,612,,exact,NOGA_2025 → NACE_2.1 ; exactMatch ; source=ofs-methodologie. Identité documentée.
,6120,,6120,,exact,NOGA_2025 → NACE_2.1 ; exactMatch ; source=ofs-methodologie. Identité documentée.
,612000,,6120,,aggregated,NOGA_2025 → NACE_2.1 ; broadMatch ; source=ofs-noga2025. Validation métier requise ; aucune équivalence exacte affirmée.
,619,,619,,exact,NOGA_2025 → NACE_2.1 ; exactMatch ; source=ofs-methodologie. Identité documentée.
,6190,,6190,,exact,NOGA_2025 → NACE_2.1 ; exactMatch ; source=ofs-methodologie. Identité documentée.
,619000,,6190,,aggregated,NOGA_2025 → NACE_2.1 ; broadMatch ; source=ofs-noga2025. Validation métier requise ; aucune équivalence exacte affirmée.
,62,,62,,exact,NOGA_2025 → NACE_2.1 ; exactMatch ; source=ofs-methodologie. Identité documentée.
,621,,621,,exact,NOGA_2025 → NACE_2.1 ; exactMatch ; source=ofs-methodologie. Identité documentée.
,6210,,6210,,exact,NOGA_2025 → NACE_2.1 ; exactMatch ; source=ofs-methodologie. Identité documentée.
,621000,,6210,,aggregated,NOGA_2025 → NACE_2.1 ; broadMatch ; source=ofs-noga2025. Validation métier requise ; aucune équivalence exacte affirmée.
,622,,622,,exact,NOGA_2025 → NACE_2.1 ; exactMatch ; source=ofs-methodologie. Identité documentée.
,6220,,6220,,exact,NOGA_2025 → NACE_2.1 ; exactMatch ; source=ofs-methodologie. Identité documentée.
,622000,,6220,,aggregated,NOGA_2025 → NACE_2.1 ; broadMatch ; source=ofs-noga2025. Validation métier requise ; aucune équivalence exacte affirmée.
,629,,629,,exact,NOGA_2025 → NACE_2.1 ; exactMatch ; source=ofs-methodologie. Identité documentée.
,6290,,6290,,exact,NOGA_2025 → NACE_2.1 ; exactMatch ; source=ofs-methodologie. Identité documentée.
,629000,,6290,,aggregated,NOGA_2025 → NACE_2.1 ; broadMatch ; source=ofs-noga2025. Validation métier requise ; aucune équivalence exacte affirmée.
,63,,63,,exact,NOGA_2025 → NACE_2.1 ; exactMatch ; source=ofs-methodologie. Identité documentée.
,631,,631,,exact,NOGA_2025 → NACE_2.1 ; exactMatch ; source=ofs-methodologie. Identité documentée.
,6310,,6310,,exact,NOGA_2025 → NACE_2.1 ; exactMatch ; source=ofs-methodologie. Identité documentée.
,631000,,6310,,aggregated,NOGA_2025 → NACE_2.1 ; broadMatch ; source=ofs-noga2025. Validation métier requise ; aucune équivalence exacte affirmée.
,639,,639,,exact,NOGA_2025 → NACE_2.1 ; exactMatch ; source=ofs-methodologie. Identité documentée.
,6391,,6391,,exact,NOGA_2025 → NACE_2.1 ; exactMatch ; source=ofs-methodologie. Identité documentée.
,639100,,6391,,aggregated,NOGA_2025 → NACE_2.1 ; broadMatch ; source=ofs-noga2025. Validation métier requise ; aucune équivalence exacte affirmée.
,6392,,6392,,exact,NOGA_2025 → NACE_2.1 ; exactMatch ; source=ofs-methodologie. Identité documentée.
,639200,,6392,,aggregated,NOGA_2025 → NACE_2.1 ; broadMatch ; source=ofs-noga2025. Validation métier requise ; aucune équivalence exacte affirmée.
,64,,64,,exact,NOGA_2025 → NACE_2.1 ; exactMatch ; source=ofs-methodologie. Identité documentée.
,641,,641,,exact,NOGA_2025 → NACE_2.1 ; exactMatch ; source=ofs-methodologie. Identité documentée.
,6411,,6411,,exact,NOGA_2025 → NACE_2.1 ; exactMatch ; source=ofs-methodologie. Identité documentée.
,641100,,6411,,aggregated,NOGA_2025 → NACE_2.1 ; broadMatch ; source=ofs-noga2025. Validation métier requise ; aucune équivalence exacte affirmée.
,6419,,6419,,exact,NOGA_2025 → NACE_2.1 ; exactMatch ; source=ofs-methodologie. Identité documentée.
,641901,,6419,,aggregated,NOGA_2025 → NACE_2.1 ; broadMatch ; source=ofs-noga2025. Validation métier requise ; aucune équivalence exacte affirmée.
,641902,,6419,,aggregated,NOGA_2025 → NACE_2.1 ; broadMatch ; source=ofs-noga2025. Validation métier requise ; aucune équivalence exacte affirmée.
,641903,,6419,,aggregated,NOGA_2025 → NACE_2.1 ; broadMatch ; source=ofs-noga2025. Validation métier requise ; aucune équivalence exacte affirmée.
,641904,,6419,,aggregated,NOGA_2025 → NACE_2.1 ; broadMatch ; source=ofs-noga2025. Validation métier requise ; aucune équivalence exacte affirmée.
,641905,,6419,,aggregated,NOGA_2025 → NACE_2.1 ; broadMatch ; source=ofs-noga2025. Validation métier requise ; aucune équivalence exacte affirmée.
,641906,,6419,,aggregated,NOGA_2025 → NACE_2.1 ; broadMatch ; source=ofs-noga2025. Validation métier requise ; aucune équivalence exacte affirmée.
,641907,,6419,,aggregated,NOGA_2025 → NACE_2.1 ; broadMatch ; source=ofs-noga2025. Validation métier requise ; aucune équivalence exacte affirmée.
,641908,,6419,,aggregated,NOGA_2025 → NACE_2.1 ; broadMatch ; source=ofs-noga2025. Validation métier requise ; aucune équivalence exacte affirmée.
,641909,,6419,,aggregated,NOGA_2025 → NACE_2.1 ; broadMatch ; source=ofs-noga2025. Validation métier requise ; aucune équivalence exacte affirmée.
,641919,,6419,,aggregated,NOGA_2025 → NACE_2.1 ; broadMatch ; source=ofs-noga2025. Validation métier requise ; aucune équivalence exacte affirmée.
,642,,642,,exact,NOGA_2025 → NACE_2.1 ; exactMatch ; source=ofs-methodologie. Identité documentée.
,6421,,6421,,exact,NOGA_2025 → NACE_2.1 ; exactMatch ; source=ofs-methodologie. Identité documentée.
,642100,,6421,,aggregated,NOGA_2025 → NACE_2.1 ; broadMatch ; source=ofs-noga2025. Validation métier requise ; aucune équivalence exacte affirmée.
,6422,,6422,,exact,NOGA_2025 → NACE_2.1 ; exactMatch ; source=ofs-methodologie. Identité documentée.
,642200,,6422,,aggregated,NOGA_2025 → NACE_2.1 ; broadMatch ; source=ofs-noga2025. Validation métier requise ; aucune équivalence exacte affirmée.
,643,,643,,exact,NOGA_2025 → NACE_2.1 ; exactMatch ; source=ofs-methodologie. Identité documentée.
,6431,,6431,,exact,NOGA_2025 → NACE_2.1 ; exactMatch ; source=ofs-methodologie. Identité documentée.
,643101,,6431,,aggregated,NOGA_2025 → NACE_2.1 ; broadMatch ; source=ofs-noga2025. Validation métier requise ; aucune équivalence exacte affirmée.
,643102,,6431,,aggregated,NOGA_2025 → NACE_2.1 ; broadMatch ; source=ofs-noga2025. Validation métier requise ; aucune équivalence exacte affirmée.
,6432,,6432,,exact,NOGA_2025 → NACE_2.1 ; exactMatch ; source=ofs-methodologie. Identité documentée.
,643200,,6432,,aggregated,NOGA_2025 → NACE_2.1 ; broadMatch ; source=ofs-noga2025. Validation métier requise ; aucune équivalence exacte affirmée.
,649,,649,,exact,NOGA_2025 → NACE_2.1 ; exactMatch ; source=ofs-methodologie. Identité documentée.
,6491,,6491,,exact,NOGA_2025 → NACE_2.1 ; exactMatch ; source=ofs-methodologie. Identité documentée.
,649100,,6491,,aggregated,NOGA_2025 → NACE_2.1 ; broadMatch ; source=ofs-noga2025. Validation métier requise ; aucune équivalence exacte affirmée.
,6492,,6492,,exact,NOGA_2025 → NACE_2.1 ; exactMatch ; source=ofs-methodologie. Identité documentée.
,649200,,6492,,aggregated,NOGA_2025 → NACE_2.1 ; broadMatch ; source=ofs-noga2025. Validation métier requise ; aucune équivalence exacte affirmée.
,6499,,6499,,exact,NOGA_2025 → NACE_2.1 ; exactMatch ; source=ofs-methodologie. Identité documentée.
,649900,,6499,,aggregated,NOGA_2025 → NACE_2.1 ; broadMatch ; source=ofs-noga2025. Validation métier requise ; aucune équivalence exacte affirmée.
,65,,65,,exact,NOGA_2025 → NACE_2.1 ; exactMatch ; source=ofs-methodologie. Identité documentée.
,651,,651,,exact,NOGA_2025 → NACE_2.1 ; exactMatch ; source=ofs-methodologie. Identité documentée.
,6511,,6511,,exact,NOGA_2025 → NACE_2.1 ; exactMatch ; source=ofs-methodologie. Identité documentée.
,651100,,6511,,aggregated,NOGA_2025 → NACE_2.1 ; broadMatch ; source=ofs-noga2025. Validation métier requise ; aucune équivalence exacte affirmée.
,6512,,6512,,exact,NOGA_2025 → NACE_2.1 ; exactMatch ; source=ofs-methodologie. Identité documentée.
,651201,,6512,,aggregated,NOGA_2025 → NACE_2.1 ; broadMatch ; source=ofs-noga2025. Validation métier requise ; aucune équivalence exacte affirmée.
,651202,,6512,,aggregated,NOGA_2025 → NACE_2.1 ; broadMatch ; source=ofs-noga2025. Validation métier requise ; aucune équivalence exacte affirmée.
,651203,,6512,,aggregated,NOGA_2025 → NACE_2.1 ; broadMatch ; source=ofs-noga2025. Validation métier requise ; aucune équivalence exacte affirmée.
,651209,,6512,,aggregated,NOGA_2025 → NACE_2.1 ; broadMatch ; source=ofs-noga2025. Validation métier requise ; aucune équivalence exacte affirmée.
,652,,652,,exact,NOGA_2025 → NACE_2.1 ; exactMatch ; source=ofs-methodologie. Identité documentée.
,6520,,6520,,exact,NOGA_2025 → NACE_2.1 ; exactMatch ; source=ofs-methodologie. Identité documentée.
,652000,,6520,,aggregated,NOGA_2025 → NACE_2.1 ; broadMatch ; source=ofs-noga2025. Validation métier requise ; aucune équivalence exacte affirmée.
,653,,653,,exact,NOGA_2025 → NACE_2.1 ; exactMatch ; source=ofs-methodologie. Identité documentée.
,6530,,6530,,exact,NOGA_2025 → NACE_2.1 ; exactMatch ; source=ofs-methodologie. Identité documentée.
,653000,,6530,,aggregated,NOGA_2025 → NACE_2.1 ; broadMatch ; source=ofs-noga2025. Validation métier requise ; aucune équivalence exacte affirmée.
,66,,66,,exact,NOGA_2025 → NACE_2.1 ; exactMatch ; source=ofs-methodologie. Identité documentée.
,661,,661,,exact,NOGA_2025 → NACE_2.1 ; exactMatch ; source=ofs-methodologie. Identité documentée.
,6611,,6611,,exact,NOGA_2025 → NACE_2.1 ; exactMatch ; source=ofs-methodologie. Identité documentée.
,661100,,6611,,aggregated,NOGA_2025 → NACE_2.1 ; broadMatch ; source=ofs-noga2025. Validation métier requise ; aucune équivalence exacte affirmée.
,6612,,6612,,exact,NOGA_2025 → NACE_2.1 ; exactMatch ; source=ofs-methodologie. Identité documentée.
,661200,,6612,,aggregated,NOGA_2025 → NACE_2.1 ; broadMatch ; source=ofs-noga2025. Validation métier requise ; aucune équivalence exacte affirmée.
,6619,,6619,,exact,NOGA_2025 → NACE_2.1 ; exactMatch ; source=ofs-methodologie. Identité documentée.
,661900,,6619,,aggregated,NOGA_2025 → NACE_2.1 ; broadMatch ; source=ofs-noga2025. Validation métier requise ; aucune équivalence exacte affirmée.
,662,,662,,exact,NOGA_2025 → NACE_2.1 ; exactMatch ; source=ofs-methodologie. Identité documentée.
,6621,,6621,,exact,NOGA_2025 → NACE_2.1 ; exactMatch ; source=ofs-methodologie. Identité documentée.
,662100,,6621,,aggregated,NOGA_2025 → NACE_2.1 ; broadMatch ; source=ofs-noga2025. Validation métier requise ; aucune équivalence exacte affirmée.
,6622,,6622,,exact,NOGA_2025 → NACE_2.1 ; exactMatch ; source=ofs-methodologie. Identité documentée.
,662200,,6622,,aggregated,NOGA_2025 → NACE_2.1 ; broadMatch ; source=ofs-noga2025. Validation métier requise ; aucune équivalence exacte affirmée.
,6629,,6629,,exact,NOGA_2025 → NACE_2.1 ; exactMatch ; source=ofs-methodologie. Identité documentée.
,662901,,6629,,aggregated,NOGA_2025 → NACE_2.1 ; broadMatch ; source=ofs-noga2025. Validation métier requise ; aucune équivalence exacte affirmée.
,662909,,6629,,aggregated,NOGA_2025 → NACE_2.1 ; broadMatch ; source=ofs-noga2025. Validation métier requise ; aucune équivalence exacte affirmée.
,663,,663,,exact,NOGA_2025 → NACE_2.1 ; exactMatch ; source=ofs-methodologie. Identité documentée.
,6630,,6630,,exact,NOGA_2025 → NACE_2.1 ; exactMatch ; source=ofs-methodologie. Identité documentée.
,663000,,6630,,aggregated,NOGA_2025 → NACE_2.1 ; broadMatch ; source=ofs-noga2025. Validation métier requise ; aucune équivalence exacte affirmée.
,68,,68,,exact,NOGA_2025 → NACE_2.1 ; exactMatch ; source=ofs-methodologie. Identité documentée.
,681,,681,,exact,NOGA_2025 → NACE_2.1 ; exactMatch ; source=ofs-methodologie. Identité documentée.
,6811,,6811,,exact,NOGA_2025 → NACE_2.1 ; exactMatch ; source=ofs-methodologie. Identité documentée.
,681100,,6811,,aggregated,NOGA_2025 → NACE_2.1 ; broadMatch ; source=ofs-noga2025. Validation métier requise ; aucune équivalence exacte affirmée.
,6812,,6812,,exact,NOGA_2025 → NACE_2.1 ; exactMatch ; source=ofs-methodologie. Identité documentée.
,681200,,6812,,aggregated,NOGA_2025 → NACE_2.1 ; broadMatch ; source=ofs-noga2025. Validation métier requise ; aucune équivalence exacte affirmée.
,682,,682,,exact,NOGA_2025 → NACE_2.1 ; exactMatch ; source=ofs-methodologie. Identité documentée.
,6820,,6820,,exact,NOGA_2025 → NACE_2.1 ; exactMatch ; source=ofs-methodologie. Identité documentée.
,682001,,6820,,aggregated,NOGA_2025 → NACE_2.1 ; broadMatch ; source=ofs-noga2025. Validation métier requise ; aucune équivalence exacte affirmée.
,682002,,6820,,aggregated,NOGA_2025 → NACE_2.1 ; broadMatch ; source=ofs-noga2025. Validation métier requise ; aucune équivalence exacte affirmée.
,682003,,6820,,aggregated,NOGA_2025 → NACE_2.1 ; broadMatch ; source=ofs-noga2025. Validation métier requise ; aucune équivalence exacte affirmée.
,683,,683,,exact,NOGA_2025 → NACE_2.1 ; exactMatch ; source=ofs-methodologie. Identité documentée.
,6831,,6831,,exact,NOGA_2025 → NACE_2.1 ; exactMatch ; source=ofs-methodologie. Identité documentée.
,683100,,6831,,aggregated,NOGA_2025 → NACE_2.1 ; broadMatch ; source=ofs-noga2025. Validation métier requise ; aucune équivalence exacte affirmée.
,6832,,6832,,exact,NOGA_2025 → NACE_2.1 ; exactMatch ; source=ofs-methodologie. Identité documentée.
,683200,,6832,,aggregated,NOGA_2025 → NACE_2.1 ; broadMatch ; source=ofs-noga2025. Validation métier requise ; aucune équivalence exacte affirmée.
,69,,69,,exact,NOGA_2025 → NACE_2.1 ; exactMatch ; source=ofs-methodologie. Identité documentée.
,691,,691,,exact,NOGA_2025 → NACE_2.1 ; exactMatch ; source=ofs-methodologie. Identité documentée.
,6910,,6910,,exact,NOGA_2025 → NACE_2.1 ; exactMatch ; source=ofs-methodologie. Identité documentée.
,691001,,6910,,aggregated,NOGA_2025 → NACE_2.1 ; broadMatch ; source=ofs-noga2025. Validation métier requise ; aucune équivalence exacte affirmée.
,691002,,6910,,aggregated,NOGA_2025 → NACE_2.1 ; broadMatch ; source=ofs-noga2025. Validation métier requise ; aucune équivalence exacte affirmée.
,692,,692,,exact,NOGA_2025 → NACE_2.1 ; exactMatch ; source=ofs-methodologie. Identité documentée.
,6920,,6920,,exact,NOGA_2025 → NACE_2.1 ; exactMatch ; source=ofs-methodologie. Identité documentée.
,692000,,6920,,aggregated,NOGA_2025 → NACE_2.1 ; broadMatch ; source=ofs-noga2025. Validation métier requise ; aucune équivalence exacte affirmée.
,70,,70,,exact,NOGA_2025 → NACE_2.1 ; exactMatch ; source=ofs-methodologie. Identité documentée.
,701,,701,,exact,NOGA_2025 → NACE_2.1 ; exactMatch ; source=ofs-methodologie. Identité documentée.
,7010,,7010,,exact,NOGA_2025 → NACE_2.1 ; exactMatch ; source=ofs-methodologie. Identité documentée.
,701001,,7010,,aggregated,NOGA_2025 → NACE_2.1 ; broadMatch ; source=ofs-noga2025. Validation métier requise ; aucune équivalence exacte affirmée.
,701002,,7010,,aggregated,NOGA_2025 → NACE_2.1 ; broadMatch ; source=ofs-noga2025. Validation métier requise ; aucune équivalence exacte affirmée.
,702,,702,,exact,NOGA_2025 → NACE_2.1 ; exactMatch ; source=ofs-methodologie. Identité documentée.
,7020,,7020,,exact,NOGA_2025 → NACE_2.1 ; exactMatch ; source=ofs-methodologie. Identité documentée.
,702000,,7020,,aggregated,NOGA_2025 → NACE_2.1 ; broadMatch ; source=ofs-noga2025. Validation métier requise ; aucune équivalence exacte affirmée.
,71,,71,,exact,NOGA_2025 → NACE_2.1 ; exactMatch ; source=ofs-methodologie. Identité documentée.
,711,,711,,exact,NOGA_2025 → NACE_2.1 ; exactMatch ; source=ofs-methodologie. Identité documentée.
,7111,,7111,,exact,NOGA_2025 → NACE_2.1 ; exactMatch ; source=ofs-methodologie. Identité documentée.
,711101,,7111,,aggregated,NOGA_2025 → NACE_2.1 ; broadMatch ; source=ofs-noga2025. Validation métier requise ; aucune équivalence exacte affirmée.
,711102,,7111,,aggregated,NOGA_2025 → NACE_2.1 ; broadMatch ; source=ofs-noga2025. Validation métier requise ; aucune équivalence exacte affirmée.
,711103,,7111,,aggregated,NOGA_2025 → NACE_2.1 ; broadMatch ; source=ofs-noga2025. Validation métier requise ; aucune équivalence exacte affirmée.
,7112,,7112,,exact,NOGA_2025 → NACE_2.1 ; exactMatch ; source=ofs-methodologie. Identité documentée.
,711201,,7112,,aggregated,NOGA_2025 → NACE_2.1 ; broadMatch ; source=ofs-noga2025. Validation métier requise ; aucune équivalence exacte affirmée.
,711202,,7112,,aggregated,NOGA_2025 → NACE_2.1 ; broadMatch ; source=ofs-noga2025. Validation métier requise ; aucune équivalence exacte affirmée.
,711203,,7112,,aggregated,NOGA_2025 → NACE_2.1 ; broadMatch ; source=ofs-noga2025. Validation métier requise ; aucune équivalence exacte affirmée.
,711204,,7112,,aggregated,NOGA_2025 → NACE_2.1 ; broadMatch ; source=ofs-noga2025. Validation métier requise ; aucune équivalence exacte affirmée.
,711205,,7112,,aggregated,NOGA_2025 → NACE_2.1 ; broadMatch ; source=ofs-noga2025. Validation métier requise ; aucune équivalence exacte affirmée.
,712,,712,,exact,NOGA_2025 → NACE_2.1 ; exactMatch ; source=ofs-methodologie. Identité documentée.
,7120,,7120,,exact,NOGA_2025 → NACE_2.1 ; exactMatch ; source=ofs-methodologie. Identité documentée.
,712000,,7120,,aggregated,NOGA_2025 → NACE_2.1 ; broadMatch ; source=ofs-noga2025. Validation métier requise ; aucune équivalence exacte affirmée.
,72,,72,,exact,NOGA_2025 → NACE_2.1 ; exactMatch ; source=ofs-methodologie. Identité documentée.
,721,,721,,exact,NOGA_2025 → NACE_2.1 ; exactMatch ; source=ofs-methodologie. Identité documentée.
,7210,,7210,,exact,NOGA_2025 → NACE_2.1 ; exactMatch ; source=ofs-methodologie. Identité documentée.
,721001,,7210,,aggregated,NOGA_2025 → NACE_2.1 ; broadMatch ; source=ofs-noga2025. Validation métier requise ; aucune équivalence exacte affirmée.
,721002,,7210,,aggregated,NOGA_2025 → NACE_2.1 ; broadMatch ; source=ofs-noga2025. Validation métier requise ; aucune équivalence exacte affirmée.
,722,,722,,exact,NOGA_2025 → NACE_2.1 ; exactMatch ; source=ofs-methodologie. Identité documentée.
,7220,,7220,,exact,NOGA_2025 → NACE_2.1 ; exactMatch ; source=ofs-methodologie. Identité documentée.
,722000,,7220,,aggregated,NOGA_2025 → NACE_2.1 ; broadMatch ; source=ofs-noga2025. Validation métier requise ; aucune équivalence exacte affirmée.
,73,,73,,exact,NOGA_2025 → NACE_2.1 ; exactMatch ; source=ofs-methodologie. Identité documentée.
,731,,731,,exact,NOGA_2025 → NACE_2.1 ; exactMatch ; source=ofs-methodologie. Identité documentée.
,7311,,7311,,exact,NOGA_2025 → NACE_2.1 ; exactMatch ; source=ofs-methodologie. Identité documentée.
,731100,,7311,,aggregated,NOGA_2025 → NACE_2.1 ; broadMatch ; source=ofs-noga2025. Validation métier requise ; aucune équivalence exacte affirmée.
,7312,,7312,,exact,NOGA_2025 → NACE_2.1 ; exactMatch ; source=ofs-methodologie. Identité documentée.
,731200,,7312,,aggregated,NOGA_2025 → NACE_2.1 ; broadMatch ; source=ofs-noga2025. Validation métier requise ; aucune équivalence exacte affirmée.
,732,,732,,exact,NOGA_2025 → NACE_2.1 ; exactMatch ; source=ofs-methodologie. Identité documentée.
,7320,,7320,,exact,NOGA_2025 → NACE_2.1 ; exactMatch ; source=ofs-methodologie. Identité documentée.
,732000,,7320,,aggregated,NOGA_2025 → NACE_2.1 ; broadMatch ; source=ofs-noga2025. Validation métier requise ; aucune équivalence exacte affirmée.
,733,,733,,exact,NOGA_2025 → NACE_2.1 ; exactMatch ; source=ofs-methodologie. Identité documentée.
,7330,,7330,,exact,NOGA_2025 → NACE_2.1 ; exactMatch ; source=ofs-methodologie. Identité documentée.
,733000,,7330,,aggregated,NOGA_2025 → NACE_2.1 ; broadMatch ; source=ofs-noga2025. Validation métier requise ; aucune équivalence exacte affirmée.
,74,,74,,exact,NOGA_2025 → NACE_2.1 ; exactMatch ; source=ofs-methodologie. Identité documentée.
,741,,741,,exact,NOGA_2025 → NACE_2.1 ; exactMatch ; source=ofs-methodologie. Identité documentée.
,7411,,7411,,exact,NOGA_2025 → NACE_2.1 ; exactMatch ; source=ofs-methodologie. Identité documentée.
,741100,,7411,,aggregated,NOGA_2025 → NACE_2.1 ; broadMatch ; source=ofs-noga2025. Validation métier requise ; aucune équivalence exacte affirmée.
,7412,,7412,,exact,NOGA_2025 → NACE_2.1 ; exactMatch ; source=ofs-methodologie. Identité documentée.
,741200,,7412,,aggregated,NOGA_2025 → NACE_2.1 ; broadMatch ; source=ofs-noga2025. Validation métier requise ; aucune équivalence exacte affirmée.
,7413,,7413,,exact,NOGA_2025 → NACE_2.1 ; exactMatch ; source=ofs-methodologie. Identité documentée.
,741300,,7413,,aggregated,NOGA_2025 → NACE_2.1 ; broadMatch ; source=ofs-noga2025. Validation métier requise ; aucune équivalence exacte affirmée.
,7414,,7414,,exact,NOGA_2025 → NACE_2.1 ; exactMatch ; source=ofs-methodologie. Identité documentée.
,741400,,7414,,aggregated,NOGA_2025 → NACE_2.1 ; broadMatch ; source=ofs-noga2025. Validation métier requise ; aucune équivalence exacte affirmée.
,742,,742,,exact,NOGA_2025 → NACE_2.1 ; exactMatch ; source=ofs-methodologie. Identité documentée.
,7420,,7420,,exact,NOGA_2025 → NACE_2.1 ; exactMatch ; source=ofs-methodologie. Identité documentée.
,742000,,7420,,aggregated,NOGA_2025 → NACE_2.1 ; broadMatch ; source=ofs-noga2025. Validation métier requise ; aucune équivalence exacte affirmée.
,743,,743,,exact,NOGA_2025 → NACE_2.1 ; exactMatch ; source=ofs-methodologie. Identité documentée.
,7430,,7430,,exact,NOGA_2025 → NACE_2.1 ; exactMatch ; source=ofs-methodologie. Identité documentée.
,743000,,7430,,aggregated,NOGA_2025 → NACE_2.1 ; broadMatch ; source=ofs-noga2025. Validation métier requise ; aucune équivalence exacte affirmée.
,749,,749,,exact,NOGA_2025 → NACE_2.1 ; exactMatch ; source=ofs-methodologie. Identité documentée.
,7491,,7491,,exact,NOGA_2025 → NACE_2.1 ; exactMatch ; source=ofs-methodologie. Identité documentée.
,749100,,7491,,aggregated,NOGA_2025 → NACE_2.1 ; broadMatch ; source=ofs-noga2025. Validation métier requise ; aucune équivalence exacte affirmée.
,7499,,7499,,exact,NOGA_2025 → NACE_2.1 ; exactMatch ; source=ofs-methodologie. Identité documentée.
,749901,,7499,,aggregated,NOGA_2025 → NACE_2.1 ; broadMatch ; source=ofs-noga2025. Validation métier requise ; aucune équivalence exacte affirmée.
,749909,,7499,,aggregated,NOGA_2025 → NACE_2.1 ; broadMatch ; source=ofs-noga2025. Validation métier requise ; aucune équivalence exacte affirmée.
,75,,75,,exact,NOGA_2025 → NACE_2.1 ; exactMatch ; source=ofs-methodologie. Identité documentée.
,750,,750,,exact,NOGA_2025 → NACE_2.1 ; exactMatch ; source=ofs-methodologie. Identité documentée.
,7500,,7500,,exact,NOGA_2025 → NACE_2.1 ; exactMatch ; source=ofs-methodologie. Identité documentée.
,750000,,7500,,aggregated,NOGA_2025 → NACE_2.1 ; broadMatch ; source=ofs-noga2025. Validation métier requise ; aucune équivalence exacte affirmée.
,77,,77,,exact,NOGA_2025 → NACE_2.1 ; exactMatch ; source=ofs-methodologie. Identité documentée.
,771,,771,,exact,NOGA_2025 → NACE_2.1 ; exactMatch ; source=ofs-methodologie. Identité documentée.
,7711,,7711,,exact,NOGA_2025 → NACE_2.1 ; exactMatch ; source=ofs-methodologie. Identité documentée.
,771100,,7711,,aggregated,NOGA_2025 → NACE_2.1 ; broadMatch ; source=ofs-noga2025. Validation métier requise ; aucune équivalence exacte affirmée.
,7712,,7712,,exact,NOGA_2025 → NACE_2.1 ; exactMatch ; source=ofs-methodologie. Identité documentée.
,771200,,7712,,aggregated,NOGA_2025 → NACE_2.1 ; broadMatch ; source=ofs-noga2025. Validation métier requise ; aucune équivalence exacte affirmée.
,772,,772,,exact,NOGA_2025 → NACE_2.1 ; exactMatch ; source=ofs-methodologie. Identité documentée.
,7721,,7721,,exact,NOGA_2025 → NACE_2.1 ; exactMatch ; source=ofs-methodologie. Identité documentée.
,772100,,7721,,aggregated,NOGA_2025 → NACE_2.1 ; broadMatch ; source=ofs-noga2025. Validation métier requise ; aucune équivalence exacte affirmée.
,7722,,7722,,exact,NOGA_2025 → NACE_2.1 ; exactMatch ; source=ofs-methodologie. Identité documentée.
,772200,,7722,,aggregated,NOGA_2025 → NACE_2.1 ; broadMatch ; source=ofs-noga2025. Validation métier requise ; aucune équivalence exacte affirmée.
,773,,773,,exact,NOGA_2025 → NACE_2.1 ; exactMatch ; source=ofs-methodologie. Identité documentée.
,7731,,7731,,exact,NOGA_2025 → NACE_2.1 ; exactMatch ; source=ofs-methodologie. Identité documentée.
,773100,,7731,,aggregated,NOGA_2025 → NACE_2.1 ; broadMatch ; source=ofs-noga2025. Validation métier requise ; aucune équivalence exacte affirmée.
,7732,,7732,,exact,NOGA_2025 → NACE_2.1 ; exactMatch ; source=ofs-methodologie. Identité documentée.
,773200,,7732,,aggregated,NOGA_2025 → NACE_2.1 ; broadMatch ; source=ofs-noga2025. Validation métier requise ; aucune équivalence exacte affirmée.
,7733,,7733,,exact,NOGA_2025 → NACE_2.1 ; exactMatch ; source=ofs-methodologie. Identité documentée.
,773300,,7733,,aggregated,NOGA_2025 → NACE_2.1 ; broadMatch ; source=ofs-noga2025. Validation métier requise ; aucune équivalence exacte affirmée.
,7734,,7734,,exact,NOGA_2025 → NACE_2.1 ; exactMatch ; source=ofs-methodologie. Identité documentée.
,773400,,7734,,aggregated,NOGA_2025 → NACE_2.1 ; broadMatch ; source=ofs-noga2025. Validation métier requise ; aucune équivalence exacte affirmée.
,7735,,7735,,exact,NOGA_2025 → NACE_2.1 ; exactMatch ; source=ofs-methodologie. Identité documentée.
,773500,,7735,,aggregated,NOGA_2025 → NACE_2.1 ; broadMatch ; source=ofs-noga2025. Validation métier requise ; aucune équivalence exacte affirmée.
,7739,,7739,,exact,NOGA_2025 → NACE_2.1 ; exactMatch ; source=ofs-methodologie. Identité documentée.
,773901,,7739,,aggregated,NOGA_2025 → NACE_2.1 ; broadMatch ; source=ofs-noga2025. Validation métier requise ; aucune équivalence exacte affirmée.
,773909,,7739,,aggregated,NOGA_2025 → NACE_2.1 ; broadMatch ; source=ofs-noga2025. Validation métier requise ; aucune équivalence exacte affirmée.
,774,,774,,exact,NOGA_2025 → NACE_2.1 ; exactMatch ; source=ofs-methodologie. Identité documentée.
,7740,,7740,,exact,NOGA_2025 → NACE_2.1 ; exactMatch ; source=ofs-methodologie. Identité documentée.
,774000,,7740,,aggregated,NOGA_2025 → NACE_2.1 ; broadMatch ; source=ofs-noga2025. Validation métier requise ; aucune équivalence exacte affirmée.
,775,,775,,exact,NOGA_2025 → NACE_2.1 ; exactMatch ; source=ofs-methodologie. Identité documentée.
,7751,,7751,,exact,NOGA_2025 → NACE_2.1 ; exactMatch ; source=ofs-methodologie. Identité documentée.
,775100,,7751,,aggregated,NOGA_2025 → NACE_2.1 ; broadMatch ; source=ofs-noga2025. Validation métier requise ; aucune équivalence exacte affirmée.
,7752,,7752,,exact,NOGA_2025 → NACE_2.1 ; exactMatch ; source=ofs-methodologie. Identité documentée.
,775200,,7752,,aggregated,NOGA_2025 → NACE_2.1 ; broadMatch ; source=ofs-noga2025. Validation métier requise ; aucune équivalence exacte affirmée.
,78,,78,,exact,NOGA_2025 → NACE_2.1 ; exactMatch ; source=ofs-methodologie. Identité documentée.
,781,,781,,exact,NOGA_2025 → NACE_2.1 ; exactMatch ; source=ofs-methodologie. Identité documentée.
,7810,,7810,,exact,NOGA_2025 → NACE_2.1 ; exactMatch ; source=ofs-methodologie. Identité documentée.
,781000,,7810,,aggregated,NOGA_2025 → NACE_2.1 ; broadMatch ; source=ofs-noga2025. Validation métier requise ; aucune équivalence exacte affirmée.
,782,,782,,exact,NOGA_2025 → NACE_2.1 ; exactMatch ; source=ofs-methodologie. Identité documentée.
,7820,,7820,,exact,NOGA_2025 → NACE_2.1 ; exactMatch ; source=ofs-methodologie. Identité documentée.
,782001,,7820,,aggregated,NOGA_2025 → NACE_2.1 ; broadMatch ; source=ofs-noga2025. Validation métier requise ; aucune équivalence exacte affirmée.
,782002,,7820,,aggregated,NOGA_2025 → NACE_2.1 ; broadMatch ; source=ofs-noga2025. Validation métier requise ; aucune équivalence exacte affirmée.
,79,,79,,exact,NOGA_2025 → NACE_2.1 ; exactMatch ; source=ofs-methodologie. Identité documentée.
,791,,791,,exact,NOGA_2025 → NACE_2.1 ; exactMatch ; source=ofs-methodologie. Identité documentée.
,7911,,7911,,exact,NOGA_2025 → NACE_2.1 ; exactMatch ; source=ofs-methodologie. Identité documentée.
,791100,,7911,,aggregated,NOGA_2025 → NACE_2.1 ; broadMatch ; source=ofs-noga2025. Validation métier requise ; aucune équivalence exacte affirmée.
,7912,,7912,,exact,NOGA_2025 → NACE_2.1 ; exactMatch ; source=ofs-methodologie. Identité documentée.
,791200,,7912,,aggregated,NOGA_2025 → NACE_2.1 ; broadMatch ; source=ofs-noga2025. Validation métier requise ; aucune équivalence exacte affirmée.
,799,,799,,exact,NOGA_2025 → NACE_2.1 ; exactMatch ; source=ofs-methodologie. Identité documentée.
,7990,,7990,,exact,NOGA_2025 → NACE_2.1 ; exactMatch ; source=ofs-methodologie. Identité documentée.
,799000,,7990,,aggregated,NOGA_2025 → NACE_2.1 ; broadMatch ; source=ofs-noga2025. Validation métier requise ; aucune équivalence exacte affirmée.
,80,,80,,exact,NOGA_2025 → NACE_2.1 ; exactMatch ; source=ofs-methodologie. Identité documentée.
,800,,800,,exact,NOGA_2025 → NACE_2.1 ; exactMatch ; source=ofs-methodologie. Identité documentée.
,8001,,8001,,exact,NOGA_2025 → NACE_2.1 ; exactMatch ; source=ofs-methodologie. Identité documentée.
,800100,,8001,,aggregated,NOGA_2025 → NACE_2.1 ; broadMatch ; source=ofs-noga2025. Validation métier requise ; aucune équivalence exacte affirmée.
,8009,,8009,,exact,NOGA_2025 → NACE_2.1 ; exactMatch ; source=ofs-methodologie. Identité documentée.
,800901,,8009,,aggregated,NOGA_2025 → NACE_2.1 ; broadMatch ; source=ofs-noga2025. Validation métier requise ; aucune équivalence exacte affirmée.
,800909,,8009,,aggregated,NOGA_2025 → NACE_2.1 ; broadMatch ; source=ofs-noga2025. Validation métier requise ; aucune équivalence exacte affirmée.
,81,,81,,exact,NOGA_2025 → NACE_2.1 ; exactMatch ; source=ofs-methodologie. Identité documentée.
,811,,811,,exact,NOGA_2025 → NACE_2.1 ; exactMatch ; source=ofs-methodologie. Identité documentée.
,8110,,8110,,exact,NOGA_2025 → NACE_2.1 ; exactMatch ; source=ofs-methodologie. Identité documentée.
,811000,,8110,,aggregated,NOGA_2025 → NACE_2.1 ; broadMatch ; source=ofs-noga2025. Validation métier requise ; aucune équivalence exacte affirmée.
,812,,812,,exact,NOGA_2025 → NACE_2.1 ; exactMatch ; source=ofs-methodologie. Identité documentée.
,8121,,8121,,exact,NOGA_2025 → NACE_2.1 ; exactMatch ; source=ofs-methodologie. Identité documentée.
,812100,,8121,,aggregated,NOGA_2025 → NACE_2.1 ; broadMatch ; source=ofs-noga2025. Validation métier requise ; aucune équivalence exacte affirmée.
,8122,,8122,,exact,NOGA_2025 → NACE_2.1 ; exactMatch ; source=ofs-methodologie. Identité documentée.
,812201,,8122,,aggregated,NOGA_2025 → NACE_2.1 ; broadMatch ; source=ofs-noga2025. Validation métier requise ; aucune équivalence exacte affirmée.
,812202,,8122,,aggregated,NOGA_2025 → NACE_2.1 ; broadMatch ; source=ofs-noga2025. Validation métier requise ; aucune équivalence exacte affirmée.
,8123,,8123,,exact,NOGA_2025 → NACE_2.1 ; exactMatch ; source=ofs-methodologie. Identité documentée.
,812301,,8123,,aggregated,NOGA_2025 → NACE_2.1 ; broadMatch ; source=ofs-noga2025. Validation métier requise ; aucune équivalence exacte affirmée.
,812302,,8123,,aggregated,NOGA_2025 → NACE_2.1 ; broadMatch ; source=ofs-noga2025. Validation métier requise ; aucune équivalence exacte affirmée.
,812309,,8123,,aggregated,NOGA_2025 → NACE_2.1 ; broadMatch ; source=ofs-noga2025. Validation métier requise ; aucune équivalence exacte affirmée.
,813,,813,,exact,NOGA_2025 → NACE_2.1 ; exactMatch ; source=ofs-methodologie. Identité documentée.
,8130,,8130,,exact,NOGA_2025 → NACE_2.1 ; exactMatch ; source=ofs-methodologie. Identité documentée.
,813000,,8130,,aggregated,NOGA_2025 → NACE_2.1 ; broadMatch ; source=ofs-noga2025. Validation métier requise ; aucune équivalence exacte affirmée.
,82,,82,,exact,NOGA_2025 → NACE_2.1 ; exactMatch ; source=ofs-methodologie. Identité documentée.
,821,,821,,exact,NOGA_2025 → NACE_2.1 ; exactMatch ; source=ofs-methodologie. Identité documentée.
,8210,,8210,,exact,NOGA_2025 → NACE_2.1 ; exactMatch ; source=ofs-methodologie. Identité documentée.
,821000,,8210,,aggregated,NOGA_2025 → NACE_2.1 ; broadMatch ; source=ofs-noga2025. Validation métier requise ; aucune équivalence exacte affirmée.
,822,,822,,exact,NOGA_2025 → NACE_2.1 ; exactMatch ; source=ofs-methodologie. Identité documentée.
,8220,,8220,,exact,NOGA_2025 → NACE_2.1 ; exactMatch ; source=ofs-methodologie. Identité documentée.
,822000,,8220,,aggregated,NOGA_2025 → NACE_2.1 ; broadMatch ; source=ofs-noga2025. Validation métier requise ; aucune équivalence exacte affirmée.
,823,,823,,exact,NOGA_2025 → NACE_2.1 ; exactMatch ; source=ofs-methodologie. Identité documentée.
,8230,,8230,,exact,NOGA_2025 → NACE_2.1 ; exactMatch ; source=ofs-methodologie. Identité documentée.
,823000,,8230,,aggregated,NOGA_2025 → NACE_2.1 ; broadMatch ; source=ofs-noga2025. Validation métier requise ; aucune équivalence exacte affirmée.
,824,,824,,exact,NOGA_2025 → NACE_2.1 ; exactMatch ; source=ofs-methodologie. Identité documentée.
,8240,,8240,,exact,NOGA_2025 → NACE_2.1 ; exactMatch ; source=ofs-methodologie. Identité documentée.
,824000,,8240,,aggregated,NOGA_2025 → NACE_2.1 ; broadMatch ; source=ofs-noga2025. Validation métier requise ; aucune équivalence exacte affirmée.
,829,,829,,exact,NOGA_2025 → NACE_2.1 ; exactMatch ; source=ofs-methodologie. Identité documentée.
,8291,,8291,,exact,NOGA_2025 → NACE_2.1 ; exactMatch ; source=ofs-methodologie. Identité documentée.
,829100,,8291,,aggregated,NOGA_2025 → NACE_2.1 ; broadMatch ; source=ofs-noga2025. Validation métier requise ; aucune équivalence exacte affirmée.
,8292,,8292,,exact,NOGA_2025 → NACE_2.1 ; exactMatch ; source=ofs-methodologie. Identité documentée.
,829200,,8292,,aggregated,NOGA_2025 → NACE_2.1 ; broadMatch ; source=ofs-noga2025. Validation métier requise ; aucune équivalence exacte affirmée.
,8299,,8299,,exact,NOGA_2025 → NACE_2.1 ; exactMatch ; source=ofs-methodologie. Identité documentée.
,829900,,8299,,aggregated,NOGA_2025 → NACE_2.1 ; broadMatch ; source=ofs-noga2025. Validation métier requise ; aucune équivalence exacte affirmée.
,84,,84,,exact,NOGA_2025 → NACE_2.1 ; exactMatch ; source=ofs-methodologie. Identité documentée.
,841,,841,,exact,NOGA_2025 → NACE_2.1 ; exactMatch ; source=ofs-methodologie. Identité documentée.
,8411,,8411,,exact,NOGA_2025 → NACE_2.1 ; exactMatch ; source=ofs-methodologie. Identité documentée.
,841100,,8411,,aggregated,NOGA_2025 → NACE_2.1 ; broadMatch ; source=ofs-noga2025. Validation métier requise ; aucune équivalence exacte affirmée.
,8412,,8412,,exact,NOGA_2025 → NACE_2.1 ; exactMatch ; source=ofs-methodologie. Identité documentée.
,841200,,8412,,aggregated,NOGA_2025 → NACE_2.1 ; broadMatch ; source=ofs-noga2025. Validation métier requise ; aucune équivalence exacte affirmée.
,8413,,8413,,exact,NOGA_2025 → NACE_2.1 ; exactMatch ; source=ofs-methodologie. Identité documentée.
,841300,,8413,,aggregated,NOGA_2025 → NACE_2.1 ; broadMatch ; source=ofs-noga2025. Validation métier requise ; aucune équivalence exacte affirmée.
,842,,842,,exact,NOGA_2025 → NACE_2.1 ; exactMatch ; source=ofs-methodologie. Identité documentée.
,8421,,8421,,exact,NOGA_2025 → NACE_2.1 ; exactMatch ; source=ofs-methodologie. Identité documentée.
,842100,,8421,,aggregated,NOGA_2025 → NACE_2.1 ; broadMatch ; source=ofs-noga2025. Validation métier requise ; aucune équivalence exacte affirmée.
,8422,,8422,,exact,NOGA_2025 → NACE_2.1 ; exactMatch ; source=ofs-methodologie. Identité documentée.
,842201,,8422,,aggregated,NOGA_2025 → NACE_2.1 ; broadMatch ; source=ofs-noga2025. Validation métier requise ; aucune équivalence exacte affirmée.
,842202,,8422,,aggregated,NOGA_2025 → NACE_2.1 ; broadMatch ; source=ofs-noga2025. Validation métier requise ; aucune équivalence exacte affirmée.
,8423,,8423,,exact,NOGA_2025 → NACE_2.1 ; exactMatch ; source=ofs-methodologie. Identité documentée.
,842301,,8423,,aggregated,NOGA_2025 → NACE_2.1 ; broadMatch ; source=ofs-noga2025. Validation métier requise ; aucune équivalence exacte affirmée.
,842302,,8423,,aggregated,NOGA_2025 → NACE_2.1 ; broadMatch ; source=ofs-noga2025. Validation métier requise ; aucune équivalence exacte affirmée.
,8424,,8424,,exact,NOGA_2025 → NACE_2.1 ; exactMatch ; source=ofs-methodologie. Identité documentée.
,842400,,8424,,aggregated,NOGA_2025 → NACE_2.1 ; broadMatch ; source=ofs-noga2025. Validation métier requise ; aucune équivalence exacte affirmée.
,8425,,8425,,exact,NOGA_2025 → NACE_2.1 ; exactMatch ; source=ofs-methodologie. Identité documentée.
,842500,,8425,,aggregated,NOGA_2025 → NACE_2.1 ; broadMatch ; source=ofs-noga2025. Validation métier requise ; aucune équivalence exacte affirmée.
,843,,843,,exact,NOGA_2025 → NACE_2.1 ; exactMatch ; source=ofs-methodologie. Identité documentée.
,8430,,8430,,exact,NOGA_2025 → NACE_2.1 ; exactMatch ; source=ofs-methodologie. Identité documentée.
,843000,,8430,,aggregated,NOGA_2025 → NACE_2.1 ; broadMatch ; source=ofs-noga2025. Validation métier requise ; aucune équivalence exacte affirmée.
,85,,85,,exact,NOGA_2025 → NACE_2.1 ; exactMatch ; source=ofs-methodologie. Identité documentée.
,851,,851,,exact,NOGA_2025 → NACE_2.1 ; exactMatch ; source=ofs-methodologie. Identité documentée.
,8510,,8510,,exact,NOGA_2025 → NACE_2.1 ; exactMatch ; source=ofs-methodologie. Identité documentée.
,851000,,8510,,aggregated,NOGA_2025 → NACE_2.1 ; broadMatch ; source=ofs-noga2025. Validation métier requise ; aucune équivalence exacte affirmée.
,852,,852,,exact,NOGA_2025 → NACE_2.1 ; exactMatch ; source=ofs-methodologie. Identité documentée.
,8520,,8520,,exact,NOGA_2025 → NACE_2.1 ; exactMatch ; source=ofs-methodologie. Identité documentée.
,852001,,8520,,aggregated,NOGA_2025 → NACE_2.1 ; broadMatch ; source=ofs-noga2025. Validation métier requise ; aucune équivalence exacte affirmée.
,852002,,8520,,aggregated,NOGA_2025 → NACE_2.1 ; broadMatch ; source=ofs-noga2025. Validation métier requise ; aucune équivalence exacte affirmée.
,852009,,8520,,aggregated,NOGA_2025 → NACE_2.1 ; broadMatch ; source=ofs-noga2025. Validation métier requise ; aucune équivalence exacte affirmée.
,853,,853,,exact,NOGA_2025 → NACE_2.1 ; exactMatch ; source=ofs-methodologie. Identité documentée.
,8531,,8531,,exact,NOGA_2025 → NACE_2.1 ; exactMatch ; source=ofs-methodologie. Identité documentée.
,853101,,8531,,aggregated,NOGA_2025 → NACE_2.1 ; broadMatch ; source=ofs-noga2025. Validation métier requise ; aucune équivalence exacte affirmée.
,853102,,8531,,aggregated,NOGA_2025 → NACE_2.1 ; broadMatch ; source=ofs-noga2025. Validation métier requise ; aucune équivalence exacte affirmée.
,853103,,8531,,aggregated,NOGA_2025 → NACE_2.1 ; broadMatch ; source=ofs-noga2025. Validation métier requise ; aucune équivalence exacte affirmée.
,8532,,8532,,exact,NOGA_2025 → NACE_2.1 ; exactMatch ; source=ofs-methodologie. Identité documentée.
,853200,,8532,,aggregated,NOGA_2025 → NACE_2.1 ; broadMatch ; source=ofs-noga2025. Validation métier requise ; aucune équivalence exacte affirmée.
,8533,,8533,,exact,NOGA_2025 → NACE_2.1 ; exactMatch ; source=ofs-methodologie. Identité documentée.
,853300,,8533,,aggregated,NOGA_2025 → NACE_2.1 ; broadMatch ; source=ofs-noga2025. Validation métier requise ; aucune équivalence exacte affirmée.
,854,,854,,exact,NOGA_2025 → NACE_2.1 ; exactMatch ; source=ofs-methodologie. Identité documentée.
,8540,,8540,,exact,NOGA_2025 → NACE_2.1 ; exactMatch ; source=ofs-methodologie. Identité documentée.
,854001,,8540,,aggregated,NOGA_2025 → NACE_2.1 ; broadMatch ; source=ofs-noga2025. Validation métier requise ; aucune équivalence exacte affirmée.
,854002,,8540,,aggregated,NOGA_2025 → NACE_2.1 ; broadMatch ; source=ofs-noga2025. Validation métier requise ; aucune équivalence exacte affirmée.
,854003,,8540,,aggregated,NOGA_2025 → NACE_2.1 ; broadMatch ; source=ofs-noga2025. Validation métier requise ; aucune équivalence exacte affirmée.
,855,,855,,exact,NOGA_2025 → NACE_2.1 ; exactMatch ; source=ofs-methodologie. Identité documentée.
,8551,,8551,,exact,NOGA_2025 → NACE_2.1 ; exactMatch ; source=ofs-methodologie. Identité documentée.
,855101,,8551,,aggregated,NOGA_2025 → NACE_2.1 ; broadMatch ; source=ofs-noga2025. Validation métier requise ; aucune équivalence exacte affirmée.
,855102,,8551,,aggregated,NOGA_2025 → NACE_2.1 ; broadMatch ; source=ofs-noga2025. Validation métier requise ; aucune équivalence exacte affirmée.
,8552,,8552,,exact,NOGA_2025 → NACE_2.1 ; exactMatch ; source=ofs-methodologie. Identité documentée.
,855200,,8552,,aggregated,NOGA_2025 → NACE_2.1 ; broadMatch ; source=ofs-noga2025. Validation métier requise ; aucune équivalence exacte affirmée.
,8553,,8553,,exact,NOGA_2025 → NACE_2.1 ; exactMatch ; source=ofs-methodologie. Identité documentée.
,855300,,8553,,aggregated,NOGA_2025 → NACE_2.1 ; broadMatch ; source=ofs-noga2025. Validation métier requise ; aucune équivalence exacte affirmée.
,8559,,8559,,exact,NOGA_2025 → NACE_2.1 ; exactMatch ; source=ofs-methodologie. Identité documentée.
,855901,,8559,,aggregated,NOGA_2025 → NACE_2.1 ; broadMatch ; source=ofs-noga2025. Validation métier requise ; aucune équivalence exacte affirmée.
,855902,,8559,,aggregated,NOGA_2025 → NACE_2.1 ; broadMatch ; source=ofs-noga2025. Validation métier requise ; aucune équivalence exacte affirmée.
,855903,,8559,,aggregated,NOGA_2025 → NACE_2.1 ; broadMatch ; source=ofs-noga2025. Validation métier requise ; aucune équivalence exacte affirmée.
,855909,,8559,,aggregated,NOGA_2025 → NACE_2.1 ; broadMatch ; source=ofs-noga2025. Validation métier requise ; aucune équivalence exacte affirmée.
,856,,856,,exact,NOGA_2025 → NACE_2.1 ; exactMatch ; source=ofs-methodologie. Identité documentée.
,8561,,8561,,exact,NOGA_2025 → NACE_2.1 ; exactMatch ; source=ofs-methodologie. Identité documentée.
,856100,,8561,,aggregated,NOGA_2025 → NACE_2.1 ; broadMatch ; source=ofs-noga2025. Validation métier requise ; aucune équivalence exacte affirmée.
,8569,,8569,,exact,NOGA_2025 → NACE_2.1 ; exactMatch ; source=ofs-methodologie. Identité documentée.
,856900,,8569,,aggregated,NOGA_2025 → NACE_2.1 ; broadMatch ; source=ofs-noga2025. Validation métier requise ; aucune équivalence exacte affirmée.
,86,,86,,exact,NOGA_2025 → NACE_2.1 ; exactMatch ; source=ofs-methodologie. Identité documentée.
,861,,861,,exact,NOGA_2025 → NACE_2.1 ; exactMatch ; source=ofs-methodologie. Identité documentée.
,8610,,8610,,exact,NOGA_2025 → NACE_2.1 ; exactMatch ; source=ofs-methodologie. Identité documentée.
,861001,,8610,,aggregated,NOGA_2025 → NACE_2.1 ; broadMatch ; source=ofs-noga2025. Validation métier requise ; aucune équivalence exacte affirmée.
,861002,,8610,,aggregated,NOGA_2025 → NACE_2.1 ; broadMatch ; source=ofs-noga2025. Validation métier requise ; aucune équivalence exacte affirmée.
,862,,862,,exact,NOGA_2025 → NACE_2.1 ; exactMatch ; source=ofs-methodologie. Identité documentée.
,8621,,8621,,exact,NOGA_2025 → NACE_2.1 ; exactMatch ; source=ofs-methodologie. Identité documentée.
,862100,,8621,,aggregated,NOGA_2025 → NACE_2.1 ; broadMatch ; source=ofs-noga2025. Validation métier requise ; aucune équivalence exacte affirmée.
,8622,,8622,,exact,NOGA_2025 → NACE_2.1 ; exactMatch ; source=ofs-methodologie. Identité documentée.
,862200,,8622,,aggregated,NOGA_2025 → NACE_2.1 ; broadMatch ; source=ofs-noga2025. Validation métier requise ; aucune équivalence exacte affirmée.
,8623,,8623,,exact,NOGA_2025 → NACE_2.1 ; exactMatch ; source=ofs-methodologie. Identité documentée.
,862300,,8623,,aggregated,NOGA_2025 → NACE_2.1 ; broadMatch ; source=ofs-noga2025. Validation métier requise ; aucune équivalence exacte affirmée.
,869,,869,,exact,NOGA_2025 → NACE_2.1 ; exactMatch ; source=ofs-methodologie. Identité documentée.
,8691,,8691,,exact,NOGA_2025 → NACE_2.1 ; exactMatch ; source=ofs-methodologie. Identité documentée.
,869101,,8691,,aggregated,NOGA_2025 → NACE_2.1 ; broadMatch ; source=ofs-noga2025. Validation métier requise ; aucune équivalence exacte affirmée.
,869102,,8691,,aggregated,NOGA_2025 → NACE_2.1 ; broadMatch ; source=ofs-noga2025. Validation métier requise ; aucune équivalence exacte affirmée.
,8692,,8692,,exact,NOGA_2025 → NACE_2.1 ; exactMatch ; source=ofs-methodologie. Identité documentée.
,869200,,8692,,aggregated,NOGA_2025 → NACE_2.1 ; broadMatch ; source=ofs-noga2025. Validation métier requise ; aucune équivalence exacte affirmée.
,8693,,8693,,exact,NOGA_2025 → NACE_2.1 ; exactMatch ; source=ofs-methodologie. Identité documentée.
,869301,,8693,,aggregated,NOGA_2025 → NACE_2.1 ; broadMatch ; source=ofs-noga2025. Validation métier requise ; aucune équivalence exacte affirmée.
,869302,,8693,,aggregated,NOGA_2025 → NACE_2.1 ; broadMatch ; source=ofs-noga2025. Validation métier requise ; aucune équivalence exacte affirmée.
,869303,,8693,,aggregated,NOGA_2025 → NACE_2.1 ; broadMatch ; source=ofs-noga2025. Validation métier requise ; aucune équivalence exacte affirmée.
,8694,,8694,,exact,NOGA_2025 → NACE_2.1 ; exactMatch ; source=ofs-methodologie. Identité documentée.
,869401,,8694,,aggregated,NOGA_2025 → NACE_2.1 ; broadMatch ; source=ofs-noga2025. Validation métier requise ; aucune équivalence exacte affirmée.
,869402,,8694,,aggregated,NOGA_2025 → NACE_2.1 ; broadMatch ; source=ofs-noga2025. Validation métier requise ; aucune équivalence exacte affirmée.
,869403,,8694,,aggregated,NOGA_2025 → NACE_2.1 ; broadMatch ; source=ofs-noga2025. Validation métier requise ; aucune équivalence exacte affirmée.
,8695,,8695,,exact,NOGA_2025 → NACE_2.1 ; exactMatch ; source=ofs-methodologie. Identité documentée.
,869501,,8695,,aggregated,NOGA_2025 → NACE_2.1 ; broadMatch ; source=ofs-noga2025. Validation métier requise ; aucune équivalence exacte affirmée.
,869502,,8695,,aggregated,NOGA_2025 → NACE_2.1 ; broadMatch ; source=ofs-noga2025. Validation métier requise ; aucune équivalence exacte affirmée.
,869503,,8695,,aggregated,NOGA_2025 → NACE_2.1 ; broadMatch ; source=ofs-noga2025. Validation métier requise ; aucune équivalence exacte affirmée.
,8696,,8696,,exact,NOGA_2025 → NACE_2.1 ; exactMatch ; source=ofs-methodologie. Identité documentée.
,869601,,8696,,aggregated,NOGA_2025 → NACE_2.1 ; broadMatch ; source=ofs-noga2025. Validation métier requise ; aucune équivalence exacte affirmée.
,869602,,8696,,aggregated,NOGA_2025 → NACE_2.1 ; broadMatch ; source=ofs-noga2025. Validation métier requise ; aucune équivalence exacte affirmée.
,8697,,8697,,exact,NOGA_2025 → NACE_2.1 ; exactMatch ; source=ofs-methodologie. Identité documentée.
,869700,,8697,,aggregated,NOGA_2025 → NACE_2.1 ; broadMatch ; source=ofs-noga2025. Validation métier requise ; aucune équivalence exacte affirmée.
,8699,,8699,,exact,NOGA_2025 → NACE_2.1 ; exactMatch ; source=ofs-methodologie. Identité documentée.
,869901,,8699,,aggregated,NOGA_2025 → NACE_2.1 ; broadMatch ; source=ofs-noga2025. Validation métier requise ; aucune équivalence exacte affirmée.
,869902,,8699,,aggregated,NOGA_2025 → NACE_2.1 ; broadMatch ; source=ofs-noga2025. Validation métier requise ; aucune équivalence exacte affirmée.
,869903,,8699,,aggregated,NOGA_2025 → NACE_2.1 ; broadMatch ; source=ofs-noga2025. Validation métier requise ; aucune équivalence exacte affirmée.
,869909,,8699,,aggregated,NOGA_2025 → NACE_2.1 ; broadMatch ; source=ofs-noga2025. Validation métier requise ; aucune équivalence exacte affirmée.
,87,,87,,exact,NOGA_2025 → NACE_2.1 ; exactMatch ; source=ofs-methodologie. Identité documentée.
,871,,871,,exact,NOGA_2025 → NACE_2.1 ; exactMatch ; source=ofs-methodologie. Identité documentée.
,8710,,8710,,exact,NOGA_2025 → NACE_2.1 ; exactMatch ; source=ofs-methodologie. Identité documentée.
,871000,,8710,,aggregated,NOGA_2025 → NACE_2.1 ; broadMatch ; source=ofs-noga2025. Validation métier requise ; aucune équivalence exacte affirmée.
,872,,872,,exact,NOGA_2025 → NACE_2.1 ; exactMatch ; source=ofs-methodologie. Identité documentée.
,8720,,8720,,exact,NOGA_2025 → NACE_2.1 ; exactMatch ; source=ofs-methodologie. Identité documentée.
,872001,,8720,,aggregated,NOGA_2025 → NACE_2.1 ; broadMatch ; source=ofs-noga2025. Validation métier requise ; aucune équivalence exacte affirmée.
,872002,,8720,,aggregated,NOGA_2025 → NACE_2.1 ; broadMatch ; source=ofs-noga2025. Validation métier requise ; aucune équivalence exacte affirmée.
,873,,873,,exact,NOGA_2025 → NACE_2.1 ; exactMatch ; source=ofs-methodologie. Identité documentée.
,8730,,8730,,exact,NOGA_2025 → NACE_2.1 ; exactMatch ; source=ofs-methodologie. Identité documentée.
,873001,,8730,,aggregated,NOGA_2025 → NACE_2.1 ; broadMatch ; source=ofs-noga2025. Validation métier requise ; aucune équivalence exacte affirmée.
,873002,,8730,,aggregated,NOGA_2025 → NACE_2.1 ; broadMatch ; source=ofs-noga2025. Validation métier requise ; aucune équivalence exacte affirmée.
,879,,879,,exact,NOGA_2025 → NACE_2.1 ; exactMatch ; source=ofs-methodologie. Identité documentée.
,8791,,8791,,exact,NOGA_2025 → NACE_2.1 ; exactMatch ; source=ofs-methodologie. Identité documentée.
,879100,,8791,,aggregated,NOGA_2025 → NACE_2.1 ; broadMatch ; source=ofs-noga2025. Validation métier requise ; aucune équivalence exacte affirmée.
,8799,,8799,,exact,NOGA_2025 → NACE_2.1 ; exactMatch ; source=ofs-methodologie. Identité documentée.
,879901,,8799,,aggregated,NOGA_2025 → NACE_2.1 ; broadMatch ; source=ofs-noga2025. Validation métier requise ; aucune équivalence exacte affirmée.
,879909,,8799,,aggregated,NOGA_2025 → NACE_2.1 ; broadMatch ; source=ofs-noga2025. Validation métier requise ; aucune équivalence exacte affirmée.
,88,,88,,exact,NOGA_2025 → NACE_2.1 ; exactMatch ; source=ofs-methodologie. Identité documentée.
,881,,881,,exact,NOGA_2025 → NACE_2.1 ; exactMatch ; source=ofs-methodologie. Identité documentée.
,8810,,8810,,exact,NOGA_2025 → NACE_2.1 ; exactMatch ; source=ofs-methodologie. Identité documentée.
,881000,,8810,,aggregated,NOGA_2025 → NACE_2.1 ; broadMatch ; source=ofs-noga2025. Validation métier requise ; aucune équivalence exacte affirmée.
,889,,889,,exact,NOGA_2025 → NACE_2.1 ; exactMatch ; source=ofs-methodologie. Identité documentée.
,8891,,8891,,exact,NOGA_2025 → NACE_2.1 ; exactMatch ; source=ofs-methodologie. Identité documentée.
,889100,,8891,,aggregated,NOGA_2025 → NACE_2.1 ; broadMatch ; source=ofs-noga2025. Validation métier requise ; aucune équivalence exacte affirmée.
,8899,,8899,,exact,NOGA_2025 → NACE_2.1 ; exactMatch ; source=ofs-methodologie. Identité documentée.
,889901,,8899,,aggregated,NOGA_2025 → NACE_2.1 ; broadMatch ; source=ofs-noga2025. Validation métier requise ; aucune équivalence exacte affirmée.
,889909,,8899,,aggregated,NOGA_2025 → NACE_2.1 ; broadMatch ; source=ofs-noga2025. Validation métier requise ; aucune équivalence exacte affirmée.
,90,,90,,exact,NOGA_2025 → NACE_2.1 ; exactMatch ; source=ofs-methodologie. Identité documentée.
,901,,901,,exact,NOGA_2025 → NACE_2.1 ; exactMatch ; source=ofs-methodologie. Identité documentée.
,9011,,9011,,exact,NOGA_2025 → NACE_2.1 ; exactMatch ; source=ofs-methodologie. Identité documentée.
,901100,,9011,,aggregated,NOGA_2025 → NACE_2.1 ; broadMatch ; source=ofs-noga2025. Validation métier requise ; aucune équivalence exacte affirmée.
,9012,,9012,,exact,NOGA_2025 → NACE_2.1 ; exactMatch ; source=ofs-methodologie. Identité documentée.
,901200,,9012,,aggregated,NOGA_2025 → NACE_2.1 ; broadMatch ; source=ofs-noga2025. Validation métier requise ; aucune équivalence exacte affirmée.
,9013,,9013,,exact,NOGA_2025 → NACE_2.1 ; exactMatch ; source=ofs-methodologie. Identité documentée.
,901300,,9013,,aggregated,NOGA_2025 → NACE_2.1 ; broadMatch ; source=ofs-noga2025. Validation métier requise ; aucune équivalence exacte affirmée.
,902,,902,,exact,NOGA_2025 → NACE_2.1 ; exactMatch ; source=ofs-methodologie. Identité documentée.
,9020,,9020,,exact,NOGA_2025 → NACE_2.1 ; exactMatch ; source=ofs-methodologie. Identité documentée.
,902001,,9020,,aggregated,NOGA_2025 → NACE_2.1 ; broadMatch ; source=ofs-noga2025. Validation métier requise ; aucune équivalence exacte affirmée.
,902002,,9020,,aggregated,NOGA_2025 → NACE_2.1 ; broadMatch ; source=ofs-noga2025. Validation métier requise ; aucune équivalence exacte affirmée.
,903,,903,,exact,NOGA_2025 → NACE_2.1 ; exactMatch ; source=ofs-methodologie. Identité documentée.
,9031,,9031,,exact,NOGA_2025 → NACE_2.1 ; exactMatch ; source=ofs-methodologie. Identité documentée.
,903100,,9031,,aggregated,NOGA_2025 → NACE_2.1 ; broadMatch ; source=ofs-noga2025. Validation métier requise ; aucune équivalence exacte affirmée.
,9039,,9039,,exact,NOGA_2025 → NACE_2.1 ; exactMatch ; source=ofs-methodologie. Identité documentée.
,903900,,9039,,aggregated,NOGA_2025 → NACE_2.1 ; broadMatch ; source=ofs-noga2025. Validation métier requise ; aucune équivalence exacte affirmée.
,91,,91,,exact,NOGA_2025 → NACE_2.1 ; exactMatch ; source=ofs-methodologie. Identité documentée.
,911,,911,,exact,NOGA_2025 → NACE_2.1 ; exactMatch ; source=ofs-methodologie. Identité documentée.
,9111,,9111,,exact,NOGA_2025 → NACE_2.1 ; exactMatch ; source=ofs-methodologie. Identité documentée.
,911100,,9111,,aggregated,NOGA_2025 → NACE_2.1 ; broadMatch ; source=ofs-noga2025. Validation métier requise ; aucune équivalence exacte affirmée.
,9112,,9112,,exact,NOGA_2025 → NACE_2.1 ; exactMatch ; source=ofs-methodologie. Identité documentée.
,911200,,9112,,aggregated,NOGA_2025 → NACE_2.1 ; broadMatch ; source=ofs-noga2025. Validation métier requise ; aucune équivalence exacte affirmée.
,912,,912,,exact,NOGA_2025 → NACE_2.1 ; exactMatch ; source=ofs-methodologie. Identité documentée.
,9121,,9121,,exact,NOGA_2025 → NACE_2.1 ; exactMatch ; source=ofs-methodologie. Identité documentée.
,912100,,9121,,aggregated,NOGA_2025 → NACE_2.1 ; broadMatch ; source=ofs-noga2025. Validation métier requise ; aucune équivalence exacte affirmée.
,9122,,9122,,exact,NOGA_2025 → NACE_2.1 ; exactMatch ; source=ofs-methodologie. Identité documentée.
,912200,,9122,,aggregated,NOGA_2025 → NACE_2.1 ; broadMatch ; source=ofs-noga2025. Validation métier requise ; aucune équivalence exacte affirmée.
,913,,913,,exact,NOGA_2025 → NACE_2.1 ; exactMatch ; source=ofs-methodologie. Identité documentée.
,9130,,9130,,exact,NOGA_2025 → NACE_2.1 ; exactMatch ; source=ofs-methodologie. Identité documentée.
,913000,,9130,,aggregated,NOGA_2025 → NACE_2.1 ; broadMatch ; source=ofs-noga2025. Validation métier requise ; aucune équivalence exacte affirmée.
,914,,914,,exact,NOGA_2025 → NACE_2.1 ; exactMatch ; source=ofs-methodologie. Identité documentée.
,9141,,9141,,exact,NOGA_2025 → NACE_2.1 ; exactMatch ; source=ofs-methodologie. Identité documentée.
,914100,,9141,,aggregated,NOGA_2025 → NACE_2.1 ; broadMatch ; source=ofs-noga2025. Validation métier requise ; aucune équivalence exacte affirmée.
,9142,,9142,,exact,NOGA_2025 → NACE_2.1 ; exactMatch ; source=ofs-methodologie. Identité documentée.
,914200,,9142,,aggregated,NOGA_2025 → NACE_2.1 ; broadMatch ; source=ofs-noga2025. Validation métier requise ; aucune équivalence exacte affirmée.
,92,,92,,exact,NOGA_2025 → NACE_2.1 ; exactMatch ; source=ofs-methodologie. Identité documentée.
,920,,920,,exact,NOGA_2025 → NACE_2.1 ; exactMatch ; source=ofs-methodologie. Identité documentée.
,9200,,9200,,exact,NOGA_2025 → NACE_2.1 ; exactMatch ; source=ofs-methodologie. Identité documentée.
,920000,,9200,,aggregated,NOGA_2025 → NACE_2.1 ; broadMatch ; source=ofs-noga2025. Validation métier requise ; aucune équivalence exacte affirmée.
,93,,93,,exact,NOGA_2025 → NACE_2.1 ; exactMatch ; source=ofs-methodologie. Identité documentée.
,931,,931,,exact,NOGA_2025 → NACE_2.1 ; exactMatch ; source=ofs-methodologie. Identité documentée.
,9311,,9311,,exact,NOGA_2025 → NACE_2.1 ; exactMatch ; source=ofs-methodologie. Identité documentée.
,931100,,9311,,aggregated,NOGA_2025 → NACE_2.1 ; broadMatch ; source=ofs-noga2025. Validation métier requise ; aucune équivalence exacte affirmée.
,9312,,9312,,exact,NOGA_2025 → NACE_2.1 ; exactMatch ; source=ofs-methodologie. Identité documentée.
,931200,,9312,,aggregated,NOGA_2025 → NACE_2.1 ; broadMatch ; source=ofs-noga2025. Validation métier requise ; aucune équivalence exacte affirmée.
,9313,,9313,,exact,NOGA_2025 → NACE_2.1 ; exactMatch ; source=ofs-methodologie. Identité documentée.
,931300,,9313,,aggregated,NOGA_2025 → NACE_2.1 ; broadMatch ; source=ofs-noga2025. Validation métier requise ; aucune équivalence exacte affirmée.
,9319,,9319,,exact,NOGA_2025 → NACE_2.1 ; exactMatch ; source=ofs-methodologie. Identité documentée.
,931900,,9319,,aggregated,NOGA_2025 → NACE_2.1 ; broadMatch ; source=ofs-noga2025. Validation métier requise ; aucune équivalence exacte affirmée.
,932,,932,,exact,NOGA_2025 → NACE_2.1 ; exactMatch ; source=ofs-methodologie. Identité documentée.
,9321,,9321,,exact,NOGA_2025 → NACE_2.1 ; exactMatch ; source=ofs-methodologie. Identité documentée.
,932100,,9321,,aggregated,NOGA_2025 → NACE_2.1 ; broadMatch ; source=ofs-noga2025. Validation métier requise ; aucune équivalence exacte affirmée.
,9329,,9329,,exact,NOGA_2025 → NACE_2.1 ; exactMatch ; source=ofs-methodologie. Identité documentée.
,932900,,9329,,aggregated,NOGA_2025 → NACE_2.1 ; broadMatch ; source=ofs-noga2025. Validation métier requise ; aucune équivalence exacte affirmée.
,94,,94,,exact,NOGA_2025 → NACE_2.1 ; exactMatch ; source=ofs-methodologie. Identité documentée.
,941,,941,,exact,NOGA_2025 → NACE_2.1 ; exactMatch ; source=ofs-methodologie. Identité documentée.
,9411,,9411,,exact,NOGA_2025 → NACE_2.1 ; exactMatch ; source=ofs-methodologie. Identité documentée.
,941100,,9411,,aggregated,NOGA_2025 → NACE_2.1 ; broadMatch ; source=ofs-noga2025. Validation métier requise ; aucune équivalence exacte affirmée.
,9412,,9412,,exact,NOGA_2025 → NACE_2.1 ; exactMatch ; source=ofs-methodologie. Identité documentée.
,941200,,9412,,aggregated,NOGA_2025 → NACE_2.1 ; broadMatch ; source=ofs-noga2025. Validation métier requise ; aucune équivalence exacte affirmée.
,942,,942,,exact,NOGA_2025 → NACE_2.1 ; exactMatch ; source=ofs-methodologie. Identité documentée.
,9420,,9420,,exact,NOGA_2025 → NACE_2.1 ; exactMatch ; source=ofs-methodologie. Identité documentée.
,942000,,9420,,aggregated,NOGA_2025 → NACE_2.1 ; broadMatch ; source=ofs-noga2025. Validation métier requise ; aucune équivalence exacte affirmée.
,949,,949,,exact,NOGA_2025 → NACE_2.1 ; exactMatch ; source=ofs-methodologie. Identité documentée.
,9491,,9491,,exact,NOGA_2025 → NACE_2.1 ; exactMatch ; source=ofs-methodologie. Identité documentée.
,949101,,9491,,aggregated,NOGA_2025 → NACE_2.1 ; broadMatch ; source=ofs-noga2025. Validation métier requise ; aucune équivalence exacte affirmée.
,949102,,9491,,aggregated,NOGA_2025 → NACE_2.1 ; broadMatch ; source=ofs-noga2025. Validation métier requise ; aucune équivalence exacte affirmée.
,9492,,9492,,exact,NOGA_2025 → NACE_2.1 ; exactMatch ; source=ofs-methodologie. Identité documentée.
,949200,,9492,,aggregated,NOGA_2025 → NACE_2.1 ; broadMatch ; source=ofs-noga2025. Validation métier requise ; aucune équivalence exacte affirmée.
,9499,,9499,,exact,NOGA_2025 → NACE_2.1 ; exactMatch ; source=ofs-methodologie. Identité documentée.
,949901,,9499,,aggregated,NOGA_2025 → NACE_2.1 ; broadMatch ; source=ofs-noga2025. Validation métier requise ; aucune équivalence exacte affirmée.
,949902,,9499,,aggregated,NOGA_2025 → NACE_2.1 ; broadMatch ; source=ofs-noga2025. Validation métier requise ; aucune équivalence exacte affirmée.
,949903,,9499,,aggregated,NOGA_2025 → NACE_2.1 ; broadMatch ; source=ofs-noga2025. Validation métier requise ; aucune équivalence exacte affirmée.
,949909,,9499,,aggregated,NOGA_2025 → NACE_2.1 ; broadMatch ; source=ofs-noga2025. Validation métier requise ; aucune équivalence exacte affirmée.
,95,,95,,exact,NOGA_2025 → NACE_2.1 ; exactMatch ; source=ofs-methodologie. Identité documentée.
,951,,951,,exact,NOGA_2025 → NACE_2.1 ; exactMatch ; source=ofs-methodologie. Identité documentée.
,9510,,9510,,exact,NOGA_2025 → NACE_2.1 ; exactMatch ; source=ofs-methodologie. Identité documentée.
,951000,,9510,,aggregated,NOGA_2025 → NACE_2.1 ; broadMatch ; source=ofs-noga2025. Validation métier requise ; aucune équivalence exacte affirmée.
,952,,952,,exact,NOGA_2025 → NACE_2.1 ; exactMatch ; source=ofs-methodologie. Identité documentée.
,9521,,9521,,exact,NOGA_2025 → NACE_2.1 ; exactMatch ; source=ofs-methodologie. Identité documentée.
,952100,,9521,,aggregated,NOGA_2025 → NACE_2.1 ; broadMatch ; source=ofs-noga2025. Validation métier requise ; aucune équivalence exacte affirmée.
,9522,,9522,,exact,NOGA_2025 → NACE_2.1 ; exactMatch ; source=ofs-methodologie. Identité documentée.
,952200,,9522,,aggregated,NOGA_2025 → NACE_2.1 ; broadMatch ; source=ofs-noga2025. Validation métier requise ; aucune équivalence exacte affirmée.
,9523,,9523,,exact,NOGA_2025 → NACE_2.1 ; exactMatch ; source=ofs-methodologie. Identité documentée.
,952300,,9523,,aggregated,NOGA_2025 → NACE_2.1 ; broadMatch ; source=ofs-noga2025. Validation métier requise ; aucune équivalence exacte affirmée.
,9524,,9524,,exact,NOGA_2025 → NACE_2.1 ; exactMatch ; source=ofs-methodologie. Identité documentée.
,952400,,9524,,aggregated,NOGA_2025 → NACE_2.1 ; broadMatch ; source=ofs-noga2025. Validation métier requise ; aucune équivalence exacte affirmée.
,9525,,9525,,exact,NOGA_2025 → NACE_2.1 ; exactMatch ; source=ofs-methodologie. Identité documentée.
,952500,,9525,,aggregated,NOGA_2025 → NACE_2.1 ; broadMatch ; source=ofs-noga2025. Validation métier requise ; aucune équivalence exacte affirmée.
,9529,,9529,,exact,NOGA_2025 → NACE_2.1 ; exactMatch ; source=ofs-methodologie. Identité documentée.
,952900,,9529,,aggregated,NOGA_2025 → NACE_2.1 ; broadMatch ; source=ofs-noga2025. Validation métier requise ; aucune équivalence exacte affirmée.
,953,,953,,exact,NOGA_2025 → NACE_2.1 ; exactMatch ; source=ofs-methodologie. Identité documentée.
,9531,,9531,,exact,NOGA_2025 → NACE_2.1 ; exactMatch ; source=ofs-methodologie. Identité documentée.
,953101,,9531,,aggregated,NOGA_2025 → NACE_2.1 ; broadMatch ; source=ofs-noga2025. Validation métier requise ; aucune équivalence exacte affirmée.
,953102,,9531,,aggregated,NOGA_2025 → NACE_2.1 ; broadMatch ; source=ofs-noga2025. Validation métier requise ; aucune équivalence exacte affirmée.
,9532,,9532,,exact,NOGA_2025 → NACE_2.1 ; exactMatch ; source=ofs-methodologie. Identité documentée.
,953200,,9532,,aggregated,NOGA_2025 → NACE_2.1 ; broadMatch ; source=ofs-noga2025. Validation métier requise ; aucune équivalence exacte affirmée.
,954,,954,,exact,NOGA_2025 → NACE_2.1 ; exactMatch ; source=ofs-methodologie. Identité documentée.
,9540,,9540,,exact,NOGA_2025 → NACE_2.1 ; exactMatch ; source=ofs-methodologie. Identité documentée.
,954000,,9540,,aggregated,NOGA_2025 → NACE_2.1 ; broadMatch ; source=ofs-noga2025. Validation métier requise ; aucune équivalence exacte affirmée.
,96,,96,,exact,NOGA_2025 → NACE_2.1 ; exactMatch ; source=ofs-methodologie. Identité documentée.
,961,,961,,exact,NOGA_2025 → NACE_2.1 ; exactMatch ; source=ofs-methodologie. Identité documentée.
,9610,,9610,,exact,NOGA_2025 → NACE_2.1 ; exactMatch ; source=ofs-methodologie. Identité documentée.
,961000,,9610,,aggregated,NOGA_2025 → NACE_2.1 ; broadMatch ; source=ofs-noga2025. Validation métier requise ; aucune équivalence exacte affirmée.
,962,,962,,exact,NOGA_2025 → NACE_2.1 ; exactMatch ; source=ofs-methodologie. Identité documentée.
,9621,,9621,,exact,NOGA_2025 → NACE_2.1 ; exactMatch ; source=ofs-methodologie. Identité documentée.
,962100,,9621,,aggregated,NOGA_2025 → NACE_2.1 ; broadMatch ; source=ofs-noga2025. Validation métier requise ; aucune équivalence exacte affirmée.
,9622,,9622,,exact,NOGA_2025 → NACE_2.1 ; exactMatch ; source=ofs-methodologie. Identité documentée.
,962200,,9622,,aggregated,NOGA_2025 → NACE_2.1 ; broadMatch ; source=ofs-noga2025. Validation métier requise ; aucune équivalence exacte affirmée.
,9623,,9623,,exact,NOGA_2025 → NACE_2.1 ; exactMatch ; source=ofs-methodologie. Identité documentée.
,962300,,9623,,aggregated,NOGA_2025 → NACE_2.1 ; broadMatch ; source=ofs-noga2025. Validation métier requise ; aucune équivalence exacte affirmée.
,963,,963,,exact,NOGA_2025 → NACE_2.1 ; exactMatch ; source=ofs-methodologie. Identité documentée.
,9630,,9630,,exact,NOGA_2025 → NACE_2.1 ; exactMatch ; source=ofs-methodologie. Identité documentée.
,963000,,9630,,aggregated,NOGA_2025 → NACE_2.1 ; broadMatch ; source=ofs-noga2025. Validation métier requise ; aucune équivalence exacte affirmée.
,964,,964,,exact,NOGA_2025 → NACE_2.1 ; exactMatch ; source=ofs-methodologie. Identité documentée.
,9640,,9640,,exact,NOGA_2025 → NACE_2.1 ; exactMatch ; source=ofs-methodologie. Identité documentée.
,964000,,9640,,aggregated,NOGA_2025 → NACE_2.1 ; broadMatch ; source=ofs-noga2025. Validation métier requise ; aucune équivalence exacte affirmée.
,969,,969,,exact,NOGA_2025 → NACE_2.1 ; exactMatch ; source=ofs-methodologie. Identité documentée.
,9691,,9691,,exact,NOGA_2025 → NACE_2.1 ; exactMatch ; source=ofs-methodologie. Identité documentée.
,969100,,9691,,aggregated,NOGA_2025 → NACE_2.1 ; broadMatch ; source=ofs-noga2025. Validation métier requise ; aucune équivalence exacte affirmée.
,9699,,9699,,exact,NOGA_2025 → NACE_2.1 ; exactMatch ; source=ofs-methodologie. Identité documentée.
,969900,,9699,,aggregated,NOGA_2025 → NACE_2.1 ; broadMatch ; source=ofs-noga2025. Validation métier requise ; aucune équivalence exacte affirmée.
,97,,97,,exact,NOGA_2025 → NACE_2.1 ; exactMatch ; source=ofs-methodologie. Identité documentée.
,970,,970,,exact,NOGA_2025 → NACE_2.1 ; exactMatch ; source=ofs-methodologie. Identité documentée.
,9700,,9700,,exact,NOGA_2025 → NACE_2.1 ; exactMatch ; source=ofs-methodologie. Identité documentée.
,970000,,9700,,aggregated,NOGA_2025 → NACE_2.1 ; broadMatch ; source=ofs-noga2025. Validation métier requise ; aucune équivalence exacte affirmée.
,98,,98,,exact,NOGA_2025 → NACE_2.1 ; exactMatch ; source=ofs-methodologie. Identité documentée.
,981,,981,,exact,NOGA_2025 → NACE_2.1 ; exactMatch ; source=ofs-methodologie. Identité documentée.
,9810,,9810,,exact,NOGA_2025 → NACE_2.1 ; exactMatch ; source=ofs-methodologie. Identité documentée.
,981000,,9810,,aggregated,NOGA_2025 → NACE_2.1 ; broadMatch ; source=ofs-noga2025. Validation métier requise ; aucune équivalence exacte affirmée.
,982,,982,,exact,NOGA_2025 → NACE_2.1 ; exactMatch ; source=ofs-methodologie. Identité documentée.
,9820,,9820,,exact,NOGA_2025 → NACE_2.1 ; exactMatch ; source=ofs-methodologie. Identité documentée.
,982000,,9820,,aggregated,NOGA_2025 → NACE_2.1 ; broadMatch ; source=ofs-noga2025. Validation métier requise ; aucune équivalence exacte affirmée.
,99,,99,,exact,NOGA_2025 → NACE_2.1 ; exactMatch ; source=ofs-methodologie. Identité documentée.
,990,,990,,exact,NOGA_2025 → NACE_2.1 ; exactMatch ; source=ofs-methodologie. Identité documentée.
,9900,,9900,,exact,NOGA_2025 → NACE_2.1 ; exactMatch ; source=ofs-methodologie. Identité documentée.
,990001,,9900,,aggregated,NOGA_2025 → NACE_2.1 ; broadMatch ; source=ofs-noga2025. Validation métier requise ; aucune équivalence exacte affirmée.
,990002,,9900,,aggregated,NOGA_2025 → NACE_2.1 ; broadMatch ; source=ofs-noga2025. Validation métier requise ; aucune équivalence exacte affirmée.
,A,,A,,exact,NOGA_2025 → NACE_2.1 ; exactMatch ; source=ofs-methodologie. Identité documentée.
,B,,B,,exact,NOGA_2025 → NACE_2.1 ; exactMatch ; source=ofs-methodologie. Identité documentée.
,C,,C,,exact,NOGA_2025 → NACE_2.1 ; exactMatch ; source=ofs-methodologie. Identité documentée.
,D,,D,,exact,NOGA_2025 → NACE_2.1 ; exactMatch ; source=ofs-methodologie. Identité documentée.
,E,,E,,exact,NOGA_2025 → NACE_2.1 ; exactMatch ; source=ofs-methodologie. Identité documentée.
,F,,F,,exact,NOGA_2025 → NACE_2.1 ; exactMatch ; source=ofs-methodologie. Identité documentée.
,G,,G,,exact,NOGA_2025 → NACE_2.1 ; exactMatch ; source=ofs-methodologie. Identité documentée.
,H,,H,,exact,NOGA_2025 → NACE_2.1 ; exactMatch ; source=ofs-methodologie. Identité documentée.
,I,,I,,exact,NOGA_2025 → NACE_2.1 ; exactMatch ; source=ofs-methodologie. Identité documentée.
,J,,J,,exact,NOGA_2025 → NACE_2.1 ; exactMatch ; source=ofs-methodologie. Identité documentée.
,K,,K,,exact,NOGA_2025 → NACE_2.1 ; exactMatch ; source=ofs-methodologie. Identité documentée.
,L,,L,,exact,NOGA_2025 → NACE_2.1 ; exactMatch ; source=ofs-methodologie. Identité documentée.
,M,,M,,exact,NOGA_2025 → NACE_2.1 ; exactMatch ; source=ofs-methodologie. Identité documentée.
,N,,N,,exact,NOGA_2025 → NACE_2.1 ; exactMatch ; source=ofs-methodologie. Identité documentée.
,O,,O,,exact,NOGA_2025 → NACE_2.1 ; exactMatch ; source=ofs-methodologie. Identité documentée.
,P,,P,,exact,NOGA_2025 → NACE_2.1 ; exactMatch ; source=ofs-methodologie. Identité documentée.
,Q,,Q,,exact,NOGA_2025 → NACE_2.1 ; exactMatch ; source=ofs-methodologie. Identité documentée.
,R,,R,,exact,NOGA_2025 → NACE_2.1 ; exactMatch ; source=ofs-methodologie. Identité documentée.
,S,,S,,exact,NOGA_2025 → NACE_2.1 ; exactMatch ; source=ofs-methodologie. Identité documentée.
,T,,T,,exact,NOGA_2025 → NACE_2.1 ; exactMatch ; source=ofs-methodologie. Identité documentée.
,U,,U,,exact,NOGA_2025 → NACE_2.1 ; exactMatch ; source=ofs-methodologie. Identité documentée.
,V,,V,,exact,NOGA_2025 → NACE_2.1 ; exactMatch ; source=ofs-methodologie. Identité documentée.
