postal_code,postal_code_suffix,locality,municipality,municipality_bfs_id,canton,language
1000,25,Lausanne 25,Lausanne,5586,VD,fr
1000,26,Lausanne 26,Lausanne,5586,VD,fr
1000,27,Lausanne 27,Lausanne,5586,VD,fr
1003,00,Lausanne,Lausanne,5586,VD,fr
1004,00,Lausanne,Lausanne,5586,VD,fr
1005,00,Lausanne,Lausanne,5586,VD,fr
1006,00,Lausanne,Lausanne,5586,VD,fr
1007,00,Lausanne,Lausanne,5586,VD,fr
1008,00,Prilly,Prilly,5589,VD,fr
1008,02,Jouxtens-Mézery,Jouxtens-Mézery,5585,VD,fr
1009,00,Pully,Pully,5590,VD,fr
1010,00,Lausanne,Lausanne,5586,VD,fr
1011,00,Lausanne,Lausanne,5586,VD,fr
1012,00,Lausanne,Lausanne,5586,VD,fr
1015,00,Lausanne,Chavannes-près-Renens,5627,VD,fr
1015,00,Lausanne,Ecublens (VD),5635,VD,fr
1015,00,Lausanne,Saint-Sulpice (VD),5648,VD,fr
1018,00,Lausanne,Lausanne,5586,VD,fr
1020,00,Renens VD,Renens (VD),5591,VD,fr
1022,00,Chavannes-près-Renens,Chavannes-près-Renens,5627,VD,fr
1023,00,Crissier,Crissier,5583,VD,fr
1023,00,Crissier,Lausanne,5586,VD,fr
1024,00,Ecublens VD,Ecublens (VD),5635,VD,fr
1025,00,St-Sulpice VD,Saint-Sulpice (VD),5648,VD,fr
1026,02,Denges,Denges,5632,VD,fr
1026,03,Echandens,Echandens,5633,VD,fr
1027,00,Lonay,Lonay,5638,VD,fr
1028,00,Préverenges,Préverenges,5643,VD,fr
1029,00,Villars-Ste-Croix,Villars-Sainte-Croix,5651,VD,fr
1030,00,Bussigny,Bussigny,5624,VD,fr
1031,00,Mex VD,Mex (VD),5489,VD,fr
1031,00,Mex VD,Vufflens-la-Ville,5503,VD,fr
1032,00,Romanel-sur-Lausanne,Lausanne,5586,VD,fr
1032,00,Romanel-sur-Lausanne,Romanel-sur-Lausanne,5592,VD,fr
1033,00,Cheseaux-sur-Lausanne,Cheseaux-sur-Lausanne,5582,VD,fr
1033,00,Cheseaux-sur-Lausanne,Crissier,5583,VD,fr
1033,00,Cheseaux-sur-Lausanne,Lausanne,5586,VD,fr
1034,00,Boussens,Boussens,5473,VD,fr
1035,00,Bournens,Bournens,5472,VD,fr
1036,00,Sullens,Sullens,5501,VD,fr
1037,00,Etagnières,Etagnières,5521,VD,fr
1038,00,Bercher,Bercher,5512,VD,fr
1038,00,Bercher,Boulens,5661,VD,fr
1038,00,Bercher,Montanaire,5693,VD,fr
1040,00,Echallens,Echallens,5518,VD,fr
1040,02,Villars-le-Terroir,Villars-le-Terroir,5537,VD,fr
1040,03,St-Barthélemy VD,Saint-Barthélemy (VD),5535,VD,fr
1041,21,Dommartin,Montilliez,5540,VD,fr
1041,22,Montaubion-Chardonney,Jorat-Menthue,5804,VD,fr
1041,26,Naz,Montilliez,5540,VD,fr
1041,31,Poliez-le-Grand,Montilliez,5540,VD,fr
1041,32,Poliez-Pittet,Poliez-Pittet,5533,VD,fr
1041,33,Bottens,Bottens,5514,VD,fr
1042,00,Assens,Assens,5511,VD,fr
1042,03,Bioley-Orjulaz,Assens,5511,VD,fr
1042,04,Bettens,Bettens,5471,VD,fr
1043,00,Sugnens,Montilliez,5540,VD,fr
1044,00,Fey,Fey,5522,VD,fr
1045,00,Ogens,Ogens,5680,VD,fr
1045,00,Ogens,Bioley-Magnoux,5903,VD,fr
1046,00,Rueyres,Rueyres,5534,VD,fr
1047,00,Oppens,Oppens,5923,VD,fr
1052,00,Le Mont-sur-Lausanne,Le Mont-sur-Lausanne,5587,VD,fr
1053,00,Cugy VD,Cugy (VD),5516,VD,fr
1053,00,Cugy VD,Lausanne,5586,VD,fr
1053,02,Bretigny-sur-Morrens,Bretigny-sur-Morrens,5515,VD,fr
1054,00,Morrens VD,Morrens (VD),5527,VD,fr
1055,00,Froideville,Froideville,5523,VD,fr
1058,00,Villars-Tiercelin,Jorat-Menthue,5804,VD,fr
1059,00,Peney-le-Jorat,Hermenches,5673,VD,fr
1059,00,Peney-le-Jorat,Jorat-Menthue,5804,VD,fr
1061,00,Villars-Mendraz,Jorat-Menthue,5804,VD,fr
1062,00,Sottens,Jorat-Menthue,5804,VD,fr
1063,00,Chapelle-sur-Moudon,Montanaire,5693,VD,fr
1063,02,Martherenges,Montanaire,5693,VD,fr
1063,03,Boulens,Boulens,5661,VD,fr
1063,04,Peyres-Possens,Montanaire,5693,VD,fr
1063,04,Peyres-Possens,Jorat-Menthue,5804,VD,fr
1066,00,Epalinges,Epalinges,5584,VD,fr
1068,00,Les Monts-de-Pully,Pully,5590,VD,fr
1070,00,Puidoux,Puidoux,5607,VD,fr
1070,00,Puidoux,Bourg-en-Lavaux,5613,VD,fr
1071,00,Chexbres,Chexbres,5601,VD,fr
1071,00,Chexbres,Rivaz,5609,VD,fr
1071,01,Rivaz,Puidoux,5607,VD,fr
1071,01,Rivaz,Rivaz,5609,VD,fr
1071,02,St-Saphorin (Lavaux),Saint-Saphorin (Lavaux),5610,VD,fr
1072,00,Forel (Lavaux),Forel (Lavaux),5604,VD,fr
1073,00,Savigny,Savigny,5611,VD,fr
1073,02,Mollie-Margot,Savigny,5611,VD,fr
1076,00,Ferlens VD,Jorat-Mézières,5806,VD,fr
1077,00,Servion,Servion,5799,VD,fr
1078,00,Essertes,Oron,5805,VD,fr
1080,00,Les Cullayes,Forel (Lavaux),5604,VD,fr
1080,00,Les Cullayes,Servion,5799,VD,fr
1081,00,Montpreveyres,Montpreveyres,5792,VD,fr
1082,00,Corcelles-le-Jorat,Corcelles-le-Jorat,5785,VD,fr
1083,00,Mézières VD,Jorat-Mézières,5806,VD,fr
1084,00,Carrouge VD,Vulliens,5803,VD,fr
1084,00,Carrouge VD,Jorat-Mézières,5806,VD,fr
1085,00,Vulliens,Rue,2097,FR,fr
1085,00,Vulliens,Vulliens,5803,VD,fr
1088,00,Ropraz,Ropraz,5798,VD,fr
1090,00,La Croix (Lutry),Lutry,5606,VD,fr
1090,00,La Croix (Lutry),Savigny,5611,VD,fr
1091,00,Grandvaux,Forel (Lavaux),5604,VD,fr
1091,00,Grandvaux,Bourg-en-Lavaux,5613,VD,fr
1091,01,Aran,Savigny,5611,VD,fr
1091,01,Aran,Bourg-en-Lavaux,5613,VD,fr
1091,03,Chenaux,Bourg-en-Lavaux,5613,VD,fr
1092,00,Belmont-sur-Lausanne,Belmont-sur-Lausanne,5581,VD,fr
1092,00,Belmont-sur-Lausanne,Lutry,5606,VD,fr
1093,00,La Conversion,Lutry,5606,VD,fr
1094,00,Paudex,Paudex,5588,VD,fr
1095,00,Lutry,Paudex,5588,VD,fr
1095,00,Lutry,Lutry,5606,VD,fr
1095,00,Lutry,Bourg-en-Lavaux,5613,VD,fr
1096,00,Cully,Puidoux,5607,VD,fr
1096,00,Cully,Bourg-en-Lavaux,5613,VD,fr
1096,02,Villette (Lavaux),Bourg-en-Lavaux,5613,VD,fr
1097,00,Riex,Bourg-en-Lavaux,5613,VD,fr
1098,00,Epesses,Puidoux,5607,VD,fr
1098,00,Epesses,Bourg-en-Lavaux,5613,VD,fr
1110,00,Morges,Morges,5642,VD,fr
1112,00,Echichens,Echichens,5634,VD,fr
1113,00,St-Saphorin-sur-Morges,Echichens,5634,VD,fr
1114,00,Colombier VD,Echichens,5634,VD,fr
1115,00,Vullierens,Vullierens,5654,VD,fr
1116,00,Cottens VD,Hautemorges,5656,VD,fr
1117,00,Grancy,Grancy,5485,VD,fr
1121,00,Bremblens,Bremblens,5622,VD,fr
1122,00,Romanel-sur-Morges,Romanel-sur-Morges,5645,VD,fr
1123,00,Aclens,Aclens,5621,VD,fr
1124,00,Gollion,Gollion,5484,VD,fr
1125,00,Monnaz,Echichens,5634,VD,fr
1126,00,Vaux-sur-Morges,Vaux-sur-Morges,5650,VD,fr
1127,00,Clarmont,Clarmont,5629,VD,fr
1128,00,Reverolle,Hautemorges,5656,VD,fr
1131,00,Tolochenaz,Tolochenaz,5649,VD,fr
1132,00,Lully VD,Lully (VD),5639,VD,fr
1134,00,Vufflens-le-Château,Vufflens-le-Château,5653,VD,fr
1134,02,Chigny,Chigny,5628,VD,fr
1135,00,Denens,Denens,5631,VD,fr
1136,00,Bussy-Chardonney,Hautemorges,5656,VD,fr
1141,00,Sévery,Hautemorges,5656,VD,fr
1142,00,Pampigny,Hautemorges,5656,VD,fr
1143,00,Apples,Hautemorges,5656,VD,fr
1144,00,Ballens,Ballens,5423,VD,fr
1145,00,Bière,Bière,5425,VD,fr
1145,00,Bière,Saint-Livres,5435,VD,fr
1146,00,Mollens VD,Mollens (VD),5431,VD,fr
1147,00,Montricher,Montricher,5492,VD,fr
1148,00,L'Isle,L'Isle,5486,VD,fr
1148,02,Mauraz,Mauraz,5488,VD,fr
1148,03,Villars-Bozon,L'Isle,5486,VD,fr
1148,04,Cuarnens,Cuarnens,5479,VD,fr
1148,05,Mont-la-Ville,Mont-la-Ville,5491,VD,fr
1148,06,La Praz,La Praz,5758,VD,fr
1148,07,Chavannes-le-Veyron,La Chaux (Cossonay),5474,VD,fr
1148,07,Chavannes-le-Veyron,Chavannes-le-Veyron,5475,VD,fr
1148,08,Moiry VD,Moiry,5490,VD,fr
1148,09,La Coudre,L'Isle,5486,VD,fr
1149,00,Berolle,Berolle,5424,VD,fr
1162,00,St-Prex,Lully (VD),5639,VD,fr
1162,00,St-Prex,Saint-Prex,5646,VD,fr
1163,00,Etoy,Etoy,5636,VD,fr
1164,00,Buchillon,Buchillon,5623,VD,fr
1165,00,Allaman,Allaman,5851,VD,fr
1166,00,Perroy,Féchy,5427,VD,fr
1166,00,Perroy,Perroy,5860,VD,fr
1167,00,Lussy-sur-Morges,Lussy-sur-Morges,5640,VD,fr
1168,00,Villars-sous-Yens,Villars-sous-Yens,5652,VD,fr
1169,00,Yens,Yens,5655,VD,fr
1170,00,Aubonne,Aubonne,5422,VD,fr
1170,00,Aubonne,Lavigny,5637,VD,fr
1172,00,Bougy-Villars,Aubonne,5422,VD,fr
1172,00,Bougy-Villars,Bougy-Villars,5426,VD,fr
1173,00,Féchy,Féchy,5427,VD,fr
1174,00,Montherod,Aubonne,5422,VD,fr
1174,02,Pizy,Aubonne,5422,VD,fr
1175,00,Lavigny,Lavigny,5637,VD,fr
1176,00,St-Livres,Saint-Livres,5435,VD,fr
1180,00,Rolle,Essertines-sur-Rolle,5856,VD,fr
1180,00,Rolle,Gilly,5857,VD,fr
1180,00,Rolle,Rolle,5861,VD,fr
1180,02,Tartegnin,Essertines-sur-Rolle,5856,VD,fr
1180,02,Tartegnin,Tartegnin,5862,VD,fr
1182,00,Gilly,Gilly,5857,VD,fr
1183,00,Bursins,Bursins,5853,VD,fr
1183,00,Bursins,Gilly,5857,VD,fr
1184,00,Luins,Luins,5858,VD,fr
1184,01,Vinzel,Vinzel,5863,VD,fr
1185,00,Mont-sur-Rolle,Essertines-sur-Rolle,5856,VD,fr
1185,00,Mont-sur-Rolle,Mont-sur-Rolle,5859,VD,fr
1186,00,Essertines-sur-Rolle,Essertines-sur-Rolle,5856,VD,fr
1186,00,Essertines-sur-Rolle,Gilly,5857,VD,fr
1187,00,St-Oyens,Saint-Oyens,5436,VD,fr
1188,00,Gimel,Gimel,5428,VD,fr
1188,02,St-George,Saint-George,5434,VD,fr
1189,00,Saubraz,Saubraz,5437,VD,fr
1195,02,Dully,Dully,5855,VD,fr
1195,03,Bursinel,Bursinel,5852,VD,fr
1195,03,Bursinel,Gilly,5857,VD,fr
1196,00,Gland,Gland,5721,VD,fr
1197,00,Prangins,Prangins,5725,VD,fr
1201,00,Genève,Genève,6621,GE,fr
1202,00,Genève,Genève,6621,GE,fr
1202,00,Genève,Pregny-Chambésy,6634,GE,fr
1203,00,Genève,Genève,6621,GE,fr
1204,00,Genève,Genève,6621,GE,fr
1205,00,Genève,Genève,6621,GE,fr
1206,00,Genève,Genève,6621,GE,fr
1207,00,Genève,Genève,6621,GE,fr
1208,00,Genève,Genève,6621,GE,fr
1209,00,Genève,Genève,6621,GE,fr
1209,00,Genève,Le Grand-Saconnex,6623,GE,fr
1209,00,Genève,Vernier,6643,GE,fr
1212,00,Grand-Lancy,Lancy,6628,GE,fr
1212,00,Grand-Lancy,Onex,6631,GE,fr
1212,00,Grand-Lancy,Plan-les-Ouates,6633,GE,fr
1213,00,Petit-Lancy,Genève,6621,GE,fr
1213,00,Petit-Lancy,Lancy,6628,GE,fr
1213,03,Onex,Lancy,6628,GE,fr
1213,03,Onex,Onex,6631,GE,fr
1214,00,Vernier,Meyrin,6630,GE,fr
1214,00,Vernier,Satigny,6638,GE,fr
1214,00,Vernier,Vernier,6643,GE,fr
1215,00,Genève,Le Grand-Saconnex,6623,GE,fr
1215,00,Genève,Meyrin,6630,GE,fr
1216,00,Cointrin,Le Grand-Saconnex,6623,GE,fr
1216,00,Cointrin,Meyrin,6630,GE,fr
1216,00,Cointrin,Vernier,6643,GE,fr
1217,00,Meyrin,Meyrin,6630,GE,fr
1218,00,Le Grand-Saconnex,Genève,6621,GE,fr
1218,00,Le Grand-Saconnex,Le Grand-Saconnex,6623,GE,fr
1219,00,Le Lignon,Vernier,6643,GE,fr
1219,10,Aïre,Vernier,6643,GE,fr
1219,12,Châtelaine,Vernier,6643,GE,fr
1220,00,Les Avanchets,Vernier,6643,GE,fr
1222,00,Vésenaz,Collonge-Bellerive,6616,GE,fr
1223,00,Cologny,Cologny,6617,GE,fr
1224,00,Chêne-Bougeries,Chêne-Bougeries,6612,GE,fr
1225,00,Chêne-Bourg,Chêne-Bourg,6613,GE,fr
1226,00,Thônex,Thônex,6640,GE,fr
1227,00,Carouge GE,Carouge (GE),6608,GE,fr
1227,00,Carouge GE,Genève,6621,GE,fr
1227,04,Les Acacias,Carouge (GE),6608,GE,fr
1227,04,Les Acacias,Genève,6621,GE,fr
1227,04,Les Acacias,Lancy,6628,GE,fr
1228,00,Plan-les-Ouates,Confignon,6618,GE,fr
1228,00,Plan-les-Ouates,Lancy,6628,GE,fr
1228,00,Plan-les-Ouates,Plan-les-Ouates,6633,GE,fr
1231,00,Conches,Chêne-Bougeries,6612,GE,fr
1232,00,Confignon,Bernex,6607,GE,fr
1232,00,Confignon,Confignon,6618,GE,fr
1233,00,Bernex,Bernex,6607,GE,fr
1234,00,Vessy,Veyrier,6645,GE,fr
1236,00,Cartigny,Avusy,6604,GE,fr
1236,00,Cartigny,Bernex,6607,GE,fr
1236,00,Cartigny,Cartigny,6609,GE,fr
1236,00,Cartigny,Laconnex,6627,GE,fr
1237,00,Avully,Avully,6603,GE,fr
1237,00,Avully,Chancy,6611,GE,fr
1239,00,Collex,Collex-Bossy,6615,GE,fr
1241,00,Puplinge,Puplinge,6636,GE,fr
1242,00,Satigny,Satigny,6638,GE,fr
1243,00,Presinge,Presinge,6635,GE,fr
1244,00,Choulex,Choulex,6614,GE,fr
1245,00,Collonge-Bellerive,Collonge-Bellerive,6616,GE,fr
1246,00,Corsier GE,Corsier (GE),6619,GE,fr
1247,00,Anières,Anières,6602,GE,fr
1248,00,Hermance,Hermance,6625,GE,fr
1251,00,Gy,Gy,6624,GE,fr
1252,00,Meinier,Meinier,6629,GE,fr
1253,00,Vandoeuvres,Vandoeuvres,6642,GE,fr
1254,00,Jussy,Gy,6624,GE,fr
1254,00,Jussy,Jussy,6626,GE,fr
1255,00,Veyrier,Veyrier,6645,GE,fr
1256,00,Troinex,Troinex,6641,GE,fr
1257,00,La Croix-de-Rozon,Bardonnex,6605,GE,fr
1257,00,La Croix-de-Rozon,Plan-les-Ouates,6633,GE,fr
1258,00,Perly,Bardonnex,6605,GE,fr
1258,00,Perly,Perly-Certoux,6632,GE,fr
1260,00,Nyon,Nyon,5724,VD,fr
1260,00,Nyon,Prangins,5725,VD,fr
1261,32,Marchissy,Marchissy,5430,VD,fr
1261,33,Le Vaud,Le Vaud,5731,VD,fr
1261,35,Longirod,Longirod,5429,VD,fr
1262,00,Eysins,Eysins,5716,VD,fr
1263,00,Crassier,Crassier,5714,VD,fr
1264,00,St-Cergue,Arzier-Le Muids,5702,VD,fr
1264,00,St-Cergue,Saint-Cergue,5727,VD,fr
1265,00,La Cure,Saint-Cergue,5727,VD,fr
1266,00,Duillier,Duillier,5715,VD,fr
1267,01,Vich,Vich,5732,VD,fr
1267,02,Coinsins,Coinsins,5710,VD,fr
1268,00,Begnins,Begnins,5704,VD,fr
1268,02,Burtigny,Bursins,5853,VD,fr
1268,02,Burtigny,Burtigny,5854,VD,fr
1268,02,Burtigny,Vinzel,5863,VD,fr
1269,00,Bassins,Bassins,5703,VD,fr
1270,00,Trélex,Trélex,5730,VD,fr
1271,00,Givrins,Givrins,5720,VD,fr
1272,00,Genolier,Genolier,5718,VD,fr
1272,00,Genolier,Givrins,5720,VD,fr
1273,00,Arzier-Le Muids,Arzier-Le Muids,5702,VD,fr
1274,01,Signy,Signy-Avenex,5728,VD,fr
1274,03,Grens,Grens,5722,VD,fr
1275,00,Chéserex,Chéserex,5709,VD,fr
1275,00,Chéserex,La Rippe,5726,VD,fr
1276,00,Gingins,Chéserex,5709,VD,fr
1276,00,Gingins,Gingins,5719,VD,fr
1276,00,Gingins,Saint-Cergue,5727,VD,fr
1277,00,Borex,Borex,5706,VD,fr
1277,01,Arnex-sur-Nyon,Arnex-sur-Nyon,5701,VD,fr
1278,00,La Rippe,La Rippe,5726,VD,fr
1279,00,Chavannes-de-Bogis,Chavannes-de-Bogis,5707,VD,fr
1279,02,Bogis-Bossey,Bogis-Bossey,5705,VD,fr
1281,00,Russin,Russin,6637,GE,fr
1281,00,Russin,Satigny,6638,GE,fr
1283,00,La Plaine,Dardagny,6620,GE,fr
1283,01,Dardagny,Dardagny,6620,GE,fr
1284,00,Chancy,Chancy,6611,GE,fr
1285,00,Athenaz (Avusy),Avusy,6604,GE,fr
1285,00,Athenaz (Avusy),Chancy,6611,GE,fr
1286,00,Soral,Bernex,6607,GE,fr
1286,00,Soral,Soral,6639,GE,fr
1287,00,Laconnex,Laconnex,6627,GE,fr
1288,00,Aire-la-Ville,Aire-la-Ville,6601,GE,fr
1290,00,Versoix,Mies,5723,VD,fr
1290,00,Versoix,Collex-Bossy,6615,GE,fr
1290,00,Versoix,Versoix,6644,GE,fr
1290,02,Chavannes-des-Bois,Chavannes-des-Bois,5708,VD,fr
1291,00,Commugny,Commugny,5711,VD,fr
1292,00,Chambésy,Genève,6621,GE,fr
1292,00,Chambésy,Pregny-Chambésy,6634,GE,fr
1293,00,Bellevue,Bellevue,6606,GE,fr
1294,00,Genthod,Genthod,6622,GE,fr
1295,01,Mies,Mies,5723,VD,fr
1295,02,Tannay,Tannay,5729,VD,fr
1296,00,Coppet,Coppet,5712,VD,fr
1296,00,Coppet,Founex,5717,VD,fr
1297,00,Founex,Coppet,5712,VD,fr
1297,00,Founex,Founex,5717,VD,fr
1298,00,Céligny,Céligny,6610,GE,fr
1299,00,Crans VD,Crans (VD),5713,VD,fr
1302,00,Vufflens-la-Ville,Vufflens-la-Ville,5503,VD,fr
1303,00,Penthaz,Penthaz,5496,VD,fr
1304,00,Cossonay-Ville,Cossonay,5477,VD,fr
1304,02,Dizy,Dizy,5481,VD,fr
1304,03,Allens,Cossonay,5477,VD,fr
1304,04,Senarclens,Senarclens,5499,VD,fr
1305,00,Penthalaz,Penthalaz,5495,VD,fr
1306,00,Daillens,Bettens,5471,VD,fr
1306,00,Daillens,Daillens,5480,VD,fr
1307,00,Lussery-Villars,Lussery-Villars,5487,VD,fr
1308,00,La Chaux (Cossonay),La Chaux (Cossonay),5474,VD,fr
1312,00,Eclépens,Eclépens,5482,VD,fr
1313,00,Ferreyres,Ferreyres,5483,VD,fr
1315,00,La Sarraz,La Sarraz,5498,VD,fr
1316,00,Chevilly,La Chaux (Cossonay),5474,VD,fr
1316,00,Chevilly,Chevilly,5476,VD,fr
1317,00,Orny,Orny,5493,VD,fr
1318,00,Pompaples,Pompaples,5497,VD,fr
1321,00,Arnex-sur-Orbe,Arnex-sur-Orbe,5743,VD,fr
1322,00,Croy,Croy,5752,VD,fr
1323,00,Romainmôtier,Romainmôtier-Envy,5761,VD,fr
1324,00,Premier,Premier,5759,VD,fr
1325,00,Vaulion,Mont-la-Ville,5491,VD,fr
1325,00,Vaulion,Vaulion,5765,VD,fr
1326,00,Juriens,Juriens,5754,VD,fr
1329,00,Bretonnières,Bretonnières,5748,VD,fr
1337,00,Vallorbe,Vallorbe,5764,VD,fr
1338,00,Ballaigues,Ballaigues,5744,VD,fr
1341,00,L'Orient,Le Chenit,5872,VD,fr
1342,00,Le Pont,L'Abbaye,5871,VD,fr
1343,00,Les Charbonnières,Le Lieu,5873,VD,fr
1344,00,L'Abbaye,L'Abbaye,5871,VD,fr
1345,00,Le Lieu,Le Lieu,5873,VD,fr
1345,01,Le Séchey,Le Lieu,5873,VD,fr
1346,00,Les Bioux,L'Abbaye,5871,VD,fr
1347,00,Le Sentier,Le Chenit,5872,VD,fr
1347,01,Le Solliat,Le Chenit,5872,VD,fr
1348,00,Le Brassus,Le Chenit,5872,VD,fr
1350,00,Orbe,Orbe,5757,VD,fr
1352,00,Agiez,Agiez,5742,VD,fr
1353,00,Bofflens,Bofflens,5747,VD,fr
1354,00,Montcherand,Montcherand,5756,VD,fr
1355,00,L'Abergement,L'Abergement,5741,VD,fr
1355,02,Sergey,Sergey,5762,VD,fr
1356,00,Les Clées,Les Clées,5750,VD,fr
1356,02,La Russille,Les Clées,5750,VD,fr
1357,00,Lignerolle,L'Abergement,5741,VD,fr
1357,00,Lignerolle,Lignerolle,5755,VD,fr
1358,00,Valeyres-sous-Rances,Valeyres-sous-Rances,5763,VD,fr
1372,00,Bavois,Orny,5493,VD,fr
1372,00,Bavois,Bavois,5746,VD,fr
1373,00,Chavornay,Chavornay,5749,VD,fr
1374,00,Corcelles-sur-Chavornay,Chavornay,5749,VD,fr
1375,00,Penthéréaz,Penthéréaz,5531,VD,fr
1376,00,Goumoens-la-Ville,Goumoëns,5541,VD,fr
1376,02,Eclagnens,Goumoëns,5541,VD,fr
1376,03,Goumoens-le-Jux,Goumoëns,5541,VD,fr
1377,00,Oulens-sous-Echallens,Oulens-sous-Echallens,5529,VD,fr
1400,00,Yverdon-les-Bains,Yverdon-les-Bains,5938,VD,fr
1400,05,Cheseaux-Noréaz,Cheseaux-Noréaz,5909,VD,fr
1400,05,Cheseaux-Noréaz,Cuarny,5911,VD,fr
1404,00,Cuarny,Cuarny,5911,VD,fr
1404,02,Villars-Epeney,Villars-Epeney,5935,VD,fr
1405,00,Pomy,Pomy,5926,VD,fr
1406,00,Cronay,Cronay,5910,VD,fr
1407,00,Donneloye,Donneloye,5913,VD,fr
1407,02,Gossens,Donneloye,5913,VD,fr
1407,03,Mézery-près-Donneloye,Donneloye,5913,VD,fr
1407,04,Bioley-Magnoux,Bioley-Magnoux,5903,VD,fr
1408,00,Prahins,Donneloye,5913,VD,fr
1409,00,Chanéaz,Montanaire,5693,VD,fr
1410,00,Thierrens,Montanaire,5693,VD,fr
1410,02,Correvon,Montanaire,5693,VD,fr
1410,03,Denezy,Montanaire,5693,VD,fr
1410,04,Prévondavaux,Prévondavaux,2038,FR,fr
1410,05,St-Cierges,Montanaire,5693,VD,fr
1412,00,Valeyres-sous-Ursins,Valeyres-sous-Ursins,5934,VD,fr
1412,02,Ursins,Ursins,5932,VD,fr
1413,00,Orzens,Orzens,5925,VD,fr
1415,00,Molondin,Molondin,5921,VD,fr
1415,02,Démoret,Démoret,5912,VD,fr
1416,00,Pailly,Pailly,5530,VD,fr
1417,00,Essertines-sur-Yverdon,Essertines-sur-Yverdon,5520,VD,fr
1417,02,Epautheyres,Essertines-sur-Yverdon,5520,VD,fr
1418,00,Vuarrens,Vuarrens,5539,VD,fr
1420,00,Fiez,Fiez,5556,VD,fr
1421,00,Fontaines-sur-Grandson,Fontaines-sur-Grandson,5557,VD,fr
1421,02,Grandevent,Grandevent,5560,VD,fr
1422,00,Grandson,Grandson,5561,VD,fr
1423,00,Villars-Burquin,Tévenon,5571,VD,fr
1423,02,Fontanezier,Bonvillars,5551,VD,fr
1423,02,Fontanezier,Tévenon,5571,VD,fr
1423,03,Romairon,Tévenon,5571,VD,fr
1423,04,Vaugondry,Tévenon,5571,VD,fr
1424,00,Champagne,Champagne,5553,VD,fr
1425,00,Onnens VD,Onnens (VD),5565,VD,fr
1426,00,Concise,Concise,5554,VD,fr
1426,01,Corcelles-près-Concise,Corcelles-près-Concise,5555,VD,fr
1427,00,Bonvillars,Bonvillars,5551,VD,fr
1428,01,Provence,Provence,5566,VD,fr
1428,02,Mutrux,Mutrux,5563,VD,fr
1429,00,Giez,Giez,5559,VD,fr
1430,00,Orges,Orges,5924,VD,fr
1431,00,Vugelles-La Mothe,Vugelles-La Mothe,5937,VD,fr
1431,02,Novalles,Novalles,5564,VD,fr
1432,00,Belmont-sur-Yverdon,Belmont-sur-Yverdon,5902,VD,fr
1432,02,Gressy,Yverdon-les-Bains,5938,VD,fr
1433,00,Suchy,Suchy,5929,VD,fr
1434,00,Ependes VD,Ependes (VD),5914,VD,fr
1435,00,Essert-Pittet,Chavornay,5749,VD,fr
1436,00,Treycovagnes,Treycovagnes,5931,VD,fr
1436,02,Chamblon,Chamblon,5904,VD,fr
1437,00,Suscévaz,Suscévaz,5930,VD,fr
1438,00,Mathod,Mathod,5919,VD,fr
1439,00,Rances,Rances,5760,VD,fr
1441,00,Valeyres-sous-Montagny,Valeyres-sous-Montagny,5933,VD,fr
1442,00,Montagny-près-Yverdon,Montagny-près-Yverdon,5922,VD,fr
1443,00,Champvent,Vuiteboeuf,5766,VD,fr
1443,00,Champvent,Champvent,5905,VD,fr
1443,02,Essert-sous-Champvent,Champvent,5905,VD,fr
1443,03,Villars-sous-Champvent,Champvent,5905,VD,fr
1445,00,Vuiteboeuf,Sainte-Croix,5568,VD,fr
1445,00,Vuiteboeuf,Vuiteboeuf,5766,VD,fr
1446,00,Baulmes,Baulmes,5745,VD,fr
1450,00,Ste-Croix,Sainte-Croix,5568,VD,fr
1450,02,La Sagne (Ste-Croix),Sainte-Croix,5568,VD,fr
1450,03,Le Château-de-Ste-Croix,Sainte-Croix,5568,VD,fr
1452,00,Les Rasses,Bullet,5552,VD,fr
1452,00,Les Rasses,Sainte-Croix,5568,VD,fr
1453,00,Bullet,Bullet,5552,VD,fr
1453,00,Bullet,Fiez,5556,VD,fr
1453,02,Mauborget,Fontaines-sur-Grandson,5557,VD,fr
1453,02,Mauborget,Grandevent,5560,VD,fr
1453,02,Mauborget,Mauborget,5562,VD,fr
1453,02,Mauborget,Tévenon,5571,VD,fr
1454,00,L'Auberson,Sainte-Croix,5568,VD,fr
1454,00,L'Auberson,Baulmes,5745,VD,fr
1454,02,La Vraconnaz,Sainte-Croix,5568,VD,fr
1462,00,Yvonand,Yvonand,5939,VD,fr
1463,00,Rovray,Rovray,5928,VD,fr
1464,00,Chavannes-le-Chêne,Chavannes-le-Chêne,5907,VD,fr
1464,02,Chêne-Pâquier,Chêne-Pâquier,5908,VD,fr
1468,00,Cheyres,Cheyres-Châbles,2055,FR,fr
1470,00,Estavayer-le-Lac,Lully (FR),2025,FR,fr
1470,00,Estavayer-le-Lac,Estavayer,2054,FR,fr
1470,02,Lully FR,Lully (FR),2025,FR,fr
1470,03,Seiry,Lully (FR),2025,FR,fr
1470,04,Bollion,Lully (FR),2025,FR,fr
1473,00,Font,Estavayer,2054,FR,fr
1473,02,Châtillon FR,Châtillon (FR),2008,FR,fr
1474,00,Châbles FR,Cheyres-Châbles,2055,FR,fr
1475,00,Autavaux,Estavayer,2054,FR,fr
1475,02,Forel FR,Estavayer,2054,FR,fr
1475,03,Montbrelloz,Estavayer,2054,FR,fr
1482,00,Cugy FR,Cugy (FR),2011,FR,fr
1483,00,Montet (Broye),Les Montets,2050,FR,fr
1483,02,Frasses,Les Montets,2050,FR,fr
1483,03,Vesin,Cugy (FR),2011,FR,fr
1484,00,Aumont,Les Montets,2050,FR,fr
1484,02,Granges-de-Vesin,Les Montets,2050,FR,fr
1485,00,Nuvilly,Nuvilly,2035,FR,fr
1485,00,Nuvilly,Valbroye,5831,VD,fr
1486,00,Vuissens,Estavayer,2054,FR,fr
1489,00,Murist,Estavayer,2054,FR,fr
1509,00,Vucherens,Vucherens,5692,VD,fr
1510,00,Moudon,Chavannes-sur-Moudon,5665,VD,fr
1510,00,Moudon,Moudon,5678,VD,fr
1510,02,Syens,Syens,5688,VD,fr
1512,00,Chavannes-sur-Moudon,Chavannes-sur-Moudon,5665,VD,fr
1513,00,Hermenches,Hermenches,5673,VD,fr
1513,00,Hermenches,Corcelles-le-Jorat,5785,VD,fr
1513,02,Rossenges,Rossenges,5684,VD,fr
1514,00,Bussy-sur-Moudon,Bussy-sur-Moudon,5663,VD,fr
1515,00,Villars-le-Comte,Villars-le-Comte,5690,VD,fr
1515,01,Neyruz-sur-Moudon,Montanaire,5693,VD,fr
1521,00,Curtilles,Curtilles,5669,VD,fr
1522,00,Lucens,Lucens,5675,VD,fr
1522,09,Oulens-sur-Lucens,Lucens,5675,VD,fr
1523,00,Granges-près-Marnand,Valbroye,5831,VD,fr
1524,00,Marnand,Valbroye,5831,VD,fr
1525,00,Henniez,Henniez,5819,VD,fr
1525,02,Seigneux,Surpierre,2044,FR,fr
1525,02,Seigneux,Valbroye,5831,VD,fr
1526,00,Forel-sur-Lucens,Lucens,5675,VD,fr
1526,02,Cremin,Lucens,5675,VD,fr
1527,00,Villeneuve FR,Surpierre,2044,FR,fr
1528,00,Surpierre,Surpierre,2044,FR,fr
1528,02,Praratoud,Surpierre,2044,FR,fr
1529,00,Cheiry,Surpierre,2044,FR,fr
1530,00,Payerne,Payerne,5822,VD,fr
1532,00,Fétigny,Fétigny-Ménières,2056,FR,fr
1533,00,Ménières,Fétigny-Ménières,2056,FR,fr
1534,00,Sassel,Les Montets,2050,FR,fr
1534,00,Sassel,Valbroye,5831,VD,fr
1534,02,Chapelle (Broye),Surpierre,2044,FR,fr
1535,00,Combremont-le-Grand,Valbroye,5831,VD,fr
1536,00,Combremont-le-Petit,Valbroye,5831,VD,fr
1537,00,Champtauroz,Champtauroz,5812,VD,fr
1538,00,Treytorrens (Payerne),Treytorrens (Payerne),5828,VD,fr
1541,00,Bussy FR,Estavayer,2054,FR,fr
1541,02,Morens FR,Estavayer,2054,FR,fr
1541,03,Sévaz,Sévaz,2043,FR,fr
1542,00,Rueyres-les-Prés,Estavayer,2054,FR,fr
1543,00,Grandcour,Grandcour,5817,VD,fr
1544,00,Gletterens,Gletterens,2022,FR,fr
1545,00,Chevroux,Chevroux,5813,VD,fr
1551,00,Vers-chez-Perrin,Payerne,5822,VD,fr
1552,00,Trey,Trey,5827,VD,fr
1553,00,Châtonnaye,Châtonnaye,2068,FR,fr
1554,00,Sédeilles,Villarzel,5830,VD,fr
1554,02,Rossens VD,Villarzel,5830,VD,fr
1555,00,Villarzel,Villarzel,5830,VD,fr
1562,00,Corcelles-près-Payerne,Montagny (FR),2029,FR,fr
1562,00,Corcelles-près-Payerne,Corcelles-près-Payerne,5816,VD,fr
1562,00,Corcelles-près-Payerne,Payerne,5822,VD,fr
1563,00,Dompierre FR,Belmont-Broye,2053,FR,fr
1564,00,Domdidier,Belmont-Broye,2053,FR,fr
1564,00,Domdidier,Avenches,5451,VD,fr
1565,00,Missy,Missy,5821,VD,fr
1565,02,Vallon,Vallon,2045,FR,fr
1566,00,St-Aubin FR,Saint-Aubin (FR),2041,FR,fr
1566,02,Les Friques,Saint-Aubin (FR),2041,FR,fr
1567,00,Delley,Delley-Portalban,2051,FR,fr
1568,00,Portalban,Delley-Portalban,2051,FR,fr
1580,00,Avenches,Belmont-Broye,2053,FR,fr
1580,00,Avenches,Avenches,5451,VD,fr
1580,02,Oleyres,Belmont-Broye,2053,FR,fr
1580,02,Oleyres,Avenches,5451,VD,fr
1580,03,Donatyre,Avenches,5451,VD,fr
1583,00,Villarepos,Courtepin,2254,FR,fr
1584,00,Villars-le-Grand,Vully-les-Lacs,5464,VD,fr
1585,00,Salavaux,Vully-les-Lacs,5464,VD,fr
1585,02,Bellerive VD,Vully-les-Lacs,5464,VD,fr
1585,03,Cotterd,Vully-les-Lacs,5464,VD,fr
1586,00,Vallamand,Vully-les-Lacs,5464,VD,fr
1587,00,Montmagny,Vully-les-Lacs,5464,VD,fr
1587,01,Constantine,Vully-les-Lacs,5464,VD,fr
1588,00,Cudrefin,Cudrefin,5456,VD,fr
1589,00,Chabrey,Vully-les-Lacs,5464,VD,fr
1595,00,Faoug,Faoug,5458,VD,fr
1595,02,Clavaleyres,Murten,2275,FR,de
1607,00,Palézieux,Oron,5805,VD,fr
1607,01,Palézieux-Village,Oron,5805,VD,fr
1607,03,Les Tavernes,Oron,5805,VD,fr
1607,04,Les Thioleyres,Puidoux,5607,VD,fr
1607,04,Les Thioleyres,Oron,5805,VD,fr
1608,00,Oron-le-Châtel,Oron,5805,VD,fr
1608,02,Bussigny-sur-Oron,Oron,5805,VD,fr
1608,03,Chesalles-sur-Oron,Oron,5805,VD,fr
1608,04,Chapelle (Glâne),Rue,2097,FR,fr
1609,00,St-Martin FR,Saint-Martin (FR),2335,FR,fr
1609,02,Besencens,Saint-Martin (FR),2335,FR,fr
1609,03,Fiaugères,Saint-Martin (FR),2335,FR,fr
1610,00,Oron-la-Ville,Oron,5805,VD,fr
1610,01,Châtillens,Oron,5805,VD,fr
1610,02,Vuibroye,Oron,5805,VD,fr
1611,00,Le Crêt-près-Semsales,La Verrerie,2338,FR,fr
1612,00,Ecoteaux,Oron,5805,VD,fr
1613,00,Maracon,Maracon,5790,VD,fr
1614,00,Granges (Veveyse),Granges (Veveyse),2328,FR,fr
1615,00,Bossonnens,Bossonnens,2323,FR,fr
1616,00,Attalens,Attalens,2321,FR,fr
1617,00,Remaufens,Remaufens,2333,FR,fr
1617,02,Tatroz,Attalens,2321,FR,fr
1618,00,Châtel-St-Denis,Châtel-Saint-Denis,2325,FR,fr
1618,00,Châtel-St-Denis,Remaufens,2333,FR,fr
1619,00,Les Paccots,Châtel-Saint-Denis,2325,FR,fr
1623,00,Semsales,Semsales,2336,FR,fr
1624,00,La Verrerie,La Verrerie,2338,FR,fr
1624,02,Grattavache,La Verrerie,2338,FR,fr
1624,03,Progens,La Verrerie,2338,FR,fr
1625,00,Sâles (Gruyère),Sâles,2152,FR,fr
1625,02,Maules,Sâles,2152,FR,fr
1626,00,Romanens,Sâles,2152,FR,fr
1626,03,Rueyres-Treyfayes,Sâles,2152,FR,fr
1627,00,Vaulruz,Sâles,2152,FR,fr
1627,00,Vaulruz,Vaulruz,2155,FR,fr
1627,00,Vaulruz,Semsales,2336,FR,fr
1628,00,Vuadens,Echarlens,2131,FR,fr
1628,00,Vuadens,Riaz,2148,FR,fr
1628,00,Vuadens,Vaulruz,2155,FR,fr
1628,00,Vuadens,Vuadens,2160,FR,fr
1630,00,Bulle,Bulle,2125,FR,fr
1630,00,Bulle,Vaulruz,2155,FR,fr
1630,00,Bulle,Vuadens,2160,FR,fr
1630,00,Bulle,Semsales,2336,FR,fr
1632,00,Riaz,Riaz,2148,FR,fr
1633,00,Marsens,Marsens,2140,FR,fr
1633,02,Vuippens,Marsens,2140,FR,fr
1634,00,La Roche FR,Hauteville,2137,FR,fr
1634,00,La Roche FR,La Roche,2149,FR,fr
1635,00,La Tour-de-Trême,Bulle,2125,FR,fr
1635,00,La Tour-de-Trême,Gruyères,2135,FR,fr
1635,00,La Tour-de-Trême,Le Pâquier (FR),2145,FR,fr
1636,00,Broc,Broc,2124,FR,fr
1636,00,Broc,Gruyères,2135,FR,fr
1637,00,Charmey (Gruyère),Jaun,2138,FR,fr
1637,00,Charmey (Gruyère),Val-de-Charmey,2163,FR,fr
1638,00,Morlon,Morlon,2143,FR,fr
1642,00,Sorens,Sorens,2153,FR,fr
1643,00,Gumefens,Pont-en-Ogoz,2122,FR,fr
1644,00,Avry-devant-Pont,Pont-en-Ogoz,2122,FR,fr
1645,00,Le Bry,Pont-en-Ogoz,2122,FR,fr
1646,00,Echarlens,Corbières,2129,FR,fr
1646,00,Echarlens,Echarlens,2131,FR,fr
1647,00,Corbières,Corbières,2129,FR,fr
1647,00,Corbières,Hauteville,2137,FR,fr
1648,00,Hauteville,Hauteville,2137,FR,fr
1649,00,Pont-la-Ville,Pont-la-Ville,2147,FR,fr
1651,00,Villarvolard,Corbières,2129,FR,fr
1652,00,Botterens,Botterens,2123,FR,fr
1652,02,Villarbeney,Botterens,2123,FR,fr
1653,02,Crésuz,Crésuz,2130,FR,fr
1653,03,Châtel-sur-Montsalvens,Broc,2124,FR,fr
1653,03,Châtel-sur-Montsalvens,Châtel-sur-Montsalvens,2128,FR,fr
1654,00,Cerniat FR,Val-de-Charmey,2163,FR,fr
1656,00,Jaun,Jaun,2138,FR,de
1656,01,Im Fang,Jaun,2138,FR,de
1657,00,Abländschen,Jaun,2138,FR,de
1657,00,Abländschen,Boltigen,791,BE,de
1657,00,Abländschen,Saanen,843,BE,de
1658,00,Rossinière,Rossinière,5842,VD,fr
1658,02,La Tine,Rossinière,5842,VD,fr
1659,00,Rougemont,Château-d'Oex,5841,VD,fr
1659,00,Rougemont,Rougemont,5843,VD,fr
1659,02,Flendruz,Château-d'Oex,5841,VD,fr
1659,02,Flendruz,Rougemont,5843,VD,fr
1660,00,Château-d'Oex,Château-d'Oex,5841,VD,fr
1660,02,Les Moulins,Château-d'Oex,5841,VD,fr
1660,03,L'Etivaz,Château-d'Oex,5841,VD,fr
1660,04,La Lécherette,Ormont-Dessous,5410,VD,fr
1660,04,La Lécherette,Château-d'Oex,5841,VD,fr
1661,00,Le Pâquier-Montbarry,Bulle,2125,FR,fr
1661,00,Le Pâquier-Montbarry,Gruyères,2135,FR,fr
1661,00,Le Pâquier-Montbarry,Le Pâquier (FR),2145,FR,fr
1663,00,Gruyères,Gruyères,2135,FR,fr
1663,02,Pringy,Gruyères,2135,FR,fr
1663,03,Epagny,Gruyères,2135,FR,fr
1663,04,Moléson-sur-Gruyères,Gruyères,2135,FR,fr
1663,04,Moléson-sur-Gruyères,Bas-Intyamon,2162,FR,fr
1665,00,Estavannens,Bas-Intyamon,2162,FR,fr
1666,00,Grandvillard,Grandvillard,2134,FR,fr
1666,02,Villars-sous-Mont,Bas-Intyamon,2162,FR,fr
1667,00,Enney,Bas-Intyamon,2162,FR,fr
1669,00,Albeuve,Haut-Intyamon,2121,FR,fr
1669,02,Lessoc,Haut-Intyamon,2121,FR,fr
1669,03,Les Sciernes-d'Albeuve,Haut-Intyamon,2121,FR,fr
1669,04,Neirivue,Haut-Intyamon,2121,FR,fr
1669,05,Montbovon,Haut-Intyamon,2121,FR,fr
1670,00,Ursy,Ursy,2102,FR,fr
1670,02,Bionnens,Ursy,2102,FR,fr
1670,03,Esmonts,Ursy,2102,FR,fr
1673,00,Promasens,Rue,2097,FR,fr
1673,02,Gillarens,Rue,2097,FR,fr
1673,03,Auboranges,Rue,2097,FR,fr
1673,04,Ecublens FR,Rue,2097,FR,fr
1673,05,Rue,Rue,2097,FR,fr
1674,00,Vuarmarens,Ursy,2102,FR,fr
1674,02,Montet (Glâne),Ursy,2102,FR,fr
1674,03,Morlens,Ursy,2102,FR,fr
1675,00,Vauderens,Ursy,2102,FR,fr
1675,02,Blessens,Rue,2097,FR,fr
1675,02,Blessens,Ursy,2102,FR,fr
1675,03,Mossel,Ursy,2102,FR,fr
1676,00,Chavannes-les-Forts,Siviriez,2099,FR,fr
1677,00,Prez-vers-Siviriez,Siviriez,2099,FR,fr
1678,00,Siviriez,Siviriez,2099,FR,fr
1679,00,Villaraboud,Siviriez,2099,FR,fr
1680,00,Romont FR,Mézières (FR),2087,FR,fr
1680,00,Romont FR,Romont (FR),2096,FR,fr
1680,00,Romont FR,Siviriez,2099,FR,fr
1680,00,Romont FR,Villaz,2117,FR,fr
1680,02,Berlens,Mézières (FR),2087,FR,fr
1681,00,Billens,Billens-Hennens,2063,FR,fr
1681,02,Hennens,Billens-Hennens,2063,FR,fr
1682,00,Prévonloup,Prévonloup,5683,VD,fr
1682,02,Lovatens,Lovatens,5674,VD,fr
1682,03,Dompierre VD,Dompierre (VD),5671,VD,fr
1682,04,Villars-Bramard,Valbroye,5831,VD,fr
1682,05,Cerniaz VD,Valbroye,5831,VD,fr
1683,00,Brenles,Lucens,5675,VD,fr
1683,02,Chesalles-sur-Moudon,Lucens,5675,VD,fr
1683,03,Sarzens,Lucens,5675,VD,fr
1684,00,Mézières FR,Mézières (FR),2087,FR,fr
1685,00,Villariaz,Vuisternens-devant-Romont,2113,FR,fr
1686,00,Grangettes-près-Romont,Grangettes,2079,FR,fr
1686,02,La Neirigue,Vuisternens-devant-Romont,2113,FR,fr
1687,00,Vuisternens-devant-Romont,Vuisternens-devant-Romont,2113,FR,fr
1687,02,La Magne,Vuisternens-devant-Romont,2113,FR,fr
1687,03,Estévenens,Vuisternens-devant-Romont,2113,FR,fr
1688,00,Sommentier,Vuisternens-devant-Romont,2113,FR,fr
1688,02,Lieffrens,Vuisternens-devant-Romont,2113,FR,fr
1689,00,Le Châtelard-près-Romont,Le Châtelard,2067,FR,fr
1690,00,Villaz-St-Pierre,Villorsonnens,2114,FR,fr
1690,00,Villaz-St-Pierre,Villaz,2117,FR,fr
1690,02,Lussy FR,Villaz,2117,FR,fr
1691,00,Villarimboud,Villaz,2117,FR,fr
1692,00,Massonnens,Massonnens,2086,FR,fr
1694,00,Villarsiviriaux,Villorsonnens,2114,FR,fr
1694,02,Villargiroud,Villorsonnens,2114,FR,fr
1694,03,Orsonnens,Villorsonnens,2114,FR,fr
1694,04,Chavannes-sous-Orsonnens,Villorsonnens,2114,FR,fr
1695,00,Villarlod,Gibloux,2236,FR,fr
1695,02,Rueyres-St-Laurent,Gibloux,2236,FR,fr
1695,03,Estavayer-le-Gibloux,Gibloux,2236,FR,fr
1695,04,Villarsel-le-Gibloux,Gibloux,2236,FR,fr
1696,00,Vuisternens-en-Ogoz,Gibloux,2236,FR,fr
1697,00,La Joux FR,Vuisternens-devant-Romont,2113,FR,fr
1697,02,Les Ecasseys,Vuisternens-devant-Romont,2113,FR,fr
1699,00,Porsel,Le Flon,2337,FR,fr
1699,02,Pont (Veveyse),Le Flon,2337,FR,fr
1699,03,Bouloz,Le Flon,2337,FR,fr
1700,00,Fribourg,Fribourg,2196,FR,fr
1700,00,Fribourg,Düdingen,2293,FR,fr
1700,00,Fribourg,Tafers,2306,FR,fr
1712,00,Tafers,Schmitten (FR),2305,FR,de
1712,00,Tafers,Tafers,2306,FR,de
1713,00,St. Antoni,Schmitten (FR),2305,FR,de
1713,00,St. Antoni,Tafers,2306,FR,de
1714,00,Heitenried,Heitenried,2296,FR,de
1714,00,Heitenried,Tafers,2306,FR,de
1715,00,Alterswil FR,St. Ursen,2304,FR,de
1715,00,Alterswil FR,Tafers,2306,FR,de
1716,00,Plaffeien,Plaffeien,2299,FR,de
1716,02,Oberschrot,Plaffeien,2299,FR,de
1716,03,Schwarzsee,Jaun,2138,FR,de
1716,03,Schwarzsee,Val-de-Charmey,2163,FR,de
1716,03,Schwarzsee,Plaffeien,2299,FR,de
1716,03,Schwarzsee,Plasselb,2300,FR,de
1717,00,St. Ursen,St. Ursen,2304,FR,de
1717,00,St. Ursen,Tafers,2306,FR,de
1718,00,Rechthalten,Rechthalten,2301,FR,de
1718,00,Rechthalten,St. Ursen,2304,FR,de
1719,00,Brünisried,Brünisried,2292,FR,de
1719,00,Brünisried,Plaffeien,2299,FR,de
1719,02,Zumholz,Plaffeien,2299,FR,de
1720,00,Corminboeuf,Corminboeuf,2183,FR,fr
1720,02,Chésopelloz,Belfaux,2175,FR,fr
1720,02,Chésopelloz,Corminboeuf,2183,FR,fr
1721,01,Misery,Misery-Courtion,2272,FR,fr
1721,01,Misery,Avenches,5451,VD,fr
1721,02,Cormérod,Misery-Courtion,2272,FR,fr
1721,04,Courtion,Misery-Courtion,2272,FR,fr
1721,05,Cournillens,Misery-Courtion,2272,FR,fr
1722,00,Bourguillon,Fribourg,2196,FR,fr
1723,00,Marly,Marly,2206,FR,fr
1723,03,Villarsel-sur-Marly,Villarsel-sur-Marly,2230,FR,fr
1723,04,Pierrafortscha,Pierrafortscha,2216,FR,fr
1724,00,Le Mouret,Le Mouret,2220,FR,fr
1724,00,Le Mouret,Villarsel-sur-Marly,2230,FR,fr
1724,02,Essert FR,Le Mouret,2220,FR,fr
1724,02,Essert FR,Treyvaux,2226,FR,fr
1724,03,Ferpicloz,Ferpicloz,2194,FR,fr
1724,04,Montévraz,Le Mouret,2220,FR,fr
1724,05,Oberried FR,Le Mouret,2220,FR,fr
1724,06,Senèdes,Treyvaux,2226,FR,fr
1724,06,Senèdes,Bois-d'Amont,2238,FR,fr
1724,07,Zénauva,Le Mouret,2220,FR,fr
1724,08,Bonnefontaine,Le Mouret,2220,FR,fr
1724,08,Bonnefontaine,St. Silvester,2303,FR,fr
1725,00,Posieux,Marly,2206,FR,fr
1725,00,Posieux,Hauterive (FR),2233,FR,fr
1725,00,Posieux,Bois-d'Amont,2238,FR,fr
1726,00,Farvagny-le-Grand,Gibloux,2236,FR,fr
1726,02,Farvagny-le-Petit,Gibloux,2236,FR,fr
1726,03,Grenilles,Gibloux,2236,FR,fr
1726,04,Posat,Gibloux,2236,FR,fr
1727,00,Corpataux,Gibloux,2236,FR,fr
1727,02,Magnedens,Gibloux,2236,FR,fr
1728,00,Rossens FR,Gibloux,2236,FR,fr
1730,00,Ecuvillens,Hauterive (FR),2233,FR,fr
1731,00,Ependes FR,Bois-d'Amont,2238,FR,fr
1732,00,Arconciel,Bois-d'Amont,2238,FR,fr
1733,00,Treyvaux,La Roche,2149,FR,fr
1733,00,Treyvaux,Treyvaux,2226,FR,fr
1734,00,Tentlingen,Le Mouret,2220,FR,de
1734,00,Tentlingen,St. Silvester,2303,FR,de
1734,00,Tentlingen,Tentlingen,2307,FR,de
1735,00,Giffers,Giffers,2294,FR,de
1735,00,Giffers,Rechthalten,2301,FR,de
1736,00,St. Silvester,St. Silvester,2303,FR,de
1737,00,Plasselb,Plasselb,2300,FR,fr
1738,00,Sangernboden,Plaffeien,2299,FR,de
1738,00,Sangernboden,Guggisberg,852,BE,de
1738,00,Sangernboden,Rüschegg,853,BE,de
1740,00,Neyruz FR,Neyruz (FR),2211,FR,fr
1741,00,Cottens FR,Cottens (FR),2186,FR,fr
1742,00,Autigny,Autigny,2173,FR,fr
1744,00,Chénens,Chénens,2177,FR,fr
1745,00,Lentigny,Autigny,2173,FR,fr
1745,00,Lentigny,La Brillaz,2234,FR,fr
1746,00,Prez-vers-Noréaz,Prez,2237,FR,fr
1747,00,Corserey,Prez,2237,FR,fr
1748,00,Torny-le-Grand,Torny,2115,FR,fr
1749,00,Middes,Torny,2115,FR,fr
1752,00,Villars-sur-Glâne,Villars-sur-Glâne,2228,FR,fr
1753,00,Matran,Corminboeuf,2183,FR,fr
1753,00,Matran,Matran,2208,FR,fr
1754,02,Corjolens,Avry,2174,FR,fr
1754,02,Corjolens,La Brillaz,2234,FR,fr
1754,02,Corjolens,Prez,2237,FR,fr
1754,04,Avry-sur-Matran,Avry,2174,FR,fr
1756,00,Onnens FR,La Brillaz,2234,FR,fr
1756,02,Lovens,La Brillaz,2234,FR,fr
1757,00,Noréaz,Prez,2237,FR,fr
1762,00,Givisiez,Givisiez,2197,FR,fr
1763,00,Granges-Paccot,Granges-Paccot,2198,FR,fr
1772,00,Grolley,Belmont-Broye,2053,FR,fr
1772,00,Grolley,Grolley-Ponthaux,2239,FR,fr
1772,01,Nierlet-les-Bois,Grolley-Ponthaux,2239,FR,fr
1772,02,Ponthaux,Grolley-Ponthaux,2239,FR,fr
1773,00,Léchelles,Belmont-Broye,2053,FR,fr
1773,02,Chandon,Belmont-Broye,2053,FR,fr
1773,03,Russy,Belmont-Broye,2053,FR,fr
1774,00,Cousset,Montagny (FR),2029,FR,fr
1774,00,Cousset,Corcelles-près-Payerne,5816,VD,fr
1774,02,Montagny-les-Monts,Montagny (FR),2029,FR,fr
1775,02,Mannens,Montagny (FR),2029,FR,fr
1775,03,Grandsivaz,Montagny (FR),2029,FR,fr
1776,00,Montagny-la-Ville,Montagny (FR),2029,FR,fr
1776,00,Montagny-la-Ville,Belmont-Broye,2053,FR,fr
1782,00,Belfaux,Belfaux,2175,FR,fr
1782,02,Autafond,Belfaux,2175,FR,fr
1782,03,Lossy,La Sonnaz,2235,FR,fr
1782,04,La Corbaz,La Sonnaz,2235,FR,fr
1782,05,Cormagens,La Sonnaz,2235,FR,fr
1782,06,Formangueires,La Sonnaz,2235,FR,fr
1783,00,Pensier,Courtepin,2254,FR,fr
1783,04,Barberêche,Courtepin,2254,FR,fr
1784,00,Courtepin,Courtepin,2254,FR,fr
1784,03,Wallenried,Courtepin,2254,FR,fr
1785,00,Cressier FR,Cressier (FR),2257,FR,fr
1786,00,Sugiez,Mont-Vully,2284,FR,fr
1787,00,Môtier (Vully),Mont-Vully,2284,FR,fr
1787,01,Mur (Vully) FR,Mont-Vully,2284,FR,fr
1787,02,Mur (Vully) VD,Vully-les-Lacs,5464,VD,fr
1788,00,Praz (Vully),Mont-Vully,2284,FR,fr
1789,00,Lugnorre,Mont-Vully,2284,FR,fr
1791,00,Courtaman,Courtepin,2254,FR,fr
1792,00,Cordast,Gurmels,2262,FR,de
1792,02,Guschelmuth,Gurmels,2262,FR,de
1793,00,Jeuss,Murten,2275,FR,de
1793,00,Jeuss,Staatswald Galm,2391,FR,de
1794,00,Salvenach,Murten,2275,FR,de
1795,00,Courlevon,Courtepin,2254,FR,de
1795,00,Courlevon,Murten,2275,FR,de
1796,00,Courgevaux,Courgevaux,2250,FR,de
1797,00,Münchenwiler,Münchenwiler,669,BE,de
1800,00,Vevey,Vevey,5890,VD,fr
1801,00,Le Mont-Pèlerin,Chardonne,5882,VD,fr
1802,00,Corseaux,Corseaux,5883,VD,fr
1803,00,Chardonne,Chardonne,5882,VD,fr
1804,00,Corsier-sur-Vevey,Corsier-sur-Vevey,5884,VD,fr
1805,00,Jongny,Jongny,5885,VD,fr
1806,00,St-Légier-La Chiésaz,Blonay - Saint-Légier,5892,VD,fr
1807,00,Blonay,Montreux,5886,VD,fr
1807,00,Blonay,Blonay - Saint-Légier,5892,VD,fr
1808,00,Les Monts-de-Corsier,Attalens,2321,FR,fr
1808,00,Les Monts-de-Corsier,Corsier-sur-Vevey,5884,VD,fr
1809,00,Fenil-sur-Corsier,Corsier-sur-Vevey,5884,VD,fr
1814,00,La Tour-de-Peilz,La Tour-de-Peilz,5889,VD,fr
1815,00,Clarens,Montreux,5886,VD,fr
1816,00,Chailly-Montreux,Montreux,5886,VD,fr
1817,00,Brent,Montreux,5886,VD,fr
1820,00,Montreux,Montreux,5886,VD,fr
1820,05,Territet,Montreux,5886,VD,fr
1820,06,Veytaux,Veytaux,5891,VD,fr
1822,00,Chernex,Montreux,5886,VD,fr
1823,00,Glion,Montreux,5886,VD,fr
1824,00,Caux,Montreux,5886,VD,fr
1832,00,Chamby,Montreux,5886,VD,fr
1832,02,Villard-sur-Chamby,Montreux,5886,VD,fr
1833,00,Les Avants,Montreux,5886,VD,fr
1844,00,Villeneuve VD,Villeneuve (VD),5414,VD,fr
1845,00,Noville,Noville,5408,VD,fr
1846,00,Chessel,Chessel,5403,VD,fr
1847,00,Rennaz,Rennaz,5412,VD,fr
1852,00,Roche VD,Roche (VD),5413,VD,fr
1853,00,Yvorne,Yvorne,5415,VD,fr
1854,00,Leysin,Leysin,5407,VD,fr
1856,00,Corbeyrier,Corbeyrier,5404,VD,fr
1856,00,Corbeyrier,Ormont-Dessous,5410,VD,fr
1860,00,Aigle,Aigle,5401,VD,fr
1860,00,Aigle,Ollon,5409,VD,fr
1862,00,Les Mosses,Ormont-Dessous,5410,VD,fr
1862,02,La Comballaz,Ormont-Dessous,5410,VD,fr
1863,00,Le Sépey,Aigle,5401,VD,fr
1863,00,Le Sépey,Ormont-Dessous,5410,VD,fr
1864,00,Vers-l'Eglise,Ormont-Dessus,5411,VD,fr
1865,00,Les Diablerets,Ormont-Dessus,5411,VD,fr
1866,00,La Forclaz VD,Ollon,5409,VD,fr
1866,00,La Forclaz VD,Ormont-Dessous,5410,VD,fr
1867,00,Ollon VD,Ollon,5409,VD,fr
1867,02,St-Triphon,Ollon,5409,VD,fr
1867,03,Panex,Ollon,5409,VD,fr
1868,00,Collombey,Collombey-Muraz,6152,VS,fr
1869,00,Massongex,Massongex,6215,VS,fr
1870,00,Monthey,Monthey,6153,VS,fr
1871,00,Choëx,Monthey,6153,VS,fr
1871,02,Les Giettes,Monthey,6153,VS,fr
1871,02,Les Giettes,Troistorrents,6156,VS,fr
1871,02,Les Giettes,Massongex,6215,VS,fr
1872,00,Troistorrents,Collombey-Muraz,6152,VS,fr
1872,00,Troistorrents,Troistorrents,6156,VS,fr
1873,00,Val-d'Illiez,Val-d'Illiez,6157,VS,fr
1873,02,Champoussin,Val-d'Illiez,6157,VS,fr
1873,03,Les Crosets,Val-d'Illiez,6157,VS,fr
1874,00,Champéry,Champéry,6151,VS,fr
1875,00,Morgins,Troistorrents,6156,VS,fr
1880,00,Bex,Bex,5402,VD,fr
1880,02,Frenières-sur-Bex,Bex,5402,VD,fr
1880,02,Frenières-sur-Bex,Gryon,5405,VD,fr
1880,03,Fenalet-sur-Bex,Bex,5402,VD,fr
1880,04,Les Plans-sur-Bex,Bex,5402,VD,fr
1880,05,Les Posses-sur-Bex,Bex,5402,VD,fr
1880,05,Les Posses-sur-Bex,Gryon,5405,VD,fr
1882,00,Gryon,Bex,5402,VD,fr
1882,00,Gryon,Gryon,5405,VD,fr
1884,00,Villars-sur-Ollon,Ollon,5409,VD,fr
1884,02,Arveyes,Ollon,5409,VD,fr
1884,03,Huémoz,Ollon,5409,VD,fr
1885,00,Chesières,Ollon,5409,VD,fr
1890,00,St-Maurice,Saint-Maurice,6217,VS,fr
1890,01,Mex VS,Saint-Maurice,6217,VS,fr
1891,11,Vérossaz,Massongex,6215,VS,fr
1891,11,Vérossaz,Vérossaz,6220,VS,fr
1892,00,Lavey-Village,Lavey-Morcles,5406,VD,fr
1892,01,Lavey-les-Bains,Lavey-Morcles,5406,VD,fr
1892,02,Morcles,Lavey-Morcles,5406,VD,fr
1893,00,Muraz (Collombey),Collombey-Muraz,6152,VS,fr
1893,00,Muraz (Collombey),Monthey,6153,VS,fr
1895,00,Vionnaz,Vionnaz,6158,VS,fr
1896,00,Vouvry,Vouvry,6159,VS,fr
1896,02,Miex,Vouvry,6159,VS,fr
1897,00,Bouveret,Port-Valais,6154,VS,fr
1897,03,Les Evouettes,Port-Valais,6154,VS,fr
1897,03,Les Evouettes,Vouvry,6159,VS,fr
1898,00,St-Gingolph,Port-Valais,6154,VS,fr
1898,00,St-Gingolph,Saint-Gingolph,6155,VS,fr
1899,00,Torgon,Vionnaz,6158,VS,fr
1899,00,Torgon,Vouvry,6159,VS,fr
1902,00,Evionnaz,Evionnaz,6213,VS,fr
1902,00,Evionnaz,Saint-Maurice,6217,VS,fr
1903,00,Collonges,Collonges,6211,VS,fr
1904,00,Vernayaz,Martigny,6136,VS,fr
1904,00,Vernayaz,Vernayaz,6219,VS,fr
1905,00,Dorénaz,Dorénaz,6212,VS,fr
1906,00,Charrat,Martigny,6136,VS,fr
1907,00,Saxon,Martigny,6136,VS,fr
1907,00,Saxon,Saxon,6141,VS,fr
1908,00,Riddes,Chamoson,6022,VS,fr
1908,00,Riddes,Riddes,6139,VS,fr
1911,00,Ovronnaz,Leytron,6135,VS,fr
1911,00,Ovronnaz,Saillon,6140,VS,fr
1912,00,Leytron,Leytron,6135,VS,fr
1912,02,Produit (Leytron),Leytron,6135,VS,fr
1912,03,Montagnon (Leytron),Leytron,6135,VS,fr
1912,04,Dugny (Leytron),Leytron,6135,VS,fr
1913,00,Saillon,Saillon,6140,VS,fr
1914,00,Isérables,Isérables,6134,VS,fr
1914,02,Auddes-sur-Riddes,Riddes,6139,VS,fr
1918,00,La Tzoumaz,Riddes,6139,VS,fr
1920,00,Martigny,Martigny,6136,VS,fr
1920,00,Martigny,Martigny-Combe,6137,VS,fr
1920,00,Martigny,Salvan,6218,VS,fr
1920,00,Martigny,Vernayaz,6219,VS,fr
1921,00,Martigny-Croix,Martigny-Combe,6137,VS,fr
1922,00,Salvan,Salvan,6218,VS,fr
1922,01,Les Granges (Salvan),Salvan,6218,VS,fr
1923,00,Les Marécottes,Salvan,6218,VS,fr
1923,02,Le Trétien,Salvan,6218,VS,fr
1925,00,Finhaut,Finhaut,6214,VS,fr
1925,01,Le Châtelard VS,Finhaut,6214,VS,fr
1926,00,Fully,Fully,6133,VS,fr
1927,00,Chemin,Val de Bagnes,6037,VS,fr
1927,00,Chemin,Bovernier,6131,VS,fr
1927,00,Chemin,Martigny,6136,VS,fr
1928,00,Ravoire,Martigny,6136,VS,fr
1928,00,Ravoire,Martigny-Combe,6137,VS,fr
1929,00,Trient,Trient,6142,VS,fr
1932,00,Bovernier,Bovernier,6131,VS,fr
1932,02,Les Valettes (Bovernier),Bovernier,6131,VS,fr
1933,00,Sembrancher,Sembrancher,6035,VS,fr
1933,02,Vens (Sembrancher),Val de Bagnes,6037,VS,fr
1933,03,Chamoille (Sembrancher),Sembrancher,6035,VS,fr
1933,04,La Garde (Sembrancher),Sembrancher,6035,VS,fr
1934,00,Le Châble VS,Val de Bagnes,6037,VS,fr
1934,01,Bruson,Val de Bagnes,6037,VS,fr
1936,00,Verbier,Val de Bagnes,6037,VS,fr
1937,00,Orsières,Orsières,6034,VS,fr
1938,00,Champex-Lac,Orsières,6034,VS,fr
1941,00,Vollèges,Val de Bagnes,6037,VS,fr
1941,02,Cries (Vollèges),Val de Bagnes,6037,VS,fr
1942,00,Levron,Val de Bagnes,6037,VS,fr
1943,00,Praz-de-Fort,Orsières,6034,VS,fr
1944,00,La Fouly VS,Orsières,6034,VS,fr
1945,00,Liddes,Liddes,6033,VS,fr
1945,02,Fontaine Dessus (Liddes),Liddes,6033,VS,fr
1945,03,Fontaine Dessous (Liddes),Liddes,6033,VS,fr
1945,04,Dranse (Liddes),Liddes,6033,VS,fr
1945,05,Chandonne (Liddes),Liddes,6033,VS,fr
1945,06,Rive Haute (Liddes),Liddes,6033,VS,fr
1945,07,Fornex (Liddes),Liddes,6033,VS,fr
1945,08,Les Moulins VS (Liddes),Liddes,6033,VS,fr
1945,09,Vichères (Liddes),Liddes,6033,VS,fr
1945,10,Palasuit (Liddes),Liddes,6033,VS,fr
1945,11,Chez Petit (Liddes),Liddes,6033,VS,fr
1945,12,Petit Vichères (Liddes),Liddes,6033,VS,fr
1946,00,Bourg-St-Pierre,Bourg-Saint-Pierre,6032,VS,fr
1946,00,Bourg-St-Pierre,Liddes,6033,VS,fr
1947,00,Versegères,Val de Bagnes,6037,VS,fr
1947,05,Champsec,Val de Bagnes,6037,VS,fr
1948,00,Lourtier,Val de Bagnes,6037,VS,fr
1948,01,Fionnay,Val de Bagnes,6037,VS,fr
1948,02,Sarreyer,Val de Bagnes,6037,VS,fr
1950,00,Sion,Grimisuat,6263,VS,fr
1950,00,Sion,Savièse,6265,VS,fr
1950,00,Sion,Sion,6266,VS,fr
1955,00,Chamoson,Chamoson,6022,VS,fr
1955,01,Mayens-de-Chamoson,Chamoson,6022,VS,fr
1955,02,Les Vérines (Chamoson),Chamoson,6022,VS,fr
1955,03,Némiaz (Chamoson),Chamoson,6022,VS,fr
1955,04,Grugnay (Chamoson),Chamoson,6022,VS,fr
1955,05,St-Pierre-de-Clages,Chamoson,6022,VS,fr
1957,00,Ardon,Ardon,6021,VS,fr
1958,00,St-Léonard,Ayent,6082,VS,fr
1958,00,St-Léonard,Saint-Léonard,6246,VS,fr
1958,00,St-Léonard,Sierre,6248,VS,fr
1958,02,Uvrier,Ayent,6082,VS,fr
1958,02,Uvrier,Sion,6266,VS,fr
1961,00,Vernamiège,Mont-Noble,6090,VS,fr
1962,00,Pont-de-la-Morge (Sion),Savièse,6265,VS,fr
1962,00,Pont-de-la-Morge (Sion),Sion,6266,VS,fr
1963,00,Vétroz,Conthey,6023,VS,fr
1963,00,Vétroz,Vétroz,6025,VS,fr
1964,00,Conthey,Conthey,6023,VS,fr
1965,00,Savièse,Savièse,6265,VS,fr
1966,02,Fortunau (Ayent),Ayent,6082,VS,fr
1966,03,Luc (Ayent),Ayent,6082,VS,fr
1966,04,St-Romain (Ayent),Ayent,6082,VS,fr
1966,05,Saxonne (Ayent),Ayent,6082,VS,fr
1966,06,Villa (Ayent),Ayent,6082,VS,fr
1966,07,La Place (Ayent),Ayent,6082,VS,fr
1966,08,Botyre (Ayent),Ayent,6082,VS,fr
1966,09,Blignou (Ayent),Ayent,6082,VS,fr
1966,10,Argnou (Ayent),Ayent,6082,VS,fr
1966,11,Signèse (Ayent),Ayent,6082,VS,fr
1966,11,Signèse (Ayent),Grimisuat,6263,VS,fr
1967,00,Bramois,Vex,6089,VS,fr
1967,00,Bramois,Sion,6266,VS,fr
1968,00,Mase,Mont-Noble,6090,VS,fr
1969,00,St-Martin VS,Saint-Martin (VS),6087,VS,fr
1969,02,Liez (St-Martin),Saint-Martin (VS),6087,VS,fr
1969,03,Trogne (St-Martin),Saint-Martin (VS),6087,VS,fr
1969,04,Suen (St-Martin),Saint-Martin (VS),6087,VS,fr
1969,05,Eison (St-Martin),Saint-Martin (VS),6087,VS,fr
1971,00,Grimisuat,Grimisuat,6263,VS,fr
1971,02,Champlan (Grimisuat),Grimisuat,6263,VS,fr
1971,02,Champlan (Grimisuat),Sion,6266,VS,fr
1972,00,Anzère,Ayent,6082,VS,fr
1972,00,Anzère,Arbaz,6261,VS,fr
1973,00,Nax,Mont-Noble,6090,VS,fr
1974,00,Arbaz,Ayent,6082,VS,fr
1974,00,Arbaz,Arbaz,6261,VS,fr
1975,00,St-Séverin,Conthey,6023,VS,fr
1976,00,Erde,Conthey,6023,VS,fr
1976,01,Aven,Conthey,6023,VS,fr
1976,01,Aven,Vétroz,6025,VS,fr
1976,02,Daillon,Conthey,6023,VS,fr
1977,00,Icogne,Icogne,6239,VS,fr
1977,00,Icogne,Saint-Léonard,6246,VS,fr
1978,00,Lens,Icogne,6239,VS,fr
1978,00,Lens,Lens,6240,VS,fr
1981,00,Vex,Vex,6089,VS,fr
1982,00,Euseigne,Hérémence,6084,VS,fr
1982,00,Euseigne,Saint-Martin (VS),6087,VS,fr
1983,00,Evolène,Evolène,6083,VS,fr
1983,02,Lanna,Evolène,6083,VS,fr
1984,00,Les Haudères,Evolène,6083,VS,fr
1984,01,La Tour VS,Evolène,6083,VS,fr
1985,00,La Sage,Evolène,6083,VS,fr
1985,01,La Forclaz VS,Evolène,6083,VS,fr
1985,02,Villa (Evolène),Evolène,6083,VS,fr
1986,00,Arolla,Evolène,6083,VS,fr
1987,00,Hérémence,Hérémence,6084,VS,fr
1988,01,Thyon,Vex,6089,VS,fr
1988,02,Les Collons,Vex,6089,VS,fr
1991,00,Salins,Sion,6266,VS,fr
1991,00,Salins,Veysonnaz,6267,VS,fr
1991,02,Arvillard (Salins),Sion,6266,VS,fr
1991,03,Pravidondaz (Salins),Sion,6266,VS,fr
1991,04,Turin (Salins),Sion,6266,VS,fr
1991,05,Misériez (Salins),Sion,6266,VS,fr
1992,00,Les Agettes,Vex,6089,VS,fr
1992,00,Les Agettes,Sion,6266,VS,fr
1992,01,Les Mayens-de-Sion,Vex,6089,VS,fr
1992,01,Les Mayens-de-Sion,Sion,6266,VS,fr
1992,02,La Vernaz (Les Agettes),Sion,6266,VS,fr
1992,03,Crête-à-l'Oeil (Les Agettes),Sion,6266,VS,fr
1993,00,Veysonnaz,Nendaz,6024,VS,fr
1993,00,Veysonnaz,Sion,6266,VS,fr
1993,00,Veysonnaz,Veysonnaz,6267,VS,fr
1993,02,Clèbes (Nendaz),Nendaz,6024,VS,fr
1994,02,Aproz (Nendaz),Nendaz,6024,VS,fr
1994,02,Aproz (Nendaz),Sion,6266,VS,fr
1996,00,Basse-Nendaz,Nendaz,6024,VS,fr
1996,01,Fey (Nendaz),Nendaz,6024,VS,fr
1996,02,Bieudron (Nendaz),Nendaz,6024,VS,fr
1996,03,Condémines (Nendaz),Nendaz,6024,VS,fr
1996,04,Saclentse,Nendaz,6024,VS,fr
1996,05,Baar (Nendaz),Nendaz,6024,VS,fr
1996,06,Beuson (Nendaz),Nendaz,6024,VS,fr
1996,07,Brignon (Nendaz),Nendaz,6024,VS,fr
1997,00,Haute-Nendaz,Nendaz,6024,VS,fr
1997,01,Siviez (Nendaz),Nendaz,6024,VS,fr
1997,02,Sornard (Nendaz),Nendaz,6024,VS,fr
2000,00,Neuchâtel,Milvignes,6416,NE,fr
2000,00,Neuchâtel,Neuchâtel,6458,NE,fr
2012,00,Auvernier,Milvignes,6416,NE,fr
2013,00,Colombier NE,Boudry,6404,NE,fr
2013,00,Colombier NE,Milvignes,6416,NE,fr
2014,00,Bôle,Boudry,6404,NE,fr
2014,00,Bôle,Milvignes,6416,NE,fr
2015,00,Areuse,Boudry,6404,NE,fr
2015,00,Areuse,Milvignes,6416,NE,fr
2016,00,Cortaillod,Boudry,6404,NE,fr
2016,00,Cortaillod,Cortaillod,6408,NE,fr
2017,00,Boudry,Boudry,6404,NE,fr
2019,00,Rochefort,Rochefort,6413,NE,fr
2019,00,Rochefort,Val-de-Ruz,6487,NE,fr
2019,02,Chambrelien,Boudry,6404,NE,fr
2019,02,Chambrelien,Rochefort,6413,NE,fr
2022,00,Bevaix,Boudry,6404,NE,fr
2022,00,Bevaix,Cortaillod,6408,NE,fr
2022,00,Bevaix,La Grande Béroche,6417,NE,fr
2023,00,Gorgier,La Grande Béroche,6417,NE,fr
2024,00,St-Aubin-Sauges,La Grande Béroche,6417,NE,fr
2025,00,Chez-le-Bart,La Grande Béroche,6417,NE,fr
2027,02,Montalchez,La Grande Béroche,6417,NE,fr
2027,03,Fresens,La Grande Béroche,6417,NE,fr
2028,00,Vaumarcus,Concise,5554,VD,fr
2028,00,Vaumarcus,La Grande Béroche,6417,NE,fr
2034,00,Peseux,Neuchâtel,6458,NE,fr
2035,00,Corcelles NE,Rochefort,6413,NE,fr
2035,00,Corcelles NE,Milvignes,6416,NE,fr
2035,00,Corcelles NE,Neuchâtel,6458,NE,fr
2036,00,Cormondrèche,Milvignes,6416,NE,fr
2036,00,Cormondrèche,Neuchâtel,6458,NE,fr
2037,00,Montmollin,Neuchâtel,6458,NE,fr
2037,00,Montmollin,Val-de-Ruz,6487,NE,fr
2037,02,Montezillon,Rochefort,6413,NE,fr
2042,00,Valangin,Neuchâtel,6458,NE,fr
2042,00,Valangin,Val-de-Ruz,6487,NE,fr
2043,00,Boudevilliers,Val-de-Ruz,6487,NE,fr
2046,00,Fontaines NE,Val-de-Ruz,6487,NE,fr
2052,00,Fontainemelon,Val-de-Ruz,6487,NE,fr
2052,02,La Vue-des-Alpes,Val-de-Ruz,6487,NE,fr
2053,00,Cernier,Val-de-Ruz,6487,NE,fr
2054,00,Chézard-St-Martin,Val-de-Ruz,6487,NE,fr
2054,02,Les Vieux-Prés,Val-de-Ruz,6487,NE,fr
2056,00,Dombresson,Val-de-Ruz,6487,NE,fr
2057,00,Villiers,Val-de-Ruz,6487,NE,fr
2058,00,Le Pâquier NE,Val-de-Ruz,6487,NE,fr
2063,00,Vilars NE,Val-de-Ruz,6487,NE,fr
2063,02,Engollon,Val-de-Ruz,6487,NE,fr
2063,03,Fenin,Val-de-Ruz,6487,NE,fr
2063,04,Saules,Val-de-Ruz,6487,NE,fr
2065,00,Savagnier,Val-de-Ruz,6487,NE,fr
2067,00,Chaumont,Neuchâtel,6458,NE,fr
2067,00,Chaumont,Val-de-Ruz,6487,NE,fr
2067,00,Chaumont,Laténa,6513,NE,fr
2068,00,Hauterive NE,Neuchâtel,6458,NE,fr
2068,00,Hauterive NE,Laténa,6513,NE,fr
2072,00,St-Blaise,Cornaux,6451,NE,fr
2072,00,St-Blaise,Cressier (NE),6452,NE,fr
2072,00,St-Blaise,Laténa,6513,NE,fr
2073,00,Enges,Le Landeron,6455,NE,fr
2073,00,Enges,Laténa,6513,NE,fr
2074,00,Marin-Epagnier,Laténa,6513,NE,fr
2075,01,Thielle,Cornaux,6451,NE,fr
2075,01,Thielle,Laténa,6513,NE,fr
2075,02,Wavre,Laténa,6513,NE,fr
2087,00,Cornaux NE,Cornaux,6451,NE,fr
2087,00,Cornaux NE,Cressier (NE),6452,NE,fr
2088,00,Cressier NE,Cressier (NE),6452,NE,fr
2103,00,Noiraigue,Rochefort,6413,NE,fr
2103,00,Noiraigue,La Grande Béroche,6417,NE,fr
2103,00,Noiraigue,Val-de-Travers,6512,NE,fr
2105,00,Travers,Les Ponts-de-Martel,6437,NE,fr
2105,00,Travers,Val-de-Travers,6512,NE,fr
2108,00,Couvet,Provence,5566,VD,fr
2108,00,Couvet,Val-de-Travers,6512,NE,fr
2112,00,Môtiers NE,Val-de-Travers,6512,NE,fr
2113,00,Boveresse,Val-de-Travers,6512,NE,fr
2114,00,Fleurier,Val-de-Travers,6512,NE,fr
2115,00,Buttes,La Côte-aux-Fées,6504,NE,fr
2115,00,Buttes,Val-de-Travers,6512,NE,fr
2116,00,Mont-de-Buttes,Val-de-Travers,6512,NE,fr
2117,00,La Côte-aux-Fées,La Côte-aux-Fées,6504,NE,fr
2123,00,St-Sulpice NE,Val-de-Travers,6512,NE,fr
2124,00,Les Sagnettes,La Brévine,6432,NE,fr
2124,00,Les Sagnettes,Val-de-Travers,6512,NE,fr
2126,00,Les Verrières,Les Verrières,6511,NE,fr
2126,00,Les Verrières,Val-de-Travers,6512,NE,fr
2127,00,Les Bayards,Val-de-Travers,6512,NE,fr
2149,00,Champ-du-Moulin,Boudry,6404,NE,fr
2149,00,Champ-du-Moulin,Rochefort,6413,NE,fr
2149,02,Fretereules,Rochefort,6413,NE,fr
2149,03,Brot-Dessous,Rochefort,6413,NE,fr
2206,00,Les Geneveys-sur-Coffrane,Val-de-Ruz,6487,NE,fr
2207,00,Coffrane,Val-de-Ruz,6487,NE,fr
2208,00,Les Hauts-Geneveys,Val-de-Ruz,6487,NE,fr
2300,00,La Chaux-de-Fonds,La Chaux-de-Fonds,6421,NE,fr
2300,08,La Cibourg,La Chaux-de-Fonds,6421,NE,fr
2314,00,La Sagne NE,La Chaux-de-Fonds,6421,NE,fr
2314,00,La Sagne NE,La Sagne,6423,NE,fr
2314,00,La Sagne NE,Les Ponts-de-Martel,6437,NE,fr
2314,00,La Sagne NE,Val-de-Ruz,6487,NE,fr
2316,00,Les Ponts-de-Martel,Les Ponts-de-Martel,6437,NE,fr
2316,00,Les Ponts-de-Martel,Val-de-Travers,6512,NE,fr
2316,02,Petit-Martel,Les Ponts-de-Martel,6437,NE,fr
2318,00,Brot-Plamboz,Rochefort,6413,NE,fr
2318,00,Brot-Plamboz,Brot-Plamboz,6433,NE,fr
2318,00,Brot-Plamboz,Les Ponts-de-Martel,6437,NE,fr
2318,00,Brot-Plamboz,Val-de-Travers,6512,NE,fr
2322,00,Le Crêt-du-Locle,La Chaux-de-Fonds,6421,NE,fr
2322,00,Le Crêt-du-Locle,Le Locle,6436,NE,fr
2325,00,Les Planchettes,Les Planchettes,6422,NE,fr
2333,00,La Ferrière,La Ferrière,435,BE,fr
2333,00,La Ferrière,Sonvilier,445,BE,fr
2333,00,La Ferrière,Les Bois,6742,JU,fr
2333,02,La Cibourg,La Ferrière,435,BE,fr
2336,00,Les Bois,Les Bois,6742,JU,fr
2336,00,Les Bois,Le Noirmont,6754,JU,fr
2338,00,Les Emibois,Muriaux,6753,JU,fr
2338,02,Muriaux,Muriaux,6753,JU,fr
2340,00,Le Noirmont,Le Noirmont,6754,JU,fr
2345,00,Les Breuleux,Villeret,448,BE,fr
2345,00,Les Breuleux,Les Breuleux,6743,JU,fr
2345,00,Les Breuleux,Muriaux,6753,JU,fr
2345,02,Le Cerneux-Veusil,Saint-Imier,443,BE,fr
2345,02,Le Cerneux-Veusil,Sonvilier,445,BE,fr
2345,02,Le Cerneux-Veusil,Muriaux,6753,JU,fr
2345,03,La Chaux-des-Breuleux,Les Breuleux,6743,JU,fr
2345,04,Le Peuchapatte,Muriaux,6753,JU,fr
2345,04,Le Peuchapatte,Le Noirmont,6754,JU,fr
2350,00,Saignelégier,Saignelégier,6757,JU,fr
2353,00,Les Pommerats,Les Enfers,6745,JU,fr
2353,00,Les Pommerats,Saignelégier,6757,JU,fr
2354,00,Goumois,Saignelégier,6757,JU,fr
2360,00,Le Bémont JU,Le Bémont (JU),6741,JU,fr
2362,00,Montfaucon,Le Bémont (JU),6741,JU,fr
2362,00,Montfaucon,Lajoux (JU),6750,JU,fr
2362,00,Montfaucon,Montfaucon,6751,JU,fr
2362,02,Montfavergier,Montfaucon,6751,JU,fr
2363,00,Les Enfers,Le Bémont (JU),6741,JU,fr
2363,00,Les Enfers,Les Enfers,6745,JU,fr
2364,00,St-Brais,Saint-Brais,6758,JU,fr
2400,00,Le Locle,Le Locle,6436,NE,fr
2400,02,Le Prévoux,Le Cerneux-Péquignot,6434,NE,fr
2400,02,Le Prévoux,La Chaux-du-Milieu,6435,NE,fr
2400,02,Le Prévoux,Le Locle,6436,NE,fr
2405,00,La Chaux-du-Milieu,Le Cerneux-Péquignot,6434,NE,fr
2405,00,La Chaux-du-Milieu,La Chaux-du-Milieu,6435,NE,fr
2406,00,La Brévine,La Brévine,6432,NE,fr
2406,00,La Brévine,Le Cerneux-Péquignot,6434,NE,fr
2406,02,Les Taillères,La Brévine,6432,NE,fr
2406,03,La Châtagne,La Brévine,6432,NE,fr
2406,03,La Châtagne,La Chaux-du-Milieu,6435,NE,fr
2406,04,Le Brouillet,La Brévine,6432,NE,fr
2406,04,Le Brouillet,Les Verrières,6511,NE,fr
2406,04,Le Brouillet,Val-de-Travers,6512,NE,fr
2414,00,Le Cerneux-Péquignot,Le Cerneux-Péquignot,6434,NE,fr
2416,00,Les Brenets,Le Locle,6436,NE,fr
2502,00,Biel/Bienne,Biel/Bienne,371,BE,multiple
2503,00,Biel/Bienne,Biel/Bienne,371,BE,multiple
2503,00,Biel/Bienne,Brügg,733,BE,multiple
2503,00,Biel/Bienne,Nidau,743,BE,multiple
2504,00,Biel/Bienne,Biel/Bienne,371,BE,multiple
2504,00,Biel/Bienne,Brügg,733,BE,multiple
2504,00,Biel/Bienne,Orpund,744,BE,multiple
2505,00,Biel/Bienne,Biel/Bienne,371,BE,multiple
2505,00,Biel/Bienne,Twann-Tüscherz,756,BE,multiple
2512,00,Tüscherz-Alfermée,Twann-Tüscherz,756,BE,de
2513,00,Twann,Ligerz,740,BE,de
2513,00,Twann,Twann-Tüscherz,756,BE,de
2514,00,Ligerz,La Neuveville,723,BE,de
2514,00,Ligerz,Ligerz,740,BE,de
2515,00,Prêles,Plateau de Diesse,726,BE,fr
2516,00,Lamboing,Plateau de Diesse,726,BE,fr
2516,00,Lamboing,Twann-Tüscherz,756,BE,fr
2517,00,Diesse,Plateau de Diesse,726,BE,fr
2518,00,Nods,Val-de-Ruz,6487,NE,fr
2518,00,Nods,Nods,724,BE,fr
2520,00,La Neuveville,Le Landeron,6455,NE,fr
2520,00,La Neuveville,La Neuveville,723,BE,fr
2523,00,Lignières,Le Landeron,6455,NE,fr
2523,00,Lignières,Lignières,6456,NE,fr
2523,00,Lignières,Val-de-Ruz,6487,NE,fr
2523,00,Lignières,La Neuveville,723,BE,fr
2523,00,Lignières,Nods,724,BE,fr
2525,00,Le Landeron,Gals,494,BE,fr
2525,00,Le Landeron,Le Landeron,6455,NE,fr
2532,00,Magglingen/Macolin,Biel/Bienne,371,BE,multiple
2532,00,Magglingen/Macolin,Evilard,372,BE,multiple
2533,00,Evilard,Evilard,372,BE,fr
2534,00,Orvin,Orvin,438,BE,fr
2534,02,Les Prés-d'Orvin,Corgémont,431,BE,fr
2534,02,Les Prés-d'Orvin,Orvin,438,BE,fr
2534,02,Les Prés-d'Orvin,Nods,724,BE,fr
2535,00,Frinvillier,Orvin,438,BE,fr
2535,00,Frinvillier,Sauge,449,BE,fr
2535,00,Frinvillier,Péry-La Heutte,450,BE,fr
2536,00,Plagne,Romont (BE),442,BE,fr
2536,00,Plagne,Sauge,449,BE,fr
2537,00,Vauffelin,Sauge,449,BE,fr
2538,00,Romont BE,Romont (BE),442,BE,fr
2540,00,Grenchen,Grenchen,2546,SO,de
2542,00,Pieterlen,Pieterlen,392,BE,de
2543,00,Lengnau BE,Lengnau (BE),387,BE,de
2544,00,Bettlach,Bettlach,2543,SO,de
2545,00,Selzach,Selzach,2556,SO,de
2552,00,Orpund,Brügg,733,BE,de
2552,00,Orpund,Orpund,744,BE,de
2553,00,Safnern,Safnern,746,BE,de
2554,00,Meinisberg,Meinisberg,390,BE,de
2555,00,Brügg BE,Brügg,733,BE,de
2556,00,Scheuren,Scheuren,747,BE,de
2556,02,Schwadernau,Schwadernau,748,BE,de
2557,00,Studen BE,Lyss,306,BE,de
2557,00,Studen BE,Büetigen,382,BE,de
2557,00,Studen BE,Studen (BE),749,BE,de
2558,00,Aegerten,Aegerten,731,BE,de
2560,00,Nidau,Nidau,743,BE,de
2560,00,Nidau,Port,745,BE,de
2562,00,Port,Bellmund,732,BE,de
2562,00,Port,Port,745,BE,de
2563,00,Ipsach,Bellmund,732,BE,de
2563,00,Ipsach,Ipsach,739,BE,de
2564,00,Bellmund,Bellmund,732,BE,de
2565,00,Jens,Jens,738,BE,de
2572,00,Sutz,Sutz-Lattrigen,750,BE,de
2572,02,Mörigen,Mörigen,742,BE,de
2575,00,Täuffelen,Hagneck,736,BE,de
2575,00,Täuffelen,Täuffelen,751,BE,de
2575,01,Gerolfingen,Täuffelen,751,BE,de
2575,02,Hagneck,Lüscherz,497,BE,de
2575,02,Hagneck,Hagneck,736,BE,de
2575,02,Hagneck,Täuffelen,751,BE,de
2576,00,Lüscherz,Lüscherz,497,BE,de
2576,00,Lüscherz,Vinelz,502,BE,de
2577,00,Siselen BE,Siselen,499,BE,de
2577,02,Finsterhennen,Finsterhennen,493,BE,de
2603,00,Péry,Romont (BE),442,BE,fr
2603,00,Péry,Péry-La Heutte,450,BE,fr
2604,00,La Heutte,Péry-La Heutte,450,BE,fr
2605,00,Sonceboz-Sombeval,Sonceboz-Sombeval,444,BE,fr
2606,00,Corgémont,Corgémont,431,BE,fr
2606,00,Corgémont,Sonceboz-Sombeval,444,BE,fr
2607,00,Cortébert,Cortébert,433,BE,fr
2608,00,Courtelary,Courtelary,434,BE,fr
2608,02,Montagne-de-Courtelary,Corgémont,431,BE,fr
2608,02,Montagne-de-Courtelary,Cormoret,432,BE,fr
2608,02,Montagne-de-Courtelary,Cortébert,433,BE,fr
2608,02,Montagne-de-Courtelary,Courtelary,434,BE,fr
2610,00,St-Imier,Saint-Imier,443,BE,fr
2610,02,Mont-Soleil,La Ferrière,435,BE,fr
2610,02,Mont-Soleil,Saint-Imier,443,BE,fr
2610,02,Mont-Soleil,Sonvilier,445,BE,fr
2610,03,Les Pontins,Saint-Imier,443,BE,fr
2610,03,Les Pontins,Villeret,448,BE,fr
2610,04,Mont-Crosin,Cormoret,432,BE,fr
2610,04,Mont-Crosin,Courtelary,434,BE,fr
2610,04,Mont-Crosin,Villeret,448,BE,fr
2612,00,Cormoret,Cormoret,432,BE,fr
2613,00,Villeret,Cormoret,432,BE,fr
2613,00,Villeret,Villeret,448,BE,fr
2615,00,Sonvilier,Sonvilier,445,BE,fr
2615,02,Montagne-de-Sonvilier,Sonvilier,445,BE,fr
2616,00,Renan BE,Renan (BE),441,BE,fr
2616,00,Renan BE,La Chaux-de-Fonds,6421,NE,fr
2616,00,Renan BE,Val-de-Ruz,6487,NE,fr
2616,02,La Cibourg,Renan (BE),441,BE,fr
2710,00,Tavannes,Reconvilier,703,BE,fr
2710,00,Tavannes,Tavannes,713,BE,fr
2712,00,Le Fuet,Saicourt,706,BE,fr
2712,00,Le Fuet,Petit-Val,716,BE,fr
2713,00,Bellelay,Saicourt,706,BE,fr
2714,00,Les Genevez JU,Les Genevez (JU),6748,JU,fr
2714,02,Le Prédame,Les Genevez (JU),6748,JU,fr
2715,01,Châtelat,Petit-Val,716,BE,fr
2715,02,Monible,Petit-Val,716,BE,fr
2716,00,Sornetan,Petit-Val,716,BE,fr
2717,00,Fornet-Dessous,Petit-Val,716,BE,fr
2717,02,Rebévelier,Rebévelier,715,BE,fr
2718,00,Lajoux JU,Lajoux (JU),6750,JU,fr
2718,00,Lajoux JU,Montfaucon,6751,JU,fr
2718,02,Fornet-Dessus,Saulcy,6722,JU,fr
2718,02,Fornet-Dessus,Lajoux (JU),6750,JU,fr
2720,00,Tramelan,Mont-Tramelan,437,BE,fr
2720,00,Tramelan,Tramelan,446,BE,fr
2720,00,Tramelan,Saicourt,706,BE,fr
2720,02,La Tanne,Corgémont,431,BE,fr
2720,02,La Tanne,Sonceboz-Sombeval,444,BE,fr
2720,02,La Tanne,Tramelan,446,BE,fr
2720,02,La Tanne,Tavannes,713,BE,fr
2722,00,Les Reussilles,Tramelan,446,BE,fr
2723,00,Mont-Tramelan,Cortébert,433,BE,fr
2723,00,Mont-Tramelan,Courtelary,434,BE,fr
2723,00,Mont-Tramelan,Mont-Tramelan,437,BE,fr
2723,00,Mont-Tramelan,Tramelan,446,BE,fr
2732,00,Reconvilier,Péry-La Heutte,450,BE,fr
2732,00,Reconvilier,Reconvilier,703,BE,fr
2732,02,Saicourt,Saicourt,706,BE,fr
2732,03,Saules BE,Saules (BE),707,BE,fr
2732,04,Loveresse,Loveresse,696,BE,fr
2733,00,Pontenet,Loveresse,696,BE,fr
2733,00,Pontenet,Valbirse,717,BE,fr
2735,02,Bévilard,Valbirse,717,BE,fr
2735,03,Champoz,Champoz,683,BE,fr
2735,03,Champoz,Court,690,BE,fr
2735,04,Malleray,Péry-La Heutte,450,BE,fr
2735,04,Malleray,Valbirse,717,BE,fr
2736,00,Sorvilier,Sorvilier,711,BE,fr
2738,00,Court,Court,690,BE,fr
2740,00,Moutier,Moutier,6831,JU,fr
2740,00,Moutier,Roches (BE),704,BE,fr
2742,00,Perrefitte,Perrefitte,701,BE,fr
2743,00,Eschert,Eschert,692,BE,fr
2744,00,Belprahon,Belprahon,681,BE,fr
2745,00,Grandval,Grandval,694,BE,fr
2746,00,Crémines,Crémines,691,BE,fr
2747,00,Corcelles BE,Corcelles (BE),687,BE,fr
2747,02,Seehof,Aedermannsdorf,2421,SO,de
2747,02,Seehof,Seehof,709,BE,de
2748,00,Souboz,Petit-Val,716,BE,fr
2748,02,Les Ecorcheresses,Haute-Sorne,6729,JU,fr
2748,02,Les Ecorcheresses,Petit-Val,716,BE,fr
2762,00,Roches BE,Roches (BE),704,BE,fr
2800,00,Delémont,Courrendlin,6708,JU,fr
2800,00,Delémont,Delémont,6711,JU,fr
2800,00,Delémont,Develier,6712,JU,fr
2802,00,Develier,Develier,6712,JU,fr
2803,00,Bourrignon,Bourrignon,6703,JU,fr
2803,00,Bourrignon,Pleigne,6719,JU,fr
2805,00,Soyhières,Courroux,6709,JU,fr
2805,00,Soyhières,Soyhières,6724,JU,fr
2806,00,Mettembert,Delémont,6711,JU,fr
2806,00,Mettembert,Mettembert,6716,JU,fr
2806,00,Mettembert,Pleigne,6719,JU,fr
2807,00,Pleigne,Pleigne,6719,JU,fr
2807,01,Lucelle,Pleigne,6719,JU,fr
2807,01,Lucelle,La Baroche,6810,JU,fr
2812,00,Movelier,Movelier,6718,JU,fr
2813,00,Ederswiler,Ederswiler,6713,JU,de
2813,00,Ederswiler,Movelier,6718,JU,de
2813,00,Ederswiler,Pleigne,6719,JU,de
2814,00,Roggenburg,Kleinlützel,2619,SO,de
2814,00,Roggenburg,Roggenburg,2790,BL,de
2814,00,Roggenburg,Ederswiler,6713,JU,de
2814,00,Roggenburg,Pleigne,6719,JU,de
2822,00,Courroux,Courroux,6709,JU,fr
2823,00,Courcelon,Courroux,6709,JU,fr
2824,00,Vicques,Courchapoix,6706,JU,fr
2824,00,Vicques,Val Terbi,6730,JU,fr
2825,00,Courchapoix,Courchapoix,6706,JU,fr
2826,00,Corban,Val Terbi,6730,JU,fr
2827,00,Mervelier,Mervelier,6715,JU,fr
2827,02,Schelten,Beinwil (SO),2612,SO,de
2827,02,Schelten,Schelten,708,BE,de
2828,00,Montsevelier,Val Terbi,6730,JU,fr
2829,00,Vermes,Val Terbi,6730,JU,fr
2830,00,Courrendlin,Courrendlin,6708,JU,fr
2830,00,Courrendlin,Courroux,6709,JU,fr
2830,02,Vellerat,Courrendlin,6708,JU,fr
2832,00,Rebeuvelier,Courrendlin,6708,JU,fr
2832,00,Rebeuvelier,Val Terbi,6730,JU,fr
2842,00,Rossemaison,Rossemaison,6721,JU,fr
2843,00,Châtillon JU,Châtillon (JU),6704,JU,fr
2852,00,Courtételle,Courtételle,6710,JU,fr
2852,00,Courtételle,Delémont,6711,JU,fr
2853,00,Courfaivre,Courtételle,6710,JU,fr
2853,00,Courfaivre,Haute-Sorne,6729,JU,fr
2854,00,Bassecourt,Haute-Sorne,6729,JU,fr
2855,00,Glovelier,Haute-Sorne,6729,JU,fr
2856,00,Boécourt,Boécourt,6702,JU,fr
2857,00,Montavon,Boécourt,6702,JU,fr
2863,00,Undervelier,Haute-Sorne,6729,JU,fr
2864,00,Soulce,Haute-Sorne,6729,JU,fr
2873,00,Saulcy,Saulcy,6722,JU,fr
2873,00,Saulcy,Saint-Brais,6758,JU,fr
2882,00,St-Ursanne,Saint-Brais,6758,JU,fr
2882,00,St-Ursanne,Clos du Doubs,6808,JU,fr
2883,00,Montmelon,Boécourt,6702,JU,fr
2883,00,Montmelon,Saint-Brais,6758,JU,fr
2883,00,Montmelon,Clos du Doubs,6808,JU,fr
2884,00,Montenol,Clos du Doubs,6808,JU,fr
2885,00,Epauvillers,Clos du Doubs,6808,JU,fr
2886,00,Epiquerez,Saint-Brais,6758,JU,fr
2886,00,Epiquerez,Clos du Doubs,6808,JU,fr
2887,00,Soubey,Soubey,6759,JU,fr
2888,00,Seleute,Clos du Doubs,6808,JU,fr
2889,00,Ocourt,Clos du Doubs,6808,JU,fr
2900,00,Porrentruy,Courtedoux,6785,JU,fr
2900,00,Porrentruy,Fontenais,6790,JU,fr
2900,00,Porrentruy,Porrentruy,6800,JU,fr
2902,00,Fontenais,Fontenais,6790,JU,fr
2903,00,Villars-sur-Fontenais,Fontenais,6790,JU,fr
2904,00,Bressaucourt,Fontenais,6790,JU,fr
2905,00,Courtedoux,Courtedoux,6785,JU,fr
2906,00,Chevenez,Haute-Ajoie,6809,JU,fr
2907,00,Rocourt,Haute-Ajoie,6809,JU,fr
2908,00,Grandfontaine,Grandfontaine,6792,JU,fr
2912,02,Réclère,Haute-Ajoie,6809,JU,fr
2912,03,Roche-d'Or,Haute-Ajoie,6809,JU,fr
2914,00,Damvant,Haute-Ajoie,6809,JU,fr
2915,00,Bure,Bure,6778,JU,fr
2915,00,Bure,Basse-Allaine,6807,JU,fr
2916,00,Fahy,Fahy,6789,JU,fr
2922,00,Courchavon,Courchavon,6783,JU,fr
2923,00,Courtemaîche,Basse-Allaine,6807,JU,fr
2924,00,Montignez,Basse-Allaine,6807,JU,fr
2925,00,Buix,Basse-Allaine,6807,JU,fr
2926,00,Boncourt,Boncourt,6774,JU,fr
2932,00,Coeuve,Coeuve,6781,JU,fr
2933,02,Damphreux,Damphreux-Lugnez,6811,JU,fr
2933,03,Lugnez,Damphreux-Lugnez,6811,JU,fr
2935,00,Beurnevésin,Basse-Vendline,6812,JU,fr
2942,00,Alle,Alle,6771,JU,fr
2943,00,Vendlincourt,Vendlincourt,6806,JU,fr
2944,00,Bonfol,Basse-Vendline,6812,JU,fr
2946,00,Miécourt,La Baroche,6810,JU,fr
2947,00,Charmoille,La Baroche,6810,JU,fr
2950,00,Courgenay,Courgenay,6784,JU,fr
2950,02,Courtemautruy,Courgenay,6784,JU,fr
2952,00,Cornol,Cornol,6782,JU,fr
2953,02,Fregiécourt,La Baroche,6810,JU,fr
2953,03,Pleujouse,La Baroche,6810,JU,fr
2954,00,Asuel,La Baroche,6810,JU,fr
3004,00,Bern,Bern,351,BE,de
3005,00,Bern,Bern,351,BE,de
3006,00,Bern,Bern,351,BE,de
3007,00,Bern,Bern,351,BE,de
3007,00,Bern,Köniz,355,BE,de
3008,00,Bern,Bern,351,BE,de
3010,00,Bern,Bern,351,BE,de
3011,00,Bern,Bern,351,BE,de
3012,00,Bern,Bern,351,BE,de
3013,00,Bern,Bern,351,BE,de
3014,00,Bern,Bern,351,BE,de
3015,00,Bern,Bern,351,BE,de
3018,00,Bern,Bern,351,BE,de
3019,00,Bern,Bern,351,BE,de
3020,00,Bern,Bern,351,BE,de
3020,00,Bern,Frauenkappelen,663,BE,de
3027,00,Bern,Bern,351,BE,de
3032,00,Hinterkappelen,Bern,351,BE,de
3032,00,Hinterkappelen,Wohlen bei Bern,360,BE,de
3033,00,Wohlen b. Bern,Wohlen bei Bern,360,BE,de
3033,00,Wohlen b. Bern,Frauenkappelen,663,BE,de
3034,00,Murzelen,Wohlen bei Bern,360,BE,de
3035,00,Frieswil,Seedorf (BE),312,BE,de
3035,00,Frieswil,Wohlen bei Bern,360,BE,de
3036,00,Detligen,Radelfingen,309,BE,de
3036,00,Detligen,Wohlen bei Bern,360,BE,de
3037,00,Herrenschwanden,Bern,351,BE,de
3037,00,Herrenschwanden,Kirchlindach,354,BE,de
3037,00,Herrenschwanden,Wohlen bei Bern,360,BE,de
3038,00,Kirchlindach,Kirchlindach,354,BE,de
3042,00,Ortschwaben,Meikirch,307,BE,de
3042,00,Ortschwaben,Kirchlindach,354,BE,de
3042,00,Ortschwaben,Wohlen bei Bern,360,BE,de
3043,00,Uettligen,Wohlen bei Bern,360,BE,de
3044,02,Innerberg,Wohlen bei Bern,360,BE,de
3045,00,Meikirch,Meikirch,307,BE,de
3045,00,Meikirch,Wohlen bei Bern,360,BE,de
3046,00,Wahlendorf,Meikirch,307,BE,de
3047,00,Bremgarten b. Bern,Bremgarten bei Bern,353,BE,de
3048,00,Worblaufen,Bern,351,BE,de
3048,00,Worblaufen,Ittigen,362,BE,de
3049,00,Säriswil,Wohlen bei Bern,360,BE,de
3052,00,Zollikofen,Zollikofen,361,BE,de
3052,00,Zollikofen,Münchenbuchsee,546,BE,de
3053,00,Münchenbuchsee,Schüpfen,311,BE,de
3053,00,Münchenbuchsee,Moosseedorf,544,BE,de
3053,00,Münchenbuchsee,Münchenbuchsee,546,BE,de
3053,02,Deisswil b. Münchenbuchsee,Deisswil bei Münchenbuchsee,535,BE,de
3053,03,Diemerswil,Münchenbuchsee,546,BE,de
3053,04,Wiggiswil,Wiggiswil,553,BE,de
3053,05,Lätti,Rapperswil (BE),310,BE,de
3054,00,Schüpfen,Schüpfen,311,BE,de
3063,00,Ittigen,Bern,351,BE,de
3063,00,Ittigen,Ittigen,362,BE,de
3063,00,Ittigen,Ostermundigen,363,BE,de
3065,00,Bolligen,Bolligen,352,BE,de
3065,00,Bolligen,Ostermundigen,363,BE,de
3066,00,Stettlen,Bolligen,352,BE,de
3066,00,Stettlen,Stettlen,358,BE,de
3066,00,Stettlen,Vechigen,359,BE,de
3066,00,Stettlen,Ostermundigen,363,BE,de
3067,00,Boll,Stettlen,358,BE,de
3067,00,Boll,Vechigen,359,BE,de
3068,00,Utzigen,Vechigen,359,BE,de
3068,00,Utzigen,Walkringen,626,BE,de
3068,00,Utzigen,Worb,627,BE,de
3072,00,Ostermundigen,Bern,351,BE,de
3072,00,Ostermundigen,Ostermundigen,363,BE,de
3073,00,Gümligen,Bern,351,BE,de
3073,00,Gümligen,Muri bei Bern,356,BE,de
3073,00,Gümligen,Ostermundigen,363,BE,de
3073,00,Gümligen,Allmendingen,630,BE,de
3074,00,Muri b. Bern,Muri bei Bern,356,BE,de
3075,00,Rüfenacht BE,Worb,627,BE,de
3075,02,Vielbringen b. Worb,Worb,627,BE,de
3076,00,Worb,Muri bei Bern,356,BE,de
3076,00,Worb,Stettlen,358,BE,de
3076,00,Worb,Vechigen,359,BE,de
3076,00,Worb,Worb,627,BE,de
3077,00,Enggistein,Worb,627,BE,de
3078,00,Richigen,Worb,627,BE,de
3082,00,Schlosswil,Grosshöchstetten,608,BE,de
3082,00,Schlosswil,Worb,627,BE,de
3083,00,Trimstein,Münsingen,616,BE,de
3084,00,Wabern,Bern,351,BE,de
3084,00,Wabern,Köniz,355,BE,de
3086,00,Zimmerwald,Oberbalm,357,BE,de
3086,00,Zimmerwald,Belp,861,BE,de
3086,00,Zimmerwald,Niedermuhlern,877,BE,de
3086,00,Zimmerwald,Wald (BE),888,BE,de
3086,02,Englisberg,Wald (BE),888,BE,de
3087,00,Niedermuhlern,Niedermuhlern,877,BE,de
3087,00,Niedermuhlern,Rüeggisberg,880,BE,de
3087,00,Niedermuhlern,Wald (BE),888,BE,de
3088,00,Rüeggisberg,Rüeggisberg,880,BE,de
3088,02,Oberbütschel,Rüeggisberg,880,BE,de
3089,00,Hinterfultigen,Rüeggisberg,880,BE,de
3095,00,Spiegel b. Bern,Köniz,355,BE,de
3096,00,Oberbalm,Oberbalm,357,BE,de
3096,00,Oberbalm,Wald (BE),888,BE,de
3097,00,Liebefeld,Bern,351,BE,de
3097,00,Liebefeld,Köniz,355,BE,de
3098,00,Köniz,Köniz,355,BE,de
3098,01,Schliern b. Köniz,Köniz,355,BE,de
3099,00,Rüti b. Riggisberg,Rüschegg,853,BE,de
3099,00,Rüti b. Riggisberg,Riggisberg,879,BE,de
3099,00,Rüti b. Riggisberg,Rüeggisberg,880,BE,de
3110,00,Münsingen,Münsingen,616,BE,de
3111,00,Tägertschi,Münsingen,616,BE,de
3112,00,Allmendingen b. Bern,Rubigen,623,BE,de
3112,00,Allmendingen b. Bern,Allmendingen,630,BE,de
3113,00,Rubigen,Rubigen,623,BE,de
3113,00,Rubigen,Worb,627,BE,de
3114,00,Wichtrach,Kiesen,611,BE,de
3114,00,Wichtrach,Wichtrach,632,BE,de
3115,00,Gerzensee,Belp,861,BE,de
3115,00,Gerzensee,Gerzensee,866,BE,de
3115,00,Gerzensee,Kirchdorf (BE),872,BE,de
3116,00,Kirchdorf BE,Kirchdorf (BE),872,BE,de
3116,02,Mühledorf BE,Kirchdorf (BE),872,BE,de
3116,03,Noflen BE,Kirchdorf (BE),872,BE,de
3122,00,Kehrsatz,Belp,861,BE,de
3122,00,Kehrsatz,Kehrsatz,870,BE,de
3123,00,Belp,Belp,861,BE,de
3123,00,Belp,Kehrsatz,870,BE,de
3123,00,Belp,Toffen,884,BE,de
3124,00,Belpberg,Belp,861,BE,de
3125,00,Toffen,Belp,861,BE,de
3125,00,Toffen,Kirchdorf (BE),872,BE,de
3125,00,Toffen,Toffen,884,BE,de
3126,00,Kaufdorf,Kaufdorf,869,BE,de
3126,02,Gelterfingen,Kirchdorf (BE),872,BE,de
3127,00,Mühlethurnen,Thurnen,889,BE,de
3127,02,Lohnstorf,Thurnen,889,BE,de
3128,00,Kirchenthurnen,Thurnen,889,BE,de
3128,02,Rümligen,Riggisberg,879,BE,de
3132,00,Riggisberg,Riggisberg,879,BE,de
3132,00,Riggisberg,Rüeggisberg,880,BE,de
3144,00,Gasel,Köniz,355,BE,de
3145,00,Niederscherli,Köniz,355,BE,de
3145,00,Niederscherli,Oberbalm,357,BE,de
3147,00,Mittelhäusern,Köniz,355,BE,de
3147,00,Mittelhäusern,Oberbalm,357,BE,de
3148,00,Lanzenhäusern,Schwarzenburg,855,BE,de
3150,00,Schwarzenburg,Guggisberg,852,BE,de
3150,00,Schwarzenburg,Schwarzenburg,855,BE,de
3152,00,Mamishaus,Rüschegg,853,BE,de
3152,00,Mamishaus,Schwarzenburg,855,BE,de
3153,00,Rüschegg Gambach,Rüschegg,853,BE,de
3154,00,Rüschegg Heubach,Rüschegg,853,BE,de
3154,00,Rüschegg Heubach,Schwarzenburg,855,BE,de
3154,00,Rüschegg Heubach,Rüeggisberg,880,BE,de
3155,00,Helgisried-Rohrbach,Rüeggisberg,880,BE,de
3156,00,Riffenmatt,Guggisberg,852,BE,de
3156,00,Riffenmatt,Rüschegg,853,BE,de
3157,00,Milken,Guggisberg,852,BE,de
3157,00,Milken,Rüschegg,853,BE,de
3157,00,Milken,Schwarzenburg,855,BE,de
3158,00,Guggisberg,Guggisberg,852,BE,de
3159,00,Riedstätt,Guggisberg,852,BE,de
3172,00,Niederwangen b. Bern,Bern,351,BE,de
3172,00,Niederwangen b. Bern,Köniz,355,BE,de
3173,00,Oberwangen b. Bern,Köniz,355,BE,de
3174,00,Thörishaus,Köniz,355,BE,de
3174,00,Thörishaus,Neuenegg,670,BE,de
3175,00,Flamatt,Ueberstorf,2308,FR,de
3175,00,Flamatt,Wünnewil-Flamatt,2309,FR,de
3176,00,Neuenegg,Neuenegg,670,BE,de
3177,00,Laupen BE,Ferenbalm,662,BE,de
3177,00,Laupen BE,Laupen,667,BE,de
3177,00,Laupen BE,Neuenegg,670,BE,de
3178,00,Bösingen,Bösingen,2295,FR,de
3179,00,Kriechenwil,Gurmels,2262,FR,de
3179,00,Kriechenwil,Kriechenwil,666,BE,de
3182,00,Ueberstorf,Schmitten (FR),2305,FR,de
3182,00,Ueberstorf,Tafers,2306,FR,de
3182,00,Ueberstorf,Ueberstorf,2308,FR,de
3183,00,Albligen,Schwarzenburg,855,BE,de
3184,00,Wünnewil,Bösingen,2295,FR,de
3184,00,Wünnewil,Wünnewil-Flamatt,2309,FR,de
3185,00,Schmitten FR,Bösingen,2295,FR,de
3185,00,Schmitten FR,Schmitten (FR),2305,FR,de
3185,00,Schmitten FR,Tafers,2306,FR,de
3185,00,Schmitten FR,Wünnewil-Flamatt,2309,FR,de
3186,00,Düdingen,Düdingen,2293,FR,de
3202,00,Frauenkappelen,Frauenkappelen,663,BE,de
3202,00,Frauenkappelen,Mühleberg,668,BE,de
3203,00,Mühleberg,Mühleberg,668,BE,de
3204,00,Rosshäusern,Mühleberg,668,BE,de
3204,00,Rosshäusern,Neuenegg,670,BE,de
3205,00,Gümmenen,Gurmels,2262,FR,de
3205,00,Gümmenen,Ferenbalm,662,BE,de
3205,00,Gümmenen,Mühleberg,668,BE,de
3206,00,Rizenbach,Ferenbalm,662,BE,de
3206,01,Ferenbalm,Ferenbalm,662,BE,de
3206,02,Wallenbuch,Gurmels,2262,FR,de
3206,03,Biberen,Ferenbalm,662,BE,de
3206,04,Gammen,Ferenbalm,662,BE,de
3207,00,Wileroltigen,Kerzers,2265,FR,de
3207,00,Wileroltigen,Ferenbalm,662,BE,de
3207,00,Wileroltigen,Wileroltigen,671,BE,de
3207,02,Golaten,Kerzers,2265,FR,de
3207,02,Golaten,Kallnach,304,BE,de
3208,00,Gurbrü,Gurbrü,665,BE,de
3210,00,Kerzers,Kerzers,2265,FR,de
3210,00,Kerzers,Ried bei Kerzers,2276,FR,de
3210,00,Kerzers,Gurbrü,665,BE,de
3212,00,Gurmels,Gurmels,2262,FR,de
3212,02,Kleingurmels,Courtepin,2254,FR,de
3212,02,Kleingurmels,Gurmels,2262,FR,de
3213,00,Liebistorf,Gurmels,2262,FR,de
3213,02,Kleinbösingen,Kleinbösingen,2266,FR,de
3214,00,Ulmiz,Gurmels,2262,FR,de
3215,00,Gempenach,Murten,2275,FR,de
3215,02,Büchslen,Murten,2275,FR,de
3215,03,Lurtigen,Murten,2275,FR,de
3216,00,Ried b. Kerzers,Ried bei Kerzers,2276,FR,de
3216,02,Agriswil,Ried bei Kerzers,2276,FR,de
3225,00,Müntschemier,Müntschemier,498,BE,de
3226,00,Treiten,Kallnach,304,BE,de
3226,00,Treiten,Treiten,500,BE,de
3232,00,Ins,Erlach,492,BE,de
3232,00,Ins,Ins,496,BE,de
3233,00,Tschugg,Erlach,492,BE,de
3233,00,Tschugg,Tschugg,501,BE,de
3234,00,Vinelz,Vinelz,502,BE,de
3235,00,Erlach,Erlach,492,BE,de
3235,00,Erlach,Gals,494,BE,de
3235,00,Erlach,Twann-Tüscherz,756,BE,de
3236,00,Gampelen,Mont-Vully,2284,FR,de
3236,00,Gampelen,Gampelen,495,BE,de
3236,00,Gampelen,Ins,496,BE,de
3236,00,Gampelen,Laténa,6513,NE,de
3237,00,Brüttelen,Brüttelen,491,BE,de
3238,00,Gals,Gals,494,BE,de
3250,00,Lyss,Aarberg,301,BE,de
3250,00,Lyss,Kappelen,305,BE,de
3250,00,Lyss,Lyss,306,BE,de
3251,00,Wengi b. Büren,Rapperswil (BE),310,BE,de
3251,00,Wengi b. Büren,Wengi,394,BE,de
3251,02,Ruppoldsried,Rapperswil (BE),310,BE,de
3252,00,Worben,Kappelen,305,BE,de
3252,00,Worben,Worben,755,BE,de
3253,00,Schnottwil,Schnottwil,2461,SO,de
3254,00,Messen,Messen,2457,SO,de
3254,00,Messen,Rapperswil (BE),310,BE,de
3254,02,Balm b. Messen,Messen,2457,SO,de
3255,00,Rapperswil BE,Rapperswil (BE),310,BE,de
3256,00,Dieterswil,Rapperswil (BE),310,BE,de
3256,02,Bangerten b. Dieterswil,Rapperswil (BE),310,BE,de
3256,03,Seewil,Rapperswil (BE),310,BE,de
3257,00,Grossaffoltern,Grossaffoltern,303,BE,de
3257,00,Grossaffoltern,Wengi,394,BE,de
3257,01,Ammerzwil BE,Grossaffoltern,303,BE,de
3262,00,Suberg,Grossaffoltern,303,BE,de
3263,00,Büetigen,Büetigen,382,BE,de
3264,00,Diessbach b. Büren,Diessbach bei Büren,385,BE,de
3266,00,Wiler b. Seedorf,Seedorf (BE),312,BE,de
3267,00,Seedorf BE,Aarberg,301,BE,de
3267,00,Seedorf BE,Seedorf (BE),312,BE,de
3268,00,Lobsigen,Seedorf (BE),312,BE,de
3270,00,Aarberg,Aarberg,301,BE,de
3270,00,Aarberg,Seedorf (BE),312,BE,de
3271,00,Radelfingen b. Aarberg,Radelfingen,309,BE,de
3272,00,Walperswil,Walperswil,754,BE,de
3272,02,Epsach,Epsach,735,BE,de
3273,00,Kappelen,Aarberg,301,BE,de
3273,00,Kappelen,Kappelen,305,BE,de
3274,00,Hermrigen,Hermrigen,737,BE,de
3274,02,Bühl b. Aarberg,Bühl,734,BE,de
3274,03,Merzligen,Merzligen,741,BE,de
3280,00,Murten,Courgevaux,2250,FR,de
3280,00,Murten,Meyriez,2271,FR,de
3280,00,Murten,Murten,2275,FR,de
3280,02,Meyriez,Meyriez,2271,FR,de
3280,04,Greng,Greng,2261,FR,de
3280,04,Greng,Murten,2275,FR,de
3282,00,Bargen BE,Bargen (BE),302,BE,de
3283,00,Kallnach,Bargen (BE),302,BE,de
3283,00,Kallnach,Kallnach,304,BE,de
3283,02,Niederried b. Kallnach,Kallnach,304,BE,de
3284,00,Fräschels,Fräschels,2258,FR,de
3285,00,Galmiz,Murten,2275,FR,de
3286,00,Muntelier,Muntelier,2274,FR,de
3292,00,Busswil BE,Lyss,306,BE,de
3293,00,Dotzigen,Dotzigen,386,BE,de
3294,00,Büren an der Aare,Büren an der Aare,383,BE,de
3294,00,Büren an der Aare,Dotzigen,386,BE,de
3294,02,Meienried,Meienried,389,BE,de
3295,00,Rüti b. Büren,Rüti bei Büren,393,BE,de
3296,00,Arch,Arch,381,BE,de
3297,00,Leuzigen,Leuzigen,388,BE,de
3298,00,Oberwil b. Büren,Oberwil bei Büren,391,BE,de
3302,00,Moosseedorf,Moosseedorf,544,BE,de
3303,00,Jegenstorf,Jegenstorf,540,BE,de
3303,02,Münchringen,Jegenstorf,540,BE,de
3303,03,Zuzwil BE,Zuzwil (BE),557,BE,de
3303,04,Ballmoos,Jegenstorf,540,BE,de
3305,00,Iffwil,Iffwil,541,BE,de
3305,02,Scheunen,Jegenstorf,540,BE,de
3306,00,Etzelkofen,Fraubrunnen,538,BE,de
3307,00,Brunnenthal,Messen,2457,SO,de
3308,00,Grafenried,Fraubrunnen,538,BE,de
3309,00,Kernenried,Kernenried,411,BE,de
3309,02,Zauggenried,Fraubrunnen,538,BE,de
3312,00,Fraubrunnen,Fraubrunnen,538,BE,de
3313,00,Büren zum Hof,Fraubrunnen,538,BE,de
3314,00,Schalunen,Bätterkinden,533,BE,de
3314,00,Schalunen,Fraubrunnen,538,BE,de
3315,00,Bätterkinden,Bätterkinden,533,BE,de
3315,01,Kräiligen,Bätterkinden,533,BE,de
3317,00,Limpach,Fraubrunnen,538,BE,de
3317,01,Mülchi,Fraubrunnen,538,BE,de
3322,00,Urtenen-Schönbühl,Mattstetten,543,BE,de
3322,00,Urtenen-Schönbühl,Moosseedorf,544,BE,de
3322,00,Urtenen-Schönbühl,Urtenen-Schönbühl,551,BE,de
3322,01,Mattstetten,Mattstetten,543,BE,de
3323,00,Bäriswil BE,Bäriswil,403,BE,de
3324,00,Hindelbank,Hindelbank,409,BE,de
3324,00,Hindelbank,Lyssach,415,BE,de
3324,02,Mötschwil,Hindelbank,409,BE,de
3325,00,Hettiswil b. Hindelbank,Hindelbank,409,BE,de
3325,00,Hettiswil b. Hindelbank,Krauchthal,414,BE,de
3326,00,Krauchthal,Bolligen,352,BE,de
3326,00,Krauchthal,Krauchthal,414,BE,de
3360,00,Herzogenbuchsee,Herzogenbuchsee,979,BE,de
3360,00,Herzogenbuchsee,Thörigen,989,BE,de
3362,00,Niederönz,Niederönz,982,BE,de
3363,00,Oberönz,Herzogenbuchsee,979,BE,de
3365,00,Grasswil,Aeschi (SO),2511,SO,de
3365,00,Grasswil,Seeberg,988,BE,de
3365,02,Seeberg,Seeberg,988,BE,de
3366,00,Bettenhausen,Bettenhausen,973,BE,de
3366,02,Bollodingen,Bettenhausen,973,BE,de
3367,00,Thörigen,Thörigen,989,BE,de
3367,02,Ochlenberg,Ochlenberg,985,BE,de
3368,00,Bleienbach,Bleienbach,324,BE,de
3368,00,Bleienbach,Lotzwil,331,BE,de
3372,00,Wanzwil,Heimenhausen,977,BE,de
3373,00,Röthenbach Herzogenbuchsee,Heimenhausen,977,BE,de
3373,02,Heimenhausen,Heimenhausen,977,BE,de
3374,00,Wangenried,Wangen an der Aare,992,BE,de
3375,00,Inkwil,Inkwil,980,BE,de
3376,00,Graben,Graben,976,BE,de
3376,02,Berken,Berken,972,BE,de
3377,00,Walliswil b. Wangen,Walliswil bei Wangen,991,BE,de
3380,00,Wangen an der Aare,Wangen an der Aare,992,BE,de
3380,00,Wangen an der Aare,Wiedlisbach,995,BE,de
3380,02,Walliswil b. Niederbipp,Walliswil bei Niederbipp,990,BE,de
3400,00,Burgdorf,Burgdorf,404,BE,de
3400,00,Burgdorf,Kirchberg (BE),412,BE,de
3412,00,Heimiswil,Heimiswil,407,BE,de
3413,00,Kaltacker,Burgdorf,404,BE,de
3413,00,Kaltacker,Heimiswil,407,BE,de
3413,00,Kaltacker,Affoltern im Emmental,951,BE,de
3414,00,Oberburg,Burgdorf,404,BE,de
3414,00,Oberburg,Oberburg,418,BE,de
3414,00,Oberburg,Lützelflüh,955,BE,de
3415,01,Hasle b. Burgdorf,Hasle bei Burgdorf,406,BE,de
3415,02,Schafhausen im Emmental,Hasle bei Burgdorf,406,BE,de
3415,02,Schafhausen im Emmental,Walkringen,626,BE,de
3415,03,Rüegsauschachen,Heimiswil,407,BE,de
3415,03,Rüegsauschachen,Lützelflüh,955,BE,de
3415,03,Rüegsauschachen,Rüegsau,956,BE,de
3416,00,Affoltern im Emmental,Heimiswil,407,BE,de
3416,00,Affoltern im Emmental,Affoltern im Emmental,951,BE,de
3416,00,Affoltern im Emmental,Rüegsau,956,BE,de
3416,00,Affoltern im Emmental,Sumiswald,957,BE,de
3417,00,Rüegsau,Rüegsau,956,BE,de
3418,00,Rüegsbach,Heimiswil,407,BE,de
3418,00,Rüegsbach,Affoltern im Emmental,951,BE,de
3418,00,Rüegsbach,Lützelflüh,955,BE,de
3418,00,Rüegsbach,Rüegsau,956,BE,de
3419,00,Biembach im Emmental,Hasle bei Burgdorf,406,BE,de
3419,00,Biembach im Emmental,Lützelflüh,955,BE,de
3421,00,Lyssach,Hindelbank,409,BE,de
3421,00,Lyssach,Lyssach,415,BE,de
3421,00,Lyssach,Oberburg,418,BE,de
3421,02,Rüti b. Lyssach,Rüti bei Lyssach,422,BE,de
3422,00,Kirchberg BE,Ersigen,405,BE,de
3422,00,Kirchberg BE,Kirchberg (BE),412,BE,de
3422,01,Rüdtligen,Rüdtligen-Alchenflüh,420,BE,de
3422,02,Alchenflüh,Lyssach,415,BE,de
3422,02,Alchenflüh,Rüdtligen-Alchenflüh,420,BE,de
3423,00,Ersigen,Ersigen,405,BE,de
3424,00,Niederösch,Ersigen,405,BE,de
3424,02,Oberösch,Ersigen,405,BE,de
3425,00,Koppigen,Ersigen,405,BE,de
3425,00,Koppigen,Koppigen,413,BE,de
3425,02,Willadingen,Willadingen,423,BE,de
3426,00,Aefligen,Aefligen,401,BE,de
3427,00,Utzenstorf,Utzenstorf,552,BE,de
3427,00,Utzenstorf,Wiler bei Utzenstorf,554,BE,de
3428,00,Wiler b. Utzenstorf,Wiler bei Utzenstorf,554,BE,de
3429,02,Höchstetten,Höchstetten,410,BE,de
3429,03,Hellsau,Hellsau,408,BE,de
3432,00,Lützelflüh-Goldbach,Hasle bei Burgdorf,406,BE,de
3432,00,Lützelflüh-Goldbach,Rüderswil,905,BE,de
3432,00,Lützelflüh-Goldbach,Lützelflüh,955,BE,de
3433,00,Schwanden im Emmental,Hasle bei Burgdorf,406,BE,de
3433,00,Schwanden im Emmental,Rüderswil,905,BE,de
3433,00,Schwanden im Emmental,Lützelflüh,955,BE,de
3434,00,Obergoldbach,Landiswil,613,BE,de
3434,00,Obergoldbach,Lützelflüh,955,BE,de
3434,01,Landiswil,Landiswil,613,BE,de
3434,01,Landiswil,Lauperswil,903,BE,de
3435,00,Ramsei,Lützelflüh,955,BE,de
3436,00,Zollbrück,Lauperswil,903,BE,de
3436,00,Zollbrück,Rüderswil,905,BE,de
3437,00,Rüderswil,Rüderswil,905,BE,de
3438,00,Lauperswil,Lauperswil,903,BE,de
3438,00,Lauperswil,Rüderswil,905,BE,de
3439,00,Ranflüh,Rüderswil,905,BE,de
3439,00,Ranflüh,Lützelflüh,955,BE,de
3452,00,Grünenmatt,Lützelflüh,955,BE,de
3453,00,Heimisbach,Rüderswil,905,BE,de
3453,00,Heimisbach,Lützelflüh,955,BE,de
3453,00,Heimisbach,Trachselwald,958,BE,de
3454,00,Sumiswald,Lützelflüh,955,BE,de
3454,00,Sumiswald,Rüegsau,956,BE,de
3454,00,Sumiswald,Sumiswald,957,BE,de
3455,00,Grünen,Sumiswald,957,BE,de
3456,00,Trachselwald,Lützelflüh,955,BE,de
3456,00,Trachselwald,Trachselwald,958,BE,de
3457,00,Wasen im Emmental,Sumiswald,957,BE,de
3457,00,Wasen im Emmental,Wyssachen,960,BE,de
3462,00,Weier im Emmental,Affoltern im Emmental,951,BE,de
3462,00,Weier im Emmental,Sumiswald,957,BE,de
3463,00,Häusernmoos im Emmental,Affoltern im Emmental,951,BE,de
3463,00,Häusernmoos im Emmental,Dürrenroth,952,BE,de
3463,00,Häusernmoos im Emmental,Walterswil (BE),959,BE,de
3464,00,Schmidigen-Mühleweg,Wynigen,424,BE,de
3464,00,Schmidigen-Mühleweg,Affoltern im Emmental,951,BE,de
3464,00,Schmidigen-Mühleweg,Dürrenroth,952,BE,de
3464,00,Schmidigen-Mühleweg,Walterswil (BE),959,BE,de
3465,00,Dürrenroth,Dürrenroth,952,BE,de
3472,00,Wynigen,Burgdorf,404,BE,de
3472,00,Wynigen,Heimiswil,407,BE,de
3472,00,Wynigen,Wynigen,424,BE,de
3472,02,Rumendingen,Ersigen,405,BE,de
3472,02,Rumendingen,Rumendingen,421,BE,de
3473,00,Alchenstorf,Alchenstorf,402,BE,de
3474,00,Rüedisbach,Wynigen,424,BE,de
3474,00,Rüedisbach,Seeberg,988,BE,de
3475,00,Riedtwil,Seeberg,988,BE,de
3475,01,Hermiswil,Seeberg,988,BE,de
3476,00,Oschwand,Ochlenberg,985,BE,de
3476,00,Oschwand,Seeberg,988,BE,de
3476,00,Oschwand,Thörigen,989,BE,de
3503,00,Gysenstein,Konolfingen,612,BE,de
3504,00,Niederhünigen,Niederhünigen,617,BE,de
3504,02,Oberhünigen,Oberhünigen,629,BE,de
3506,00,Grosshöchstetten,Grosshöchstetten,608,BE,de
3506,00,Grosshöchstetten,Mirchel,615,BE,de
3506,00,Grosshöchstetten,Oberthal,620,BE,de
3506,00,Grosshöchstetten,Zäziwil,628,BE,de
3507,00,Biglen,Arni (BE),602,BE,de
3507,00,Biglen,Biglen,603,BE,de
3508,00,Arni BE,Arni (BE),602,BE,de
3508,00,Arni BE,Landiswil,613,BE,de
3508,00,Arni BE,Oberthal,620,BE,de
3510,00,Konolfingen,Konolfingen,612,BE,de
3510,08,Freimettigen,Freimettigen,607,BE,de
3510,09,Häutligen,Häutligen,609,BE,de
3510,09,Häutligen,Wichtrach,632,BE,de
3512,00,Walkringen,Walkringen,626,BE,de
3513,00,Bigenthal,Vechigen,359,BE,de
3513,00,Bigenthal,Hasle bei Burgdorf,406,BE,de
3513,00,Bigenthal,Walkringen,626,BE,de
3531,00,Oberthal,Bowil,605,BE,de
3531,00,Oberthal,Oberthal,620,BE,de
3531,00,Oberthal,Zäziwil,628,BE,de
3532,00,Zäziwil,Zäziwil,628,BE,de
3532,00,Zäziwil,Oberhünigen,629,BE,de
3532,02,Mirchel,Mirchel,615,BE,de
3532,02,Mirchel,Oberhünigen,629,BE,de
3533,00,Bowil,Bowil,605,BE,de
3533,00,Bowil,Zäziwil,628,BE,de
3533,00,Bowil,Oberhünigen,629,BE,de
3533,00,Bowil,Röthenbach im Emmental,904,BE,de
3534,00,Signau,Bowil,605,BE,de
3534,00,Signau,Signau,907,BE,de
3535,00,Schüpbach,Langnau im Emmental,902,BE,de
3535,00,Schüpbach,Signau,907,BE,de
3536,00,Aeschau,Eggiwil,901,BE,de
3537,00,Eggiwil,Eggiwil,901,BE,de
3537,00,Eggiwil,Röthenbach im Emmental,904,BE,de
3537,00,Eggiwil,Trub,908,BE,de
3537,00,Eggiwil,Trubschachen,909,BE,de
3538,00,Röthenbach im Emmental,Bowil,605,BE,de
3538,00,Röthenbach im Emmental,Linden,614,BE,de
3538,00,Röthenbach im Emmental,Röthenbach im Emmental,904,BE,de
3543,00,Emmenmatt,Langnau im Emmental,902,BE,de
3543,00,Emmenmatt,Lauperswil,903,BE,de
3543,00,Emmenmatt,Signau,907,BE,de
3550,00,Langnau im Emmental,Eggiwil,901,BE,de
3550,00,Langnau im Emmental,Langnau im Emmental,902,BE,de
3550,00,Langnau im Emmental,Lauperswil,903,BE,de
3551,00,Oberfrittenbach,Langnau im Emmental,902,BE,de
3551,00,Oberfrittenbach,Lauperswil,903,BE,de
3551,00,Oberfrittenbach,Trachselwald,958,BE,de
3552,00,Bärau,Langnau im Emmental,902,BE,de
3552,00,Bärau,Trub,908,BE,de
3553,00,Gohl,Langnau im Emmental,902,BE,de
3555,00,Trubschachen,Escholzmatt-Marbach,1010,LU,de
3555,00,Trubschachen,Langnau im Emmental,902,BE,de
3555,00,Trubschachen,Trub,908,BE,de
3555,00,Trubschachen,Trubschachen,909,BE,de
3556,00,Trub,Trub,908,BE,de
3556,00,Trub,Trubschachen,909,BE,de
3557,00,Fankhaus (Trub),Trub,908,BE,de
3600,00,Thun,Hilterfingen,929,BE,de
3600,00,Thun,Thun,942,BE,de
3603,00,Thun,Thun,942,BE,de
3603,00,Thun,Uetendorf,944,BE,de
3604,00,Thun,Thun,942,BE,de
3608,00,Thun,Thun,942,BE,de
3612,00,Steffisburg,Fahrni,925,BE,de
3612,00,Steffisburg,Steffisburg,939,BE,de
3612,00,Steffisburg,Thun,942,BE,de
3613,00,Steffisburg,Heimberg,928,BE,de
3613,00,Steffisburg,Steffisburg,939,BE,de
3614,00,Unterlangenegg,Buchholterberg,923,BE,de
3614,00,Unterlangenegg,Unterlangenegg,945,BE,de
3615,00,Heimenschwand,Linden,614,BE,de
3615,00,Heimenschwand,Röthenbach im Emmental,904,BE,de
3615,00,Heimenschwand,Buchholterberg,923,BE,de
3616,00,Schwarzenegg,Eriz,924,BE,de
3616,00,Schwarzenegg,Oberlangenegg,935,BE,de
3616,00,Schwarzenegg,Unterlangenegg,945,BE,de
3617,00,Fahrni b. Thun,Fahrni,925,BE,de
3617,00,Fahrni b. Thun,Steffisburg,939,BE,de
3618,00,Süderen,Eggiwil,901,BE,de
3618,00,Süderen,Röthenbach im Emmental,904,BE,de
3618,00,Süderen,Buchholterberg,923,BE,de
3618,00,Süderen,Oberlangenegg,935,BE,de
3618,00,Süderen,Wachseldorn,946,BE,de
3619,00,Eriz,Eriz,924,BE,de
3619,00,Eriz,Horrenbach-Buchen,932,BE,de
3619,00,Eriz,Sigriswil,938,BE,de
3622,00,Homberg b. Thun,Homberg,931,BE,de
3623,00,Teuffenthal b. Thun,Sigriswil,938,BE,de
3623,00,Teuffenthal b. Thun,Teuffenthal (BE),940,BE,de
3623,02,Horrenbach,Horrenbach-Buchen,932,BE,de
3623,03,Buchen BE,Horrenbach-Buchen,932,BE,de
3624,00,Goldiwil (Thun),Thun,942,BE,de
3624,02,Schwendibach,Steffisburg,939,BE,de
3625,00,Heiligenschwendi,Heiligenschwendi,927,BE,de
3625,00,Heiligenschwendi,Hilterfingen,929,BE,de
3626,00,Hünibach,Hilterfingen,929,BE,de
3626,00,Hünibach,Thun,942,BE,de
3627,00,Heimberg,Heimberg,928,BE,de
3627,00,Heimberg,Steffisburg,939,BE,de
3628,00,Uttigen,Uttigen,885,BE,de
3629,00,Kiesen,Kiesen,611,BE,de
3629,00,Kiesen,Kirchdorf (BE),872,BE,de
3629,02,Oppligen,Oppligen,622,BE,de
3629,03,Jaberg,Jaberg,868,BE,de
3631,00,Höfen b. Thun,Stocken-Höfen,770,BE,de
3631,00,Höfen b. Thun,Uebeschi,943,BE,de
3632,02,Niederstocken,Stocken-Höfen,770,BE,de
3632,03,Oberstocken,Stocken-Höfen,770,BE,de
3633,00,Amsoldingen,Amsoldingen,921,BE,de
3633,00,Amsoldingen,Thierachern,941,BE,de
3634,00,Thierachern,Thierachern,941,BE,de
3635,00,Uebeschi,Thierachern,941,BE,de
3635,00,Uebeschi,Uebeschi,943,BE,de
3636,00,Längenbühl,Thierachern,941,BE,de
3636,00,Längenbühl,Forst-Längenbühl,948,BE,de
3636,02,Forst b. Längenbühl,Forst-Längenbühl,948,BE,de
3638,00,Blumenstein,Blumenstein,922,BE,de
3638,01,Pohlern,Pohlern,936,BE,de
3645,00,Gwatt (Thun),Spiez,768,BE,de
3645,00,Gwatt (Thun),Thun,942,BE,de
3645,02,Zwieselberg,Reutigen,767,BE,de
3646,00,Einigen,Spiez,768,BE,de
3647,00,Reutigen,Reutigen,767,BE,de
3652,00,Hilterfingen,Hilterfingen,929,BE,de
3652,00,Hilterfingen,Oberhofen am Thunersee,934,BE,de
3653,00,Oberhofen am Thunersee,Oberhofen am Thunersee,934,BE,de
3654,00,Gunten,Oberhofen am Thunersee,934,BE,de
3654,00,Gunten,Sigriswil,938,BE,de
3655,00,Sigriswil,Sigriswil,938,BE,de
3656,00,Tschingel ob Gunten,Sigriswil,938,BE,de
3656,01,Aeschlen ob Gunten,Sigriswil,938,BE,de
3656,02,Ringoldswil,Sigriswil,938,BE,de
3657,00,Schwanden (Sigriswil),Sigriswil,938,BE,de
3658,00,Merligen,Sigriswil,938,BE,de
3661,00,Uetendorf,Uetendorf,944,BE,de
3662,00,Seftigen,Seftigen,883,BE,de
3663,00,Gurzelen,Gurzelen,867,BE,de
3663,00,Gurzelen,Forst-Längenbühl,948,BE,de
3664,00,Burgistein,Burgistein,863,BE,de
3664,00,Burgistein,Gurzelen,867,BE,de
3664,00,Burgistein,Riggisberg,879,BE,de
3664,00,Burgistein,Wattenwil,886,BE,de
3665,00,Wattenwil,Burgistein,863,BE,de
3665,00,Wattenwil,Wattenwil,886,BE,de
3665,00,Wattenwil,Forst-Längenbühl,948,BE,de
3671,00,Brenzikofen,Brenzikofen,606,BE,de
3671,00,Brenzikofen,Heimberg,928,BE,de
3671,02,Herbligen,Herbligen,610,BE,de
3672,00,Oberdiessbach,Linden,614,BE,de
3672,00,Oberdiessbach,Oberdiessbach,619,BE,de
3672,02,Aeschlen b. Oberdiessbach,Oberdiessbach,619,BE,de
3673,00,Linden,Bowil,605,BE,de
3673,00,Linden,Linden,614,BE,de
3673,00,Linden,Oberhünigen,629,BE,de
3674,00,Bleiken b. Oberdiessbach,Oberdiessbach,619,BE,de
3674,00,Bleiken b. Oberdiessbach,Buchholterberg,923,BE,de
3700,00,Spiez,Spiez,768,BE,de
3702,00,Hondrich,Aeschi bei Spiez,562,BE,de
3702,00,Hondrich,Spiez,768,BE,de
3703,00,Aeschi b. Spiez,Aeschi bei Spiez,562,BE,de
3703,41,Aeschiried,Aeschi bei Spiez,562,BE,de
3704,00,Krattigen,Aeschi bei Spiez,562,BE,de
3704,00,Krattigen,Krattigen,566,BE,de
3704,00,Krattigen,Spiez,768,BE,de
3705,00,Faulensee,Krattigen,566,BE,de
3705,00,Faulensee,Spiez,768,BE,de
3706,00,Leissigen,Krattigen,566,BE,de
3706,00,Leissigen,Leissigen,585,BE,de
3707,00,Därligen,Därligen,575,BE,de
3711,00,Emdthal,Aeschi bei Spiez,562,BE,de
3711,00,Emdthal,Wimmis,769,BE,de
3711,02,Mülenen,Aeschi bei Spiez,562,BE,de
3711,02,Mülenen,Reichenbach im Kandertal,567,BE,de
3713,00,Reichenbach im Kandertal,Frutigen,563,BE,de
3713,00,Reichenbach im Kandertal,Reichenbach im Kandertal,567,BE,de
3714,00,Frutigen,Frutigen,563,BE,de
3714,03,Wengi b. Frutigen,Reichenbach im Kandertal,567,BE,de
3715,00,Adelboden,Adelboden,561,BE,de
3715,00,Adelboden,Frutigen,563,BE,de
3716,00,Kandergrund,Frutigen,563,BE,de
3716,00,Kandergrund,Kandergrund,564,BE,de
3717,00,Blausee-Mitholz,Kandergrund,564,BE,de
3718,00,Kandersteg,Kandersteg,565,BE,de
3722,00,Scharnachtal,Reichenbach im Kandertal,567,BE,de
3723,00,Kiental,Reichenbach im Kandertal,567,BE,de
3724,00,Ried (Frutigen),Frutigen,563,BE,de
3725,00,Achseten,Adelboden,561,BE,de
3725,00,Achseten,Frutigen,563,BE,de
3752,00,Wimmis,Wimmis,769,BE,de
3753,00,Oey,Diemtigen,762,BE,de
3754,00,Diemtigen,Diemtigen,762,BE,de
3754,00,Diemtigen,Erlenbach im Simmental,763,BE,de
3755,00,Horboden,Diemtigen,762,BE,de
3756,00,Zwischenflüh,Diemtigen,762,BE,de
3757,00,Schwenden im Diemtigtal,Diemtigen,762,BE,de
3758,00,Latterbach,Erlenbach im Simmental,763,BE,de
3762,00,Erlenbach im Simmental,Erlenbach im Simmental,763,BE,de
3763,00,Därstetten,Därstetten,761,BE,de
3764,00,Weissenburg,Därstetten,761,BE,de
3764,00,Weissenburg,Oberwil im Simmental,766,BE,de
3765,00,Oberwil im Simmental,Oberwil im Simmental,766,BE,de
3766,00,Boltigen,Oberwil im Simmental,766,BE,de
3766,00,Boltigen,Boltigen,791,BE,de
3770,00,Zweisimmen,Boltigen,791,BE,de
3770,00,Zweisimmen,Zweisimmen,794,BE,de
3771,00,Blankenburg,Zweisimmen,794,BE,de
3772,00,St. Stephan,St. Stephan,793,BE,de
3773,00,Matten (St. Stephan),Lenk,792,BE,de
3773,00,Matten (St. Stephan),St. Stephan,793,BE,de
3775,00,Lenk im Simmental,Lenk,792,BE,de
3776,00,Oeschseite,Zweisimmen,794,BE,de
3777,00,Saanenmöser,Zweisimmen,794,BE,de
3777,00,Saanenmöser,Saanen,843,BE,de
3778,00,Schönried,Saanen,843,BE,de
3780,00,Gstaad,Saanen,843,BE,de
3781,00,Turbach,Saanen,843,BE,de
3782,00,Lauenen b. Gstaad,Lauenen,842,BE,de
3783,00,Grund b. Gstaad,Saanen,843,BE,de
3784,00,Feutersoey,Gsteig,841,BE,de
3785,00,Gsteig b. Gstaad,Gsteig,841,BE,de
3792,00,Saanen,Saanen,843,BE,de
3800,00,Interlaken,Interlaken,581,BE,de
3800,02,Unterseen,Unterseen,593,BE,de
3800,03,Matten b. Interlaken,Matten bei Interlaken,587,BE,de
3800,05,Sundlauenen,Beatenberg,571,BE,de
3801,33,Jungfraujoch,Lauterbrunnen,584,BE,de
3801,33,Jungfraujoch,Fieschertal,6058,VS,de
3803,00,Beatenberg,Beatenberg,571,BE,de
3804,00,Habkern,Habkern,579,BE,de
3805,00,Goldswil b. Interlaken,Ringgenberg (BE),590,BE,de
3806,00,Bönigen b. Interlaken,Bönigen,572,BE,de
3807,00,Iseltwald,Iseltwald,582,BE,de
3812,00,Wilderswil,Gsteigwiler,577,BE,de
3812,00,Wilderswil,Gündlischwand,578,BE,de
3812,00,Wilderswil,Matten bei Interlaken,587,BE,de
3812,00,Wilderswil,Wilderswil,594,BE,de
3813,00,Saxeten,Saxeten,591,BE,de
3814,00,Gsteigwiler,Gsteigwiler,577,BE,de
3815,00,Zweilütschinen,Gündlischwand,578,BE,de
3815,02,Gündlischwand,Gündlischwand,578,BE,de
3816,00,Lütschental,Grindelwald,576,BE,de
3816,00,Lütschental,Lütschental,586,BE,de
3816,01,Burglauenen,Grindelwald,576,BE,de
3818,00,Grindelwald,Grindelwald,576,BE,de
3822,00,Lauterbrunnen,Lauterbrunnen,584,BE,de
3822,02,Isenfluh,Lauterbrunnen,584,BE,de
3823,00,Wengen,Lauterbrunnen,584,BE,de
3823,01,Kleine Scheidegg,Grindelwald,576,BE,de
3823,01,Kleine Scheidegg,Lauterbrunnen,584,BE,de
3823,02,Eigergletscher,Lauterbrunnen,584,BE,de
3824,00,Stechelberg,Lauterbrunnen,584,BE,de
3825,00,Mürren,Lauterbrunnen,584,BE,de
3826,00,Gimmelwald,Lauterbrunnen,584,BE,de
3852,00,Ringgenberg BE,Ringgenberg (BE),590,BE,de
3853,00,Niederried b. Interlaken,Niederried bei Interlaken,588,BE,de
3854,00,Oberried am Brienzersee,Oberried am Brienzersee,589,BE,de
3855,00,Brienz BE,Brienz (BE),573,BE,de
3855,00,Brienz BE,Oberried am Brienzersee,589,BE,de
3855,01,Axalp,Brienz (BE),573,BE,de
3855,41,Schwanden b. Brienz,Schwanden bei Brienz,592,BE,de
3856,00,Brienzwiler,Brienzwiler,574,BE,de
3856,00,Brienzwiler,Meiringen,785,BE,de
3857,00,Unterbach BE,Meiringen,785,BE,de
3858,00,Hofstetten b. Brienz,Hofstetten bei Brienz,580,BE,de
3860,00,Meiringen,Brienzwiler,574,BE,de
3860,00,Meiringen,Meiringen,785,BE,de
3860,02,Rosenlaui,Schattenhalb,786,BE,de
3860,03,Schattenhalb,Schattenhalb,786,BE,de
3860,04,Brünig,Meiringen,785,BE,de
3862,00,Innertkirchen,Innertkirchen,784,BE,de
3863,00,Gadmen,Innertkirchen,784,BE,de
3864,00,Guttannen,Guttannen,782,BE,de
3900,00,Brig,Brig-Glis,6002,VS,de
3900,00,Brig,Naters,6007,VS,de
3900,00,Brig,Ried-Brig,6008,VS,de
3900,00,Brig,Termen,6010,VS,de
3900,02,Gamsen,Brig-Glis,6002,VS,de
3900,03,Brigerbad,Brig-Glis,6002,VS,de
3901,23,Rothwald,Ried-Brig,6008,VS,de
3902,00,Glis,Brig-Glis,6002,VS,de
3903,00,Mund,Naters,6007,VS,de
3903,01,Birgisch,Naters,6007,VS,de
3904,00,Naters,Naters,6007,VS,de
3905,00,Saas-Almagell,Saas-Almagell,6288,VS,de
3906,00,Saas-Fee,Saas-Balen,6289,VS,de
3906,00,Saas-Fee,Saas-Fee,6290,VS,de
3907,00,Simplon Dorf,Simplon,6009,VS,de
3907,00,Simplon Dorf,Zwischbergen,6011,VS,de
3907,02,Simplon Hospiz,Simplon,6009,VS,de
3907,03,Gabi (Simplon),Simplon,6009,VS,de
3907,03,Gabi (Simplon),Zwischbergen,6011,VS,de
3907,04,Gondo,Zwischbergen,6011,VS,de
3908,00,Saas-Balen,Eisten,6282,VS,de
3908,00,Saas-Balen,Saas-Balen,6289,VS,de
3910,00,Saas-Grund,Saas-Balen,6289,VS,de
3910,00,Saas-Grund,Saas-Fee,6290,VS,de
3910,00,Saas-Grund,Saas-Grund,6291,VS,de
3911,00,Ried-Brig,Ried-Brig,6008,VS,de
3912,00,Termen,Ried-Brig,6008,VS,de
3912,00,Termen,Termen,6010,VS,de
3913,00,Rosswald,Termen,6010,VS,de
3914,00,Blatten b. Naters,Naters,6007,VS,de
3914,00,Blatten b. Naters,Bitsch,6173,VS,de
3914,01,Belalp,Naters,6007,VS,de
3916,00,Ferden,Ferden,6195,VS,de
3917,00,Kippel,Kippel,6197,VS,de
3917,02,Goppenstein,Gampel-Bratsch,6118,VS,de
3917,02,Goppenstein,Ferden,6195,VS,de
3918,00,Wiler (Lötschen),Wiler (Lötschen),6202,VS,de
3919,00,Blatten (Lötschen),Blatten,6192,VS,de
3919,00,Blatten (Lötschen),Wiler (Lötschen),6202,VS,de
3920,00,Zermatt,Zermatt,6300,VS,de
3922,00,Stalden VS,Stalden (VS),6293,VS,de
3922,00,Stalden VS,Visperterminen,6298,VS,de
3922,01,Kalpetran,Embd,6283,VS,de
3922,01,Kalpetran,Grächen,6285,VS,de
3922,01,Kalpetran,Törbel,6296,VS,de
3922,02,Eisten,Eisten,6282,VS,de
3922,02,Eisten,Staldenried,6294,VS,de
3923,00,Törbel,Stalden (VS),6293,VS,de
3923,00,Törbel,Törbel,6296,VS,de
3924,00,St. Niklaus VS,St. Niklaus,6292,VS,de
3925,00,Grächen,Grächen,6285,VS,de
3926,00,Embd,Embd,6283,VS,de
3927,00,Herbriggen,St. Niklaus,6292,VS,de
3928,00,Randa,Randa,6287,VS,de
3929,00,Täsch,Täsch,6295,VS,de
3930,00,Visp,Raron,6199,VS,de
3930,00,Visp,Baltschieder,6281,VS,de
3930,00,Visp,Visp,6297,VS,de
3930,00,Visp,Visperterminen,6298,VS,de
3930,02,Eyholz,Visp,6297,VS,de
3931,01,Lalden,Baltschieder,6281,VS,de
3931,01,Lalden,Lalden,6286,VS,de
3932,00,Visperterminen,Visperterminen,6298,VS,de
3933,00,Staldenried,Staldenried,6294,VS,de
3934,00,Zeneggen,Zeneggen,6299,VS,de
3935,00,Bürchen,Bürchen,6193,VS,de
3937,00,Baltschieder,Eggerberg,6004,VS,de
3937,00,Baltschieder,Baltschieder,6281,VS,de
3938,00,Ausserberg,Ausserberg,6191,VS,de
3939,00,Eggerberg,Eggerberg,6004,VS,de
3940,00,Steg VS,Gampel-Bratsch,6118,VS,de
3940,00,Steg VS,Turtmann-Unterems,6119,VS,de
3940,00,Steg VS,Niedergesteln,6198,VS,de
3940,00,Steg VS,Steg-Hohtenn,6204,VS,de
3942,00,Raron,Bürchen,6193,VS,de
3942,00,Raron,Niedergesteln,6198,VS,de
3942,00,Raron,Raron,6199,VS,de
3942,00,Raron,Unterbäch,6201,VS,de
3942,02,Niedergesteln,Niedergesteln,6198,VS,de
3942,02,Niedergesteln,Raron,6199,VS,de
3942,03,St. German,Ausserberg,6191,VS,de
3942,03,St. German,Raron,6199,VS,de
3943,00,Eischoll,Turtmann-Unterems,6119,VS,de
3943,00,Eischoll,Eischoll,6194,VS,de
3943,00,Eischoll,Niedergesteln,6198,VS,de
3944,00,Unterbäch VS,Unterbäch,6201,VS,de
3945,00,Gampel,Gampel-Bratsch,6118,VS,de
3945,01,Niedergampel,Leuk,6110,VS,de
3945,01,Niedergampel,Gampel-Bratsch,6118,VS,de
3946,00,Turtmann,Agarn,6101,VS,de
3946,00,Turtmann,Gampel-Bratsch,6118,VS,de
3946,00,Turtmann,Turtmann-Unterems,6119,VS,de
3946,02,Gruben,Ergisch,6104,VS,de
3946,02,Gruben,Oberems,6112,VS,de
3946,02,Gruben,Turtmann-Unterems,6119,VS,de
3947,00,Ergisch,Ergisch,6104,VS,de
3948,00,Unterems,Agarn,6101,VS,de
3948,00,Unterems,Turtmann-Unterems,6119,VS,de
3948,01,Oberems,Ergisch,6104,VS,de
3948,01,Oberems,Oberems,6112,VS,de
3949,00,Hohtenn,Niedergesteln,6198,VS,de
3949,00,Hohtenn,Steg-Hohtenn,6204,VS,de
3951,00,Agarn,Agarn,6101,VS,de
3951,00,Agarn,Leuk,6110,VS,de
3952,00,Susten,Leuk,6110,VS,de
3953,00,Leuk Stadt,Leuk,6110,VS,de
3953,00,Leuk Stadt,Varen,6116,VS,de
3953,01,Inden,Inden,6109,VS,de
3953,01,Inden,Leuk,6110,VS,de
3953,01,Inden,Leukerbad,6111,VS,de
3953,02,Varen,Varen,6116,VS,de
3954,00,Leukerbad,Leukerbad,6111,VS,de
3955,00,Albinen,Albinen,6102,VS,de
3956,00,Guttet-Feschel,Leuk,6110,VS,de
3956,00,Guttet-Feschel,Guttet-Feschel,6117,VS,de
3957,00,Erschmatt,Leuk,6110,VS,de
3957,00,Erschmatt,Gampel-Bratsch,6118,VS,de
3957,02,Bratsch,Gampel-Bratsch,6118,VS,de
3960,00,Sierre,Sierre,6248,VS,fr
3960,00,Sierre,Crans-Montana,6253,VS,fr
3960,00,Sierre,Noble-Contrée,6254,VS,fr
3960,02,Corin-de-la-Crête,Crans-Montana,6253,VS,fr
3960,03,Loc,Crans-Montana,6253,VS,fr
3960,04,Niouc,Anniviers,6252,VS,fr
3960,05,Muraz (Sierre),Sierre,6248,VS,fr
3961,21,Vissoie,Anniviers,6252,VS,fr
3961,22,St-Luc,Anniviers,6252,VS,fr
3961,23,Chandolin,Anniviers,6252,VS,fr
3961,24,Ayer,Anniviers,6252,VS,fr
3961,25,Zinal,Anniviers,6252,VS,fr
3961,26,Grimentz,Anniviers,6252,VS,fr
3961,27,Mission,Anniviers,6252,VS,fr
3961,41,St-Jean VS,Anniviers,6252,VS,fr
3963,00,Crans-Montana,Icogne,6239,VS,fr
3963,00,Crans-Montana,Crans-Montana,6253,VS,fr
3963,03,Montana,Crans-Montana,6253,VS,fr
3963,04,Aminona,Crans-Montana,6253,VS,fr
3963,05,Crans VS,Icogne,6239,VS,fr
3963,05,Crans VS,Lens,6240,VS,fr
3965,00,Chippis,Chippis,6235,VS,fr
3965,00,Chippis,Sierre,6248,VS,fr
3966,00,Chalais,Chalais,6232,VS,fr
3966,00,Chalais,Sierre,6248,VS,fr
3966,01,Réchy,Chalais,6232,VS,fr
3966,01,Réchy,Sierre,6248,VS,fr
3967,00,Vercorin,Mont-Noble,6090,VS,fr
3967,00,Vercorin,Chalais,6232,VS,fr
3967,00,Vercorin,Grône,6238,VS,fr
3968,00,Veyras,Noble-Contrée,6254,VS,fr
3970,00,Salgesch,Leuk,6110,VS,de
3970,00,Salgesch,Salgesch,6113,VS,de
3970,00,Salgesch,Varen,6116,VS,de
3970,00,Salgesch,Crans-Montana,6253,VS,de
3970,00,Salgesch,Noble-Contrée,6254,VS,de
3971,00,Chermignon,Crans-Montana,6253,VS,fr
3971,01,Chermignon-d'en-Bas,Lens,6240,VS,fr
3971,01,Chermignon-d'en-Bas,Crans-Montana,6253,VS,fr
3971,02,Ollon VS,Lens,6240,VS,fr
3971,02,Ollon VS,Sierre,6248,VS,fr
3971,02,Ollon VS,Crans-Montana,6253,VS,fr
3972,00,Miège,Salgesch,6113,VS,fr
3972,00,Miège,Crans-Montana,6253,VS,fr
3972,00,Miège,Noble-Contrée,6254,VS,fr
3973,00,Venthône,Crans-Montana,6253,VS,fr
3973,00,Venthône,Noble-Contrée,6254,VS,fr
3974,00,Mollens VS,Crans-Montana,6253,VS,fr
3975,00,Randogne,Crans-Montana,6253,VS,fr
3976,00,Noës,Sierre,6248,VS,fr
3976,00,Noës,Crans-Montana,6253,VS,fr
3976,02,Champzabé,Sierre,6248,VS,fr
3976,02,Champzabé,Crans-Montana,6253,VS,fr
3977,00,Granges VS,Sierre,6248,VS,fr
3978,00,Flanthey,Lens,6240,VS,fr
3978,00,Flanthey,Saint-Léonard,6246,VS,fr
3979,00,Grône,Chalais,6232,VS,fr
3979,00,Grône,Grône,6238,VS,fr
3982,00,Bitsch,Termen,6010,VS,de
3982,00,Bitsch,Bitsch,6173,VS,de
3982,00,Bitsch,Riederalp,6181,VS,de
3983,00,Mörel,Riederalp,6181,VS,de
3983,00,Mörel,Mörel-Filet,6203,VS,de
3983,02,Bister,Bister,6172,VS,de
3983,03,Filet,Riederalp,6181,VS,de
3983,03,Filet,Mörel-Filet,6203,VS,de
3983,04,Goppisberg,Riederalp,6181,VS,de
3983,04,Goppisberg,Bettmeralp,6205,VS,de
3983,05,Greich,Riederalp,6181,VS,de
3984,00,Fiesch,Fiesch,6057,VS,de
3984,00,Fiesch,Fieschertal,6058,VS,de
3984,00,Fiesch,Lax,6061,VS,de
3984,02,Fieschertal,Fieschertal,6058,VS,de
3985,00,Münster VS,Goms,6077,VS,de
3985,02,Geschinen,Goms,6077,VS,de
3986,00,Ried-Mörel,Riederalp,6181,VS,de
3987,00,Riederalp,Riederalp,6181,VS,de
3988,00,Ulrichen,Obergoms,6076,VS,de
3988,02,Obergesteln,Obergoms,6076,VS,de
3989,00,Biel VS,Goms,6077,VS,de
3989,02,Ritzingen,Goms,6077,VS,de
3989,03,Selkingen,Goms,6077,VS,de
3989,04,Niederwald,Ernen,6056,VS,de
3989,04,Niederwald,Goms,6077,VS,de
3989,05,Blitzingen,Goms,6077,VS,de
3991,00,Betten,Riederalp,6181,VS,de
3991,00,Betten,Bettmeralp,6205,VS,de
3992,00,Bettmeralp,Bettmeralp,6205,VS,de
3993,00,Grengiols,Lax,6061,VS,de
3993,00,Grengiols,Grengiols,6177,VS,de
3994,00,Lax,Lax,6061,VS,de
3994,02,Martisberg,Grengiols,6177,VS,de
3994,02,Martisberg,Bettmeralp,6205,VS,de
3995,00,Ernen,Ernen,6056,VS,de
3995,02,Ausserbinn,Ernen,6056,VS,de
3995,03,Mühlebach (Goms),Ernen,6056,VS,de
3995,04,Steinhaus,Ernen,6056,VS,de
3996,00,Binn,Binn,6054,VS,de
3996,00,Binn,Grengiols,6177,VS,de
3997,00,Bellwald,Bellwald,6052,VS,de
3997,00,Bellwald,Fieschertal,6058,VS,de
3998,00,Reckingen VS,Goms,6077,VS,de
3998,01,Gluringen,Goms,6077,VS,de
3999,00,Oberwald,Obergoms,6076,VS,de
4001,00,Basel,Basel,2701,BS,de
4031,00,Basel,Basel,2701,BS,de
4051,00,Basel,Basel,2701,BS,de
4052,00,Basel,Basel,2701,BS,de
4052,00,Basel,Münchenstein,2769,BL,de
4053,00,Basel,Basel,2701,BS,de
4053,00,Basel,Binningen,2765,BL,de
4054,00,Basel,Basel,2701,BS,de
4055,00,Basel,Basel,2701,BS,de
4056,00,Basel,Basel,2701,BS,de
4057,00,Basel,Basel,2701,BS,de
4058,00,Basel,Basel,2701,BS,de
4058,00,Basel,Riehen,2703,BS,de
4059,00,Basel,Basel,2701,BS,de
4101,00,Bruderholz,Binningen,2765,BL,de
4101,00,Bruderholz,Bottmingen,2767,BL,de
4102,00,Binningen,Binningen,2765,BL,de
4102,00,Binningen,Bottmingen,2767,BL,de
4103,00,Bottmingen,Bottmingen,2767,BL,de
4104,00,Oberwil BL,Oberwil (BL),2771,BL,de
4105,00,Biel-Benken BL,Bättwil,2471,SO,de
4105,00,Biel-Benken BL,Biel-Benken,2764,BL,de
4106,00,Therwil,Therwil,2775,BL,de
4107,00,Ettingen,Ettingen,2768,BL,de
4108,00,Witterswil,Witterswil,2481,SO,de
4112,01,Bättwil,Bättwil,2471,SO,de
4112,01,Bättwil,Witterswil,2481,SO,de
4112,02,Flüh,Hofstetten-Flüh,2476,SO,de
4114,00,Hofstetten SO,Hofstetten-Flüh,2476,SO,de
4115,00,Mariastein,Hofstetten-Flüh,2476,SO,de
4115,00,Mariastein,Metzerlen-Mariastein,2477,SO,de
4116,00,Metzerlen,Metzerlen-Mariastein,2477,SO,de
4117,00,Burg im Leimental,Burg im Leimental,2783,BL,de
4118,00,Rodersdorf,Rodersdorf,2479,SO,de
4123,00,Allschwil,Allschwil,2762,BL,de
4124,00,Schönenbuch,Schönenbuch,2774,BL,de
4125,00,Riehen,Riehen,2703,BS,de
4126,00,Bettingen,Bettingen,2702,BS,de
4127,00,Birsfelden,Birsfelden,2766,BL,de
4127,00,Birsfelden,Muttenz,2770,BL,de
4132,00,Muttenz,Muttenz,2770,BL,de
4133,00,Pratteln,Muttenz,2770,BL,de
4133,00,Pratteln,Augst,2822,BL,de
4133,00,Pratteln,Frenkendorf,2824,BL,de
4133,00,Pratteln,Pratteln,2831,BL,de
4142,00,Münchenstein,Münchenstein,2769,BL,de
4142,00,Münchenstein,Muttenz,2770,BL,de
4143,00,Dornach,Dornach,2473,SO,de
4144,00,Arlesheim,Arlesheim,2763,BL,de
4144,00,Arlesheim,Reinach (BL),2773,BL,de
4145,00,Gempen,Gempen,2474,SO,de
4146,00,Hochwald,Hochwald,2475,SO,de
4147,00,Aesch BL,Aesch (BL),2761,BL,de
4147,00,Aesch BL,Pfeffingen,2772,BL,de
4148,00,Pfeffingen,Pfeffingen,2772,BL,de
4153,00,Reinach BL,Aesch (BL),2761,BL,de
4153,00,Reinach BL,Münchenstein,2769,BL,de
4153,00,Reinach BL,Reinach (BL),2773,BL,de
4153,00,Reinach BL,Therwil,2775,BL,de
4202,00,Duggingen,Aesch (BL),2761,BL,de
4202,00,Duggingen,Duggingen,2785,BL,de
4203,00,Grellingen,Grellingen,2786,BL,de
4204,00,Himmelried,Seewen,2480,SO,de
4204,00,Himmelried,Himmelried,2618,SO,de
4204,00,Himmelried,Nunningen,2621,SO,de
4206,00,Seewen SO,Seewen,2480,SO,de
4206,00,Seewen SO,Himmelried,2618,SO,de
4207,00,Bretzwil,Bretzwil,2883,BL,de
4208,00,Nunningen,Nunningen,2621,SO,de
4222,00,Zwingen,Zwingen,2793,BL,de
4223,00,Blauen,Blauen,2781,BL,de
4224,00,Nenzlingen,Nenzlingen,2789,BL,de
4225,00,Brislach,Brislach,2782,BL,de
4226,00,Breitenbach,Breitenbach,2613,SO,de
4227,00,Büsserach,Büsserach,2614,SO,de
4228,00,Erschwil,Erschwil,2615,SO,de
4229,00,Beinwil SO,Mümliswil-Ramiswil,2428,SO,de
4229,00,Beinwil SO,Beinwil (SO),2612,SO,de
4229,00,Beinwil SO,Meltingen,2620,SO,de
4229,00,Beinwil SO,Lauwil,2889,BL,de
4232,00,Fehren,Breitenbach,2613,SO,de
4232,00,Fehren,Fehren,2616,SO,de
4233,00,Meltingen,Erschwil,2615,SO,de
4233,00,Meltingen,Meltingen,2620,SO,de
4233,00,Meltingen,Zullwil,2622,SO,de
4234,00,Zullwil,Zullwil,2622,SO,de
4242,00,Laufen,Brislach,2782,BL,de
4242,00,Laufen,Laufen,2787,BL,de
4242,00,Laufen,Zwingen,2793,BL,de
4243,00,Dittingen,Dittingen,2784,BL,de
4244,00,Röschenz,Röschenz,2791,BL,de
4245,00,Kleinlützel,Kleinlützel,2619,SO,de
4245,00,Kleinlützel,Roggenburg,2790,BL,de
4246,00,Wahlen b. Laufen,Laufen,2787,BL,de
4246,00,Wahlen b. Laufen,Wahlen,2792,BL,de
4247,00,Grindel,Grindel,2617,SO,de
4252,00,Bärschwil,Bärschwil,2611,SO,de
4252,00,Bärschwil,Laufen,2787,BL,de
4253,00,Liesberg,Bärschwil,2611,SO,de
4253,00,Liesberg,Liesberg,2788,BL,de
4254,00,Liesberg Dorf,Liesberg,2788,BL,de
4302,00,Augst BL,Augst,2822,BL,de
4302,00,Augst BL,Pratteln,2831,BL,de
4303,00,Kaiseraugst,Augst,2822,BL,de
4303,00,Kaiseraugst,Giebenach,2826,BL,de
4303,00,Kaiseraugst,Kaiseraugst,4252,AG,de
4303,00,Kaiseraugst,Rheinfelden,4258,AG,de
4304,00,Giebenach,Giebenach,2826,BL,de
4304,00,Giebenach,Olsberg,4257,AG,de
4305,00,Olsberg,Arisdorf,2821,BL,de
4305,00,Olsberg,Magden,4253,AG,de
4305,00,Olsberg,Olsberg,4257,AG,de
4310,00,Rheinfelden,Rheinfelden,4258,AG,de
4312,00,Magden,Magden,4253,AG,de
4313,00,Möhlin,Möhlin,4254,AG,de
4313,00,Möhlin,Rheinfelden,4258,AG,de
4314,00,Zeiningen,Zeiningen,4263,AG,de
4315,00,Zuzgen,Zeiningen,4263,AG,de
4315,00,Zuzgen,Zuzgen,4264,AG,de
4316,00,Hellikon,Hemmiken,2848,BL,de
4316,00,Hellikon,Hellikon,4251,AG,de
4317,00,Wegenstetten,Wegenstetten,4262,AG,de
4322,00,Mumpf,Mumpf,4255,AG,de
4323,00,Wallbach,Wallbach,4261,AG,de
4323,00,Wallbach,Zeiningen,4263,AG,de
4324,00,Obermumpf,Obermumpf,4256,AG,de
4325,00,Schupfart,Schupfart,4259,AG,de
4332,00,Stein AG,Stein (AG),4260,AG,de
4333,00,Münchwilen AG,Münchwilen (AG),4172,AG,de
4334,00,Sisseln AG,Sisseln,4177,AG,de
4402,00,Frenkendorf,Frenkendorf,2824,BL,de
4402,00,Frenkendorf,Pratteln,2831,BL,de
4410,00,Liestal,Bubendorf,2823,BL,de
4410,00,Liestal,Liestal,2829,BL,de
4411,00,Seltisberg,Seltisberg,2833,BL,de
4412,00,Nuglar,Nuglar-St. Pantaleon,2478,SO,de
4412,00,Nuglar,Seltisberg,2833,BL,de
4413,00,Büren SO,Büren (SO),2472,SO,de
4414,00,Füllinsdorf,Füllinsdorf,2825,BL,de
4415,00,Lausen,Lausen,2828,BL,de
4415,00,Lausen,Liestal,2829,BL,de
4416,00,Bubendorf,Bubendorf,2823,BL,de
4417,00,Ziefen,Ziefen,2834,BL,de
4418,00,Reigoldswil,Mümliswil-Ramiswil,2428,SO,de
4418,00,Reigoldswil,Lauwil,2889,BL,de
4418,00,Reigoldswil,Reigoldswil,2893,BL,de
4418,00,Reigoldswil,Waldenburg,2895,BL,de
4419,00,Lupsingen,Lupsingen,2830,BL,de
4421,00,St. Pantaleon,Nuglar-St. Pantaleon,2478,SO,de
4422,00,Arisdorf,Arisdorf,2821,BL,de
4422,00,Arisdorf,Liestal,2829,BL,de
4423,00,Hersberg,Hersberg,2827,BL,de
4424,00,Arboldswil,Arboldswil,2881,BL,de
4425,00,Titterten,Arboldswil,2881,BL,de
4425,00,Titterten,Titterten,2894,BL,de
4426,00,Lauwil,Lauwil,2889,BL,de
4431,00,Bennwil,Bennwil,2882,BL,de
4431,00,Bennwil,Niederdorf,2891,BL,de
4432,00,Lampenberg,Lampenberg,2887,BL,de
4433,00,Ramlinsburg,Ramlinsburg,2832,BL,de
4434,00,Hölstein,Bennwil,2882,BL,de
4434,00,Hölstein,Hölstein,2886,BL,de
4435,00,Niederdorf,Niederdorf,2891,BL,de
4435,00,Niederdorf,Oberdorf (BL),2892,BL,de
4436,00,Oberdorf BL,Niederdorf,2891,BL,de
4436,00,Oberdorf BL,Oberdorf (BL),2892,BL,de
4436,02,Liedertswil,Liedertswil,2890,BL,de
4436,02,Liedertswil,Oberdorf (BL),2892,BL,de
4437,00,Waldenburg,Waldenburg,2895,BL,de
4438,00,Langenbruck,Holderbank (SO),2425,SO,de
4438,00,Langenbruck,Hägendorf,2579,SO,de
4438,00,Langenbruck,Langenbruck,2888,BL,de
4438,00,Langenbruck,Waldenburg,2895,BL,de
4441,00,Thürnen,Thürnen,2864,BL,de
4442,00,Diepflingen,Diepflingen,2845,BL,de
4442,00,Diepflingen,Wittinsburg,2867,BL,de
4443,00,Wittinsburg,Tenniken,2863,BL,de
4443,00,Wittinsburg,Wittinsburg,2867,BL,de
4444,00,Rümlingen,Buckten,2843,BL,de
4444,00,Rümlingen,Gelterkinden,2846,BL,de
4444,00,Rümlingen,Rümlingen,2859,BL,de
4444,00,Rümlingen,Wittinsburg,2867,BL,de
4445,00,Häfelfingen,Buckten,2843,BL,de
4445,00,Häfelfingen,Häfelfingen,2847,BL,de
4445,00,Häfelfingen,Rünenberg,2860,BL,de
4446,00,Buckten,Buckten,2843,BL,de
4446,00,Buckten,Läufelfingen,2852,BL,de
4447,00,Känerkinden,Buckten,2843,BL,de
4447,00,Känerkinden,Känerkinden,2850,BL,de
4447,00,Känerkinden,Diegten,2884,BL,de
4448,00,Läufelfingen,Häfelfingen,2847,BL,de
4448,00,Läufelfingen,Läufelfingen,2852,BL,de
4448,00,Läufelfingen,Diegten,2884,BL,de
4450,00,Sissach,Böckten,2842,BL,de
4450,00,Sissach,Itingen,2849,BL,de
4450,00,Sissach,Sissach,2861,BL,de
4450,00,Sissach,Thürnen,2864,BL,de
4451,00,Wintersingen,Maisprach,2853,BL,de
4451,00,Wintersingen,Wintersingen,2866,BL,de
4452,00,Itingen,Itingen,2849,BL,de
4453,00,Nusshof,Nusshof,2854,BL,de
4455,00,Zunzgen,Zunzgen,2869,BL,de
4456,00,Tenniken,Tenniken,2863,BL,de
4456,00,Tenniken,Diegten,2884,BL,de
4457,00,Diegten,Bennwil,2882,BL,de
4457,00,Diegten,Diegten,2884,BL,de
4457,00,Diegten,Hölstein,2886,BL,de
4458,00,Eptingen,Läufelfingen,2852,BL,de
4458,00,Eptingen,Eptingen,2885,BL,de
4460,00,Gelterkinden,Gelterkinden,2846,BL,de
4460,00,Gelterkinden,Ormalingen,2856,BL,de
4461,00,Böckten,Böckten,2842,BL,de
4462,00,Rickenbach BL,Buus,2844,BL,de
4462,00,Rickenbach BL,Rickenbach (BL),2857,BL,de
4463,00,Buus,Buus,2844,BL,de
4464,00,Maisprach,Maisprach,2853,BL,de
4465,00,Hemmiken,Hemmiken,2848,BL,de
4465,00,Hemmiken,Ormalingen,2856,BL,de
4465,00,Hemmiken,Hellikon,4251,AG,de
4466,00,Ormalingen,Hemmiken,2848,BL,de
4466,00,Ormalingen,Ormalingen,2856,BL,de
4467,00,Rothenfluh,Rothenfluh,2858,BL,de
4468,00,Kienberg,Kienberg,2492,SO,de
4469,00,Anwil,Anwil,2841,BL,de
4492,00,Tecknau,Tecknau,2862,BL,de
4493,00,Wenslingen,Kilchberg (BL),2851,BL,de
4493,00,Wenslingen,Wenslingen,2865,BL,de
4494,00,Oltingen,Oltingen,2855,BL,de
4495,00,Zeglingen,Wenslingen,2865,BL,de
4495,00,Zeglingen,Zeglingen,2868,BL,de
4496,00,Kilchberg BL,Kilchberg (BL),2851,BL,de
4497,00,Rünenberg,Rünenberg,2860,BL,de
4500,00,Solothurn,Biberist,2513,SO,de
4500,00,Solothurn,Zuchwil,2534,SO,de
4500,00,Solothurn,Bellach,2542,SO,de
4500,00,Solothurn,Rüttenen,2555,SO,de
4500,00,Solothurn,Solothurn,2601,SO,de
4512,00,Bellach,Bellach,2542,SO,de
4512,00,Bellach,Lommiswil,2551,SO,de
4512,00,Bellach,Selzach,2556,SO,de
4513,00,Langendorf,Langendorf,2550,SO,de
4514,00,Lommiswil,Lommiswil,2551,SO,de
4515,00,Oberdorf SO,Oberdorf (SO),2553,SO,de
4515,01,Weissenstein b. Solothurn,Oberdorf (SO),2553,SO,de
4522,00,Rüttenen,Langendorf,2550,SO,de
4522,00,Rüttenen,Oberdorf (SO),2553,SO,de
4522,00,Rüttenen,Rüttenen,2555,SO,de
4523,00,Niederwil SO,Riedholz,2554,SO,de
4524,00,Günsberg,Günsberg,2547,SO,de
4524,02,Balmberg,Balm bei Günsberg,2541,SO,de
4524,03,Oberbalmberg,Balm bei Günsberg,2541,SO,de
4525,00,Balm b. Günsberg,Balm bei Günsberg,2541,SO,de
4528,00,Zuchwil,Biberist,2513,SO,de
4528,00,Zuchwil,Zuchwil,2534,SO,de
4532,00,Feldbrunnen,Feldbrunnen-St. Niklaus,2544,SO,de
4532,00,Feldbrunnen,Rüttenen,2555,SO,de
4533,00,Riedholz,Riedholz,2554,SO,de
4534,00,Flumenthal,Flumenthal,2545,SO,de
4535,00,Hubersdorf,Hubersdorf,2548,SO,de
4535,02,Kammersrohr,Kammersrohr,2549,SO,de
4536,00,Attiswil,Attiswil,971,BE,de
4536,00,Attiswil,Wangen an der Aare,992,BE,de
4537,00,Wiedlisbach,Wiedlisbach,995,BE,de
4538,00,Oberbipp,Oberbipp,983,BE,de
4539,00,Rumisberg,Rumisberg,987,BE,de
4539,00,Rumisberg,Wiedlisbach,995,BE,de
4539,02,Farnern,Farnern,975,BE,de
4539,02,Farnern,Rumisberg,987,BE,de
4542,00,Luterbach,Deitingen,2516,SO,de
4542,00,Luterbach,Luterbach,2527,SO,de
4543,00,Deitingen,Deitingen,2516,SO,de
4543,00,Deitingen,Flumenthal,2545,SO,de
4552,00,Derendingen,Derendingen,2517,SO,de
4552,00,Derendingen,Luterbach,2527,SO,de
4553,00,Subingen,Derendingen,2517,SO,de
4553,00,Subingen,Subingen,2532,SO,de
4554,00,Etziken,Etziken,2518,SO,de
4554,02,Hüniken,Hüniken,2524,SO,de
4556,00,Aeschi SO,Aeschi (SO),2511,SO,de
4556,02,Bolken,Bolken,2514,SO,de
4556,03,Burgäschi,Aeschi (SO),2511,SO,de
4556,03,Burgäschi,Niederönz,982,BE,de
4556,04,Steinhof SO,Aeschi (SO),2511,SO,de
4557,00,Horriwil,Horriwil,2523,SO,de
4558,00,Hersiwil,Drei Höfe,2535,SO,de
4558,02,Heinrichswil,Drei Höfe,2535,SO,de
4558,03,Winistorf,Drei Höfe,2535,SO,de
4562,00,Biberist,Biberist,2513,SO,de
4563,00,Gerlafingen,Gerlafingen,2519,SO,de
4563,00,Gerlafingen,Kriegstetten,2525,SO,de
4563,00,Gerlafingen,Obergerlafingen,2528,SO,de
4564,00,Obergerlafingen,Obergerlafingen,2528,SO,de
4564,01,Zielebach,Zielebach,556,BE,de
4565,00,Recherswil,Recherswil,2530,SO,de
4566,00,Kriegstetten,Kriegstetten,2525,SO,de
4566,02,Halten,Kriegstetten,2525,SO,de
4566,03,Oekingen,Kriegstetten,2525,SO,de
4571,01,Lüterkofen,Lüterkofen-Ichertswil,2455,SO,de
4571,02,Ichertswil,Lüterkofen-Ichertswil,2455,SO,de
4573,00,Lohn-Ammannsegg,Lohn-Ammannsegg,2526,SO,de
4573,00,Lohn-Ammannsegg,Bätterkinden,533,BE,de
4574,00,Nennigkofen,Lüsslingen-Nennigkofen,2464,SO,de
4574,00,Nennigkofen,Selzach,2556,SO,de
4574,01,Lüsslingen,Lüsslingen-Nennigkofen,2464,SO,de
4574,01,Lüsslingen,Biberist,2513,SO,de
4576,00,Tscheppach,Buchegg,2465,SO,de
4577,00,Hessigkofen,Buchegg,2465,SO,de
4578,00,Bibern SO,Buchegg,2465,SO,de
4579,00,Gossliwil,Buchegg,2465,SO,de
4581,00,Küttigkofen,Buchegg,2465,SO,de
4582,00,Brügglen,Buchegg,2465,SO,de
4583,00,Mühledorf SO,Buchegg,2465,SO,de
4583,02,Aetigkofen,Buchegg,2465,SO,de
4584,02,Lüterswil,Buchegg,2465,SO,de
4584,03,Gächliwil,Buchegg,2465,SO,de
4585,00,Biezwil,Biezwil,2445,SO,de
4586,00,Kyburg-Buchegg,Buchegg,2465,SO,de
4587,00,Aetingen,Buchegg,2465,SO,de
4588,00,Unterramsern,Unterramsern,2463,SO,de
4588,01,Brittern,Buchegg,2465,SO,de
4588,02,Oberramsern,Messen,2457,SO,de
4600,00,Olten,Trimbach,2500,SO,de
4600,00,Olten,Olten,2581,SO,de
4600,00,Olten,Starrkirch-Wil,2584,SO,de
4600,00,Olten,Aarburg,4271,AG,de
4612,00,Wangen b. Olten,Olten,2581,SO,de
4612,00,Wangen b. Olten,Wangen bei Olten,2586,SO,de
4613,00,Rickenbach SO,Rickenbach (SO),2582,SO,de
4614,00,Hägendorf,Gunzgen,2578,SO,de
4614,00,Hägendorf,Hägendorf,2579,SO,de
4615,00,Allerheiligenberg,Hägendorf,2579,SO,de
4616,00,Kappel SO,Gunzgen,2578,SO,de
4616,00,Kappel SO,Kappel (SO),2580,SO,de
4617,00,Gunzgen,Gunzgen,2578,SO,de
4618,00,Boningen,Boningen,2571,SO,de
4618,00,Boningen,Kappel (SO),2580,SO,de
4622,00,Egerkingen,Egerkingen,2401,SO,de
4622,00,Egerkingen,Neuendorf,2404,SO,de
4623,00,Neuendorf,Neuendorf,2404,SO,de
4623,00,Neuendorf,Oberbuchsiten,2406,SO,de
4624,00,Härkingen,Härkingen,2402,SO,de
4625,00,Oberbuchsiten,Oberbuchsiten,2406,SO,de
4626,00,Niederbuchsiten,Niederbuchsiten,2405,SO,de
4626,00,Niederbuchsiten,Oberbuchsiten,2406,SO,de
4628,00,Wolfwil,Wolfwil,2408,SO,de
4629,00,Fulenbach,Fulenbach,2575,SO,de
4632,00,Trimbach,Trimbach,2500,SO,de
4632,00,Trimbach,Wangen bei Olten,2586,SO,de
4633,00,Hauenstein,Hauenstein-Ifenthal,2491,SO,de
4634,00,Wisen SO,Lostorf,2493,SO,de
4634,00,Wisen SO,Trimbach,2500,SO,de
4634,00,Wisen SO,Wisen (SO),2502,SO,de
4634,00,Wisen SO,Läufelfingen,2852,BL,de
4652,00,Winznau,Obergösgen,2497,SO,de
4652,00,Winznau,Winznau,2501,SO,de
4653,00,Obergösgen,Obergösgen,2497,SO,de
4654,00,Lostorf,Lostorf,2493,SO,de
4655,00,Stüsslingen,Stüsslingen,2499,SO,de
4655,02,Rohr b. Olten,Stüsslingen,2499,SO,de
4656,00,Starrkirch-Wil,Starrkirch-Wil,2584,SO,de
4656,00,Starrkirch-Wil,Oftringen,4280,AG,de
4657,00,Dulliken,Dulliken,2573,SO,de
4657,00,Dulliken,Starrkirch-Wil,2584,SO,de
4658,00,Däniken SO,Däniken,2572,SO,de
4658,00,Däniken SO,Gretzenbach,2576,SO,de
4663,00,Aarburg,Boningen,2571,SO,de
4663,00,Aarburg,Olten,2581,SO,de
4663,00,Aarburg,Aarburg,4271,AG,de
4665,00,Oftringen,Aarburg,4271,AG,de
4665,00,Oftringen,Oftringen,4280,AG,de
4702,00,Oensingen,Oensingen,2407,SO,de
4703,00,Kestenholz,Kestenholz,2403,SO,de
4704,00,Niederbipp,Niederbipp,981,BE,de
4704,02,Wolfisberg,Niederbipp,981,BE,de
4710,00,Balsthal,Oensingen,2407,SO,de
4710,00,Balsthal,Balsthal,2422,SO,de
4712,00,Laupersdorf,Laupersdorf,2426,SO,de
4713,00,Matzendorf,Matzendorf,2427,SO,de
4714,00,Aedermannsdorf,Aedermannsdorf,2421,SO,de
4715,00,Herbetswil,Herbetswil,2424,SO,de
4715,00,Herbetswil,Günsberg,2547,SO,de
4716,00,Welschenrohr,Herbetswil,2424,SO,de
4716,00,Welschenrohr,Welschenrohr-Gänsbrunnen,2430,SO,de
4716,01,Gänsbrunnen,Welschenrohr-Gänsbrunnen,2430,SO,de
4716,01,Gänsbrunnen,Crémines,691,BE,de
4717,00,Mümliswil,Aedermannsdorf,2421,SO,de
4717,00,Mümliswil,Balsthal,2422,SO,de
4717,00,Mümliswil,Laupersdorf,2426,SO,de
4717,00,Mümliswil,Matzendorf,2427,SO,de
4717,00,Mümliswil,Mümliswil-Ramiswil,2428,SO,de
4718,00,Holderbank SO,Oberbuchsiten,2406,SO,de
4718,00,Holderbank SO,Holderbank (SO),2425,SO,de
4719,00,Ramiswil,Aedermannsdorf,2421,SO,de
4719,00,Ramiswil,Mümliswil-Ramiswil,2428,SO,de
4719,00,Ramiswil,Beinwil (SO),2612,SO,de
4719,00,Ramiswil,Lauwil,2889,BL,de
4800,00,Zofingen,Oftringen,4280,AG,de
4800,00,Zofingen,Zofingen,4289,AG,de
4802,00,Strengelbach,Rothrist,4282,AG,de
4802,00,Strengelbach,Strengelbach,4285,AG,de
4803,00,Vordemwald,Brittnau,4274,AG,de
4803,00,Vordemwald,Vordemwald,4287,AG,de
4805,00,Brittnau,Brittnau,4274,AG,de
4806,00,Wikon,Wikon,1147,LU,de
4812,00,Mühlethal,Uerkheim,4286,AG,de
4812,00,Mühlethal,Zofingen,4289,AG,de
4813,00,Uerkheim,Bottenwil,4273,AG,de
4813,00,Uerkheim,Kölliken,4276,AG,de
4813,00,Uerkheim,Uerkheim,4286,AG,de
4814,00,Bottenwil,Bottenwil,4273,AG,de
4814,00,Bottenwil,Zofingen,4289,AG,de
4852,00,Rothrist,Rothrist,4282,AG,de
4852,00,Rothrist,Vordemwald,4287,AG,de
4853,00,Murgenthal,Murgenthal,4279,AG,de
4853,02,Riken AG,Murgenthal,4279,AG,de
4856,00,Glashütten,Murgenthal,4279,AG,de
4900,00,Langenthal,Langenthal,329,BE,de
4911,00,Schwarzhäusern,Schwarzhäusern,341,BE,de
4912,00,Aarwangen,Aarwangen,321,BE,de
4912,00,Aarwangen,Bannwil,323,BE,de
4913,00,Bannwil,Bannwil,323,BE,de
4914,00,Roggwil BE,Roggwil (BE),337,BE,de
4914,00,Roggwil BE,Murgenthal,4279,AG,de
4915,00,St. Urban,Pfaffnau,1139,LU,de
4915,00,St. Urban,Murgenthal,4279,AG,de
4916,00,Untersteckholz,Langenthal,329,BE,de
4917,00,Melchnau,Melchnau,333,BE,de
4917,02,Busswil b. Melchnau,Busswil bei Melchnau,325,BE,de
4919,00,Reisiswil,Madiswil,332,BE,de
4919,00,Reisiswil,Reisiswil,336,BE,de
4922,00,Bützberg,Aarwangen,321,BE,de
4922,00,Bützberg,Thunstetten,342,BE,de
4922,02,Thunstetten,Thunstetten,342,BE,de
4923,00,Wynau,Wynau,345,BE,de
4924,00,Obersteckholz,Langenthal,329,BE,de
4932,00,Lotzwil,Lotzwil,331,BE,de
4932,02,Gutenburg,Madiswil,332,BE,de
4933,00,Rütschelen,Rütschelen,340,BE,de
4934,00,Madiswil,Madiswil,332,BE,de
4935,00,Leimiswil,Madiswil,332,BE,de
4936,00,Kleindietwil,Madiswil,332,BE,de
4936,00,Kleindietwil,Ursenbach,344,BE,de
4937,00,Ursenbach,Ursenbach,344,BE,de
4938,00,Rohrbach,Auswil,322,BE,de
4938,00,Rohrbach,Rohrbach,338,BE,de
4938,02,Rohrbachgraben,Rohrbachgraben,339,BE,de
4938,02,Rohrbachgraben,Huttwil,954,BE,de
4938,02,Rohrbachgraben,Walterswil (BE),959,BE,de
4942,00,Walterswil BE,Ursenbach,344,BE,de
4942,00,Walterswil BE,Dürrenroth,952,BE,de
4942,00,Walterswil BE,Walterswil (BE),959,BE,de
4943,00,Oeschenbach,Oeschenbach,335,BE,de
4943,00,Oeschenbach,Ursenbach,344,BE,de
4943,00,Oeschenbach,Walterswil (BE),959,BE,de
4943,00,Oeschenbach,Seeberg,988,BE,de
4944,00,Auswil,Auswil,322,BE,de
4950,00,Huttwil,Eriswil,953,BE,de
4950,00,Huttwil,Huttwil,954,BE,de
4952,00,Eriswil,Luthern,1135,LU,de
4952,00,Eriswil,Ufhusen,1145,LU,de
4952,00,Eriswil,Eriswil,953,BE,de
4952,00,Eriswil,Huttwil,954,BE,de
4952,00,Eriswil,Sumiswald,957,BE,de
4953,00,Schwarzenbach (Huttwil),Huttwil,954,BE,de
4953,00,Schwarzenbach (Huttwil),Wyssachen,960,BE,de
4954,00,Wyssachen,Sumiswald,957,BE,de
4954,00,Wyssachen,Wyssachen,960,BE,de
4955,00,Gondiswil,Ufhusen,1145,LU,de
4955,00,Gondiswil,Gondiswil,326,BE,de
5000,00,Aarau,Aarau,4001,AG,de
5000,00,Aarau,Suhr,4012,AG,de
5004,00,Aarau,Aarau,4001,AG,de
5012,00,Schönenwerd,Schönenwerd,2583,SO,de
5012,03,Wöschnau,Eppenberg-Wöschnau,2574,SO,de
5012,04,Eppenberg,Eppenberg-Wöschnau,2574,SO,de
5013,00,Niedergösgen,Niedergösgen,2495,SO,de
5014,00,Gretzenbach,Gretzenbach,2576,SO,de
5015,00,Erlinsbach SO,Erlinsbach (SO),2503,SO,de
5017,00,Barmelweid,Erlinsbach (SO),2503,SO,de
5017,00,Barmelweid,Erlinsbach (AG),4005,AG,de
5018,00,Erlinsbach,Erlinsbach (AG),4005,AG,de
5022,00,Rombach,Küttigen,4008,AG,de
5023,00,Biberstein,Biberstein,4002,AG,de
5024,00,Küttigen,Küttigen,4008,AG,de
5025,00,Asp,Densbüren,4004,AG,de
5026,00,Densbüren,Densbüren,4004,AG,de
5026,00,Densbüren,Wölflinswil,4182,AG,de
5027,00,Herznach,Herznach-Ueken,4186,AG,de
5028,00,Ueken,Herznach-Ueken,4186,AG,de
5032,00,Aarau Rohr,Aarau,4001,AG,de
5033,00,Buchs AG,Buchs (AG),4003,AG,de
5034,00,Suhr,Suhr,4012,AG,de
5035,00,Unterentfelden,Unterentfelden,4013,AG,de
5036,00,Oberentfelden,Oberentfelden,4010,AG,de
5037,00,Muhen,Muhen,4009,AG,de
5040,00,Schöftland,Schöftland,4144,AG,de
5042,00,Hirschthal,Hirschthal,4007,AG,de
5043,00,Holziken,Holziken,4136,AG,de
5044,00,Schlossrued,Schlossrued,4142,AG,de
5046,01,Schmiedrued,Gontenschwil,4135,AG,de
5046,01,Schmiedrued,Schmiedrued,4143,AG,de
5046,02,Walde AG,Gontenschwil,4135,AG,de
5046,02,Walde AG,Schmiedrued,4143,AG,de
5053,00,Staffelbach,Staffelbach,4284,AG,de
5053,02,Wittwil,Staffelbach,4284,AG,de
5054,01,Kirchleerau,Kirchleerau,4275,AG,de
5054,02,Moosleerau,Moosleerau,4277,AG,de
5056,00,Attelwil,Reitnau,4281,AG,de
5057,00,Reitnau,Reitnau,4281,AG,de
5058,00,Wiliberg,Wiliberg,4288,AG,de
5062,00,Oberhof,Oberhof,4173,AG,de
5063,00,Wölflinswil,Gipf-Oberfrick,4165,AG,de
5063,00,Wölflinswil,Wölflinswil,4182,AG,de
5064,00,Wittnau,Wittnau,4181,AG,de
5070,00,Frick,Frick,4163,AG,de
5072,00,Oeschgen,Oeschgen,4175,AG,de
5073,00,Gipf-Oberfrick,Gipf-Oberfrick,4165,AG,de
5074,00,Eiken,Eiken,4161,AG,de
5075,00,Hornussen,Böztal,4185,AG,de
5076,00,Bözen,Böztal,4185,AG,de
5077,00,Elfingen,Böztal,4185,AG,de
5078,00,Effingen,Mönthal,4106,AG,de
5078,00,Effingen,Böztal,4185,AG,de
5079,00,Zeihen,Zeihen,4183,AG,de
5080,00,Laufenburg,Kaisten,4169,AG,de
5080,00,Laufenburg,Laufenburg,4170,AG,de
5082,00,Kaisten,Kaisten,4169,AG,de
5083,00,Ittenthal,Kaisten,4169,AG,de
5084,00,Rheinsulz,Laufenburg,4170,AG,de
5085,00,Sulz AG,Laufenburg,4170,AG,de
5102,00,Rupperswil,Rupperswil,4206,AG,de
5103,00,Wildegg,Möriken-Wildegg,4203,AG,de
5103,00,Wildegg,Niederlenz,4204,AG,de
5103,00,Wildegg,Rupperswil,4206,AG,de
5103,02,Möriken AG,Möriken-Wildegg,4203,AG,de
5105,00,Auenstein,Auenstein,4091,AG,de
5106,00,Veltheim AG,Veltheim (AG),4120,AG,de
5107,00,Schinznach Dorf,Brugg,4095,AG,de
5107,00,Schinznach Dorf,Schinznach,4125,AG,de
5108,00,Oberflachs,Schinznach,4125,AG,de
5112,00,Thalheim AG,Thalheim (AG),4117,AG,de
5113,00,Holderbank AG,Holderbank (AG),4199,AG,de
5116,00,Schinznach Bad,Brugg,4095,AG,de
5200,00,Brugg AG,Brugg,4095,AG,de
5200,00,Brugg AG,Rüfenach,4112,AG,de
5210,00,Windisch,Brugg,4095,AG,de
5210,00,Windisch,Hausen (AG),4100,AG,de
5210,00,Windisch,Windisch,4123,AG,de
5212,00,Hausen AG,Hausen (AG),4100,AG,de
5212,00,Hausen AG,Lupfig,4104,AG,de
5213,00,Villnachern,Brugg,4095,AG,de
5222,00,Umiken,Brugg,4095,AG,de
5223,00,Riniken,Riniken,4111,AG,de
5225,01,Bözberg,Brugg,4095,AG,de
5225,01,Bözberg,Bözberg,4124,AG,de
5233,00,Stilli,Villigen,4121,AG,de
5234,00,Villigen,Villigen,4121,AG,de
5235,00,Rüfenach AG,Rüfenach,4112,AG,de
5236,00,Remigen,Remigen,4110,AG,de
5236,00,Remigen,Bözberg,4124,AG,de
5237,00,Mönthal,Mönthal,4106,AG,de
5237,00,Mönthal,Bözberg,4124,AG,de
5242,01,Birr,Birr,4092,AG,de
5242,02,Lupfig,Lupfig,4104,AG,de
5243,00,Mülligen,Mülligen,4107,AG,de
5244,00,Birrhard,Birrhard,4093,AG,de
5245,00,Habsburg,Habsburg,4099,AG,de
5246,00,Scherz,Lupfig,4104,AG,de
5272,00,Gansingen,Gansingen,4164,AG,de
5273,00,Oberhofen AG,Mettauertal,4184,AG,de
5274,00,Mettau,Mettauertal,4184,AG,de
5275,00,Etzgen,Mettauertal,4184,AG,de
5276,00,Wil AG,Mettauertal,4184,AG,de
5277,00,Hottwil,Mettauertal,4184,AG,de
5300,00,Turgi,Baden,4021,AG,de
5301,00,Siggenthal Station,Untersiggenthal,4044,AG,de
5303,00,Würenlingen,Würenlingen,4047,AG,de
5304,00,Endingen,Endingen,4305,AG,de
5305,00,Unterendingen,Endingen,4305,AG,de
5306,00,Tegerfelden,Tegerfelden,4320,AG,de
5312,00,Döttingen,Döttingen,4304,AG,de
5313,00,Klingnau,Klingnau,4309,AG,de
5314,00,Kleindöttingen,Böttstein,4303,AG,de
5315,00,Böttstein,Böttstein,4303,AG,de
5316,00,Leuggern,Leuggern,4313,AG,de
5317,00,Hettenschwil,Leuggern,4313,AG,de
5318,00,Mandach,Mandach,4105,AG,de
5322,00,Koblenz,Klingnau,4309,AG,de
5322,00,Koblenz,Koblenz,4310,AG,de
5323,00,Rietheim,Zurzach,4324,AG,de
5324,00,Full-Reuenthal,Full-Reuenthal,4307,AG,de
5325,00,Leibstadt,Leibstadt,4311,AG,de
5326,00,Schwaderloch,Schwaderloch,4176,AG,de
5330,00,Bad Zurzach,Zurzach,4324,AG,de
5332,00,Rekingen AG,Zurzach,4324,AG,de
5333,00,Baldingen,Zurzach,4324,AG,de
5334,00,Böbikon,Zurzach,4324,AG,de
5400,00,Baden,Baden,4021,AG,de
5404,00,Baden,Baden,4021,AG,de
5405,02,Dättwil AG,Baden,4021,AG,de
5405,02,Dättwil AG,Fislisbach,4027,AG,de
5406,02,Rütihof,Baden,4021,AG,de
5406,02,Rütihof,Birmenstorf (AG),4024,AG,de
5408,00,Ennetbaden,Ennetbaden,4026,AG,de
5412,00,Gebenstorf,Gebenstorf,4029,AG,de
5412,01,Vogelsang AG,Gebenstorf,4029,AG,de
5413,00,Birmenstorf AG,Birmenstorf (AG),4024,AG,de
5415,00,Nussbaumen AG,Obersiggenthal,4038,AG,de
5415,01,Hertenstein AG,Obersiggenthal,4038,AG,de
5415,02,Rieden AG,Obersiggenthal,4038,AG,de
5416,00,Kirchdorf AG,Obersiggenthal,4038,AG,de
5416,00,Kirchdorf AG,Untersiggenthal,4044,AG,de
5417,00,Untersiggenthal,Untersiggenthal,4044,AG,de
5420,00,Ehrendingen,Ehrendingen,4049,AG,de
5423,00,Freienwil,Freienwil,4028,AG,de
5425,00,Schneisingen,Schneisingen,4318,AG,de
5426,00,Lengnau AG,Lengnau (AG),4312,AG,de
5430,00,Wettingen,Wettingen,4045,AG,de
5430,00,Wettingen,Würenlos,4048,AG,de
5432,00,Neuenhof,Neuenhof,4034,AG,de
5436,00,Würenlos,Würenlos,4048,AG,de
5442,00,Fislisbach,Fislisbach,4027,AG,de
5443,00,Niederrohrdorf,Niederrohrdorf,4035,AG,de
5444,00,Künten,Künten,4031,AG,de
5445,00,Eggenwil,Eggenwil,4066,AG,de
5452,00,Oberrohrdorf,Oberrohrdorf,4037,AG,de
5453,00,Remetschwil,Remetschwil,4039,AG,de
5454,00,Bellikon,Bellikon,4022,AG,de
5462,00,Siglistorf,Siglistorf,4319,AG,de
5462,00,Siglistorf,Oberweningen,93,ZH,de
5463,00,Wislikofen,Zurzach,4324,AG,de
5464,00,Rümikon AG,Zurzach,4324,AG,de
5465,00,Mellikon,Mellikon,4314,AG,de
5466,00,Kaiserstuhl AG,Zurzach,4324,AG,de
5467,00,Fisibach,Fisibach,4306,AG,de
5502,00,Hunzenschwil,Hunzenschwil,4200,AG,de
5503,00,Schafisheim,Schafisheim,4207,AG,de
5504,00,Othmarsingen,Othmarsingen,4205,AG,de
5505,00,Brunegg,Brunegg,4193,AG,de
5506,00,Mägenwil,Mägenwil,4032,AG,de
5506,00,Mägenwil,Wohlenschwil,4046,AG,de
5507,00,Mellingen,Mellingen,4033,AG,de
5512,00,Wohlenschwil,Wohlenschwil,4046,AG,de
5522,00,Tägerig,Hägglingen,4068,AG,de
5522,00,Tägerig,Tägerig,4077,AG,de
5524,00,Niederwil AG,Niederwil (AG),4072,AG,de
5524,02,Nesselnbach,Niederwil (AG),4072,AG,de
5525,00,Fischbach-Göslikon,Fischbach-Göslikon,4067,AG,de
5600,00,Lenzburg,Lenzburg,4201,AG,de
5600,03,Ammerswil AG,Ammerswil,4191,AG,de
5603,00,Staufen,Staufen,4210,AG,de
5604,00,Hendschiken,Dottikon,4065,AG,de
5604,00,Hendschiken,Hendschiken,4198,AG,de
5604,00,Hendschiken,Othmarsingen,4205,AG,de
5605,00,Dottikon,Dottikon,4065,AG,de
5605,00,Dottikon,Villmergen,4080,AG,de
5606,00,Dintikon,Dintikon,4194,AG,de
5607,00,Hägglingen,Hägglingen,4068,AG,de
5608,00,Stetten AG,Stetten (AG),4041,AG,de
5610,00,Wohlen AG,Villmergen,4080,AG,de
5610,00,Wohlen AG,Wohlen (AG),4082,AG,de
5611,00,Anglikon,Villmergen,4080,AG,de
5611,00,Anglikon,Wohlen (AG),4082,AG,de
5612,00,Villmergen,Villmergen,4080,AG,de
5612,00,Villmergen,Wohlen (AG),4082,AG,de
5613,00,Hilfikon,Villmergen,4080,AG,de
5614,00,Sarmenstorf,Sarmenstorf,4076,AG,de
5615,00,Fahrwangen,Fahrwangen,4196,AG,de
5615,00,Fahrwangen,Meisterschwanden,4202,AG,de
5616,00,Meisterschwanden,Meisterschwanden,4202,AG,de
5617,00,Tennwil,Meisterschwanden,4202,AG,de
5618,00,Bettwil,Sarmenstorf,4076,AG,de
5618,00,Bettwil,Bettwil,4227,AG,de
5619,00,Büttikon AG,Büttikon,4064,AG,de
5619,02,Uezwil,Uezwil,4078,AG,de
5620,00,Bremgarten AG,Bremgarten (AG),4063,AG,de
5621,00,Zufikon,Zufikon,4083,AG,de
5622,00,Waltenschwil,Waltenschwil,4240,AG,de
5623,00,Boswil,Boswil,4228,AG,de
5624,00,Bünzen,Bünzen,4229,AG,de
5624,02,Waldhäusern AG,Bünzen,4229,AG,de
5625,00,Kallern,Kallern,4233,AG,de
5626,00,Hermetschwil-Staffeln,Bremgarten (AG),4063,AG,de
5627,00,Besenbüren,Besenbüren,4226,AG,de
5628,00,Aristau,Aristau,4222,AG,de
5630,00,Muri AG,Aristau,4222,AG,de
5630,00,Muri AG,Boswil,4228,AG,de
5630,00,Muri AG,Muri (AG),4236,AG,de
5632,00,Buttwil,Bettwil,4227,AG,de
5632,00,Buttwil,Boswil,4228,AG,de
5632,00,Buttwil,Buttwil,4230,AG,de
5634,00,Merenschwand,Merenschwand,4234,AG,de
5636,00,Benzenschwil,Merenschwand,4234,AG,de
5637,00,Beinwil (Freiamt),Auw,4223,AG,de
5637,00,Beinwil (Freiamt),Beinwil (Freiamt),4224,AG,de
5637,02,Geltwil,Geltwil,4232,AG,de
5642,00,Mühlau,Hünenberg,1703,ZG,de
5642,00,Mühlau,Auw,4223,AG,de
5642,00,Mühlau,Mühlau,4235,AG,de
5643,00,Sins,Sins,4239,AG,de
5643,02,Alikon,Sins,4239,AG,de
5643,03,Meienberg,Auw,4223,AG,de
5643,03,Meienberg,Sins,4239,AG,de
5644,00,Auw,Auw,4223,AG,de
5645,00,Aettenschwil,Sins,4239,AG,de
5645,02,Fenkrieden,Sins,4239,AG,de
5646,00,Abtwil AG,Abtwil,4221,AG,de
5647,00,Oberrüti,Oberrüti,4237,AG,de
5702,00,Niederlenz,Niederlenz,4204,AG,de
5703,00,Seon,Egliswil,4195,AG,de
5703,00,Seon,Seon,4209,AG,de
5704,00,Egliswil,Egliswil,4195,AG,de
5705,00,Hallwil,Hallwil,4197,AG,de
5706,00,Boniswil,Leutwil,4138,AG,de
5706,00,Boniswil,Boniswil,4192,AG,de
5707,00,Seengen,Seengen,4208,AG,de
5708,00,Birrwil,Birrwil,4132,AG,de
5708,00,Birrwil,Boniswil,4192,AG,de
5712,00,Beinwil am See,Beinwil am See,4131,AG,de
5722,00,Gränichen,Gränichen,4006,AG,de
5722,00,Gränichen,Unterkulm,4146,AG,de
5723,00,Teufenthal AG,Gränichen,4006,AG,de
5723,00,Teufenthal AG,Teufenthal (AG),4145,AG,de
5723,00,Teufenthal AG,Unterkulm,4146,AG,de
5724,00,Dürrenäsch,Dürrenäsch,4134,AG,de
5724,00,Dürrenäsch,Teufenthal (AG),4145,AG,de
5725,00,Leutwil,Leutwil,4138,AG,de
5726,00,Unterkulm,Dürrenäsch,4134,AG,de
5726,00,Unterkulm,Unterkulm,4146,AG,de
5727,00,Oberkulm,Oberkulm,4140,AG,de
5728,00,Gontenschwil,Gontenschwil,4135,AG,de
5732,00,Zetzwil,Zetzwil,4147,AG,de
5733,00,Leimbach AG,Leimbach (AG),4137,AG,de
5734,00,Reinach AG,Reinach (AG),4141,AG,de
5735,00,Pfeffikon LU,Rickenbach (LU),1097,LU,de
5736,00,Burg AG,Menziken,4139,AG,de
5737,00,Menziken,Menziken,4139,AG,de
5742,00,Kölliken,Kölliken,4276,AG,de
5745,00,Safenwil,Safenwil,4283,AG,de
5746,00,Walterswil SO,Dulliken,2573,SO,de
5746,00,Walterswil SO,Walterswil (SO),2585,SO,de
6003,00,Luzern,Luzern,1061,LU,de
6004,00,Luzern,Ebikon,1054,LU,de
6004,00,Luzern,Luzern,1061,LU,de
6005,00,Luzern,Horw,1058,LU,de
6005,00,Luzern,Kriens,1059,LU,de
6005,00,Luzern,Luzern,1061,LU,de
6005,02,St. Niklausen LU,Horw,1058,LU,de
6006,00,Luzern,Ebikon,1054,LU,de
6006,00,Luzern,Luzern,1061,LU,de
6006,00,Luzern,Meggen,1063,LU,de
6010,00,Kriens,Kriens,1059,LU,de
6010,00,Kriens,Hergiswil (NW),1507,NW,de
6010,02,Pilatus Kulm,Alpnach,1401,OW,de
6012,00,Obernau,Kriens,1059,LU,de
6013,00,Eigenthal,Kriens,1059,LU,de
6013,00,Eigenthal,Schwarzenberg,1066,LU,de
6013,00,Eigenthal,Hergiswil (NW),1507,NW,de
6014,00,Luzern,Luzern,1061,LU,de
6014,00,Luzern,Malters,1062,LU,de
6015,00,Luzern,Luzern,1061,LU,de
6016,00,Hellbühl,Luzern,1061,LU,de
6016,00,Hellbühl,Malters,1062,LU,de
6016,00,Hellbühl,Neuenkirch,1093,LU,de
6016,00,Hellbühl,Ruswil,1098,LU,de
6017,00,Ruswil,Ruswil,1098,LU,de
6018,00,Buttisholz,Buttisholz,1083,LU,de
6018,00,Buttisholz,Oberkirch,1095,LU,de
6018,00,Buttisholz,Ruswil,1098,LU,de
6019,00,Sigigen,Malters,1062,LU,de
6019,00,Sigigen,Ruswil,1098,LU,de
6020,00,Emmenbrücke,Emmen,1024,LU,de
6020,00,Emmenbrücke,Ebikon,1054,LU,de
6020,00,Emmenbrücke,Luzern,1061,LU,de
6022,00,Grosswangen,Buttisholz,1083,LU,de
6022,00,Grosswangen,Grosswangen,1086,LU,de
6022,00,Grosswangen,Ettiswil,1128,LU,de
6023,00,Rothenburg,Emmen,1024,LU,de
6023,00,Rothenburg,Rothenburg,1040,LU,de
6023,00,Rothenburg,Neuenkirch,1093,LU,de
6024,00,Hildisrieden,Hildisrieden,1088,LU,de
6024,00,Hildisrieden,Neuenkirch,1093,LU,de
6024,00,Hildisrieden,Sempach,1102,LU,de
6025,00,Neudorf,Beromünster,1081,LU,de
6026,00,Rain,Eschenbach (LU),1026,LU,de
6026,00,Rain,Rain,1037,LU,de
6026,00,Rain,Römerswil,1039,LU,de
6026,00,Rain,Rothenburg,1040,LU,de
6027,00,Römerswil LU,Römerswil,1039,LU,de
6028,00,Herlisberg,Römerswil,1039,LU,de
6028,00,Herlisberg,Beromünster,1081,LU,de
6030,00,Ebikon,Adligenswil,1051,LU,de
6030,00,Ebikon,Buchrain,1052,LU,de
6030,00,Ebikon,Ebikon,1054,LU,de
6032,00,Emmen,Emmen,1024,LU,de
6032,00,Emmen,Ebikon,1054,LU,de
6033,00,Buchrain,Buchrain,1052,LU,de
6034,00,Inwil,Ballwil,1023,LU,de
6034,00,Inwil,Eschenbach (LU),1026,LU,de
6034,00,Inwil,Inwil,1033,LU,de
6034,00,Inwil,Dietwil,4231,AG,de
6034,00,Inwil,Sins,4239,AG,de
6035,00,Perlen,Buchrain,1052,LU,de
6035,00,Perlen,Root,1065,LU,de
6036,00,Dierikon,Dierikon,1053,LU,de
6037,00,Root,Dierikon,1053,LU,de
6037,00,Root,Root,1065,LU,de
6038,00,Gisikon,Inwil,1033,LU,de
6038,00,Gisikon,Gisikon,1055,LU,de
6038,00,Gisikon,Root,1065,LU,de
6038,02,Honau,Root,1065,LU,de
6039,00,Root D4,Root,1065,LU,de
6042,00,Dietwil,Dietwil,4231,AG,de
6043,00,Adligenswil,Adligenswil,1051,LU,de
6044,00,Udligenswil,Root,1065,LU,de
6044,00,Udligenswil,Udligenswil,1067,LU,de
6045,00,Meggen,Meggen,1063,LU,de
6047,00,Kastanienbaum,Horw,1058,LU,de
6048,00,Horw,Horw,1058,LU,de
6048,00,Horw,Kriens,1059,LU,de
6052,00,Hergiswil NW,Horw,1058,LU,de
6052,00,Hergiswil NW,Hergiswil (NW),1507,NW,de
6053,00,Alpnachstad,Alpnach,1401,OW,de
6055,00,Alpnach Dorf,Alpnach,1401,OW,de
6056,00,Kägiswil,Sarnen,1407,OW,de
6060,00,Sarnen,Sarnen,1407,OW,de
6060,02,Ramersberg,Sarnen,1407,OW,de
6062,00,Wilen (Sarnen),Sarnen,1407,OW,de
6063,00,Stalden (Sarnen),Sarnen,1407,OW,de
6064,00,Kerns,Alpnach,1401,OW,de
6064,00,Kerns,Kerns,1404,OW,de
6066,00,St. Niklausen OW,Kerns,1404,OW,de
6067,00,Melchtal,Kerns,1404,OW,de
6067,00,Melchtal,Sachseln,1406,OW,de
6068,00,Melchsee-Frutt,Kerns,1404,OW,de
6072,00,Sachseln,Sachseln,1406,OW,de
6073,00,Flüeli-Ranft,Sachseln,1406,OW,de
6074,00,Giswil,Giswil,1403,OW,de
6074,00,Giswil,Sachseln,1406,OW,de
6078,00,Lungern,Lungern,1405,OW,de
6078,02,Bürglen OW,Lungern,1405,OW,de
6083,00,Hasliberg Hohfluh,Hasliberg,783,BE,de
6084,00,Hasliberg Wasserwendi,Hasliberg,783,BE,de
6085,00,Hasliberg Goldern,Hasliberg,783,BE,de
6086,00,Hasliberg Reuti,Hasliberg,783,BE,de
6102,00,Malters,Malters,1062,LU,de
6103,00,Schwarzenberg LU,Schwarzenberg,1066,LU,de
6105,00,Schachen LU,Entlebuch,1002,LU,de
6105,00,Schachen LU,Werthenstein,1009,LU,de
6105,00,Schachen LU,Ruswil,1098,LU,de
6106,00,Werthenstein,Werthenstein,1009,LU,de
6106,00,Werthenstein,Ruswil,1098,LU,de
6110,00,Wolhusen,Doppleschwand,1001,LU,de
6110,00,Wolhusen,Entlebuch,1002,LU,de
6110,00,Wolhusen,Werthenstein,1009,LU,de
6110,00,Wolhusen,Ruswil,1098,LU,de
6110,00,Wolhusen,Wolhusen,1107,LU,de
6110,00,Wolhusen,Menznau,1136,LU,de
6110,02,Fontannen b. Wolhusen,Romoos,1007,LU,de
6112,00,Doppleschwand,Doppleschwand,1001,LU,de
6113,00,Romoos,Romoos,1007,LU,de
6114,00,Steinhuserberg,Wolhusen,1107,LU,de
6122,00,Menznau,Wolhusen,1107,LU,de
6122,00,Menznau,Menznau,1136,LU,de
6122,00,Menznau,Willisau,1151,LU,de
6123,00,Geiss,Menznau,1136,LU,de
6125,00,Menzberg,Hergiswil bei Willisau,1132,LU,de
6125,00,Menzberg,Menznau,1136,LU,de
6125,00,Menzberg,Willisau,1151,LU,de
6126,00,Daiwil,Willisau,1151,LU,de
6130,00,Willisau,Hergiswil bei Willisau,1132,LU,de
6130,00,Willisau,Menznau,1136,LU,de
6130,00,Willisau,Willisau,1151,LU,de
6132,00,Rohrmatt,Hergiswil bei Willisau,1132,LU,de
6132,00,Rohrmatt,Willisau,1151,LU,de
6133,00,Hergiswil b. Willisau,Hergiswil bei Willisau,1132,LU,de
6133,00,Hergiswil b. Willisau,Willisau,1151,LU,de
6142,00,Gettnau,Willisau,1151,LU,de
6143,00,Ohmstal,Schötz,1143,LU,de
6143,00,Ohmstal,Willisau,1151,LU,de
6144,00,Zell LU,Altishofen,1123,LU,de
6144,00,Zell LU,Zell (LU),1150,LU,de
6144,00,Zell LU,Willisau,1151,LU,de
6145,00,Fischbach LU,Fischbach,1129,LU,de
6145,00,Fischbach LU,Grossdietwil,1131,LU,de
6146,00,Grossdietwil,Grossdietwil,1131,LU,de
6146,00,Grossdietwil,Melchnau,333,BE,de
6147,00,Altbüron,Altbüron,1122,LU,de
6147,00,Altbüron,Grossdietwil,1131,LU,de
6147,00,Altbüron,Pfaffnau,1139,LU,de
6147,00,Altbüron,Melchnau,333,BE,de
6152,00,Hüswil,Fischbach,1129,LU,de
6152,00,Hüswil,Zell (LU),1150,LU,de
6153,00,Ufhusen,Fischbach,1129,LU,de
6153,00,Ufhusen,Luthern,1135,LU,de
6153,00,Ufhusen,Ufhusen,1145,LU,de
6153,00,Ufhusen,Zell (LU),1150,LU,de
6154,00,Hofstatt,Luthern,1135,LU,de
6154,00,Hofstatt,Willisau,1151,LU,de
6156,00,Luthern,Hergiswil bei Willisau,1132,LU,de
6156,00,Luthern,Luthern,1135,LU,de
6156,00,Luthern,Willisau,1151,LU,de
6156,02,Luthern Bad,Luthern,1135,LU,de
6162,00,Entlebuch,Entlebuch,1002,LU,de
6162,00,Entlebuch,Hasle (LU),1005,LU,de
6162,02,Rengg,Entlebuch,1002,LU,de
6162,03,Finsterwald b. Entlebuch,Entlebuch,1002,LU,de
6162,03,Finsterwald b. Entlebuch,Hasle (LU),1005,LU,de
6163,00,Ebnet,Entlebuch,1002,LU,de
6166,00,Hasle LU,Entlebuch,1002,LU,de
6166,00,Hasle LU,Hasle (LU),1005,LU,de
6166,00,Hasle LU,Romoos,1007,LU,de
6167,00,Bramboden,Romoos,1007,LU,de
6170,00,Schüpfheim,Entlebuch,1002,LU,de
6170,00,Schüpfheim,Flühli,1004,LU,de
6170,00,Schüpfheim,Hasle (LU),1005,LU,de
6170,00,Schüpfheim,Romoos,1007,LU,de
6170,00,Schüpfheim,Schüpfheim,1008,LU,de
6170,00,Schüpfheim,Escholzmatt-Marbach,1010,LU,de
6173,00,Flühli LU,Flühli,1004,LU,de
6173,00,Flühli LU,Escholzmatt-Marbach,1010,LU,de
6174,00,Sörenberg,Flühli,1004,LU,de
6174,00,Sörenberg,Giswil,1403,OW,de
6182,00,Escholzmatt,Escholzmatt-Marbach,1010,LU,de
6192,00,Wiggen,Flühli,1004,LU,de
6192,00,Wiggen,Escholzmatt-Marbach,1010,LU,de
6196,00,Marbach LU,Escholzmatt-Marbach,1010,LU,de
6197,00,Schangnau,Flühli,1004,LU,de
6197,00,Schangnau,Escholzmatt-Marbach,1010,LU,de
6197,00,Schangnau,Habkern,579,BE,de
6197,00,Schangnau,Eggiwil,901,BE,de
6197,00,Schangnau,Schangnau,906,BE,de
6197,00,Schangnau,Eriz,924,BE,de
6203,00,Sempach Station,Neuenkirch,1093,LU,de
6204,00,Sempach,Neuenkirch,1093,LU,de
6204,00,Sempach,Sempach,1102,LU,de
6205,00,Eich,Eich,1084,LU,de
6206,00,Neuenkirch,Emmen,1024,LU,de
6206,00,Neuenkirch,Rothenburg,1040,LU,de
6206,00,Neuenkirch,Neuenkirch,1093,LU,de
6206,00,Neuenkirch,Ruswil,1098,LU,de
6207,00,Nottwil,Neuenkirch,1093,LU,de
6207,00,Nottwil,Nottwil,1094,LU,de
6207,00,Nottwil,Oberkirch,1095,LU,de
6207,00,Nottwil,Ruswil,1098,LU,de
6208,00,Oberkirch LU,Oberkirch,1095,LU,de
6210,00,Sursee,Mauensee,1091,LU,de
6210,00,Sursee,Oberkirch,1095,LU,de
6210,00,Sursee,Schenkon,1099,LU,de
6210,00,Sursee,Sursee,1103,LU,de
6211,01,Buchs LU,Dagmersellen,1125,LU,de
6212,00,St. Erhard,Knutwil,1089,LU,de
6212,02,Kaltbach,Mauensee,1091,LU,de
6213,00,Knutwil,Knutwil,1089,LU,de
6213,00,Knutwil,Triengen,1104,LU,de
6214,00,Schenkon,Eich,1084,LU,de
6214,00,Schenkon,Schenkon,1099,LU,de
6215,00,Beromünster,Beromünster,1081,LU,de
6215,02,Schwarzenbach LU,Beromünster,1081,LU,de
6216,00,Mauensee,Mauensee,1091,LU,de
6216,00,Mauensee,Oberkirch,1095,LU,de
6217,00,Kottwil,Ettiswil,1128,LU,de
6218,00,Ettiswil,Ettiswil,1128,LU,de
6221,00,Rickenbach LU,Beromünster,1081,LU,de
6221,00,Rickenbach LU,Rickenbach (LU),1097,LU,de
6222,00,Gunzwil,Beromünster,1081,LU,de
6222,00,Gunzwil,Schenkon,1099,LU,de
6231,00,Schlierbach,Schlierbach,1100,LU,de
6232,00,Geuensee,Geuensee,1085,LU,de
6233,00,Büron,Büron,1082,LU,de
6234,00,Triengen,Triengen,1104,LU,de
6234,01,Kulmerau,Triengen,1104,LU,de
6235,00,Winikon,Triengen,1104,LU,de
6235,00,Winikon,Dagmersellen,1125,LU,de
6236,00,Wilihof,Triengen,1104,LU,de
6242,00,Wauwil,Mauensee,1091,LU,de
6242,00,Wauwil,Wauwil,1146,LU,de
6243,00,Egolzwil,Egolzwil,1127,LU,de
6244,00,Nebikon,Altishofen,1123,LU,de
6244,00,Nebikon,Egolzwil,1127,LU,de
6244,00,Nebikon,Nebikon,1137,LU,de
6245,00,Ebersecken,Altishofen,1123,LU,de
6245,00,Ebersecken,Grossdietwil,1131,LU,de
6246,00,Altishofen,Altishofen,1123,LU,de
6246,00,Altishofen,Dagmersellen,1125,LU,de
6247,00,Schötz,Altishofen,1123,LU,de
6247,00,Schötz,Schötz,1143,LU,de
6248,00,Alberswil,Alberswil,1121,LU,de
6248,00,Alberswil,Ettiswil,1128,LU,de
6248,00,Alberswil,Willisau,1151,LU,de
6252,00,Dagmersellen,Dagmersellen,1125,LU,de
6252,00,Dagmersellen,Reiden,1140,LU,de
6253,00,Uffikon,Dagmersellen,1125,LU,de
6260,00,Reiden,Reiden,1140,LU,de
6260,02,Reidermoos,Dagmersellen,1125,LU,de
6260,02,Reidermoos,Reiden,1140,LU,de
6260,02,Reidermoos,Wikon,1147,LU,de
6260,03,Hintermoos,Reiden,1140,LU,de
6260,03,Hintermoos,Wikon,1147,LU,de
6260,04,Mehlsecken,Reiden,1140,LU,de
6262,00,Langnau b. Reiden,Reiden,1140,LU,de
6263,00,Richenthal,Altishofen,1123,LU,de
6263,00,Richenthal,Reiden,1140,LU,de
6264,00,Pfaffnau,Pfaffnau,1139,LU,de
6264,00,Pfaffnau,Brittnau,4274,AG,de
6265,00,Roggliswil,Pfaffnau,1139,LU,de
6265,00,Roggliswil,Roggliswil,1142,LU,de
6274,00,Eschenbach LU,Ballwil,1023,LU,de
6274,00,Eschenbach LU,Eschenbach (LU),1026,LU,de
6274,00,Eschenbach LU,Hochdorf,1031,LU,de
6275,00,Ballwil,Ballwil,1023,LU,de
6275,00,Ballwil,Hochdorf,1031,LU,de
6275,00,Ballwil,Hohenrain,1032,LU,de
6275,00,Ballwil,Sins,4239,AG,de
6276,00,Hohenrain,Hohenrain,1032,LU,de
6277,00,Kleinwangen,Hohenrain,1032,LU,de
6277,00,Kleinwangen,Auw,4223,AG,de
6277,02,Lieli LU,Hohenrain,1032,LU,de
6280,00,Hochdorf,Hochdorf,1031,LU,de
6280,00,Hochdorf,Hohenrain,1032,LU,de
6280,00,Hochdorf,Römerswil,1039,LU,de
6280,02,Urswil,Hochdorf,1031,LU,de
6280,02,Urswil,Römerswil,1039,LU,de
6283,00,Baldegg,Hochdorf,1031,LU,de
6283,00,Baldegg,Hohenrain,1032,LU,de
6283,00,Baldegg,Römerswil,1039,LU,de
6284,00,Gelfingen,Hitzkirch,1030,LU,de
6284,02,Sulz LU,Hitzkirch,1030,LU,de
6285,00,Hitzkirch,Hitzkirch,1030,LU,de
6285,02,Retschwil,Hitzkirch,1030,LU,de
6286,00,Altwis,Hitzkirch,1030,LU,de
6287,00,Aesch LU,Aesch (LU),1021,LU,de
6287,00,Aesch LU,Schongau,1041,LU,de
6288,00,Schongau,Hitzkirch,1030,LU,de
6288,00,Schongau,Schongau,1041,LU,de
6289,00,Müswangen,Hitzkirch,1030,LU,de
6289,02,Hämikon,Hitzkirch,1030,LU,de
6294,00,Ermensee,Ermensee,1025,LU,de
6295,00,Mosen,Hitzkirch,1030,LU,de
6300,00,Zug,Baar,1701,ZG,de
6300,00,Zug,Zug,1711,ZG,de
6300,05,Zugerberg,Zug,1711,ZG,de
6312,00,Steinhausen,Baar,1701,ZG,de
6312,00,Steinhausen,Steinhausen,1708,ZG,de
6313,00,Menzingen,Menzingen,1704,ZG,de
6313,00,Menzingen,Neuheim,1705,ZG,de
6313,02,Edlibach,Menzingen,1704,ZG,de
6313,03,Finstersee,Menzingen,1704,ZG,de
6314,00,Unterägeri,Oberägeri,1706,ZG,de
6314,00,Unterägeri,Unterägeri,1709,ZG,de
6314,01,Neuägeri,Baar,1701,ZG,de
6314,01,Neuägeri,Menzingen,1704,ZG,de
6314,01,Neuägeri,Unterägeri,1709,ZG,de
6314,01,Neuägeri,Zug,1711,ZG,de
6315,00,Oberägeri,Oberägeri,1706,ZG,de
6315,00,Oberägeri,Unterägeri,1709,ZG,de
6315,02,Alosen,Menzingen,1704,ZG,de
6315,02,Alosen,Oberägeri,1706,ZG,de
6315,03,Morgarten,Sattel,1371,SZ,de
6315,03,Morgarten,Oberägeri,1706,ZG,de
6317,00,Oberwil b. Zug,Zug,1711,ZG,de
6318,00,Walchwil,Arth,1362,SZ,de
6318,00,Walchwil,Walchwil,1710,ZG,de
6318,00,Walchwil,Zug,1711,ZG,de
6319,00,Allenwinden,Baar,1701,ZG,de
6330,00,Cham,Cham,1702,ZG,de
6330,00,Cham,Steinhausen,1708,ZG,de
6330,00,Cham,Zug,1711,ZG,de
6331,00,Hünenberg,Cham,1702,ZG,de
6331,00,Hünenberg,Hünenberg,1703,ZG,de
6332,00,Hagendorn,Cham,1702,ZG,de
6332,00,Hagendorn,Hünenberg,1703,ZG,de
6333,00,Hünenberg See,Hünenberg,1703,ZG,de
6340,00,Baar,Baar,1701,ZG,de
6340,00,Baar,Neuheim,1705,ZG,de
6340,00,Baar,Zug,1711,ZG,de
6340,04,Sihlbrugg,Neuheim,1705,ZG,de
6340,04,Sihlbrugg,Horgen,295,ZH,de
6340,04,Sihlbrugg,Hausen am Albis,4,ZH,de
6343,00,Rotkreuz,Risch,1707,ZG,de
6343,02,Buonas,Risch,1707,ZG,de
6343,03,Risch,Risch,1707,ZG,de
6343,04,Holzhäusern ZG,Risch,1707,ZG,de
6344,00,Meierskappel,Meierskappel,1064,LU,de
6345,00,Neuheim,Baar,1701,ZG,de
6345,00,Neuheim,Neuheim,1705,ZG,de
6353,00,Weggis,Greppen,1056,LU,de
6353,00,Weggis,Weggis,1069,LU,de
6354,00,Vitznau,Vitznau,1068,LU,de
6354,00,Vitznau,Weggis,1069,LU,de
6356,00,Rigi Kaltbad,Vitznau,1068,LU,de
6356,00,Rigi Kaltbad,Weggis,1069,LU,de
6356,00,Rigi Kaltbad,Arth,1362,SZ,de
6362,00,Stansstad,Ennetmoos,1506,NW,de
6362,00,Stansstad,Stansstad,1510,NW,de
6363,00,Obbürgen,Ennetbürgen,1505,NW,de
6363,00,Obbürgen,Stansstad,1510,NW,de
6363,01,Fürigen,Stansstad,1510,NW,de
6363,02,Bürgenstock,Ennetbürgen,1505,NW,de
6363,02,Bürgenstock,Stansstad,1510,NW,de
6365,00,Kehrsiten,Luzern,1061,LU,de
6365,00,Kehrsiten,Stansstad,1510,NW,de
6370,00,Stans,Ennetmoos,1506,NW,de
6370,00,Stans,Oberdorf (NW),1508,NW,de
6370,00,Stans,Stans,1509,NW,de
6370,41,Oberdorf NW,Oberdorf (NW),1508,NW,de
6372,00,Ennetmoos,Ennetmoos,1506,NW,de
6372,00,Ennetmoos,Stans,1509,NW,de
6373,00,Ennetbürgen,Ennetbürgen,1505,NW,de
6373,00,Ennetbürgen,Stans,1509,NW,de
6374,00,Buochs,Buochs,1502,NW,de
6374,00,Buochs,Ennetbürgen,1505,NW,de
6374,00,Buochs,Oberdorf (NW),1508,NW,de
6375,00,Beckenried,Beckenried,1501,NW,de
6376,00,Emmetten,Beckenried,1501,NW,de
6376,00,Emmetten,Emmetten,1504,NW,de
6377,00,Seelisberg,Seelisberg,1215,UR,de
6377,00,Seelisberg,Emmetten,1504,NW,de
6382,00,Büren NW,Oberdorf (NW),1508,NW,de
6383,00,Dallenwil,Dallenwil,1503,NW,de
6383,00,Dallenwil,Wolfenschiessen,1511,NW,de
6383,02,Niederrickenbach,Oberdorf (NW),1508,NW,de
6383,02,Niederrickenbach,Wolfenschiessen,1511,NW,de
6383,03,Wiesenberg,Dallenwil,1503,NW,de
6383,04,Wirzweli,Dallenwil,1503,NW,de
6386,00,Wolfenschiessen,Wolfenschiessen,1511,NW,de
6387,00,Oberrickenbach,Wolfenschiessen,1511,NW,de
6388,00,Grafenort,Engelberg,1402,OW,de
6388,00,Grafenort,Wolfenschiessen,1511,NW,de
6390,00,Engelberg,Attinghausen,1203,UR,de
6390,00,Engelberg,Engelberg,1402,OW,de
6390,00,Engelberg,Wolfenschiessen,1511,NW,de
6402,00,Merlischachen,Küssnacht (SZ),1331,SZ,de
6403,00,Küssnacht am Rigi,Küssnacht (SZ),1331,SZ,de
6404,00,Greppen,Greppen,1056,LU,de
6405,00,Immensee,Küssnacht (SZ),1331,SZ,de
6410,00,Goldau,Arth,1362,SZ,de
6410,02,Rigi Klösterli,Arth,1362,SZ,de
6410,03,Rigi Staffel,Arth,1362,SZ,de
6410,04,Rigi Kulm,Arth,1362,SZ,de
6410,05,Rigi Scheidegg,Gersau,1311,SZ,de
6414,00,Oberarth,Arth,1362,SZ,de
6415,00,Arth,Arth,1362,SZ,de
6416,00,Steinerberg,Arth,1362,SZ,de
6416,00,Steinerberg,Steinerberg,1374,SZ,de
6417,00,Sattel,Sattel,1371,SZ,de
6417,00,Sattel,Schwyz,1372,SZ,de
6417,00,Sattel,Oberägeri,1706,ZG,de
6418,00,Rothenthurm,Rothenthurm,1370,SZ,de
6418,00,Rothenthurm,Sattel,1371,SZ,de
6418,00,Rothenthurm,Oberägeri,1706,ZG,de
6422,00,Steinen,Sattel,1371,SZ,de
6422,00,Steinen,Steinen,1373,SZ,de
6423,00,Seewen SZ,Ingenbohl,1364,SZ,de
6423,00,Seewen SZ,Schwyz,1372,SZ,de
6424,00,Lauerz,Lauerz,1365,SZ,de
6430,00,Schwyz,Schwyz,1372,SZ,de
6432,00,Rickenbach b. Schwyz,Schwyz,1372,SZ,de
6433,00,Stoos SZ,Morschach,1366,SZ,de
6433,00,Stoos SZ,Muotathal,1367,SZ,de
6434,00,Illgau,Illgau,1363,SZ,de
6436,00,Muotathal,Bürglen (UR),1205,UR,de
6436,00,Muotathal,Muotathal,1367,SZ,de
6436,02,Bisisthal,Bürglen (UR),1205,UR,de
6436,02,Bisisthal,Unterschächen,1219,UR,de
6436,02,Bisisthal,Muotathal,1367,SZ,de
6436,03,Ried (Muotathal),Muotathal,1367,SZ,de
6438,00,Ibach,Schwyz,1372,SZ,de
6440,00,Brunnen,Ingenbohl,1364,SZ,de
6440,00,Brunnen,Morschach,1366,SZ,de
6441,02,Rütli,Seelisberg,1215,UR,de
6442,00,Gersau,Gersau,1311,SZ,de
6443,00,Morschach,Morschach,1366,SZ,de
6452,00,Sisikon,Sisikon,1217,UR,de
6452,00,Sisikon,Morschach,1366,SZ,de
6452,02,Riemenstalden,Sisikon,1217,UR,de
6452,02,Riemenstalden,Riemenstalden,1369,SZ,de
6454,00,Flüelen,Flüelen,1207,UR,de
6460,00,Altdorf UR,Altdorf (UR),1201,UR,de
6460,00,Altdorf UR,Bürglen (UR),1205,UR,de
6460,00,Altdorf UR,Flüelen,1207,UR,de
6461,00,Isenthal,Isenthal,1211,UR,de
6462,00,Seedorf UR,Seedorf (UR),1214,UR,de
6463,00,Bürglen UR,Bürglen (UR),1205,UR,de
6464,00,Spiringen,Bürglen (UR),1205,UR,de
6464,00,Spiringen,Spiringen,1218,UR,de
6465,00,Unterschächen,Unterschächen,1219,UR,de
6466,00,Bauen,Seedorf (UR),1214,UR,de
6467,00,Schattdorf,Schattdorf,1213,UR,de
6468,00,Attinghausen,Attinghausen,1203,UR,de
6469,00,Haldi b. Schattdorf,Bürglen (UR),1205,UR,de
6469,00,Haldi b. Schattdorf,Schattdorf,1213,UR,de
6472,00,Erstfeld,Erstfeld,1206,UR,de
6472,00,Erstfeld,Silenen,1216,UR,de
6473,00,Silenen,Gurtnellen,1209,UR,de
6473,00,Silenen,Silenen,1216,UR,de
6474,00,Amsteg,Gurtnellen,1209,UR,de
6474,00,Amsteg,Silenen,1216,UR,de
6475,00,Bristen,Silenen,1216,UR,de
6476,00,Intschi,Gurtnellen,1209,UR,de
6476,00,Intschi,Silenen,1216,UR,de
6482,00,Gurtnellen,Gurtnellen,1209,UR,de
6484,00,Wassen UR,Wassen,1220,UR,de
6485,00,Meien,Wassen,1220,UR,de
6487,00,Göschenen,Göschenen,1208,UR,de
6490,00,Andermatt,Andermatt,1202,UR,de
6491,00,Realp,Realp,1212,UR,de
6493,00,Hospental,Hospental,1210,UR,de
6500,00,Bellinzona,Bellinzona,5002,TI,it
6503,00,Bellinzona,Bellinzona,5002,TI,it
6512,00,Giubiasco,Bellinzona,5002,TI,it
6513,00,Monte Carasso,Bellinzona,5002,TI,it
6514,00,Sementina,Bellinzona,5002,TI,it
6515,00,Gudo,Bellinzona,5002,TI,it
6515,00,Gudo,Sant'Antonino,5017,TI,it
6516,00,Cugnasco,Locarno,5113,TI,it
6516,00,Cugnasco,Cugnasco-Gerra,5138,TI,it
6517,00,Arbedo,Arbedo-Castione,5001,TI,it
6518,00,Gorduno,Bellinzona,5002,TI,it
6523,00,Preonzo,Bellinzona,5002,TI,it
6524,00,Moleno,Bellinzona,5002,TI,it
6525,00,Gnosca,Bellinzona,5002,TI,it
6526,00,Prosito,Riviera,5287,TI,it
6527,00,Lodrino,Riviera,5287,TI,it
6528,00,Camorino,Bellinzona,5002,TI,it
6528,00,Camorino,Sant'Antonino,5017,TI,it
6532,00,Castione,Arbedo-Castione,5001,TI,it
6532,00,Castione,Bellinzona,5002,TI,it
6533,00,Lumino,San Vittore,3835,GR,it
6533,00,Lumino,Lumino,5010,TI,it
6534,00,S. Vittore,San Vittore,3835,GR,it
6535,00,Roveredo GR,Roveredo (GR),3834,GR,it
6537,00,Grono,Castaneda,3805,GR,it
6537,00,Grono,Grono,3832,GR,it
6538,00,Verdabbio,Grono,3832,GR,it
6540,00,Castaneda,Castaneda,3805,GR,it
6541,00,Sta. Maria in Calanca,Castaneda,3805,GR,it
6541,00,Sta. Maria in Calanca,Santa Maria in Calanca,3810,GR,it
6542,00,Buseno,Buseno,3804,GR,it
6543,00,Arvigo,Calanca,3837,GR,it
6544,00,Braggio,Calanca,3837,GR,it
6545,00,Selma,Calanca,3837,GR,it
6546,00,Cauco,Calanca,3837,GR,it
6548,00,Rossa,Rossa,3808,GR,it
6548,01,Augio,Rossa,3808,GR,it
6548,02,Sta. Domenica,Rossa,3808,GR,it
6549,00,Laura,Roveredo (GR),3834,GR,it
6556,00,Leggia,Grono,3832,GR,it
6557,00,Cama,Cama,3831,GR,it
6557,00,Cama,Grono,3832,GR,it
6558,00,Lostallo,Lostallo,3821,GR,it
6562,00,Soazza,Soazza,3823,GR,it
6563,00,Mesocco,Mesocco,3822,GR,it
6565,00,S. Bernardino,Mesocco,3822,GR,it
6571,00,Indemini,Gambarogno,5398,TI,it
6572,00,Quartino,Locarno,5113,TI,it
6572,00,Quartino,Gambarogno,5398,TI,it
6573,00,Magadino,Gambarogno,5398,TI,it
6574,00,Vira (Gambarogno),Gambarogno,5398,TI,it
6575,00,S. Nazzaro,Gambarogno,5398,TI,it
6575,01,Vairano,Gambarogno,5398,TI,it
6576,00,Gerra (Gambarogno),Gambarogno,5398,TI,it
6577,00,Ranzo,Gambarogno,5398,TI,it
6578,00,Caviano,Gambarogno,5398,TI,it
6579,00,Piazzogna,Gambarogno,5398,TI,it
6582,00,Pianezzo,Bellinzona,5002,TI,it
6583,00,S. Antonio (Val Morobbia),Bellinzona,5002,TI,it
6584,00,Carena,Bellinzona,5002,TI,it
6592,00,S. Antonino,Bellinzona,5002,TI,it
6592,00,S. Antonino,Cadenazzo,5003,TI,it
6592,00,S. Antonino,Sant'Antonino,5017,TI,it
6593,00,Cadenazzo,Cadenazzo,5003,TI,it
6593,00,Cadenazzo,Sant'Antonino,5017,TI,it
6593,00,Cadenazzo,Gambarogno,5398,TI,it
6594,00,Contone,Locarno,5113,TI,it
6594,00,Contone,Cugnasco-Gerra,5138,TI,it
6594,00,Contone,Gambarogno,5398,TI,it
6595,00,Riazzino,Lavertezzo,5112,TI,it
6595,00,Riazzino,Locarno,5113,TI,it
6595,00,Riazzino,Cugnasco-Gerra,5138,TI,it
6596,00,Gordola,Gordola,5108,TI,it
6596,00,Gordola,Locarno,5113,TI,it
6597,00,Agarone,Cugnasco-Gerra,5138,TI,it
6598,00,Tenero,Tenero-Contra,5131,TI,it
6599,00,Robasacco,Cadenazzo,5003,TI,it
6600,00,Locarno,Locarno,5113,TI,it
6600,00,Locarno,Muralto,5120,TI,it
6600,02,Muralto,Muralto,5120,TI,it
6600,02,Muralto,Orselina,5121,TI,it
6600,04,Solduno,Locarno,5113,TI,it
6605,00,Locarno,Locarno,5113,TI,it
6605,00,Locarno,Orselina,5121,TI,it
6612,00,Ascona,Ascona,5091,TI,it
6612,00,Ascona,Locarno,5113,TI,it
6613,00,Porto Ronco,Ronco sopra Ascona,5125,TI,it
6614,00,Brissago,Brissago,5097,TI,it
6614,02,Isole di Brissago,Brissago,5097,TI,it
6616,00,Losone,Losone,5115,TI,it
6618,00,Arcegno,Ascona,5091,TI,it
6618,00,Arcegno,Losone,5115,TI,it
6622,00,Ronco sopra Ascona,Ascona,5091,TI,it
6622,00,Ronco sopra Ascona,Ronco sopra Ascona,5125,TI,it
6631,00,Corippo,Verzasca,5399,TI,it
6632,00,Vogorno,Verzasca,5399,TI,it
6633,00,Lavertezzo,Verzasca,5399,TI,it
6634,00,Brione (Verzasca),Verzasca,5399,TI,it
6635,00,Gerra (Verzasca),Verzasca,5399,TI,it
6636,00,Frasco,Verzasca,5399,TI,it
6637,00,Sonogno,Verzasca,5399,TI,it
6644,00,Orselina,Locarno,5113,TI,it
6644,00,Orselina,Orselina,5121,TI,it
6645,00,Brione sopra Minusio,Brione sopra Minusio,5096,TI,it
6645,00,Brione sopra Minusio,Minusio,5118,TI,it
6646,00,Contra,Brione sopra Minusio,5096,TI,it
6646,00,Contra,Tenero-Contra,5131,TI,it
6647,00,Mergoscia,Mergoscia,5117,TI,it
6648,00,Minusio,Minusio,5118,TI,it
6652,00,Tegna,Locarno,5113,TI,it
6652,00,Tegna,Terre di Pedemonte,5396,TI,it
6653,00,Verscio,Terre di Pedemonte,5396,TI,it
6654,00,Cavigliano,Terre di Pedemonte,5396,TI,it
6655,00,Intragna,Onsernone,5136,TI,it
6655,00,Intragna,Centovalli,5397,TI,it
6655,02,Verdasio,Centovalli,5397,TI,it
6655,03,Rasa,Centovalli,5397,TI,it
6656,00,Golino,Centovalli,5397,TI,it
6657,00,Palagnedra,Centovalli,5397,TI,it
6658,00,Borgnone,Centovalli,5397,TI,it
6659,00,Camedo,Centovalli,5397,TI,it
6659,09,Moneto,Centovalli,5397,TI,it
6661,00,Loco,Onsernone,5136,TI,it
6661,02,Auressio,Onsernone,5136,TI,it
6661,03,Berzona,Onsernone,5136,TI,it
6661,04,Mosogno,Onsernone,5136,TI,it
6661,05,Russo,Onsernone,5136,TI,it
6661,06,Comologno,Onsernone,5136,TI,it
6661,07,Spruga,Onsernone,5136,TI,it
6661,08,Crana,Onsernone,5136,TI,it
6661,09,Vergeletto,Onsernone,5136,TI,it
6661,10,Gresso,Onsernone,5136,TI,it
6670,00,Avegno,Maggia,5317,TI,it
6670,00,Avegno,Avegno Gordevio,5324,TI,it
6672,00,Gordevio,Avegno Gordevio,5324,TI,it
6673,00,Maggia,Maggia,5317,TI,it
6674,00,Someo,Maggia,5317,TI,it
6674,02,Riveo,Maggia,5317,TI,it
6675,00,Cevio,Cevio,5310,TI,it
6676,00,Bignasco,Cevio,5310,TI,it
6677,01,Aurigeno,Maggia,5317,TI,it
6677,02,Moghegno,Maggia,5317,TI,it
6678,00,Giumaglio,Maggia,5317,TI,it
6678,02,Lodano,Maggia,5317,TI,it
6678,03,Coglio,Maggia,5317,TI,it
6682,00,Linescio,Cerentino,5309,TI,it
6682,00,Linescio,Linescio,5315,TI,it
6683,00,Cerentino,Cerentino,5309,TI,it
6683,02,Niva (Vallemaggia),Campo (Vallemaggia),5307,TI,it
6684,00,Campo (Vallemaggia),Campo (Vallemaggia),5307,TI,it
6684,01,Cimalmotto,Campo (Vallemaggia),5307,TI,it
6685,00,Bosco/Gurin,Bosco/Gurin,5304,TI,de
6690,00,Cavergno,Cevio,5310,TI,it
6690,01,S. Carlo (Val Bavona),Cevio,5310,TI,it
6692,00,Menzonio,Lavizzara,5323,TI,it
6692,01,Brontallo,Lavizzara,5323,TI,it
6693,00,Broglio,Lavizzara,5323,TI,it
6694,00,Prato-Sornico,Lavizzara,5323,TI,it
6695,00,Peccia,Lavizzara,5323,TI,it
6695,01,Piano di Peccia,Lavizzara,5323,TI,it
6696,00,Fusio,Lavizzara,5323,TI,it
6702,00,Claro,Bellinzona,5002,TI,it
6703,00,Osogna,Riviera,5287,TI,it
6705,00,Cresciano,Riviera,5287,TI,it
6707,00,Iragna,Riviera,5287,TI,it
6710,00,Biasca,Serravalle,5050,TI,it
6710,00,Biasca,Biasca,5281,TI,it
6713,00,Malvaglia,Serravalle,5050,TI,it
6714,00,Semione,Serravalle,5050,TI,it
6714,00,Semione,Faido,5072,TI,it
6715,00,Dongio,Acquarossa,5048,TI,it
6716,00,Acquarossa,Acquarossa,5048,TI,it
6716,02,Leontica,Acquarossa,5048,TI,it
6716,03,Lottigna,Acquarossa,5048,TI,it
6717,00,Dangio,Blenio,5049,TI,it
6717,01,Torre,Blenio,5049,TI,it
6718,00,Olivone,Blenio,5049,TI,it
6718,01,Camperio,Blenio,5049,TI,it
6719,00,Aquila,Blenio,5049,TI,it
6720,00,Campo (Blenio),Blenio,5049,TI,it
6720,02,Ghirone,Blenio,5049,TI,it
6721,00,Ludiano,Serravalle,5050,TI,it
6721,02,Motto (Blenio),Acquarossa,5048,TI,it
6722,00,Corzoneso,Acquarossa,5048,TI,it
6723,00,Prugiasco,Acquarossa,5048,TI,it
6723,02,Castro,Acquarossa,5048,TI,it
6723,03,Marolta,Acquarossa,5048,TI,it
6724,00,Ponto Valentino,Acquarossa,5048,TI,it
6724,02,Largario,Acquarossa,5048,TI,it
6742,00,Pollegio,Pollegio,5077,TI,it
6742,00,Pollegio,Biasca,5281,TI,it
6743,00,Bodio TI,Giornico,5073,TI,it
6744,00,Personico,Personico,5076,TI,it
6745,00,Giornico,Giornico,5073,TI,it
6746,00,Lavorgo,Faido,5072,TI,it
6746,01,Calonico,Faido,5072,TI,it
6746,02,Nivo,Faido,5072,TI,it
6747,00,Chironico,Faido,5072,TI,it
6748,00,Anzonico,Faido,5072,TI,it
6749,00,Sobrio,Faido,5072,TI,it
6749,01,Cavagnago,Faido,5072,TI,it
6760,00,Faido,Faido,5072,TI,it
6760,01,Molare,Faido,5072,TI,it
6760,02,Calpiogna,Faido,5072,TI,it
6760,03,Campello,Faido,5072,TI,it
6760,04,Carì,Faido,5072,TI,it
6760,05,Rossura,Faido,5072,TI,it
6763,00,Osco,Faido,5072,TI,it
6763,01,Mairengo,Faido,5072,TI,it
6764,00,Chiggiogna,Faido,5072,TI,it
6772,00,Rodi-Fiesso,Quinto,5079,TI,it
6773,00,Prato (Leventina),Quinto,5079,TI,it
6774,00,Dalpe,Dalpe,5071,TI,it
6775,00,Ambrì,Quinto,5079,TI,it
6776,00,Piotta,Quinto,5079,TI,it
6777,00,Quinto,Quinto,5079,TI,it
6780,00,Airolo,Airolo,5061,TI,it
6781,01,Villa Bedretto,Bedretto,5063,TI,it
6781,04,Bedretto,Bedretto,5063,TI,it
6802,00,Rivera,Monteceneri,5238,TI,it
6803,00,Camignolo,Monteceneri,5238,TI,it
6804,00,Bironico,Monteceneri,5238,TI,it
6805,00,Mezzovico,Mezzovico-Vira,5199,TI,it
6806,00,Sigirino,Monteceneri,5238,TI,it
6807,00,Taverne,Lamone,5189,TI,it
6807,00,Taverne,Capriasca,5226,TI,it
6807,00,Taverne,Torricella-Taverne,5227,TI,it
6808,00,Torricella,Torricella-Taverne,5227,TI,it
6809,00,Medeglia,Monteceneri,5238,TI,it
6809,00,Medeglia,Comunanza Cadenazzo/Monteceneri,5391,TI,it
6810,00,Isone,Isone,5009,TI,it
6814,02,Lamone,Cadempino,5162,TI,it
6814,02,Lamone,Gravesano,5187,TI,it
6814,02,Lamone,Lamone,5189,TI,it
6814,03,Cadempino,Cadempino,5162,TI,it
6814,03,Cadempino,Lamone,5189,TI,it
6815,00,Melide,Melide,5198,TI,it
6816,00,Bissone,Bissone,5154,TI,it
6817,00,Maroggia,Val Mara,5240,TI,it
6818,00,Melano,Val Mara,5240,TI,it
6821,00,Rovio,Val Mara,5240,TI,it
6822,00,Arogno,Arogno,5144,TI,it
6823,00,Pugerna,Arogno,5144,TI,it
6823,00,Pugerna,Lugano,5192,TI,it
6825,00,Capolago,Castel San Pietro,5249,TI,it
6825,00,Capolago,Mendrisio,5254,TI,it
6826,00,Riva San Vitale,Riva San Vitale,5263,TI,it
6827,00,Brusino Arsizio,Brusino Arsizio,5160,TI,it
6828,00,Balerna,Balerna,5242,TI,it
6828,00,Balerna,Novazzano,5260,TI,it
6830,00,Chiasso,Balerna,5242,TI,it
6830,00,Chiasso,Chiasso,5250,TI,it
6832,00,Pedrinate,Chiasso,5250,TI,it
6832,01,Seseglio,Chiasso,5250,TI,it
6833,00,Vacallo,Vacallo,5268,TI,it
6834,00,Morbio Inferiore,Morbio Inferiore,5257,TI,it
6835,00,Morbio Superiore,Breggia,5269,TI,it
6837,00,Caneggio,Breggia,5269,TI,it
6837,02,Bruzella,Breggia,5269,TI,it
6838,00,Muggio,Breggia,5269,TI,it
6838,02,Cabbio,Breggia,5269,TI,it
6839,00,Sagno,Breggia,5269,TI,it
6850,00,Mendrisio,Castel San Pietro,5249,TI,it
6850,00,Mendrisio,Mendrisio,5254,TI,it
6852,00,Genestrerio,Mendrisio,5254,TI,it
6853,00,Ligornetto,Mendrisio,5254,TI,it
6853,00,Ligornetto,Stabio,5266,TI,it
6854,00,S. Pietro,Stabio,5266,TI,it
6855,00,Stabio,Mendrisio,5254,TI,it
6855,00,Stabio,Stabio,5266,TI,it
6862,00,Rancate,Mendrisio,5254,TI,it
6863,00,Besazio,Mendrisio,5254,TI,it
6864,00,Arzo,Mendrisio,5254,TI,it
6865,00,Tremona,Mendrisio,5254,TI,it
6866,00,Meride,Mendrisio,5254,TI,it
6867,00,Serpiano,Brusino Arsizio,5160,TI,it
6872,00,Salorino,Mendrisio,5254,TI,it
6873,00,Corteglia,Castel San Pietro,5249,TI,it
6874,00,Castel San Pietro,Castel San Pietro,5249,TI,it
6874,00,Castel San Pietro,Mendrisio,5254,TI,it
6875,00,Monte,Castel San Pietro,5249,TI,it
6875,02,Casima,Castel San Pietro,5249,TI,it
6875,03,Campora,Castel San Pietro,5249,TI,it
6877,00,Coldrerio,Castel San Pietro,5249,TI,it
6877,00,Coldrerio,Coldrerio,5251,TI,it
6883,00,Novazzano,Novazzano,5260,TI,it
6900,00,Lugano,Lugano,5192,TI,it
6900,05,Massagno,Massagno,5196,TI,it
6900,09,Paradiso,Lugano,5192,TI,it
6900,09,Paradiso,Paradiso,5210,TI,it
6912,00,Pazzallo,Lugano,5192,TI,it
6913,00,Carabbia,Lugano,5192,TI,it
6914,00,Carona,Lugano,5192,TI,it
6915,00,Pambio-Noranco,Lugano,5192,TI,it
6916,00,Grancia,Grancia,5186,TI,it
6916,00,Grancia,Collina d'Oro,5236,TI,it
6917,00,Barbengo,Lugano,5192,TI,it
6918,00,Figino,Lugano,5192,TI,it
6919,00,Carabietta,Collina d'Oro,5236,TI,it
6921,00,Vico Morcote,Vico Morcote,5233,TI,it
6922,00,Morcote,Morcote,5203,TI,it
6924,00,Sorengo,Lugano,5192,TI,it
6924,00,Sorengo,Sorengo,5225,TI,it
6925,00,Gentilino,Lugano,5192,TI,it
6925,00,Gentilino,Collina d'Oro,5236,TI,it
6926,00,Montagnola,Collina d'Oro,5236,TI,it
6927,00,Agra,Collina d'Oro,5236,TI,it
6928,00,Manno,Manno,5194,TI,it
6929,00,Gravesano,Gravesano,5187,TI,it
6930,00,Bedano,Bedano,5148,TI,it
6930,00,Bedano,Lamone,5189,TI,it
6932,00,Breganzona,Lugano,5192,TI,it
6933,00,Muzzano,Muzzano,5205,TI,it
6934,00,Bioggio,Agno,5141,TI,it
6934,00,Bioggio,Bioggio,5151,TI,it
6934,00,Bioggio,Cademario,5161,TI,it
6934,00,Bioggio,Manno,5194,TI,it
6935,00,Bosco Luganese,Bioggio,5151,TI,it
6936,00,Cademario,Cademario,5161,TI,it
6937,00,Breno,Alto Malcantone,5237,TI,it
6938,00,Vezio,Alto Malcantone,5237,TI,it
6938,01,Fescoggia,Alto Malcantone,5237,TI,it
6939,01,Mugena,Alto Malcantone,5237,TI,it
6939,02,Arosio,Alto Malcantone,5237,TI,it
6942,00,Savosa,Porza,5214,TI,it
6942,00,Savosa,Savosa,5221,TI,it
6943,00,Vezia,Lugano,5192,TI,it
6943,00,Vezia,Vezia,5231,TI,it
6944,00,Cureglia,Comano,5176,TI,it
6944,00,Cureglia,Cureglia,5180,TI,it
6944,00,Cureglia,Lamone,5189,TI,it
6945,00,Origlio,Origlio,5208,TI,it
6945,00,Origlio,Ponte Capriasca,5212,TI,it
6946,00,Ponte Capriasca,Ponte Capriasca,5212,TI,it
6947,00,Vaglio,Capriasca,5226,TI,it
6948,00,Porza,Porza,5214,TI,it
6948,00,Porza,Savosa,5221,TI,it
6949,00,Comano,Comano,5176,TI,it
6950,00,Tesserete,Capriasca,5226,TI,it
6951,08,Insone,Lugano,5192,TI,it
6951,17,Scareglia,Lugano,5192,TI,it
6951,18,Colla,Lugano,5192,TI,it
6951,19,Bogno,Lugano,5192,TI,it
6951,20,Cozzo,Lugano,5192,TI,it
6951,23,Signôra,Lugano,5192,TI,it
6952,00,Canobbio,Canobbio,5167,TI,it
6953,00,Lugaggia,Capriasca,5226,TI,it
6954,00,Sala Capriasca,Capriasca,5226,TI,it
6954,01,Bigorio,Capriasca,5226,TI,it
6955,00,Cagiallo,Capriasca,5226,TI,it
6955,01,Oggio,Capriasca,5226,TI,it
6956,00,Lopagno,Capriasca,5226,TI,it
6957,00,Roveredo TI,Capriasca,5226,TI,it
6958,00,Bidogno,Capriasca,5226,TI,it
6958,02,Corticiasca,Lugano,5192,TI,it
6958,02,Corticiasca,Capriasca,5226,TI,it
6959,00,Maglio di Colla,Lugano,5192,TI,it
6959,02,Certara,Lugano,5192,TI,it
6959,03,Curtina,Lugano,5192,TI,it
6959,04,Cimadera,Lugano,5192,TI,it
6959,05,Piandera Paese,Lugano,5192,TI,it
6960,00,Odogno,Capriasca,5226,TI,it
6962,00,Viganello,Lugano,5192,TI,it
6963,00,Pregassona,Lugano,5192,TI,it
6963,02,Cureggia,Lugano,5192,TI,it
6964,00,Davesco-Soragno,Lugano,5192,TI,it
6965,00,Cadro,Lugano,5192,TI,it
6966,00,Villa Luganese,Lugano,5192,TI,it
6967,00,Dino,Lugano,5192,TI,it
6968,00,Sonvico,Lugano,5192,TI,it
6974,00,Aldesago,Lugano,5192,TI,it
6976,00,Castagnola,Lugano,5192,TI,it
6977,00,Ruvigliana,Lugano,5192,TI,it
6978,00,Gandria,Lugano,5192,TI,it
6979,00,Brè sopra Lugano,Lugano,5192,TI,it
6980,00,Castelrotto,Tresa,5239,TI,it
6980,00,Castelrotto,Lema,5395,TI,it
6981,11,Bedigliora,Lema,5395,TI,it
6981,15,Bombinasco,Lema,5395,TI,it
6981,16,Banco,Lema,5395,TI,it
6981,17,Beride di Bedigliora,Lema,5395,TI,it
6982,00,Agno,Agno,5141,TI,it
6982,00,Agno,Bioggio,5151,TI,it
6982,00,Agno,Muzzano,5205,TI,it
6983,00,Magliaso,Magliaso,5193,TI,it
6983,00,Magliaso,Neggio,5206,TI,it
6984,00,Pura,Pura,5216,TI,it
6986,00,Novaggio,Lema,5395,TI,it
6986,02,Miglieglia,Lema,5395,TI,it
6986,03,Curio,Lema,5395,TI,it
6987,00,Caslano,Caslano,5171,TI,it
6988,00,Ponte Tresa,Tresa,5239,TI,it
6989,00,Purasca,Tresa,5239,TI,it
6990,00,Cassina d'Agno,Agno,5141,TI,it
6991,00,Neggio,Neggio,5206,TI,it
6992,00,Vernate,Agno,5141,TI,it
6992,00,Vernate,Vernate,5230,TI,it
6992,01,Cimo,Agno,5141,TI,it
6992,01,Cimo,Bioggio,5151,TI,it
6993,00,Iseo,Bioggio,5151,TI,it
6994,00,Aranno,Aranno,5143,TI,it
6995,02,Madonna del Piano,Tresa,5239,TI,it
6997,00,Sessa,Tresa,5239,TI,it
6998,01,Monteggio,Tresa,5239,TI,it
6999,00,Astano,Lema,5395,TI,it
7000,00,Chur,Chur,3901,GR,de
7000,00,Chur,Churwalden,3911,GR,de
7012,00,Felsberg,Felsberg,3731,GR,de
7013,00,Domat/Ems,Domat/Ems,3722,GR,multiple
7014,00,Trin,Trin,3734,GR,rm
7015,00,Tamins,Tamins,3733,GR,de
7015,00,Tamins,Trin,3734,GR,de
7016,00,Trin Mulin,Trin,3734,GR,rm
7017,00,Flims Dorf,Flims,3732,GR,rm
7018,00,Flims Waldhaus,Flims,3732,GR,rm
7019,00,Fidaz,Flims,3732,GR,rm
7023,00,Haldenstein,Chur,3901,GR,de
7026,00,Maladers,Chur,3901,GR,de
7027,00,Castiel,Arosa,3921,GR,de
7027,01,Lüen,Arosa,3921,GR,de
7027,03,Calfreisen,Arosa,3921,GR,de
7028,00,St. Peter,Arosa,3921,GR,de
7028,01,Pagig,Arosa,3921,GR,de
7029,00,Peist,Arosa,3921,GR,de
7031,00,Laax GR,Laax,3575,GR,rm
7032,00,Laax GR 2,Falera,3572,GR,rm
7032,00,Laax GR 2,Laax,3575,GR,rm
7050,00,Arosa,Arosa,3921,GR,de
7056,00,Molinis,Arosa,3921,GR,de
7057,00,Langwies,Arosa,3921,GR,de
7058,00,Litzirüti,Arosa,3921,GR,de
7062,00,Passugg,Churwalden,3911,GR,de
7063,00,Praden,Chur,3901,GR,de
7064,00,Tschiertschen,Chur,3901,GR,de
7074,00,Malix,Chur,3901,GR,de
7074,00,Malix,Churwalden,3911,GR,de
7075,00,Churwalden,Churwalden,3911,GR,de
7076,00,Parpan,Vaz/Obervaz,3506,GR,de
7076,00,Parpan,Churwalden,3911,GR,de
7077,00,Valbella,Vaz/Obervaz,3506,GR,rm
7078,00,Lenzerheide/Lai,Vaz/Obervaz,3506,GR,multiple
7082,00,Vaz/Obervaz,Vaz/Obervaz,3506,GR,multiple
7083,00,Lantsch/Lenz,Lantsch/Lenz,3513,GR,multiple
7084,00,Brienz/Brinzauls GR,Albula/Alvra,3542,GR,multiple
7104,00,Versam,Safiental,3672,GR,de
7106,00,Tenna,Safiental,3672,GR,de
7107,00,Safien Platz,Safiental,3672,GR,de
7109,00,Thalkirch,Safiental,3672,GR,de
7110,00,Peiden,Lumnezia,3618,GR,rm
7111,00,Pitasch,Ilanz/Glion,3619,GR,rm
7112,00,Duvin,Ilanz/Glion,3619,GR,rm
7113,00,Camuns,Lumnezia,3618,GR,rm
7114,00,Uors (Lumnezia),Lumnezia,3618,GR,rm
7115,00,Surcasti,Lumnezia,3618,GR,rm
7116,00,Tersnaus,Lumnezia,3618,GR,rm
7116,02,St. Martin (Lugnez),Vals,3603,GR,de
7122,00,Valendas,Ilanz/Glion,3619,GR,de
7122,00,Valendas,Safiental,3672,GR,de
7126,00,Castrisch,Ilanz/Glion,3619,GR,rm
7127,00,Sevgein,Ilanz/Glion,3619,GR,rm
7128,00,Riein,Ilanz/Glion,3619,GR,rm
7130,00,Ilanz,Ilanz/Glion,3619,GR,rm
7130,02,Schnaus,Ilanz/Glion,3619,GR,rm
7132,00,Vals,Vals,3603,GR,de
7134,00,Obersaxen,Breil/Brigels,3981,GR,de
7134,00,Obersaxen,Obersaxen Mundaun,3988,GR,de
7137,00,Flond,Obersaxen Mundaun,3988,GR,rm
7138,00,Surcuolm,Obersaxen Mundaun,3988,GR,rm
7141,00,Luven,Ilanz/Glion,3619,GR,rm
7142,00,Cumbel,Lumnezia,3618,GR,rm
7142,00,Cumbel,Ilanz/Glion,3619,GR,rm
7143,00,Morissen,Lumnezia,3618,GR,rm
7144,00,Vella,Lumnezia,3618,GR,rm
7145,00,Degen,Lumnezia,3618,GR,rm
7146,00,Vattiz,Lumnezia,3618,GR,rm
7147,00,Vignogn,Lumnezia,3618,GR,rm
7148,00,Lumbrein,Lumnezia,3618,GR,rm
7149,00,Vrin,Lumnezia,3618,GR,rm
7151,00,Schluein,Schluein,3582,GR,rm
7152,00,Sagogn,Sagogn,3581,GR,rm
7153,00,Falera,Falera,3572,GR,rm
7154,00,Ruschein,Ilanz/Glion,3619,GR,rm
7155,00,Ladir,Ilanz/Glion,3619,GR,rm
7156,00,Rueun,Ilanz/Glion,3619,GR,rm
7156,01,Pigniu,Ilanz/Glion,3619,GR,rm
7157,00,Siat,Ilanz/Glion,3619,GR,rm
7158,00,Waltensburg/Vuorz,Breil/Brigels,3981,GR,multiple
7159,00,Andiast,Breil/Brigels,3981,GR,rm
7162,00,Tavanasa,Breil/Brigels,3981,GR,rm
7163,00,Danis,Breil/Brigels,3981,GR,rm
7164,00,Dardin,Breil/Brigels,3981,GR,rm
7165,00,Breil/Brigels,Breil/Brigels,3981,GR,multiple
7166,00,Trun,Trun,3987,GR,rm
7167,00,Zignau,Trun,3987,GR,rm
7168,00,Schlans,Trun,3987,GR,rm
7172,00,Rabius,Sumvitg,3985,GR,rm
7172,00,Rabius,Trun,3987,GR,rm
7173,00,Surrein,Sumvitg,3985,GR,rm
7174,00,S. Benedetg,Sumvitg,3985,GR,rm
7175,00,Sumvitg,Sumvitg,3985,GR,rm
7176,00,Cumpadials,Sumvitg,3985,GR,rm
7180,00,Disentis/Mustér,Disentis/Mustér,3982,GR,multiple
7180,00,Disentis/Mustér,Sumvitg,3985,GR,multiple
7182,00,Cavardiras,Disentis/Mustér,3982,GR,rm
7183,00,Mumpé Medel,Disentis/Mustér,3982,GR,rm
7184,00,Curaglia,Medel (Lucmagn),3983,GR,rm
7185,00,Platta,Medel (Lucmagn),3983,GR,rm
7186,00,Segnas,Disentis/Mustér,3982,GR,rm
7187,00,Camischolas,Tujetsch,3986,GR,rm
7188,00,Sedrun,Tujetsch,3986,GR,rm
7189,00,Rueras,Tujetsch,3986,GR,rm
7202,00,Says,Trimmis,3945,GR,de
7203,00,Trimmis,Trimmis,3945,GR,de
7204,00,Untervaz,Untervaz,3946,GR,de
7204,00,Untervaz,Landquart,3955,GR,de
7205,00,Zizers,Zizers,3947,GR,de
7206,00,Igis,Landquart,3955,GR,de
7208,00,Malans GR,Malans,3954,GR,de
7212,00,Seewis Dorf,Seewis im Prättigau,3972,GR,de
7212,01,Seewis-Pardisla,Seewis im Prättigau,3972,GR,de
7212,02,Seewis-Schmitten,Seewis im Prättigau,3972,GR,de
7213,00,Valzeina,Trimmis,3945,GR,de
7213,00,Valzeina,Grüsch,3961,GR,de
7214,00,Grüsch,Grüsch,3961,GR,de
7215,00,Fanas,Grüsch,3961,GR,de
7215,00,Fanas,Seewis im Prättigau,3972,GR,de
7220,00,Schiers,Schiers,3962,GR,de
7222,00,Lunden,Luzein,3891,GR,de
7222,00,Lunden,Schiers,3962,GR,de
7223,00,Buchen im Prättigau,Luzein,3891,GR,de
7224,00,Putz,Luzein,3891,GR,de
7226,00,Stels,Luzein,3891,GR,de
7226,00,Stels,Schiers,3962,GR,de
7226,02,Fajauna,Schiers,3962,GR,de
7228,00,Schuders,Schiers,3962,GR,de
7228,01,Pusserein,Schiers,3962,GR,de
7231,00,Pragg-Jenaz,Jenaz,3863,GR,de
7232,00,Furna,Furna,3862,GR,de
7232,00,Furna,Jenaz,3863,GR,de
7233,00,Jenaz,Jenaz,3863,GR,de
7235,00,Fideris,Fideris,3861,GR,de
7240,00,Küblis,Küblis,3882,GR,de
7240,00,Küblis,Luzein,3891,GR,de
7241,00,Conters im Prättigau,Conters im Prättigau,3881,GR,de
7242,00,Luzein,Luzein,3891,GR,de
7243,00,Pany,Luzein,3891,GR,de
7244,00,Gadenstätt,Luzein,3891,GR,de
7245,00,Ascharina,Luzein,3891,GR,de
7246,00,St. Antönien,Luzein,3891,GR,de
7247,00,Saas im Prättigau,Klosters,3871,GR,de
7249,00,Serneus,Klosters,3871,GR,de
7250,00,Klosters,Klosters,3871,GR,de
7252,00,Klosters Dorf,Klosters,3871,GR,de
7260,00,Davos Dorf,Davos,3851,GR,de
7260,00,Davos Dorf,Arosa,3921,GR,de
7265,00,Davos Wolfgang,Davos,3851,GR,de
7265,00,Davos Wolfgang,Klosters,3871,GR,de
7270,00,Davos Platz,Davos,3851,GR,de
7272,00,Davos Clavadel,Davos,3851,GR,de
7276,00,Davos Frauenkirch,Davos,3851,GR,de
7277,00,Davos Glaris,Davos,3851,GR,de
7278,00,Davos Monstein,Davos,3851,GR,de
7302,00,Landquart,Zizers,3947,GR,de
7302,00,Landquart,Maienfeld,3953,GR,de
7302,00,Landquart,Landquart,3955,GR,de
7303,00,Mastrils,Landquart,3955,GR,de
7304,00,Maienfeld,Fläsch,3951,GR,de
7304,00,Maienfeld,Maienfeld,3953,GR,de
7306,00,Fläsch,Fläsch,3951,GR,de
7307,00,Jenins,Jenins,3952,GR,de
7310,00,Bad Ragaz,Bad Ragaz,3291,SG,de
7312,00,Pfäfers,Pfäfers,3294,SG,de
7313,00,St. Margrethenberg,Pfäfers,3294,SG,de
7313,00,St. Margrethenberg,Landquart,3955,GR,de
7314,00,Vadura,Pfäfers,3294,SG,de
7315,00,Vättis,Pfäfers,3294,SG,de
7315,00,Vättis,Tamins,3733,GR,de
7317,00,Valens,Bad Ragaz,3291,SG,de
7317,00,Valens,Pfäfers,3294,SG,de
7317,03,Vasön,Pfäfers,3294,SG,de
7320,00,Sargans,Wartau,3276,SG,de
7320,00,Sargans,Sargans,3296,SG,de
7323,00,Wangs,Vilters-Wangs,3297,SG,de
7324,00,Vilters,Vilters-Wangs,3297,SG,de
7325,00,Schwendi im Weisstannental,Mels,3293,SG,de
7326,00,Weisstannen,Mels,3293,SG,de
7402,00,Bonaduz,Safiental,3672,GR,de
7402,00,Bonaduz,Bonaduz,3721,GR,de
7403,00,Rhäzüns,Rhäzüns,3723,GR,rm
7404,00,Feldis/Veulden,Domleschg,3673,GR,multiple
7405,00,Rothenbrunnen,Rothenbrunnen,3637,GR,rm
7405,00,Rothenbrunnen,Cazis,3661,GR,rm
7407,00,Trans,Domleschg,3673,GR,rm
7408,00,Cazis,Cazis,3661,GR,rm
7411,00,Sils im Domleschg,Sils im Domleschg,3640,GR,de
7412,00,Scharans,Scharans,3638,GR,rm
7413,00,Fürstenaubruck,Fürstenau,3633,GR,rm
7414,00,Fürstenau,Fürstenau,3633,GR,rm
7415,00,Rodels,Cazis,3661,GR,rm
7415,00,Rodels,Domleschg,3673,GR,rm
7415,02,Pratval,Domleschg,3673,GR,rm
7416,00,Almens,Domleschg,3673,GR,rm
7417,00,Paspels,Domleschg,3673,GR,rm
7418,00,Tumegl/Tomils,Domleschg,3673,GR,multiple
7419,00,Scheid,Domleschg,3673,GR,rm
7421,00,Summaprada,Cazis,3661,GR,de
7421,00,Summaprada,Masein,3663,GR,de
7422,00,Tartar,Cazis,3661,GR,rm
7423,00,Sarn,Cazis,3661,GR,rm
7423,02,Portein,Cazis,3661,GR,rm
7424,00,Präz,Cazis,3661,GR,rm
7424,01,Dalin,Cazis,3661,GR,rm
7425,00,Masein,Masein,3663,GR,de
7426,00,Flerden,Flerden,3662,GR,rm
7427,00,Urmein,Urmein,3670,GR,de
7428,00,Tschappina,Tschappina,3669,GR,de
7430,00,Thusis,Thusis,3668,GR,de
7430,02,Rongellen,Rongellen,3711,GR,rm
7431,01,Mutten,Thusis,3668,GR,de
7431,02,Obermutten,Thusis,3668,GR,de
7432,00,Zillis,Zillis-Reischen,3712,GR,rm
7433,00,Donat,Muntogna da Schons,3715,GR,rm
7433,03,Lohn GR,Muntogna da Schons,3715,GR,rm
7433,04,Mathon,Muntogna da Schons,3715,GR,rm
7433,05,Wergenstein,Muntogna da Schons,3715,GR,rm
7434,00,Sufers,Sufers,3695,GR,de
7435,00,Splügen,Rheinwald,3714,GR,de
7436,00,Medels im Rheinwald,Rheinwald,3714,GR,de
7437,00,Nufenen,Rheinwald,3714,GR,de
7438,00,Hinterrhein,Rheinwald,3714,GR,de
7440,00,Andeer,Andeer,3701,GR,rm
7442,00,Clugin,Andeer,3701,GR,rm
7443,00,Pignia,Andeer,3701,GR,rm
7444,00,Ausserferrera,Ferrera,3713,GR,rm
7445,00,Innerferrera,Ferrera,3713,GR,rm
7447,00,Avers,Avers,3681,GR,de
7447,00,Avers,Bregaglia,3792,GR,de
7448,00,Juf,Avers,3681,GR,de
7450,00,Tiefencastel,Vaz/Obervaz,3506,GR,rm
7450,00,Tiefencastel,Albula/Alvra,3542,GR,rm
7451,00,Alvaschein,Albula/Alvra,3542,GR,rm
7452,00,Cunter,Surses,3543,GR,rm
7453,00,Tinizong,Surses,3543,GR,rm
7454,00,Rona,Surses,3543,GR,rm
7455,00,Mulegns,Surses,3543,GR,rm
7456,00,Sur,Surses,3543,GR,rm
7456,02,Marmorera,Surses,3543,GR,rm
7457,00,Bivio,Surses,3543,GR,rm
7458,00,Mon,Albula/Alvra,3542,GR,rm
7459,00,Stierva,Albula/Alvra,3542,GR,rm
7460,00,Savognin,Surses,3543,GR,rm
7462,00,Salouf,Surses,3543,GR,rm
7463,00,Riom,Surses,3543,GR,rm
7464,00,Parsonz,Surses,3543,GR,rm
7472,00,Surava,Albula/Alvra,3542,GR,rm
7473,00,Alvaneu Bad,Albula/Alvra,3542,GR,rm
7477,00,Filisur,Bergün Filisur,3544,GR,rm
7482,00,Bergün/Bravuogn,Bergün Filisur,3544,GR,multiple
7482,01,Preda,Bergün Filisur,3544,GR,rm
7482,02,Stugl/Stuls,Bergün Filisur,3544,GR,multiple
7484,00,Latsch,Bergün Filisur,3544,GR,rm
7492,00,Alvaneu Dorf,Albula/Alvra,3542,GR,rm
7493,00,Schmitten (Albula),Schmitten (GR),3514,GR,de
7494,00,Davos Wiesen,Bergün Filisur,3544,GR,de
7494,00,Davos Wiesen,Davos,3851,GR,de
7500,00,St. Moritz,Celerina/Schlarigna,3782,GR,rm
7500,00,St. Moritz,St. Moritz,3787,GR,rm
7502,00,Bever,Bever,3781,GR,rm
7503,00,Samedan,Samedan,3786,GR,rm
7504,00,Pontresina,Celerina/Schlarigna,3782,GR,rm
7504,00,Pontresina,Pontresina,3784,GR,rm
7504,00,Pontresina,Samedan,3786,GR,rm
7505,00,Celerina/Schlarigna,Celerina/Schlarigna,3782,GR,multiple
7512,00,Champfèr,St. Moritz,3787,GR,rm
7512,00,Champfèr,Silvaplana,3790,GR,rm
7513,00,Silvaplana,Silvaplana,3790,GR,rm
7513,02,Silvaplana-Surlej,Samedan,3786,GR,rm
7513,02,Silvaplana-Surlej,Silvaplana,3790,GR,rm
7514,00,Sils/Segl Maria,Sils im Engadin/Segl,3789,GR,multiple
7514,02,Fex,Sils im Engadin/Segl,3789,GR,rm
7515,00,Sils/Segl Baselgia,Sils im Engadin/Segl,3789,GR,multiple
7516,00,Maloja,Bregaglia,3792,GR,it
7517,00,Plaun da Lej,Sils im Engadin/Segl,3789,GR,rm
7522,00,La Punt Chamues-ch,La Punt Chamues-ch,3785,GR,rm
7523,00,Madulain,Madulain,3783,GR,rm
7524,00,Zuoz,Zuoz,3791,GR,rm
7525,00,S-chanf,S-chanf,3788,GR,rm
7526,00,Cinuos-chel,S-chanf,3788,GR,rm
7526,01,Chapella,S-chanf,3788,GR,rm
7527,00,Brail,Zernez,3746,GR,rm
7530,00,Zernez,Zernez,3746,GR,rm
7532,00,Tschierv,Val Müstair,3847,GR,rm
7533,00,Fuldera,Val Müstair,3847,GR,rm
7534,00,Lü,Val Müstair,3847,GR,rm
7535,00,Valchava,Val Müstair,3847,GR,rm
7536,00,Sta. Maria Val Müstair,Val Müstair,3847,GR,rm
7537,00,Müstair,Val Müstair,3847,GR,rm
7542,00,Susch,Zernez,3746,GR,rm
7543,00,Lavin,Zernez,3746,GR,rm
7545,00,Guarda,Scuol,3762,GR,rm
7546,00,Ardez,Scuol,3762,GR,rm
7550,00,Scuol,Scuol,3762,GR,rm
7551,00,Ftan,Scuol,3762,GR,rm
7552,00,Vulpera,Scuol,3762,GR,rm
7553,00,Tarasp,Scuol,3762,GR,rm
7554,00,Sent,Scuol,3762,GR,rm
7556,00,Ramosch,Valsot,3764,GR,rm
7557,00,Vnà,Scuol,3762,GR,rm
7557,00,Vnà,Valsot,3764,GR,rm
7558,00,Strada,Valsot,3764,GR,rm
7559,00,Tschlin,Valsot,3764,GR,rm
7560,00,Martina,Valsot,3764,GR,rm
7562,00,Samnaun-Compatsch,Samnaun,3752,GR,de
7563,00,Samnaun Dorf,Samnaun,3752,GR,de
7602,00,Casaccia,Bregaglia,3792,GR,it
7603,00,Vicosoprano,Bregaglia,3792,GR,it
7604,00,Borgonovo,Bregaglia,3792,GR,it
7605,00,Stampa,Bregaglia,3792,GR,it
7606,00,Promontogno,Bregaglia,3792,GR,it
7606,01,Bondo,Bregaglia,3792,GR,de
7608,00,Castasegna,Bregaglia,3792,GR,it
7610,00,Soglio,Bregaglia,3792,GR,it
7710,00,Ospizio Bernina,Poschiavo,3561,GR,it
7710,02,Alp Grüm,Poschiavo,3561,GR,it
7741,00,S. Carlo (Poschiavo),Poschiavo,3561,GR,it
7742,00,Poschiavo,Poschiavo,3561,GR,it
7742,02,Sfazù,Poschiavo,3561,GR,it
7742,03,La Rösa,Poschiavo,3561,GR,it
7743,00,Brusio,Brusio,3551,GR,it
7743,02,Miralago,Brusio,3551,GR,it
7743,02,Miralago,Poschiavo,3561,GR,it
7744,00,Campocologno,Brusio,3551,GR,it
7745,00,Li Curt,Poschiavo,3561,GR,it
7746,00,Le Prese,Poschiavo,3561,GR,it
7747,00,Viano,Brusio,3551,GR,it
7748,00,Campascio,Brusio,3551,GR,it
8001,00,Zürich,Zürich,261,ZH,de
8002,00,Zürich,Zürich,261,ZH,de
8003,00,Zürich,Zürich,261,ZH,de
8004,00,Zürich,Zürich,261,ZH,de
8005,00,Zürich,Zürich,261,ZH,de
8006,00,Zürich,Zürich,261,ZH,de
8008,00,Zürich,Zürich,261,ZH,de
8032,00,Zürich,Zürich,261,ZH,de
8037,00,Zürich,Zürich,261,ZH,de
8038,00,Zürich,Zürich,261,ZH,de
8041,00,Zürich,Adliswil,131,ZH,de
8041,00,Zürich,Zürich,261,ZH,de
8044,00,Zürich,Zürich,261,ZH,de
8044,01,Gockhausen,Dübendorf,191,ZH,de
8045,00,Zürich,Zürich,261,ZH,de
8046,00,Zürich,Zürich,261,ZH,de
8047,00,Zürich,Zürich,261,ZH,de
8048,00,Zürich,Zürich,261,ZH,de
8049,00,Zürich,Zürich,261,ZH,de
8050,00,Zürich,Zürich,261,ZH,de
8051,00,Zürich,Dübendorf,191,ZH,de
8051,00,Zürich,Zürich,261,ZH,de
8052,00,Zürich,Zürich,261,ZH,de
8052,00,Zürich,Opfikon,66,ZH,de
8052,00,Zürich,Rümlang,97,ZH,de
8053,00,Zürich,Zürich,261,ZH,de
8055,00,Zürich,Zürich,261,ZH,de
8057,00,Zürich,Zürich,261,ZH,de
8064,00,Zürich,Zürich,261,ZH,de
8102,00,Oberengstringen,Oberengstringen,245,ZH,de
8103,00,Unterengstringen,Unterengstringen,249,ZH,de
8104,00,Weiningen ZH,Weiningen (ZH),251,ZH,de
8105,00,Regensdorf,Regensdorf,96,ZH,de
8105,02,Watt,Regensdorf,96,ZH,de
8106,02,Adlikon b. Regensdorf,Regensdorf,96,ZH,de
8107,00,Buchs ZH,Buchs (ZH),83,ZH,de
8107,00,Buchs ZH,Otelfingen,94,ZH,de
8108,00,Dällikon,Dällikon,84,ZH,de
8109,00,Kloster Fahr,Würenlos,4048,AG,de
8112,00,Otelfingen,Otelfingen,94,ZH,de
8113,00,Boppelsen,Boppelsen,82,ZH,de
8114,00,Dänikon ZH,Dänikon,85,ZH,de
8115,00,Hüttikon,Hüttikon,87,ZH,de
8117,00,Fällanden,Fällanden,193,ZH,de
8118,00,Pfaffhausen,Fällanden,193,ZH,de
8121,00,Benglen,Fällanden,193,ZH,de
8122,00,Binz,Maur,195,ZH,de
8123,00,Ebmatingen,Maur,195,ZH,de
8124,00,Maur,Maur,195,ZH,de
8125,00,Zollikerberg,Zollikon,161,ZH,de
8125,00,Zollikerberg,Zürich,261,ZH,de
8126,00,Zumikon,Zumikon,160,ZH,de
8127,00,Forch,Küsnacht (ZH),154,ZH,de
8127,00,Forch,Egg,192,ZH,de
8127,00,Forch,Maur,195,ZH,de
8132,00,Egg b. Zürich,Egg,192,ZH,de
8132,02,Hinteregg,Egg,192,ZH,de
8132,02,Hinteregg,Maur,195,ZH,de
8133,00,Esslingen,Egg,192,ZH,de
8134,00,Adliswil,Stallikon,13,ZH,de
8134,00,Adliswil,Adliswil,131,ZH,de
8134,00,Adliswil,Zürich,261,ZH,de
8135,00,Langnau am Albis,Langnau am Albis,136,ZH,de
8135,02,Sihlbrugg Station,Horgen,295,ZH,de
8135,03,Sihlwald,Horgen,295,ZH,de
8136,00,Gattikon,Thalwil,141,ZH,de
8142,00,Uitikon Waldegg,Birmensdorf (ZH),242,ZH,de
8142,00,Uitikon Waldegg,Uitikon,248,ZH,de
8142,00,Uitikon Waldegg,Zürich,261,ZH,de
8143,00,Stallikon,Stallikon,13,ZH,de
8143,02,Uetliberg,Stallikon,13,ZH,de
8143,02,Uetliberg,Uitikon,248,ZH,de
8143,02,Uetliberg,Zürich,261,ZH,de
8152,00,Glattbrugg,Zürich,261,ZH,de
8152,00,Glattbrugg,Opfikon,66,ZH,de
8152,00,Glattbrugg,Rümlang,97,ZH,de
8152,01,Opfikon,Opfikon,66,ZH,de
8152,02,Glattpark (Opfikon),Opfikon,66,ZH,de
8153,00,Rümlang,Rümlang,97,ZH,de
8154,00,Oberglatt ZH,Oberglatt,92,ZH,de
8155,00,Niederhasli,Steinmaur,101,ZH,de
8155,00,Niederhasli,Niederglatt,89,ZH,de
8155,00,Niederhasli,Niederhasli,90,ZH,de
8155,01,Nassenwil,Niederhasli,90,ZH,de
8156,00,Oberhasli,Niederhasli,90,ZH,de
8157,00,Dielsdorf,Dielsdorf,86,ZH,de
8158,00,Regensberg,Boppelsen,82,ZH,de
8158,00,Regensberg,Regensberg,95,ZH,de
8162,00,Steinmaur,Steinmaur,101,ZH,de
8162,00,Steinmaur,Neerach,88,ZH,de
8162,01,Sünikon,Steinmaur,101,ZH,de
8164,00,Bachs,Bachs,81,ZH,de
8164,00,Bachs,Neerach,88,ZH,de
8165,00,Schöfflisdorf,Schöfflisdorf,99,ZH,de
8165,02,Oberweningen,Oberweningen,93,ZH,de
8165,03,Schleinikon,Schleinikon,98,ZH,de
8166,00,Niederweningen,Niederweningen,91,ZH,de
8172,00,Niederglatt ZH,Niederglatt,89,ZH,de
8173,00,Neerach,Neerach,88,ZH,de
8174,00,Stadel b. Niederglatt,Stadel,100,ZH,de
8174,00,Stadel b. Niederglatt,Neerach,88,ZH,de
8175,00,Windlach,Stadel,100,ZH,de
8180,00,Bülach,Bachenbülach,51,ZH,de
8180,00,Bülach,Bülach,53,ZH,de
8180,00,Bülach,Winkel,72,ZH,de
8181,00,Höri,Höri,60,ZH,de
8182,00,Hochfelden,Hochfelden,59,ZH,de
8184,00,Bachenbülach,Bachenbülach,51,ZH,de
8185,00,Winkel,Winkel,72,ZH,de
8187,00,Weiach,Weiach,102,ZH,de
8192,00,Glattfelden,Bülach,53,ZH,de
8192,00,Glattfelden,Glattfelden,58,ZH,de
8192,00,Glattfelden,Hochfelden,59,ZH,de
8192,01,Zweidlen,Glattfelden,58,ZH,de
8193,00,Eglisau,Eglisau,55,ZH,de
8193,00,Eglisau,Glattfelden,58,ZH,de
8194,00,Hüntwangen,Hüntwangen,61,ZH,de
8195,00,Wasterkingen,Wasterkingen,70,ZH,de
8196,00,Wil ZH,Wasterkingen,70,ZH,de
8196,00,Wil ZH,Wil (ZH),71,ZH,de
8197,00,Rafz,Eglisau,55,ZH,de
8197,00,Rafz,Rafz,67,ZH,de
8197,00,Rafz,Wil (ZH),71,ZH,de
8200,00,Schaffhausen,Büttenhardt,2914,SH,de
8200,00,Schaffhausen,Neuhausen am Rheinfall,2937,SH,de
8200,00,Schaffhausen,Schaffhausen,2939,SH,de
8203,00,Schaffhausen,Schaffhausen,2939,SH,de
8207,00,Schaffhausen,Schaffhausen,2939,SH,de
8208,00,Schaffhausen,Schaffhausen,2939,SH,de
8212,00,Neuhausen am Rheinfall,Neuhausen am Rheinfall,2937,SH,de
8212,00,Neuhausen am Rheinfall,Schaffhausen,2939,SH,de
8212,04,Nohl,Laufen-Uhwiesen,34,ZH,de
8213,00,Neunkirch,Neunkirch,2904,SH,de
8214,00,Gächlingen,Gächlingen,2901,SH,de
8215,00,Hallau,Hallau,2971,SH,de
8216,00,Oberhallau,Oberhallau,2972,SH,de
8217,00,Wilchingen,Neunkirch,2904,SH,de
8217,00,Wilchingen,Trasadingen,2973,SH,de
8217,00,Wilchingen,Wilchingen,2974,SH,de
8218,00,Osterfingen,Wilchingen,2974,SH,de
8219,00,Trasadingen,Trasadingen,2973,SH,de
8222,00,Beringen,Beringen,2932,SH,de
8222,00,Beringen,Schaffhausen,2939,SH,de
8223,00,Guntmadingen,Löhningen,2903,SH,de
8223,00,Guntmadingen,Neunkirch,2904,SH,de
8223,00,Guntmadingen,Beringen,2932,SH,de
8224,00,Löhningen,Löhningen,2903,SH,de
8224,00,Löhningen,Neunkirch,2904,SH,de
8225,00,Siblingen,Gächlingen,2901,SH,de
8225,00,Siblingen,Siblingen,2953,SH,de
8226,00,Schleitheim,Gächlingen,2901,SH,de
8226,00,Schleitheim,Beggingen,2951,SH,de
8226,00,Schleitheim,Schleitheim,2952,SH,de
8228,00,Beggingen,Beggingen,2951,SH,de
8231,00,Hemmental,Schaffhausen,2939,SH,de
8232,00,Merishausen,Merishausen,2936,SH,de
8233,00,Bargen SH,Bargen (SH),2931,SH,de
8234,00,Stetten SH,Stetten (SH),2919,SH,de
8235,00,Lohn SH,Lohn (SH),2917,SH,de
8236,00,Büttenhardt,Büttenhardt,2914,SH,de
8236,02,Opfertshofen SH,Thayngen,2920,SH,de
8239,00,Dörflingen,Dörflingen,2915,SH,de
8240,00,Thayngen,Thayngen,2920,SH,de
8241,00,Barzheim,Thayngen,2920,SH,de
8242,00,Bibern SH,Thayngen,2920,SH,de
8242,01,Hofen SH,Thayngen,2920,SH,de
8243,00,Altdorf SH,Thayngen,2920,SH,de
8245,00,Feuerthalen,Feuerthalen,27,ZH,de
8246,00,Langwiesen,Feuerthalen,27,ZH,de
8247,00,Flurlingen,Flurlingen,29,ZH,de
8248,00,Uhwiesen,Laufen-Uhwiesen,34,ZH,de
8252,00,Schlatt TG,Diessenhofen,4545,TG,de
8252,00,Schlatt TG,Schlatt (TG),4546,TG,de
8253,00,Diessenhofen,Diessenhofen,4545,TG,de
8253,02,Willisdorf,Diessenhofen,4545,TG,de
8254,00,Basadingen,Basadingen-Schlattingen,4536,TG,de
8255,00,Schlattingen,Basadingen-Schlattingen,4536,TG,de
8259,00,Kaltenbach,Wagenhausen,4871,TG,de
8259,02,Etzwilen,Wagenhausen,4871,TG,de
8259,03,Rheinklingen,Wagenhausen,4871,TG,de
8259,04,Wagenhausen,Wagenhausen,4871,TG,de
8260,00,Stein am Rhein,Stein am Rhein,2964,SH,de
8261,00,Hemishofen,Hemishofen,2962,SH,de
8262,00,Ramsen,Ramsen,2963,SH,de
8263,00,Buch SH,Buch (SH),2961,SH,de
8264,00,Eschenz,Eschenz,4806,TG,de
8264,00,Eschenz,Mammern,4826,TG,de
8265,00,Mammern,Mammern,4826,TG,de
8266,00,Steckborn,Steckborn,4864,TG,de
8267,00,Berlingen,Berlingen,4801,TG,de
8268,00,Mannenbach-Salenstein,Salenstein,4851,TG,de
8268,02,Salenstein,Salenstein,4851,TG,de
8269,00,Fruthwilen,Salenstein,4851,TG,de
8272,00,Ermatingen,Ermatingen,4646,TG,de
8273,00,Triboltingen,Ermatingen,4646,TG,de
8274,00,Tägerwilen,Tägerwilen,4696,TG,de
8274,02,Gottlieben,Gottlieben,4651,TG,de
8280,00,Kreuzlingen,Bottighofen,4643,TG,de
8280,00,Kreuzlingen,Kreuzlingen,4671,TG,de
8280,00,Kreuzlingen,Tägerwilen,4696,TG,de
8302,00,Kloten,Kloten,62,ZH,de
8303,00,Bassersdorf,Bassersdorf,52,ZH,de
8304,00,Wallisellen,Wallisellen,69,ZH,de
8305,00,Dietlikon,Dietlikon,54,ZH,de
8306,00,Brüttisellen,Wangen-Brüttisellen,200,ZH,de
8307,00,Effretikon,Volketswil,199,ZH,de
8307,00,Effretikon,Illnau-Effretikon,296,ZH,de
8307,02,Ottikon b. Kemptthal,Illnau-Effretikon,296,ZH,de
8308,00,Illnau,Fehraltorf,172,ZH,de
8308,00,Illnau,Illnau-Effretikon,296,ZH,de
8308,02,Agasul,Weisslingen,180,ZH,de
8308,02,Agasul,Illnau-Effretikon,296,ZH,de
8309,00,Nürensdorf,Kloten,62,ZH,de
8309,00,Nürensdorf,Nürensdorf,64,ZH,de
8310,00,Kemptthal,Lindau,176,ZH,de
8310,00,Kemptthal,Winterthur,230,ZH,de
8310,01,Grafstal,Lindau,176,ZH,de
8311,00,Brütten,Brütten,213,ZH,de
8312,00,Winterberg ZH,Lindau,176,ZH,de
8314,00,Kyburg,Illnau-Effretikon,296,ZH,de
8315,00,Lindau,Lindau,176,ZH,de
8317,00,Tagelswangen,Lindau,176,ZH,de
8320,00,Fehraltorf,Fehraltorf,172,ZH,de
8322,00,Madetswil,Russikon,178,ZH,de
8322,00,Madetswil,Wildberg,182,ZH,de
8322,02,Gündisau,Russikon,178,ZH,de
8330,00,Pfäffikon ZH,Pfäffikon,177,ZH,de
8331,00,Auslikon,Pfäffikon,177,ZH,de
8332,00,Russikon,Russikon,178,ZH,de
8332,02,Rumlikon,Russikon,178,ZH,de
8335,00,Hittnau,Hittnau,173,ZH,de
8340,00,Hinwil,Bäretswil,111,ZH,de
8340,00,Hinwil,Dürnten,113,ZH,de
8340,00,Hinwil,Fischenthal,114,ZH,de
8340,00,Hinwil,Hinwil,117,ZH,de
8342,00,Wernetshausen,Hinwil,117,ZH,de
8344,00,Bäretswil,Bäretswil,111,ZH,de
8345,00,Adetswil,Bäretswil,111,ZH,de
8345,00,Adetswil,Wetzikon (ZH),121,ZH,de
8352,00,Elsau,Elsau,219,ZH,de
8352,02,Ricketwil (Winterthur),Winterthur,230,ZH,de
8353,00,Elgg,Elgg,294,ZH,de
8354,00,Hofstetten ZH,Schlatt (ZH),226,ZH,de
8354,00,Hofstetten ZH,Elgg,294,ZH,de
8354,01,Dickbuch,Elgg,294,ZH,de
8355,00,Aadorf,Elgg,294,ZH,de
8355,00,Aadorf,Aadorf,4551,TG,de
8356,00,Ettenhausen TG,Aadorf,4551,TG,de
8357,00,Guntershausen b. Aadorf,Aadorf,4551,TG,de
8360,00,Eschlikon TG,Eschlikon,4724,TG,de
8360,00,Eschlikon TG,Münchwilen (TG),4746,TG,de
8360,02,Wallenwil,Eschlikon,4724,TG,de
8362,00,Balterswil,Bichelsee-Balterswil,4721,TG,de
8363,00,Bichelsee,Turbenthal,228,ZH,de
8363,00,Bichelsee,Bichelsee-Balterswil,4721,TG,de
8370,00,Sirnach,Eschlikon,4724,TG,de
8370,00,Sirnach,Sirnach,4761,TG,de
8371,00,Busswil TG,Sirnach,4761,TG,de
8372,00,Wiezikon b. Sirnach,Fischingen,4726,TG,de
8372,00,Wiezikon b. Sirnach,Sirnach,4761,TG,de
8374,00,Dussnang,Fischingen,4726,TG,de
8374,02,Oberwangen TG,Fischingen,4726,TG,de
8376,00,Fischingen,Kirchberg (SG),3392,SG,de
8376,00,Fischingen,Fischingen,4726,TG,de
8376,02,Au TG,Mosnang,3394,SG,de
8376,02,Au TG,Fischingen,4726,TG,de
8400,00,Winterthur,Winterthur,230,ZH,de
8404,00,Winterthur,Winterthur,230,ZH,de
8404,02,Reutlingen (Winterthur),Winterthur,230,ZH,de
8404,03,Stadel (Winterthur),Winterthur,230,ZH,de
8405,00,Winterthur,Schlatt (ZH),226,ZH,de
8405,00,Winterthur,Winterthur,230,ZH,de
8406,00,Winterthur,Winterthur,230,ZH,de
8408,00,Winterthur,Winterthur,230,ZH,de
8409,00,Winterthur,Winterthur,230,ZH,de
8412,00,Aesch (Neftenbach),Neftenbach,223,ZH,de
8412,01,Riet (Neftenbach),Neftenbach,223,ZH,de
8412,02,Hünikon (Neftenbach),Neftenbach,223,ZH,de
8413,00,Neftenbach,Neftenbach,223,ZH,de
8414,00,Buch am Irchel,Buch am Irchel,24,ZH,de
8415,00,Berg am Irchel,Berg am Irchel,23,ZH,de
8415,01,Gräslikon,Berg am Irchel,23,ZH,de
8416,00,Flaach,Flaach,28,ZH,de
8418,00,Schlatt ZH,Schlatt (ZH),226,ZH,de
8421,00,Dättlikon,Dättlikon,215,ZH,de
8422,00,Pfungen,Pfungen,224,ZH,de
8424,00,Embrach,Embrach,56,ZH,de
8425,00,Oberembrach,Oberembrach,65,ZH,de
8426,00,Lufingen,Lufingen,63,ZH,de
8427,02,Freienstein,Freienstein-Teufen,57,ZH,de
8427,03,Rorbas,Rorbas,68,ZH,de
8428,00,Teufen ZH,Freienstein-Teufen,57,ZH,de
8428,00,Teufen ZH,Rorbas,68,ZH,de
8442,00,Hettlingen,Hettlingen,221,ZH,de
8444,00,Henggart,Henggart,31,ZH,de
8447,00,Dachsen,Dachsen,25,ZH,de
8447,00,Dachsen,Laufen-Uhwiesen,34,ZH,de
8450,00,Andelfingen,Andelfingen,291,ZH,de
8451,00,Kleinandelfingen,Kleinandelfingen,33,ZH,de
8452,00,Adlikon b. Andelfingen,Andelfingen,291,ZH,de
8453,00,Alten,Kleinandelfingen,33,ZH,de
8454,00,Buchberg,Buchberg,2933,SH,de
8455,00,Rüdlingen,Buchberg,2933,SH,de
8455,00,Rüdlingen,Rüdlingen,2938,SH,de
8457,00,Humlikon,Andelfingen,291,ZH,de
8458,00,Dorf,Dorf,26,ZH,de
8459,00,Volken,Volken,43,ZH,de
8460,00,Marthalen,Marthalen,35,ZH,de
8461,00,Oerlingen,Kleinandelfingen,33,ZH,de
8462,00,Rheinau,Rheinau,38,ZH,de
8463,00,Benken ZH,Benken (ZH),22,ZH,de
8464,00,Ellikon am Rhein,Marthalen,35,ZH,de
8464,00,Ellikon am Rhein,Rheinau,38,ZH,de
8465,00,Rudolfingen,Trüllikon,40,ZH,de
8465,01,Wildensbuch,Trüllikon,40,ZH,de
8466,00,Trüllikon,Ossingen,37,ZH,de
8466,00,Trüllikon,Trüllikon,40,ZH,de
8467,00,Truttikon,Truttikon,41,ZH,de
8468,00,Waltalingen,Stammheim,292,ZH,de
8468,02,Guntalingen,Stammheim,292,ZH,de
8471,00,Rutschwil (Dägerlen),Dägerlen,214,ZH,de
8471,02,Dägerlen,Dägerlen,214,ZH,de
8471,03,Oberwil (Dägerlen),Dägerlen,214,ZH,de
8471,04,Berg (Dägerlen),Dägerlen,214,ZH,de
8471,05,Bänk (Dägerlen),Dägerlen,214,ZH,de
8472,00,Seuzach,Seuzach,227,ZH,de
8472,01,Unterohringen,Seuzach,227,ZH,de
8472,02,Oberohringen,Seuzach,227,ZH,de
8474,00,Dinhard,Dinhard,216,ZH,de
8475,00,Ossingen,Ossingen,37,ZH,de
8476,00,Unterstammheim,Stammheim,292,ZH,de
8476,00,Unterstammheim,Basadingen-Schlattingen,4536,TG,de
8477,00,Oberstammheim,Stammheim,292,ZH,de
8478,00,Thalheim an der Thur,Thalheim an der Thur,39,ZH,de
8479,00,Altikon,Altikon,211,ZH,de
8482,00,Sennhof (Winterthur),Winterthur,230,ZH,de
8482,00,Sennhof (Winterthur),Illnau-Effretikon,296,ZH,de
8483,00,Kollbrunn,Zell (ZH),231,ZH,de
8483,00,Kollbrunn,Illnau-Effretikon,296,ZH,de
8484,00,Weisslingen,Weisslingen,180,ZH,de
8484,02,Neschwil,Weisslingen,180,ZH,de
8484,03,Theilingen,Weisslingen,180,ZH,de
8486,00,Rikon im Tösstal,Weisslingen,180,ZH,de
8486,00,Rikon im Tösstal,Zell (ZH),231,ZH,de
8487,00,Zell ZH,Zell (ZH),231,ZH,de
8487,01,Rämismühle,Zell (ZH),231,ZH,de
8488,00,Turbenthal,Wildberg,182,ZH,de
8488,00,Turbenthal,Turbenthal,228,ZH,de
8489,00,Wildberg,Wildberg,182,ZH,de
8489,01,Schalchen,Wildberg,182,ZH,de
8489,02,Ehrikon,Wildberg,182,ZH,de
8492,00,Wila,Wila,181,ZH,de
8492,00,Wila,Turbenthal,228,ZH,de
8493,00,Saland,Wila,181,ZH,de
8493,00,Saland,Bauma,297,ZH,de
8494,00,Bauma,Fischenthal,114,ZH,de
8494,00,Bauma,Bauma,297,ZH,de
8495,00,Schmidrüti,Turbenthal,228,ZH,de
8495,00,Schmidrüti,Fischingen,4726,TG,de
8496,00,Steg im Tösstal,Fischenthal,114,ZH,de
8496,00,Steg im Tösstal,Mosnang,3394,SG,de
8497,00,Fischenthal,Fischenthal,114,ZH,de
8497,00,Fischenthal,Wald (ZH),120,ZH,de
8498,00,Gibswil,Bäretswil,111,ZH,de
8498,00,Gibswil,Fischenthal,114,ZH,de
8498,00,Gibswil,Hinwil,117,ZH,de
8499,00,Sternenberg,Bauma,297,ZH,de
8499,00,Sternenberg,Fischingen,4726,TG,de
8500,00,Frauenfeld,Felben-Wellhausen,4561,TG,de
8500,00,Frauenfeld,Frauenfeld,4566,TG,de
8500,00,Frauenfeld,Gachnang,4571,TG,de
8500,00,Frauenfeld,Matzingen,4591,TG,de
8500,00,Frauenfeld,Thundorf,4611,TG,de
8500,04,Gerlikon,Hagenbuch,220,ZH,de
8500,04,Gerlikon,Frauenfeld,4566,TG,de
8505,00,Pfyn,Pfyn,4841,TG,de
8505,02,Dettighofen,Pfyn,4841,TG,de
8506,00,Lanzenneunforn,Herdern,4811,TG,de
8507,00,Hörhausen,Homburg,4816,TG,de
8507,00,Hörhausen,Mammern,4826,TG,de
8508,00,Homburg,Homburg,4816,TG,de
8508,00,Homburg,Pfyn,4841,TG,de
8512,00,Thundorf,Thundorf,4611,TG,de
8512,02,Lustdorf,Thundorf,4611,TG,de
8512,03,Wetzikon TG,Thundorf,4611,TG,de
8514,00,Amlikon-Bissegg,Affeltrangen,4711,TG,de
8514,00,Amlikon-Bissegg,Amlikon-Bissegg,4881,TG,de
8522,00,Häuslenen,Aadorf,4551,TG,de
8522,02,Aawangen,Aadorf,4551,TG,de
8523,00,Hagenbuch ZH,Hagenbuch,220,ZH,de
8523,00,Hagenbuch ZH,Elgg,294,ZH,de
8524,00,Uesslingen,Uesslingen-Buch,4616,TG,de
8524,02,Buch b. Frauenfeld,Uesslingen-Buch,4616,TG,de
8525,00,Niederneunforn,Neunforn,4601,TG,de
8525,02,Wilen b. Neunforn,Stammheim,292,ZH,de
8525,02,Wilen b. Neunforn,Neunforn,4601,TG,de
8526,00,Oberneunforn,Neunforn,4601,TG,de
8532,00,Warth,Warth-Weiningen,4621,TG,de
8532,02,Weiningen TG,Warth-Weiningen,4621,TG,de
8532,02,Weiningen TG,Herdern,4811,TG,de
8535,00,Herdern,Herdern,4811,TG,de
8535,00,Herdern,Hüttwilen,4821,TG,de
8536,00,Hüttwilen,Warth-Weiningen,4621,TG,de
8536,00,Hüttwilen,Herdern,4811,TG,de
8536,00,Hüttwilen,Hüttwilen,4821,TG,de
8537,00,Nussbaumen TG,Hüttwilen,4821,TG,de
8537,02,Uerschhausen,Hüttwilen,4821,TG,de
8542,00,Wiesendangen,Winterthur,230,ZH,de
8542,00,Wiesendangen,Wiesendangen,298,ZH,de
8543,00,Bertschikon,Wiesendangen,298,ZH,de
8543,01,Gundetswil,Wiesendangen,298,ZH,de
8543,02,Kefikon ZH,Wiesendangen,298,ZH,de
8544,00,Attikon,Wiesendangen,298,ZH,de
8545,00,Rickenbach ZH,Rickenbach (ZH),225,ZH,de
8545,01,Rickenbach Sulz,Rickenbach (ZH),225,ZH,de
8545,01,Rickenbach Sulz,Winterthur,230,ZH,de
8546,00,Islikon,Gachnang,4571,TG,de
8546,02,Kefikon TG,Gachnang,4571,TG,de
8546,03,Menzengrüt,Wiesendangen,298,ZH,de
8547,00,Gachnang,Gachnang,4571,TG,de
8548,00,Ellikon an der Thur,Ellikon an der Thur,218,ZH,de
8552,00,Felben-Wellhausen,Felben-Wellhausen,4561,TG,de
8553,02,Harenwilen,Hüttlingen,4590,TG,de
8553,03,Mettendorf TG,Hüttlingen,4590,TG,de
8553,04,Hüttlingen,Hüttlingen,4590,TG,de
8553,05,Eschikofen,Hüttlingen,4590,TG,de
8554,00,Müllheim-Wigoltingen,Wigoltingen,4951,TG,de
8554,03,Bonau,Amlikon-Bissegg,4881,TG,de
8554,03,Bonau,Wigoltingen,4951,TG,de
8555,00,Müllheim Dorf,Müllheim,4831,TG,de
8556,00,Wigoltingen,Wigoltingen,4951,TG,de
8556,02,Engwang,Wigoltingen,4951,TG,de
8556,03,Illhart,Wigoltingen,4951,TG,de
8556,04,Lamperswil TG,Wigoltingen,4951,TG,de
8558,00,Raperswilen,Wäldi,4701,TG,de
8558,00,Raperswilen,Raperswilen,4846,TG,de
8560,00,Märstetten,Märstetten,4941,TG,de
8560,00,Märstetten,Wigoltingen,4951,TG,de
8561,00,Ottoberg,Märstetten,4941,TG,de
8564,00,Hefenhausen,Wäldi,4701,TG,de
8564,02,Engwilen,Wäldi,4701,TG,de
8564,02,Engwilen,Wigoltingen,4951,TG,de
8564,03,Sonterswil,Wäldi,4701,TG,de
8564,04,Wäldi,Wäldi,4701,TG,de
8564,05,Lipperswil,Wäldi,4701,TG,de
8564,06,Wagerswil,Wigoltingen,4951,TG,de
8564,07,Hattenhausen,Wäldi,4701,TG,de
8564,08,Gunterswilen,Wäldi,4701,TG,de
8565,00,Hugelshofen,Kemmental,4666,TG,de
8566,00,Neuwilen,Kemmental,4666,TG,de
8566,02,Dotnacht,Kemmental,4666,TG,de
8566,04,Ellighausen,Kemmental,4666,TG,de
8566,05,Lippoldswilen,Kemmental,4666,TG,de
8570,00,Weinfelden,Berg (TG),4891,TG,de
8570,00,Weinfelden,Weinfelden,4946,TG,de
8572,00,Berg TG,Berg (TG),4891,TG,de
8572,02,Andhausen,Berg (TG),4891,TG,de
8572,03,Graltshausen,Berg (TG),4891,TG,de
8572,04,Guntershausen b. Berg,Berg (TG),4891,TG,de
8573,00,Siegershausen,Kemmental,4666,TG,de
8573,02,Alterswilen,Kemmental,4666,TG,de
8573,03,Altishausen,Kemmental,4666,TG,de
8574,01,Illighausen,Lengwil,4683,TG,de
8574,02,Oberhofen TG,Lengwil,4683,TG,de
8574,03,Lengwil,Lengwil,4683,TG,de
8574,04,Dettighofen (Lengwil),Lengwil,4683,TG,de
8575,00,Bürglen TG,Bürglen (TG),4911,TG,de
8575,00,Bürglen TG,Bussnang,4921,TG,de
8575,00,Bürglen TG,Weinfelden,4946,TG,de
8575,01,Istighofen,Bürglen (TG),4911,TG,de
8576,00,Mauren TG,Berg (TG),4891,TG,de
8577,00,Schönholzerswilen,Schönholzerswilen,4756,TG,de
8580,00,Amriswil,Salmsach,4441,TG,de
8580,00,Amriswil,Amriswil,4461,TG,de
8580,03,Sommeri,Sommeri,4446,TG,de
8580,05,Hagenwil b. Amriswil,Muolen,3202,SG,de
8580,05,Hagenwil b. Amriswil,Amriswil,4461,TG,de
8580,07,Hefenhofen,Hefenhofen,4416,TG,de
8580,08,Biessenhofen,Amriswil,4461,TG,de
8581,00,Schocherswil,Amriswil,4461,TG,de
8582,00,Dozwil,Dozwil,4406,TG,de
8583,00,Sulgen,Sulgen,4506,TG,de
8583,01,Götighofen,Sulgen,4506,TG,de
8583,02,Donzhausen,Sulgen,4506,TG,de
8584,00,Leimbach TG,Bürglen (TG),4911,TG,de
8584,01,Opfershofen TG,Berg (TG),4891,TG,de
8584,01,Opfershofen TG,Bürglen (TG),4911,TG,de
8585,01,Mattwil,Birwinken,4901,TG,de
8585,02,Happerswil,Birwinken,4901,TG,de
8585,04,Langrickenbach,Langrickenbach,4681,TG,de
8585,05,Zuben,Langrickenbach,4681,TG,de
8585,07,Schönenbaumgarten,Langrickenbach,4681,TG,de
8585,08,Herrenhof,Langrickenbach,4681,TG,de
8585,09,Birwinken,Birwinken,4901,TG,de
8585,10,Klarsreuti,Birwinken,4901,TG,de
8586,00,Erlen,Erlen,4476,TG,de
8586,02,Andwil TG,Birwinken,4901,TG,de
8586,03,Kümmertshausen,Erlen,4476,TG,de
8586,03,Kümmertshausen,Langrickenbach,4681,TG,de
8586,05,Riedt b. Erlen,Erlen,4476,TG,de
8586,07,Buchackern,Erlen,4476,TG,de
8586,08,Engishofen,Erlen,4476,TG,de
8586,09,Ennetaach,Erlen,4476,TG,de
8586,10,Buch b. Kümmertshausen,Birwinken,4901,TG,de
8587,00,Oberaach,Amriswil,4461,TG,de
8588,00,Zihlschlacht,Zihlschlacht-Sitterdorf,4511,TG,de
8589,00,Sitterdorf,Bischofszell,4471,TG,de
8589,00,Sitterdorf,Zihlschlacht-Sitterdorf,4511,TG,de
8590,00,Romanshorn,Romanshorn,4436,TG,de
8590,00,Romanshorn,Uttwil,4451,TG,de
8592,00,Uttwil,Uttwil,4451,TG,de
8593,00,Kesswil,Kesswil,4426,TG,de
8594,00,Güttingen,Güttingen,4656,TG,de
8595,00,Altnau,Altnau,4641,TG,de
8596,00,Scherzingen,Münsterlingen,4691,TG,de
8596,01,Münsterlingen,Münsterlingen,4691,TG,de
8597,00,Landschlacht,Münsterlingen,4691,TG,de
8598,00,Bottighofen,Bottighofen,4643,TG,de
8598,00,Bottighofen,Kreuzlingen,4671,TG,de
8599,00,Salmsach,Salmsach,4441,TG,de
8600,00,Dübendorf,Dübendorf,191,ZH,de
8600,00,Dübendorf,Schwerzenbach,197,ZH,de
8600,00,Dübendorf,Dietlikon,54,ZH,de
8602,00,Wangen b. Dübendorf,Wangen-Brüttisellen,200,ZH,de
8603,00,Schwerzenbach,Dübendorf,191,ZH,de
8603,00,Schwerzenbach,Schwerzenbach,197,ZH,de
8604,00,Volketswil,Volketswil,199,ZH,de
8605,00,Gutenswil,Uster,198,ZH,de
8605,00,Gutenswil,Volketswil,199,ZH,de
8606,00,Nänikon,Uster,198,ZH,de
8606,02,Greifensee,Greifensee,194,ZH,de
8607,00,Aathal-Seegräben,Seegräben,119,ZH,de
8607,00,Aathal-Seegräben,Mönchaltorf,196,ZH,de
8608,00,Bubikon,Bubikon,112,ZH,de
8608,00,Bubikon,Dürnten,113,ZH,de
8610,00,Uster,Uster,198,ZH,de
8614,00,Bertschikon (Gossau ZH),Gossau (ZH),115,ZH,de
8614,02,Sulzbach,Uster,198,ZH,de
8615,00,Wermatswil,Uster,198,ZH,de
8615,02,Freudwil,Uster,198,ZH,de
8616,00,Riedikon,Uster,198,ZH,de
8617,00,Mönchaltorf,Gossau (ZH),115,ZH,de
8617,00,Mönchaltorf,Mönchaltorf,196,ZH,de
8617,00,Mönchaltorf,Uster,198,ZH,de
8618,00,Oetwil am See,Männedorf,155,ZH,de
8618,00,Oetwil am See,Oetwil am See,157,ZH,de
8620,00,Wetzikon ZH,Wetzikon (ZH),121,ZH,de
8623,00,Wetzikon ZH,Wetzikon (ZH),121,ZH,de
8623,00,Wetzikon ZH,Pfäffikon,177,ZH,de
8624,00,Grüt (Gossau ZH),Gossau (ZH),115,ZH,de
8625,00,Gossau ZH,Gossau (ZH),115,ZH,de
8626,00,Ottikon (Gossau ZH),Gossau (ZH),115,ZH,de
8627,00,Grüningen,Gossau (ZH),115,ZH,de
8627,00,Grüningen,Grüningen,116,ZH,de
8627,00,Grüningen,Hombrechtikon,153,ZH,de
8630,00,Rüti ZH,Dürnten,113,ZH,de
8630,00,Rüti ZH,Rüti (ZH),118,ZH,de
8630,00,Rüti ZH,Rapperswil-Jona,3340,SG,de
8632,00,Tann,Dürnten,113,ZH,de
8633,00,Wolfhausen,Bubikon,112,ZH,de
8633,00,Wolfhausen,Rapperswil-Jona,3340,SG,de
8634,00,Hombrechtikon,Hombrechtikon,153,ZH,de
8634,00,Hombrechtikon,Stäfa,158,ZH,de
8635,00,Dürnten,Dürnten,113,ZH,de
8636,00,Wald ZH,Dürnten,113,ZH,de
8636,00,Wald ZH,Rüti (ZH),118,ZH,de
8636,00,Wald ZH,Wald (ZH),120,ZH,de
8636,00,Wald ZH,Eschenbach (SG),3342,SG,de
8637,00,Laupen ZH,Wald (ZH),120,ZH,de
8637,00,Laupen ZH,Eschenbach (SG),3342,SG,de
8638,00,Goldingen,Eschenbach (SG),3342,SG,de
8640,00,Rapperswil SG,Rapperswil-Jona,3340,SG,de
8640,03,Hurden,Freienbach,1322,SZ,de
8645,00,Jona,Rapperswil-Jona,3340,SG,de
8646,00,Wagen,Rapperswil-Jona,3340,SG,de
8700,00,Küsnacht ZH,Küsnacht (ZH),154,ZH,de
8702,00,Zollikon,Zollikon,161,ZH,de
8703,00,Erlenbach ZH,Erlenbach (ZH),151,ZH,de
8703,00,Erlenbach ZH,Herrliberg,152,ZH,de
8704,00,Herrliberg,Herrliberg,152,ZH,de
8706,00,Meilen,Meilen,156,ZH,de
8707,00,Uetikon am See,Uetikon am See,159,ZH,de
8708,00,Männedorf,Männedorf,155,ZH,de
8712,00,Stäfa,Stäfa,158,ZH,de
8713,00,Uerikon,Stäfa,158,ZH,de
8714,00,Feldbach,Hombrechtikon,153,ZH,de
8714,00,Feldbach,Rapperswil-Jona,3340,SG,de
8715,00,Bollingen,Rapperswil-Jona,3340,SG,de
8716,00,Schmerikon,Schmerikon,3338,SG,de
8716,00,Schmerikon,Uznach,3339,SG,de
8717,00,Benken SG,Benken (SG),3312,SG,de
8717,00,Benken SG,Kaltbrunn,3313,SG,de
8718,00,Schänis,Schänis,3315,SG,de
8722,00,Kaltbrunn,Kaltbrunn,3313,SG,de
8722,00,Kaltbrunn,Schänis,3315,SG,de
8723,00,Rufi,Schänis,3315,SG,de
8723,02,Maseltrangen,Schänis,3315,SG,de
8725,00,Ernetschwil,Uznach,3339,SG,de
8725,00,Ernetschwil,Gommiswald,3341,SG,de
8725,02,Gebertingen,Gommiswald,3341,SG,de
8725,02,Gebertingen,Eschenbach (SG),3342,SG,de
8726,00,Ricken SG,Gommiswald,3341,SG,de
8726,00,Ricken SG,Wattwil,3379,SG,de
8727,00,Walde SG,Eschenbach (SG),3342,SG,de
8730,00,Uznach,Tuggen,1347,SZ,de
8730,00,Uznach,Schmerikon,3338,SG,de
8730,00,Uznach,Uznach,3339,SG,de
8730,00,Uznach,Gommiswald,3341,SG,de
8732,00,Neuhaus SG,Eschenbach (SG),3342,SG,de
8733,00,Eschenbach SG,Eschenbach (SG),3342,SG,de
8734,00,Ermenswil,Rapperswil-Jona,3340,SG,de
8734,00,Ermenswil,Eschenbach (SG),3342,SG,de
8735,00,St. Gallenkappel,Eschenbach (SG),3342,SG,de
8735,02,Rüeterswil,Eschenbach (SG),3342,SG,de
8737,00,Gommiswald,Gommiswald,3341,SG,de
8738,00,Uetliburg SG,Gommiswald,3341,SG,de
8739,00,Rieden SG,Gommiswald,3341,SG,de
8750,00,Glarus,Glarus Süd,1631,GL,de
8750,00,Glarus,Glarus,1632,GL,de
8750,02,Riedern,Glarus,1632,GL,de
8750,03,Klöntal,Muotathal,1367,SZ,de
8750,03,Klöntal,Glarus,1632,GL,de
8751,00,Urnerboden,Spiringen,1218,UR,de
8752,00,Näfels,Glarus Nord,1630,GL,de
8753,00,Mollis,Glarus Nord,1630,GL,de
8754,00,Netstal,Glarus Nord,1630,GL,de
8754,00,Netstal,Glarus,1632,GL,de
8755,00,Ennenda,Glarus Süd,1631,GL,de
8755,00,Ennenda,Glarus,1632,GL,de
8756,00,Mitlödi,Glarus Süd,1631,GL,de
8757,00,Filzbach,Glarus Nord,1630,GL,de
8758,00,Obstalden,Glarus Nord,1630,GL,de
8762,00,Schwanden GL,Glarus Süd,1631,GL,de
8762,02,Schwändi b. Schwanden,Glarus Süd,1631,GL,de
8762,03,Sool,Glarus Süd,1631,GL,de
8765,00,Engi,Glarus Süd,1631,GL,de
8766,00,Matt,Glarus Süd,1631,GL,de
8767,00,Elm,Glarus Süd,1631,GL,de
8772,00,Nidfurn,Glarus Süd,1631,GL,de
8773,00,Haslen GL,Glarus Süd,1631,GL,de
8774,00,Leuggelbach,Glarus Süd,1631,GL,de
8775,01,Luchsingen,Glarus Süd,1631,GL,de
8775,02,Hätzingen,Glarus Süd,1631,GL,de
8777,00,Diesbach GL,Glarus Süd,1631,GL,de
8777,02,Betschwanden,Glarus Süd,1631,GL,de
8782,00,Rüti GL,Glarus Süd,1631,GL,de
8783,00,Linthal,Glarus Süd,1631,GL,de
8784,00,Braunwald,Glarus Süd,1631,GL,de
8800,00,Thalwil,Thalwil,141,ZH,de
8802,00,Kilchberg ZH,Kilchberg (ZH),135,ZH,de
8803,00,Rüschlikon,Kilchberg (ZH),135,ZH,de
8803,00,Rüschlikon,Rüschlikon,139,ZH,de
8804,00,Au ZH,Wädenswil,293,ZH,de
8805,00,Richterswil,Richterswil,138,ZH,de
8806,00,Bäch SZ,Freienbach,1322,SZ,de
8806,00,Bäch SZ,Wollerau,1323,SZ,de
8807,00,Freienbach,Freienbach,1322,SZ,de
8808,00,Pfäffikon SZ,Freienbach,1322,SZ,de
8810,00,Horgen,Horgen,295,ZH,de
8815,00,Horgenberg,Horgen,295,ZH,de
8816,00,Hirzel,Horgen,295,ZH,de
8820,00,Wädenswil,Wädenswil,293,ZH,de
8824,00,Schönenberg ZH,Wädenswil,293,ZH,de
8825,00,Hütten,Wädenswil,293,ZH,de
8832,00,Wollerau,Feusisberg,1321,SZ,de
8832,00,Wollerau,Freienbach,1322,SZ,de
8832,00,Wollerau,Wollerau,1323,SZ,de
8832,02,Wilen b. Wollerau,Freienbach,1322,SZ,de
8833,00,Samstagern,Wollerau,1323,SZ,de
8833,00,Samstagern,Richterswil,138,ZH,de
8834,00,Schindellegi,Feusisberg,1321,SZ,de
8834,00,Schindellegi,Wollerau,1323,SZ,de
8835,00,Feusisberg,Feusisberg,1321,SZ,de
8836,00,Bennau,Einsiedeln,1301,SZ,de
8836,00,Bennau,Feusisberg,1321,SZ,de
8836,00,Bennau,Oberägeri,1706,ZG,de
8840,00,Einsiedeln,Einsiedeln,1301,SZ,de
8840,02,Trachslau,Einsiedeln,1301,SZ,de
8841,00,Gross,Einsiedeln,1301,SZ,de
8842,00,Unteriberg,Oberiberg,1368,SZ,de
8842,00,Unteriberg,Schwyz,1372,SZ,de
8842,00,Unteriberg,Unteriberg,1375,SZ,de
8843,00,Oberiberg,Oberiberg,1368,SZ,de
8843,00,Oberiberg,Schwyz,1372,SZ,de
8844,00,Euthal,Einsiedeln,1301,SZ,de
8844,00,Euthal,Unteriberg,1375,SZ,de
8845,00,Studen SZ,Unteriberg,1375,SZ,de
8846,00,Willerzell,Einsiedeln,1301,SZ,de
8846,00,Willerzell,Altendorf,1341,SZ,de
8847,00,Egg SZ,Einsiedeln,1301,SZ,de
8847,00,Egg SZ,Feusisberg,1321,SZ,de
8849,00,Alpthal,Alpthal,1361,SZ,de
8852,00,Altendorf,Altendorf,1341,SZ,de
8853,00,Lachen SZ,Galgenen,1342,SZ,de
8853,00,Lachen SZ,Lachen,1344,SZ,de
8853,00,Lachen SZ,Wangen (SZ),1349,SZ,de
8854,00,Siebnen,Galgenen,1342,SZ,de
8854,00,Siebnen,Schübelbach,1346,SZ,de
8854,00,Siebnen,Wangen (SZ),1349,SZ,de
8854,02,Galgenen,Galgenen,1342,SZ,de
8855,00,Wangen SZ,Schübelbach,1346,SZ,de
8855,00,Wangen SZ,Tuggen,1347,SZ,de
8855,00,Wangen SZ,Wangen (SZ),1349,SZ,de
8856,00,Tuggen,Tuggen,1347,SZ,de
8857,00,Vorderthal,Vorderthal,1348,SZ,de
8858,00,Innerthal,Innerthal,1343,SZ,de
8862,00,Schübelbach,Schübelbach,1346,SZ,de
8863,00,Buttikon SZ,Schübelbach,1346,SZ,de
8863,00,Buttikon SZ,Benken (SG),3312,SG,de
8864,00,Reichenburg,Reichenburg,1345,SZ,de
8865,00,Bilten,Glarus Nord,1630,GL,de
8866,00,Ziegelbrücke,Glarus Nord,1630,GL,de
8866,00,Ziegelbrücke,Schänis,3315,SG,de
8867,00,Niederurnen,Glarus Nord,1630,GL,de
8868,00,Oberurnen,Glarus Nord,1630,GL,de
8872,00,Weesen,Glarus Nord,1630,GL,de
8872,00,Weesen,Amden,3311,SG,de
8872,00,Weesen,Weesen,3316,SG,de
8873,00,Amden,Amden,3311,SG,de
8874,00,Mühlehorn,Glarus Nord,1630,GL,de
8877,00,Murg,Quarten,3295,SG,de
8878,00,Quinten,Quarten,3295,SG,de
8878,00,Quinten,Walenstadt,3298,SG,de
8880,00,Walenstadt,Walenstadt,3298,SG,de
8881,01,Walenstadtberg,Walenstadt,3298,SG,de
8881,06,Tscherlach,Walenstadt,3298,SG,de
8882,00,Unterterzen,Quarten,3295,SG,de
8883,00,Quarten,Quarten,3295,SG,de
8884,00,Oberterzen,Quarten,3295,SG,de
8885,00,Mols,Quarten,3295,SG,de
8886,00,Mädris-Vermol,Mels,3293,SG,de
8887,00,Mels,Mels,3293,SG,de
8888,00,Heiligkreuz (Mels),Flums,3292,SG,de
8888,00,Heiligkreuz (Mels),Mels,3293,SG,de
8888,00,Heiligkreuz (Mels),Sargans,3296,SG,de
8889,00,Plons,Mels,3293,SG,de
8890,00,Flums,Flums,3292,SG,de
8890,00,Flums,Walenstadt,3298,SG,de
8892,00,Berschis,Flums,3292,SG,de
8892,00,Berschis,Walenstadt,3298,SG,de
8893,00,Flums Hochwiese,Flums,3292,SG,de
8893,00,Flums Hochwiese,Walenstadt,3298,SG,de
8894,00,Flumserberg Saxli,Flums,3292,SG,de
8895,00,Flumserberg Portels,Flums,3292,SG,de
8896,00,Flumserberg Bergheim,Flums,3292,SG,de
8896,00,Flumserberg Bergheim,Quarten,3295,SG,de
8896,00,Flumserberg Bergheim,Walenstadt,3298,SG,de
8897,00,Flumserberg Tannenheim,Flums,3292,SG,de
8898,00,Flumserberg Tannenbodenalp,Flums,3292,SG,de
8898,00,Flumserberg Tannenbodenalp,Quarten,3295,SG,de
8902,00,Urdorf,Schlieren,247,ZH,de
8902,00,Urdorf,Urdorf,250,ZH,de
8903,00,Birmensdorf ZH,Birmensdorf (ZH),242,ZH,de
8904,00,Aesch ZH,Aesch (ZH),241,ZH,de
8905,02,Islisberg,Islisberg,4084,AG,de
8905,03,Arni AG,Arni (AG),4061,AG,de
8906,00,Bonstetten,Bonstetten,3,ZH,de
8907,00,Wettswil,Wettswil am Albis,14,ZH,de
8908,00,Hedingen,Hedingen,5,ZH,de
8909,00,Zwillikon,Affoltern am Albis,2,ZH,de
8910,00,Affoltern am Albis,Obfelden,10,ZH,de
8910,00,Affoltern am Albis,Affoltern am Albis,2,ZH,de
8911,00,Rifferswil,Rifferswil,12,ZH,de
8912,00,Obfelden,Obfelden,10,ZH,de
8913,00,Ottenbach,Ottenbach,11,ZH,de
8914,00,Aeugst am Albis,Aeugst am Albis,1,ZH,de
8914,02,Aeugstertal,Aeugst am Albis,1,ZH,de
8915,00,Hausen am Albis,Hausen am Albis,4,ZH,de
8916,00,Jonen,Jonen,4071,AG,de
8917,00,Oberlunkhofen,Oberlunkhofen,4073,AG,de
8918,00,Unterlunkhofen,Unterlunkhofen,4079,AG,de
8919,00,Rottenschwil,Rottenschwil,4238,AG,de
8925,00,Ebertswil,Hausen am Albis,4,ZH,de
8926,00,Kappel am Albis,Kappel am Albis,6,ZH,de
8926,02,Hauptikon,Kappel am Albis,6,ZH,de
8926,03,Uerzlikon,Kappel am Albis,6,ZH,de
8932,00,Mettmenstetten,Mettmenstetten,9,ZH,de
8933,00,Maschwanden,Maschwanden,8,ZH,de
8934,00,Knonau,Knonau,7,ZH,de
8942,00,Oberrieden,Oberrieden,137,ZH,de
8951,00,Fahrweid,Geroldswil,244,ZH,de
8951,00,Fahrweid,Unterengstringen,249,ZH,de
8951,00,Fahrweid,Weiningen (ZH),251,ZH,de
8952,00,Schlieren,Schlieren,247,ZH,de
8952,00,Schlieren,Zürich,261,ZH,de
8953,00,Dietikon,Dietikon,243,ZH,de
8953,00,Dietikon,Spreitenbach,4040,AG,de
8954,00,Geroldswil,Geroldswil,244,ZH,de
8955,00,Oetwil an der Limmat,Oetwil an der Limmat,246,ZH,de
8956,00,Killwangen,Killwangen,4030,AG,de
8957,00,Spreitenbach,Spreitenbach,4040,AG,de
8962,00,Bergdietikon,Bergdietikon,4023,AG,de
8964,00,Rudolfstetten,Berikon,4062,AG,de
8964,00,Rudolfstetten,Rudolfstetten-Friedlisberg,4075,AG,de
8965,00,Berikon,Berikon,4062,AG,de
8966,00,Oberwil-Lieli,Oberwil-Lieli,4074,AG,de
8967,00,Widen,Bellikon,4022,AG,de
8967,00,Widen,Bergdietikon,4023,AG,de
8967,00,Widen,Widen,4081,AG,de
9000,00,St. Gallen,St. Gallen,3203,SG,de
9008,00,St. Gallen,St. Gallen,3203,SG,de
9008,00,St. Gallen,Wittenbach,3204,SG,de
9010,00,St. Gallen,St. Gallen,3203,SG,de
9011,00,St. Gallen,St. Gallen,3203,SG,de
9012,00,St. Gallen,Teufen (AR),3024,AR,de
9012,00,St. Gallen,St. Gallen,3203,SG,de
9014,00,St. Gallen,Stein (AR),3005,AR,de
9014,00,St. Gallen,St. Gallen,3203,SG,de
9015,00,St. Gallen,St. Gallen,3203,SG,de
9015,00,St. Gallen,Gossau (SG),3443,SG,de
9016,00,St. Gallen,St. Gallen,3203,SG,de
9030,00,Abtwil SG,St. Gallen,3203,SG,de
9030,00,Abtwil SG,Gaiserwald,3442,SG,de
9030,00,Abtwil SG,Gossau (SG),3443,SG,de
9030,03,St. Josefen,Gaiserwald,3442,SG,de
9032,00,Engelburg,Gaiserwald,3442,SG,de
9032,00,Engelburg,Waldkirch,3444,SG,de
9033,00,Untereggen,Untereggen,3219,SG,de
9034,00,Eggersriet,Rehetobel,3034,AR,de
9034,00,Eggersriet,Eggersriet,3212,SG,de
9035,00,Grub AR,Grub (AR),3031,AR,de
9035,00,Grub AR,Eggersriet,3212,SG,de
9036,00,Grub SG,Heiden,3032,AR,de
9036,00,Grub SG,Eggersriet,3212,SG,de
9037,00,Speicherschwendi,Speicher,3023,AR,de
9037,00,Speicherschwendi,Rehetobel,3034,AR,de
9037,00,Speicherschwendi,St. Gallen,3203,SG,de
9037,00,Speicherschwendi,Eggersriet,3212,SG,de
9038,00,Rehetobel,Grub (AR),3031,AR,de
9038,00,Rehetobel,Heiden,3032,AR,de
9038,00,Rehetobel,Rehetobel,3034,AR,de
9042,00,Speicher,Speicher,3023,AR,de
9042,00,Speicher,Teufen (AR),3024,AR,de
9042,00,Speicher,St. Gallen,3203,SG,de
9043,00,Trogen,Bühler,3021,AR,de
9043,00,Trogen,Gais,3022,AR,de
9043,00,Trogen,Trogen,3025,AR,de
9043,00,Trogen,Wald (AR),3036,AR,de
9044,00,Wald AR,Wald (AR),3036,AR,de
9050,00,Appenzell,Appenzell,3101,AI,de
9050,00,Appenzell,Gonten,3102,AI,de
9050,00,Appenzell,Schlatt-Haslen,3104,AI,de
9050,00,Appenzell,Schwende-Rüte,3112,AI,de
9050,02,Appenzell Eggerstanden,Schwende-Rüte,3112,AI,de
9050,03,Appenzell Enggenhütten,Schlatt-Haslen,3104,AI,de
9050,05,Appenzell Meistersrüte,Appenzell,3101,AI,de
9050,05,Appenzell Meistersrüte,Schwende-Rüte,3112,AI,de
9050,06,Appenzell Steinegg,Schwende-Rüte,3112,AI,de
9050,07,Appenzell Schlatt,Appenzell,3101,AI,de
9050,07,Appenzell Schlatt,Schlatt-Haslen,3104,AI,de
9052,00,Niederteufen,Teufen (AR),3024,AR,de
9052,00,Niederteufen,Schlatt-Haslen,3104,AI,de
9053,00,Teufen AR,Teufen (AR),3024,AR,de
9053,00,Teufen AR,Schlatt-Haslen,3104,AI,de
9054,00,Haslen AI,Schlatt-Haslen,3104,AI,de
9055,00,Bühler,Bühler,3021,AR,de
9055,00,Bühler,Gais,3022,AR,de
9055,00,Bühler,Teufen (AR),3024,AR,de
9055,00,Bühler,Schlatt-Haslen,3104,AI,de
9056,00,Gais,Gais,3022,AR,de
9056,00,Gais,Appenzell,3101,AI,de
9056,00,Gais,Schlatt-Haslen,3104,AI,de
9057,00,Weissbad,Schwende-Rüte,3112,AI,de
9057,02,Schwende,Schwende-Rüte,3112,AI,de
9057,03,Wasserauen,Schwende-Rüte,3112,AI,de
9058,00,Brülisau,Schwende-Rüte,3112,AI,de
9058,00,Brülisau,Altstätten,3251,SG,de
9062,00,Lustmühle,Teufen (AR),3024,AR,de
9063,00,Stein AR,Hundwil,3002,AR,de
9063,00,Stein AR,Stein (AR),3005,AR,de
9064,00,Hundwil,Hundwil,3002,AR,de
9100,00,Herisau,Herisau,3001,AR,de
9100,00,Herisau,Schwellbrunn,3004,AR,de
9100,00,Herisau,Waldstatt,3007,AR,de
9100,00,Herisau,Gossau (SG),3443,SG,de
9103,00,Schwellbrunn,Schwellbrunn,3004,AR,de
9103,00,Schwellbrunn,Urnäsch,3006,AR,de
9103,00,Schwellbrunn,Waldstatt,3007,AR,de
9103,00,Schwellbrunn,Neckertal,3396,SG,de
9104,00,Waldstatt,Urnäsch,3006,AR,de
9104,00,Waldstatt,Waldstatt,3007,AR,de
9105,00,Schönengrund,Schönengrund,3003,AR,de
9105,00,Schönengrund,Schwellbrunn,3004,AR,de
9105,00,Schönengrund,Neckertal,3396,SG,de
9107,00,Urnäsch,Hundwil,3002,AR,de
9107,00,Urnäsch,Schönengrund,3003,AR,de
9107,00,Urnäsch,Urnäsch,3006,AR,de
9107,00,Urnäsch,Schwende-Rüte,3112,AI,de
9107,00,Urnäsch,Wildhaus-Alt St. Johann,3359,SG,de
9107,00,Urnäsch,Nesslau,3360,SG,de
9107,00,Urnäsch,Neckertal,3396,SG,de
9108,00,Gonten,Hundwil,3002,AR,de
9108,00,Gonten,Gonten,3102,AI,de
9108,00,Gonten,Schlatt-Haslen,3104,AI,de
9108,00,Gonten,Schwende-Rüte,3112,AI,de
9108,02,Gontenbad,Gonten,3102,AI,de
9108,03,Jakobsbad,Gonten,3102,AI,de
9112,00,Schachen b. Herisau,Herisau,3001,AR,de
9113,00,Degersheim,Schwellbrunn,3004,AR,de
9113,00,Degersheim,Neckertal,3396,SG,de
9113,00,Degersheim,Degersheim,3401,SG,de
9113,00,Degersheim,Flawil,3402,SG,de
9114,00,Hoffeld,Neckertal,3396,SG,de
9115,00,Dicken,Neckertal,3396,SG,de
9116,00,Wolfertswil,Neckertal,3396,SG,de
9116,00,Wolfertswil,Degersheim,3401,SG,de
9122,00,Mogelsberg,Neckertal,3396,SG,de
9122,02,Ebersol,Neckertal,3396,SG,de
9123,00,Nassen,Lütisburg,3393,SG,de
9123,00,Nassen,Neckertal,3396,SG,de
9125,00,Brunnadern,Neckertal,3396,SG,de
9126,00,Necker,Neckertal,3396,SG,de
9127,00,St. Peterzell,Neckertal,3396,SG,de
9200,00,Gossau SG,Herisau,3001,AR,de
9200,00,Gossau SG,Flawil,3402,SG,de
9200,00,Gossau SG,Niederbüren,3422,SG,de
9200,00,Gossau SG,Gossau (SG),3443,SG,de
9203,00,Niederwil SG,Niederbüren,3422,SG,de
9203,00,Niederwil SG,Oberbüren,3424,SG,de
9204,00,Andwil SG,Andwil (SG),3441,SG,de
9204,00,Andwil SG,Gossau (SG),3443,SG,de
9204,00,Andwil SG,Waldkirch,3444,SG,de
9205,00,Waldkirch,Waldkirch,3444,SG,de
9212,00,Arnegg,Andwil (SG),3441,SG,de
9212,00,Arnegg,Gossau (SG),3443,SG,de
9213,00,Hauptwil,Waldkirch,3444,SG,de
9213,00,Hauptwil,Hauptwil-Gottshaus,4486,TG,de
9214,02,Kradolf,Kradolf-Schönenberg,4501,TG,de
9214,02,Kradolf,Sulgen,4506,TG,de
9215,00,Schönenberg an der Thur,Kradolf-Schönenberg,4501,TG,de
9215,02,Buhwil,Kradolf-Schönenberg,4501,TG,de
9216,00,Heldswil,Erlen,4476,TG,de
9216,00,Heldswil,Hohentannen,4495,TG,de
9216,02,Hohentannen,Hohentannen,4495,TG,de
9217,00,Neukirch an der Thur,Kradolf-Schönenberg,4501,TG,de
9220,00,Bischofszell,Muolen,3202,SG,de
9220,00,Bischofszell,Bischofszell,4471,TG,de
9220,00,Bischofszell,Hauptwil-Gottshaus,4486,TG,de
9220,00,Bischofszell,Zihlschlacht-Sitterdorf,4511,TG,de
9223,00,Schweizersholz,Niederhelfenschwil,3423,SG,de
9223,00,Schweizersholz,Bischofszell,4471,TG,de
9223,01,Halden,Bischofszell,4471,TG,de
9225,00,Wilen (Gottshaus),Hauptwil-Gottshaus,4486,TG,de
9225,01,St. Pelagiberg,Hauptwil-Gottshaus,4486,TG,de
9230,00,Flawil,Degersheim,3401,SG,de
9230,00,Flawil,Flawil,3402,SG,de
9230,00,Flawil,Oberuzwil,3407,SG,de
9230,00,Flawil,Oberbüren,3424,SG,de
9231,00,Egg (Flawil),Flawil,3402,SG,de
9240,00,Uzwil,Uzwil,3408,SG,de
9240,02,Niederglatt SG,Oberuzwil,3407,SG,de
9240,02,Niederglatt SG,Oberbüren,3424,SG,de
9242,00,Oberuzwil,Jonschwil,3405,SG,de
9242,00,Oberuzwil,Oberuzwil,3407,SG,de
9242,00,Oberuzwil,Uzwil,3408,SG,de
9243,00,Jonschwil,Lütisburg,3393,SG,de
9243,00,Jonschwil,Jonschwil,3405,SG,de
9244,00,Niederuzwil,Oberuzwil,3407,SG,de
9244,00,Niederuzwil,Uzwil,3408,SG,de
9245,00,Oberbüren,Niederhelfenschwil,3423,SG,de
9245,00,Oberbüren,Oberbüren,3424,SG,de
9245,02,Sonnental,Niederhelfenschwil,3423,SG,de
9245,02,Sonnental,Oberbüren,3424,SG,de
9246,00,Niederbüren,Niederbüren,3422,SG,de
9246,00,Niederbüren,Waldkirch,3444,SG,de
9247,00,Henau,Uzwil,3408,SG,de
9248,00,Bichwil,Oberuzwil,3407,SG,de
9249,00,Algetshausen,Uzwil,3408,SG,de
9249,01,Niederstetten,Uzwil,3408,SG,de
9249,02,Oberstetten,Uzwil,3408,SG,de
9300,00,Wittenbach,St. Gallen,3203,SG,de
9300,00,Wittenbach,Wittenbach,3204,SG,de
9300,00,Wittenbach,Berg (SG),3211,SG,de
9300,00,Wittenbach,Gaiserwald,3442,SG,de
9300,00,Wittenbach,Waldkirch,3444,SG,de
9304,00,Bernhardzell,Waldkirch,3444,SG,de
9305,00,Berg SG,Berg (SG),3211,SG,de
9305,00,Berg SG,Steinach,3217,SG,de
9306,00,Freidorf TG,Berg (SG),3211,SG,de
9306,00,Freidorf TG,Roggwil (TG),4431,TG,de
9308,00,Lömmenschwil,Häggenschwil,3201,SG,de
9308,00,Lömmenschwil,Muolen,3202,SG,de
9308,00,Lömmenschwil,Wittenbach,3204,SG,de
9308,00,Lömmenschwil,Roggwil (TG),4431,TG,de
9312,00,Häggenschwil,Häggenschwil,3201,SG,de
9313,00,Muolen,Muolen,3202,SG,de
9313,00,Muolen,Zihlschlacht-Sitterdorf,4511,TG,de
9314,00,Steinebrunn,Egnach,4411,TG,de
9315,00,Neukirch (Egnach),Egnach,4411,TG,de
9315,00,Neukirch (Egnach),Roggwil (TG),4431,TG,de
9315,02,Winden,Häggenschwil,3201,SG,de
9315,02,Winden,Egnach,4411,TG,de
9320,00,Arbon,Arbon,4401,TG,de
9320,02,Frasnacht,Arbon,4401,TG,de
9320,02,Frasnacht,Roggwil (TG),4431,TG,de
9320,03,Stachen,Arbon,4401,TG,de
9320,03,Stachen,Roggwil (TG),4431,TG,de
9322,00,Egnach,Egnach,4411,TG,de
9322,00,Egnach,Salmsach,4441,TG,de
9323,00,Steinach,Steinach,3217,SG,de
9325,00,Roggwil TG,Roggwil (TG),4431,TG,de
9326,00,Horn,Tübach,3218,SG,de
9326,00,Horn,Horn,4421,TG,de
9327,00,Tübach,Mörschwil,3214,SG,de
9327,00,Tübach,Tübach,3218,SG,de
9400,00,Rorschach,Goldach,3213,SG,de
9400,00,Rorschach,Rorschach,3215,SG,de
9402,00,Mörschwil,Mörschwil,3214,SG,de
9403,00,Goldach,Goldach,3213,SG,de
9404,00,Rorschacherberg,Rorschacherberg,3216,SG,de
9404,00,Rorschacherberg,Untereggen,3219,SG,de
9404,00,Rorschacherberg,Thal,3237,SG,de
9405,00,Wienacht-Tobel,Lutzenberg,3033,AR,de
9405,00,Wienacht-Tobel,Eggersriet,3212,SG,de
9405,00,Wienacht-Tobel,Rorschacherberg,3216,SG,de
9410,00,Heiden,Heiden,3032,AR,de
9410,00,Heiden,Wolfhalden,3038,AR,de
9411,00,Reute AR,Reute (AR),3035,AR,de
9411,00,Reute AR,Berneck,3233,SG,de
9411,01,Schachen b. Reute,Reute (AR),3035,AR,de
9413,00,Oberegg,Heiden,3032,AR,de
9413,00,Oberegg,Oberegg,3111,AI,de
9422,00,Staad SG,Rorschacherberg,3216,SG,de
9422,00,Staad SG,Thal,3237,SG,de
9423,00,Altenrhein,Thal,3237,SG,de
9424,00,Rheineck,Rheineck,3235,SG,de
9424,00,Rheineck,St. Margrethen,3236,SG,de
9425,00,Thal,Wolfhalden,3038,AR,de
9425,00,Thal,Rheineck,3235,SG,de
9425,00,Thal,Thal,3237,SG,de
9426,00,Lutzenberg,Lutzenberg,3033,AR,de
9426,00,Lutzenberg,Rheineck,3235,SG,de
9427,00,Wolfhalden,Heiden,3032,AR,de
9427,00,Wolfhalden,Lutzenberg,3033,AR,de
9427,00,Wolfhalden,Walzenhausen,3037,AR,de
9427,00,Wolfhalden,Wolfhalden,3038,AR,de
9427,00,Wolfhalden,Oberegg,3111,AI,de
9428,00,Walzenhausen,Walzenhausen,3037,AR,de
9428,00,Walzenhausen,Wolfhalden,3038,AR,de
9428,00,Walzenhausen,Oberegg,3111,AI,de
9428,00,Walzenhausen,St. Margrethen,3236,SG,de
9430,00,St. Margrethen SG,St. Margrethen,3236,SG,de
9434,00,Au SG,Au (SG),3231,SG,de
9434,00,Au SG,Berneck,3233,SG,de
9435,00,Heerbrugg,Au (SG),3231,SG,de
9435,00,Heerbrugg,Balgach,3232,SG,de
9435,00,Heerbrugg,Berneck,3233,SG,de
9435,00,Heerbrugg,Widnau,3238,SG,de
9436,00,Balgach,Balgach,3232,SG,de
9436,00,Balgach,Diepoldsau,3234,SG,de
9436,00,Balgach,Oberriet (SG),3254,SG,de
9437,00,Marbach SG,Reute (AR),3035,AR,de
9437,00,Marbach SG,Marbach (SG),3253,SG,de
9437,00,Marbach SG,Rebstein,3255,SG,de
9442,00,Berneck,Oberegg,3111,AI,de
9442,00,Berneck,Berneck,3233,SG,de
9442,02,Büriswilen,Oberegg,3111,AI,de
9442,02,Büriswilen,Berneck,3233,SG,de
9443,00,Widnau,Diepoldsau,3234,SG,de
9443,00,Widnau,Widnau,3238,SG,de
9444,00,Diepoldsau,Diepoldsau,3234,SG,de
9445,00,Rebstein,Balgach,3232,SG,de
9445,00,Rebstein,Rebstein,3255,SG,de
9450,00,Altstätten SG,Gais,3022,AR,de
9450,00,Altstätten SG,Altstätten,3251,SG,de
9450,02,Lüchingen,Oberegg,3111,AI,de
9450,02,Lüchingen,Altstätten,3251,SG,de
9451,00,Kriessern,Oberriet (SG),3254,SG,de
9452,00,Hinterforst,Altstätten,3251,SG,de
9452,00,Hinterforst,Eichberg,3252,SG,de
9453,00,Eichberg,Altstätten,3251,SG,de
9453,00,Eichberg,Eichberg,3252,SG,de
9462,00,Montlingen,Oberriet (SG),3254,SG,de
9463,00,Oberriet SG,Altstätten,3251,SG,de
9463,00,Oberriet SG,Oberriet (SG),3254,SG,de
9463,00,Oberriet SG,Rüthi (SG),3256,SG,de
9464,00,Rüthi (Rheintal),Altstätten,3251,SG,de
9464,00,Rüthi (Rheintal),Rüthi (SG),3256,SG,de
9464,02,Lienz,Altstätten,3251,SG,de
9464,02,Lienz,Rüthi (SG),3256,SG,de
9465,00,Salez,Sennwald,3274,SG,de
9466,00,Sennwald,Sennwald,3274,SG,de
9467,00,Frümsen,Schwende-Rüte,3112,AI,de
9467,00,Frümsen,Sennwald,3274,SG,de
9468,00,Sax,Sennwald,3274,SG,de
9469,00,Haag (Rheintal),Buchs (SG),3271,SG,de
9469,00,Haag (Rheintal),Grabs,3273,SG,de
9469,00,Haag (Rheintal),Sennwald,3274,SG,de
9470,00,Buchs SG,Buchs (SG),3271,SG,de
9470,00,Buchs SG,Grabs,3273,SG,de
9470,00,Buchs SG,Sevelen,3275,SG,de
9470,05,Werdenberg,Grabs,3273,SG,de
9472,00,Grabs,Grabs,3273,SG,de
9472,02,Grabserberg,Grabs,3273,SG,de
9473,00,Gams,Gams,3272,SG,de
9473,00,Gams,Sennwald,3274,SG,de
9475,00,Sevelen,Sevelen,3275,SG,de
9476,00,Weite,Sevelen,3275,SG,de
9476,00,Weite,Wartau,3276,SG,de
9476,02,Fontnas,Wartau,3276,SG,de
9477,00,Trübbach,Wartau,3276,SG,de
9478,00,Azmoos,Wartau,3276,SG,de
9479,00,Oberschan,Wartau,3276,SG,de
9479,01,Malans SG,Wartau,3276,SG,de
9479,02,Gretschins,Wartau,3276,SG,de
9500,00,Wil SG,Kirchberg (SG),3392,SG,de
9500,00,Wil SG,Zuzwil (SG),3426,SG,de
9500,00,Wil SG,Wil (SG),3427,SG,de
9500,00,Wil SG,Münchwilen (TG),4746,TG,de
9502,00,Braunau,Braunau,4723,TG,de
9503,00,Stehrenberg,Bussnang,4921,TG,de
9503,02,Lanterswil,Bussnang,4921,TG,de
9504,00,Friltschen,Bussnang,4921,TG,de
9506,00,Lommis,Lommis,4741,TG,de
9507,00,Stettfurt,Stettfurt,4606,TG,de
9508,00,Weingarten-Kalthäusern,Lommis,4741,TG,de
9512,00,Rossrüti,Wil (SG),3427,SG,de
9514,00,Wuppenau,Wil (SG),3427,SG,de
9514,00,Wuppenau,Wuppenau,4791,TG,de
9515,00,Hosenruck,Zuzwil (SG),3426,SG,de
9515,00,Hosenruck,Wuppenau,4791,TG,de
9517,00,Mettlen,Bussnang,4921,TG,de
9523,00,Züberwangen,Zuzwil (SG),3426,SG,de
9524,00,Zuzwil SG,Niederhelfenschwil,3423,SG,de
9524,00,Zuzwil SG,Zuzwil (SG),3426,SG,de
9524,00,Zuzwil SG,Wil (SG),3427,SG,de
9525,00,Lenggenwil,Niederhelfenschwil,3423,SG,de
9526,00,Zuckenriet,Niederhelfenschwil,3423,SG,de
9527,00,Niederhelfenschwil,Niederhelfenschwil,3423,SG,de
9532,00,Rickenbach b. Wil,Kirchberg (SG),3392,SG,de
9532,00,Rickenbach b. Wil,Jonschwil,3405,SG,de
9532,00,Rickenbach b. Wil,Rickenbach (TG),4751,TG,de
9533,00,Kirchberg SG,Kirchberg (SG),3392,SG,de
9533,01,Dietschwil,Kirchberg (SG),3392,SG,de
9534,00,Gähwil,Kirchberg (SG),3392,SG,de
9535,00,Wilen b. Wil,Rickenbach (TG),4751,TG,de
9535,00,Wilen b. Wil,Wilen (TG),4786,TG,de
9536,00,Schwarzenbach SG,Jonschwil,3405,SG,de
9536,00,Schwarzenbach SG,Uzwil,3408,SG,de
9536,00,Schwarzenbach SG,Wil (SG),3427,SG,de
9536,00,Schwarzenbach SG,Rickenbach (TG),4751,TG,de
9542,00,Münchwilen TG,Münchwilen (TG),4746,TG,de
9543,00,St. Margarethen TG,Wil (SG),3427,SG,de
9543,00,St. Margarethen TG,Münchwilen (TG),4746,TG,de
9545,00,Wängi,Wängi,4781,TG,de
9546,00,Tuttwil,Wängi,4781,TG,de
9547,00,Wittenwil,Aadorf,4551,TG,de
9548,00,Matzingen,Frauenfeld,4566,TG,de
9548,00,Matzingen,Matzingen,4591,TG,de
9548,00,Matzingen,Stettfurt,4606,TG,de
9552,00,Bronschhofen,Wil (SG),3427,SG,de
9553,00,Bettwiesen,Bettwiesen,4716,TG,de
9554,00,Tägerschen,Tobel-Tägerschen,4776,TG,de
9555,00,Tobel,Affeltrangen,4711,TG,de
9555,00,Tobel,Tobel-Tägerschen,4776,TG,de
9556,00,Affeltrangen,Affeltrangen,4711,TG,de
9556,02,Zezikon,Affeltrangen,4711,TG,de
9562,00,Märwil,Affeltrangen,4711,TG,de
9562,00,Märwil,Bussnang,4921,TG,de
9562,02,Buch b. Märwil,Affeltrangen,4711,TG,de
9565,00,Bussnang,Bussnang,4921,TG,de
9565,02,Oberbussnang,Bussnang,4921,TG,de
9565,03,Oppikon,Bussnang,4921,TG,de
9565,04,Schmidshof,Bussnang,4921,TG,de
9565,05,Rothenhausen,Bussnang,4921,TG,de
9573,00,Littenheid,Sirnach,4761,TG,de
9601,00,Lütisburg Station,Kirchberg (SG),3392,SG,de
9601,00,Lütisburg Station,Lütisburg,3393,SG,de
9601,00,Lütisburg Station,Mosnang,3394,SG,de
9601,00,Lütisburg Station,Bütschwil-Ganterschwil,3395,SG,de
9602,00,Bazenheid,Kirchberg (SG),3392,SG,de
9602,00,Bazenheid,Lütisburg,3393,SG,de
9602,02,Müselbach,Kirchberg (SG),3392,SG,de
9604,00,Lütisburg,Lütisburg,3393,SG,de
9604,01,Oberrindal,Lütisburg,3393,SG,de
9604,01,Oberrindal,Jonschwil,3405,SG,de
9604,01,Oberrindal,Oberuzwil,3407,SG,de
9604,02,Unterrindal,Lütisburg,3393,SG,de
9606,00,Bütschwil,Bütschwil-Ganterschwil,3395,SG,de
9607,00,Mosnang,Mosnang,3394,SG,de
9608,00,Ganterschwil,Lütisburg,3393,SG,de
9608,00,Ganterschwil,Bütschwil-Ganterschwil,3395,SG,de
9612,00,Dreien,Mosnang,3394,SG,de
9613,00,Mühlrüti,Kirchberg (SG),3392,SG,de
9613,00,Mühlrüti,Mosnang,3394,SG,de
9614,00,Libingen,Mosnang,3394,SG,de
9614,00,Libingen,Bütschwil-Ganterschwil,3395,SG,de
9615,00,Dietfurt,Wattwil,3379,SG,de
9615,00,Dietfurt,Mosnang,3394,SG,de
9615,00,Dietfurt,Bütschwil-Ganterschwil,3395,SG,de
9620,00,Lichtensteig,Lichtensteig,3374,SG,de
9620,00,Lichtensteig,Wattwil,3379,SG,de
9620,00,Lichtensteig,Bütschwil-Ganterschwil,3395,SG,de
9620,00,Lichtensteig,Neckertal,3396,SG,de
9621,00,Oberhelfenschwil,Bütschwil-Ganterschwil,3395,SG,de
9621,00,Oberhelfenschwil,Neckertal,3396,SG,de
9622,00,Krinau,Wattwil,3379,SG,de
9630,00,Wattwil,Wattwil,3379,SG,de
9630,00,Wattwil,Mosnang,3394,SG,de
9630,00,Wattwil,Neckertal,3396,SG,de
9631,00,Ulisbach,Wattwil,3379,SG,de
9633,00,Hemberg,Ebnat-Kappel,3352,SG,de
9633,00,Hemberg,Nesslau,3360,SG,de
9633,00,Hemberg,Wattwil,3379,SG,de
9633,00,Hemberg,Neckertal,3396,SG,de
9633,02,Bächli (Hemberg),Neckertal,3396,SG,de
9642,00,Ebnat-Kappel,Ebnat-Kappel,3352,SG,de
9642,00,Ebnat-Kappel,Wattwil,3379,SG,de
9643,00,Krummenau,Ebnat-Kappel,3352,SG,de
9643,00,Krummenau,Nesslau,3360,SG,de
9650,00,Nesslau,Nesslau,3360,SG,de
9651,00,Ennetbühl,Nesslau,3360,SG,de
9652,00,Neu St. Johann,Nesslau,3360,SG,de
9655,00,Stein SG,Nesslau,3360,SG,de
9656,00,Alt St. Johann,Wildhaus-Alt St. Johann,3359,SG,de
9657,00,Unterwasser,Wildhaus-Alt St. Johann,3359,SG,de
9658,00,Wildhaus,Gams,3272,SG,de
9658,00,Wildhaus,Grabs,3273,SG,de
9658,00,Wildhaus,Wildhaus-Alt St. Johann,3359,SG,de
